Rank,TeamId,TeamName,LastSubmissionDate,Score,SubmissionCount,TeamMemberUserNames
1,16915014,Boey,"2026-09-24 12:57:23",3087.4,2,boeychenjun
2,16732748,DSM,"2026-09-26 09:42:19",3039.0,2,"denden12,masspeaks,shimishige"
3,16667959,"Fourth Quadrant","2026-09-25 16:34:20",3014.1,2,flynnfei
4,16681125,"M & M & P & Q","2026-09-26 05:16:51",3010.1,2,"morimo,msd0110,piiiiiiiii,qistripute"
5,16770421,"Vadim Vasilenko","2026-09-26 09:51:46",2989.4,2,vadimvasilenko
6,16623559,DECEM,"2026-09-26 08:08:59",2964.5,2,zy1343930734
7,16730612,"Unknown Mother-Goose","2026-09-26 08:44:33",2943.1,2,linkinpony
8,16743356,"Azat Akhtyamov","2026-09-25 23:24:18",2918.6,2,azakhtyamov
9,16624026,"Russell Kirk","2026-09-26 08:59:58",2899.2,2,russcore
10,16854176,吃白饭的大肥鱼,"2026-09-24 00:14:30",2893.4,2,"deepios,gengsr,tangdi24,tanpowasd"
11,16758882,mtmr_s1,"2026-09-26 09:48:50",2886.6,2,mtmrs1
12,16712258,Yizhou,"2026-09-26 13:06:18",2886.4,2,yaphellee
13,16730524,"THIRD FARM CLUB","2026-09-25 04:01:11",2880.3,2,"bowwowforeach,mooegi,shunrcn,simann"
14,16657750,Pii,"2026-09-26 09:24:20",2876.9,2,proptiter
15,16793083,"🐚seek inspiration🐚","2026-09-26 12:33:41",2876.0,2,kurupical
16,16623716,"tetsuya & yuanzhe & guoqin","2026-09-26 13:04:50",2865.0,2,"guoqingu,tetsuya3510,yuanzhezhou"
17,16718819,Majkel1337,"2026-09-26 10:48:06",2856.4,2,majkel1337
18,16633132,"Kaggledew Valley 🏆","2026-09-26 10:53:21",2851.3,2,"jackvd,wscmisx,yanzhou06"
19,16887437,TheEggman,"2026-09-26 01:25:33",2850.9,2,ethanl67
20,16734966,kigasudayooo,"2026-09-26 02:34:09",2848.5,2,argon1215
21,16621799,"Artem The Farmer 🍅","2026-09-26 07:19:31",2846.2,2,veshkinartem
22,16760569,"Otter Vibe","2026-09-26 08:24:48",2840.3,2,gyuminsong
23,16660137,Densike,"2026-09-25 18:11:54",2823.6,2,densike
24,16673205,"Arda Ceylan","2026-09-26 10:37:35",2822.5,2,ardacey
25,16632327,"We wanna be tomatos","2026-09-25 22:14:22",2821.0,2,"behindkun,forrestxlz,konbu17,mechi22,midnqly"
26,16623697,yuto083,"2026-09-26 12:55:04",2813.4,2,yuto0712
27,16730357,"My second life","2026-09-26 00:01:02",2811.6,2,"giovannibaldon,jjinho,pavelsavchenkov,ttyn4519"
28,16621497,"Victor @ Tufa Labs","2026-09-26 02:25:32",2805.9,2,vmerckle
29,16752196,sekai013,"2026-09-26 12:43:59",2800.5,2,sekai013
30,16864314,marwar22,"2026-09-24 00:21:57",2796.1,2,marwar22
31,16763230,flg,"2026-09-25 10:41:13",2792.1,2,ferdinandlimburg
32,16709127,IsaiahP,"2026-09-24 22:30:36",2788.0,2,pressman1
33,16732403,ymg_aq,"2026-09-25 12:44:22",2784.7,2,ymgpalaqs
34,16644287,"Ryo Hasegawa","2026-09-25 21:33:59",2782.6,2,ryohasegawa926
35,16736435,Dieter,"2026-09-26 00:01:03",2780.1,2,"arc144,christofhenkel,crodoc"
36,16926467,arutyunoff,"2026-09-26 04:09:58",2777.9,2,arutyunoff
37,16640510,SpaTaro,"2026-09-25 13:09:11",2776.1,2,tarosqrd2
38,16664246,"Sida Zuo","2026-09-24 01:35:19",2767.6,2,sidazuo
39,16760701,"Yannik Schiffner","2026-09-26 07:42:23",2765.1,2,yannikschiffner
40,16654697,KawattaTaido,"2026-09-25 05:00:05",2760.5,2,kawattataido
41,16670384,"Gordeev Max","2026-09-26 05:19:13",2759.4,2,gordeevmax
42,16633178,"Cow Boy","2026-09-26 08:56:24",2758.7,2,shanzhong8
43,16758244,yumizu,"2026-09-25 16:05:14",2758.3,2,yumizzzz
44,16668998,WarRusher,"2026-09-25 23:41:27",2756.7,2,warrusher
45,16671741,Excluding,"2026-09-26 08:29:48",2756.1,2,excluding
46,16863512,YumeNeko,"2026-09-22 14:45:10",2751.9,2,kashiwaba
47,16740405,by,"2026-09-26 02:58:09",2749.1,2,ibyyue
48,16866398,feles99,"2026-09-25 09:18:51",2748.9,2,feles99
49,16629972,"forever young","2026-09-26 12:08:19",2735.8,2,keisukeyokota0428
50,16675778,"Orbital Terraformer","2026-09-26 07:43:57",2735.5,2,tubotubo
51,16862183,Smackaveli,"2026-09-26 13:18:58",2732.3,2,spoutop
52,16717665,"Christoffer Thimsen","2026-09-25 22:36:54",2732.0,2,lowasitgoes
53,16685950,"Planned Economy","2026-09-26 09:03:10",2728.2,2,alturutin
54,16735341,Ryui68925,"2026-09-26 06:25:05",2728.2,2,"ryui68925,uki706"
55,16942171,mhw,"2026-09-25 10:51:04",2727.0,2,"matelong,wuyujc,yanghanxin"
56,16811917,"Dipam Chakraborty","2026-09-24 17:41:36",2724.9,2,dipamc77
57,16739633,kwa,"2026-09-24 23:47:16",2723.7,2,ikaroskaggle
58,16622198,"THUNDER THUNDER","2026-09-21 07:08:52",2720.9,2,thunderthunder
59,16728071,AI是我的豆包,"2026-09-26 13:01:36",2712.9,2,"blht2026,wocenmma,zzxhee"
60,16734901,Breaking1800,"2026-09-26 06:32:46",2710.7,2,breaking1800
61,16690867,HowardLeeTW,"2026-09-26 09:35:13",2710.3,2,"binghua123,gisgisgis,howardleetw,william950615"
62,16672709,"RS Turley","2026-09-23 04:04:12",2705.8,2,rturley
63,16743582,ShunkiKyoya,"2026-09-25 15:10:24",2704.5,2,shunkikyoya
64,16730676,ActiveMusyoku,"2026-09-25 15:32:49",2704.5,2,"daiki0381,kohei0okazaki,noriyukimori,ryonatori,seipon"
65,16942123,dodsters,"2026-09-26 12:12:27",2698.4,2,"andreyakifev,friklez"
66,16695046,"摆烂小分队 🏆","2026-09-26 12:39:44",2697.0,2,"aurax7,coolinlai,davidsarrat,pseree,zongzishuang"
67,16723620,3정훈,"2026-09-26 11:02:41",2696.4,2,az05192000gmailcom
68,16891058,Navier-stokes,"2026-09-25 01:15:17",2694.8,2,"nguyenkhanhvu,nhtlongcs"
69,16632021,istinetz,"2026-09-25 09:14:26",2694.0,2,istinetz
70,16693965,ra5anchor,"2026-09-26 07:31:18",2692.7,2,junmitsui
71,16748733,"Driz Lo","2026-09-26 06:31:16",2692.0,2,"cieling,drizlo,kindinred"
72,16871381,huaiyuyoung,"2026-09-26 09:05:31",2688.8,2,"huaiyuyoung,mushancui,nuoyixu,sdsnorth,yuantoby"
73,16811307,elmo,"2026-09-26 10:53:37",2687.3,2,mktakizawa
74,16941436,fshindo,"2026-09-26 10:37:32",2685.2,2,ffsscf
75,16705417,fuxi,"2026-09-23 13:20:03",2683.6,2,"padyue,pytorch5009asd"
76,16685634,"Syed Asad Ali","2026-09-26 06:39:11",2683.1,2,syed3000
77,16748173,pensukesan,"2026-09-26 08:29:55",2678.1,2,pensukesan
78,16693904,DeeperNet,"2026-09-25 13:34:12",2674.9,2,"deepernet,kkkggg,xblade"
79,16820794,"Yuxuan Ba","2026-09-26 03:37:23",2674.2,2,"cynthiaaaaa06,hyt9797,lynndai67,yuxuanba"
80,16705790,clora,"2026-09-26 03:54:23",2665.9,2,clora16
81,16823930,"Ghost Rule","2026-09-24 15:26:20",2664.4,2,yiyangxudmm
82,16754022,Pico,"2026-09-25 18:41:56",2662.3,2,charithgr
83,16704466,"QQ Farming","2026-09-25 07:04:20",2658.0,2,"dzjiann,hdhsjdjd,keithtyser,mitubant,ngyzly"
84,16882725,Ebi,"2026-09-20 08:09:48",2656.6,2,ebinan92
85,16853849,emreaydin,"2026-09-26 11:30:37",2656.5,2,aydinemre
86,16633950,"Matt Motoki","2026-09-26 12:46:49",2655.5,2,mmotoki
87,16882022,URAD,"2026-09-26 12:24:22",2651.7,2,uradkr
88,16659555,"Joseph Adamski","2026-09-25 18:11:35",2651.1,2,josephadamski91
89,16659627,"Lam Dang","2026-09-24 16:30:38",2650.9,2,lamdang
90,16748142,"Hikaru Umeda","2026-09-26 08:01:47",2650.7,2,hikarumeda1030
91,16630675,"Lucien de Rubempre","2026-09-26 11:27:14",2650.3,2,lucienderubempre
92,16658349,lingxiaojun,"2026-09-26 05:42:55",2649.0,2,lingxiaojun
93,16799266,"Kucing Garong","2026-09-26 08:09:52",2648.9,2,syaugialkaf
94,16668783,Zyy7390,"2026-09-25 23:16:28",2648.8,2,"tigerrrrrr,zyy7390"
95,16640785,"syouya tobita","2026-09-26 06:33:25",2648.2,2,syouyatobita
96,16929873,offhand,"2026-09-26 10:27:04",2648.1,2,offhand
97,16669935,"Roman Svet","2026-09-26 07:27:58",2645.8,2,romansvet
98,16856022,"fasith 007","2026-09-25 11:09:16",2644.8,2,fasith007
99,16690763,chungkuangwen,"2026-09-25 04:06:51",2644.4,2,chungkuangwen
100,16652175,"Lucas Boesen","2026-09-25 18:21:03",2642.7,2,lucasboesen
101,16767215,keiz,"2026-09-26 10:45:16",2639.6,2,keizkeiz
102,16855492,"Matin Urdu","2026-09-26 02:04:52",2636.6,2,"amir314,arianurdu,benediktschink,matinurdu"
103,16815017,Humanitis,"2026-09-25 22:00:23",2634.3,2,humanitis
104,16677337,"xi luo","2026-09-26 10:43:06",2633.6,2,xiluo00
105,16659679,Civitasmass,"2026-09-26 12:45:36",2631.5,2,godhand
106,16922539,Gatswei,"2026-09-25 05:54:37",2630.0,2,gatswei
107,16637255,"leave you","2026-09-26 11:55:05",2629.7,2,superallen001
108,16685763,"koren sabag","2026-09-26 02:35:26",2629.6,2,korensabag
109,16623466,len8487,"2026-09-26 11:25:51",2626.7,2,len8487
110,16860907,kuengo,"2026-09-26 06:07:29",2626.7,2,"haojunwei,kuengo,leonstew,ruoguxu"
111,16667242,"Gleb Tumanov","2026-09-19 11:45:55",2624.9,2,crachton
112,16909118,loxigicck,"2026-09-26 05:40:06",2623.0,2,loxigicck
113,16644724,"Kaggriculture Agent","2026-09-26 11:53:59",2622.5,2,"jiweiliu,tonylica,yiheng"
114,16632783,chocolat,"2026-09-26 11:18:41",2620.9,2,chocolatnya999
115,16621590,Yaroslav,"2026-09-25 09:38:23",2619.2,2,yaroslavrogoza
116,16630729,"american gothic","2026-09-26 08:13:58",2617.0,2,grennwolf
117,16688159,"aildar &  slopernak & bobot","2026-09-26 09:56:43",2614.4,2,"eldarkhisamutdinov,mernak,vladimirbagmanov"
118,16634537,d_tree_love,"2026-09-26 08:15:15",2614.0,2,yuki11ii
119,16681007,AkiraOnojp,"2026-09-25 16:25:25",2613.2,2,akiraonojp
120,16623637,kuro0315,"2026-09-26 01:22:56",2612.4,2,skuro0315
121,16845367,kyy666,"2026-09-25 20:02:10",2612.3,2,"kyy666,robertmcwang"
122,16750416,QQ农场,"2026-09-25 07:15:57",2610.2,2,"dqfeng,gvione"
123,16641710,yjshyfy,"2026-09-24 07:05:03",2609.8,2,yjshyfy
124,16908623,42,"2026-09-26 07:55:02",2609.5,2,"ffy208,kefeiyan,yirenw11"
125,16656496,"Vaibhav Gupta","2026-09-26 05:34:23",2608.8,2,vaihero
126,16892288,"Omar Althobaiti","2026-09-25 23:47:36",2607.8,2,omarahmedalthbite
127,16705390,"Subramanya N","2026-09-26 06:53:55",2605.1,2,subramanya1997
128,16706321,lumen,"2026-09-26 10:50:20",2601.5,2,lumenyuto
129,16857676,"Justin Yang","2026-09-24 23:15:40",2600.8,2,zake7749
130,16806023,"Eesh saxena","2026-09-26 06:35:00",2598.0,2,eeshsaxena
131,16732521,redblackbst,"2026-09-23 13:21:46",2597.8,2,redblackbst
132,16621154,Zain96,"2026-09-25 19:39:01",2596.1,2,zain96
133,16629685,mikelou1,"2026-09-21 14:47:03",2595.7,2,mikelou1
134,16748154,taiseiu,"2026-09-26 07:46:57",2592.7,2,taiseiu
135,16645426,Jun_value,"2026-09-25 11:41:59",2591.3,2,junvalue
136,16651244,"Knight of Favonius","2026-09-25 12:42:05",2590.1,2,ladyfaye
137,16897610,"in blue","2026-09-25 08:24:35",2590.0,2,bhatiji
138,16730076,SJY321,"2026-09-25 19:16:09",2589.9,2,sjy321
139,16910633,Shawn404,"2026-09-26 10:30:36",2585.8,2,shawn404
140,16798172,"Dmytro Maliarenko","2026-09-25 14:29:21",2585.3,2,arxitekton
141,16623990,senkin13,"2026-09-26 07:45:08",2585.0,2,senkin13
142,16889691,"Evil Mango","2026-09-24 19:57:10",2585.0,2,"theevilpiggie,yangbai2026"
143,16731275,carbonapi,"2026-09-26 05:34:18",2583.5,2,nonempty
144,16700204,"ZHOU HONGYI","2026-09-25 01:56:24",2582.9,2,zhouhyz
145,16630825,"Black Mamba Farm","2026-09-26 09:32:32",2582.4,2,"asherjyd,frankyhz,qizhiran,yukundu231100"
146,16930465,"Xuanhao Wang","2026-09-26 10:07:02",2580.9,2,xuanhao666
147,16762319,"Shiji Zheng","2026-09-26 09:45:43",2579.3,2,"q20020006073,watcher996,zhengshiji"
148,16641116,"Варим сельский самогон","2026-09-26 06:46:27",2576.4,2,"andrey4522,asimandia,darksteeldragon,evgeniyveselkov,ispromashka"
149,16728910,Thai,"2026-09-26 06:03:12",2574.6,2,hnthai
150,16883355,WebFarmers,"2026-09-25 05:30:03",2574.4,2,"axollo,dmitriiorel"
151,16736427,KouFu,"2026-09-26 08:59:37",2574.2,2,kouheif
152,16806556,KyryloBakumenko,"2026-09-26 04:44:56",2572.4,2,kyrylobakumenko
153,16709492,abozten,"2026-09-25 21:48:12",2572.1,2,abozten
154,16663649,"Akhil Chinta","2026-09-26 04:18:06",2570.5,2,akhilchinta1505
155,16633552,Unkn0wn,"2026-09-25 22:23:36",2570.4,2,"harnadshilpa,nagendraadisesha"
156,16783642,base_camp_2002,"2026-09-26 10:43:35",2569.8,2,basecamp2002
157,16719758,pangzi233,"2026-09-23 16:41:46",2567.8,2,pangzi233
158,16622349,"Mengfei Li","2026-09-26 08:20:12",2566.0,2,meli19
159,16654704,mandgeee,"2026-09-26 10:21:03",2566.0,2,mandgeee
160,16919131,"Argyris Anastopoulos","2026-09-25 12:32:19",2564.4,2,argyrisanastopoulos
161,16932366,"Mehrdad Naderi","2026-09-26 13:15:46",2562.1,2,mehrdadnaderi
162,16655129,"Morylov Yehor","2026-09-25 19:51:58",2559.7,2,morylov
163,16632224,"No GPU","2026-09-25 02:12:40",2558.5,2,yamakawanin
164,16940889,Yoshiki_Nakamura,"2026-09-26 09:08:43",2557.6,2,yakizakana629
165,16711376,"Arman Tuganbaev","2026-09-25 21:29:21",2557.5,2,armantuganbaev
166,16730065,Blu3s,"2026-09-26 12:06:52",2556.6,2,"atteincueo,ausrine"
167,16665224,tyz123456,"2026-09-25 15:27:09",2556.1,2,tyz123456
168,16847812,tw1nstar,"2026-09-25 16:32:40",2555.6,2,"candaceward,supermanking,waekeee"
169,16914744,哈基米南北路多,"2026-09-23 15:15:35",2553.6,2,"drlimingz,freakrk,liushunyao,perrinslutman,sayu1u"
170,16741965,Ryuichi,"2026-09-25 15:12:02",2553.4,2,ryuichigt
171,16861278,"Michael Pershin","2026-09-26 13:08:47",2552.8,2,michaelpershin
172,16777359,"AI Dmitrii","2026-09-25 06:15:54",2550.4,2,dmitriyulybin
173,16662883,OceanMix,"2026-09-25 23:44:25",2549.6,2,"cggonzalezsc,fierus,liesvyvalladares"
174,16716558,"Evan Tobias","2026-09-26 06:32:41",2549.6,2,evantobias
175,16693534,HireMe,"2026-09-26 10:08:56",2549.4,2,junta1104
176,16923256,Rio,"2026-09-25 16:01:28",2549.4,2,ryosukehada
177,16878458,"Sho Saga","2026-09-25 00:13:47",2549.2,2,shosaga
178,16698366,Fateyongheng,"2026-09-26 13:06:53",2549.0,2,fateyongheng
179,16863959,"Một hai ba bốn 5 sáu bảy tám 9","2026-09-25 19:51:38",2546.7,2,thangnm1
180,16867277,"Aura Farmer","2026-09-24 20:56:33",2546.7,2,oriolhinojocomellas
181,16730946,"Bohann Wang","2026-09-25 09:11:47",2543.9,2,bohannnwang
182,16682494,Phi,"2026-09-26 03:04:59",2543.8,2,ajinomoto132
183,16778340,NayuNayu,"2026-09-24 23:06:19",2543.7,2,nayunayu1005
184,16623458,datnt114,"2026-09-26 12:46:43",2543.6,2,kingkong153
185,16867734,SH11235,"2026-09-26 05:41:54",2543.5,2,sh11235
186,16696304,"Utkarsh #2","2026-09-26 07:05:14",2543.4,2,n0va007
187,16730719,Xiaowenhao404,"2026-09-26 09:23:24",2543.4,2,xiaowenhao404
188,16654589,"Rishant Sharma","2026-09-25 07:11:51",2543.3,2,trishtan99
189,16622454,automatylicza,"2026-09-26 03:02:05",2542.3,2,automatylicza
190,16777710,"Clement Lau","2026-09-26 01:36:47",2541.4,2,clementlau
191,16795062,"Satoshi Nguyen","2026-09-26 05:34:23",2541.4,2,satoshinguyenai
192,16733176,Yakouu,"2026-09-26 05:44:02",2541.3,2,yakouu
193,16892357,easygame,"2026-09-24 09:48:46",2540.4,2,"kangqinyao,xinjunc"
194,16661570,"sissoko cheick","2026-09-26 07:41:17",2540.2,2,sissokocheick
195,16730673,"John Doge","2026-09-25 16:30:31",2539.2,2,spacedoge
196,16623449,"Ryo Takaki","2026-09-25 23:53:56",2538.4,2,ryotakaki
197,16833095,"ADARSH DWIVEDI","2026-09-25 11:41:22",2538.1,2,adarshcod
198,16799428,hatata,"2026-09-25 04:14:32",2537.9,2,hatata3737
199,16752250,"Takahiro Katsumata (tkatsuma)","2026-09-25 07:53:52",2537.6,2,alextfkd
200,16823116,一路向北,"2026-09-25 17:19:41",2537.2,2,chronoscop
201,16784164,Yaojinming,"2026-09-26 08:55:10",2537.2,2,yjm0905
202,16626332,"MD. Nazmus Sakib Anik","2026-09-25 11:25:44",2536.9,2,beyondlogic
203,16756062,"Thomas #2","2026-09-26 09:35:05",2536.7,2,tommurakami
204,16712189,"Kostiantyn Isaienkov","2026-09-26 01:06:38",2536.3,2,isaienkov
205,16811949,PeterDreamHan,"2026-09-26 09:14:37",2535.2,2,"niuwh1004,peterdreamhan"
206,16923064,ryomac1,"2026-09-25 15:01:31",2534.5,2,ry1729
207,16704247,WeAreFarmers,"2026-09-26 01:18:36",2534.4,2,gbmorris1
208,16656452,Kudo,"2026-09-26 08:51:27",2533.5,2,nguyenchicuong
209,16762208,CrazyML,"2026-09-26 10:45:56",2532.0,2,"janhvikhattri,sorcererbi,vedanshipathak"
210,16709837,Sophinator,"2026-09-25 16:31:47",2530.3,2,sophinator
211,16805699,"feel the agi","2026-09-26 13:15:16",2529.7,2,nulldata
212,16670569,Ezzzzzekki,"2026-09-25 22:41:02",2526.8,2,abdullahelzeki
213,16621500,"Reinforcement Larping","2026-09-25 23:34:00",2526.8,2,"egortkachenko,timzagrebelny"
214,16624934,"Haramball forever!","2026-09-25 09:38:41",2526.6,2,envyy23120093
215,16727266,Agricola,"2026-09-22 10:19:07",2526.2,2,ebisuya
216,16762019,yukino,"2026-09-26 12:20:58",2526.2,2,"jifengjianhao666,mqingcs"
217,16876865,LR.AIML,"2026-09-24 16:45:08",2525.9,2,"lucasgroot,robkraseu"
218,16918263,Ascent,"2026-09-26 00:13:52",2525.3,2,ishaangangwani
219,16913723,azamat1ch,"2026-09-25 21:22:24",2525.3,2,azamat1ch
220,16700211,miya,"2026-09-26 05:27:38",2524.8,2,miyamuratakeki
221,16762289,NineThree,"2026-09-26 05:19:06",2524.2,2,xiaoazuzong
222,16651332,"Le Viet","2026-09-26 03:27:33",2524.1,2,sleepyssr
223,16946062,Dlyra,"2026-09-26 09:21:11",2523.7,2,tyronnaidoo
224,16696703,Farmer,"2026-09-23 14:53:03",2523.4,2,alekseic
225,16742139,ALLAI,"2026-09-26 05:50:21",2523.2,2,glorysing
226,16674508,"Giulio Ravasio","2026-09-25 11:29:43",2522.9,2,giuliorav
227,16922956,Richard6969,"2026-09-26 05:33:07",2522.5,2,lucaluo925
228,16722487,Zotar,"2026-09-26 06:40:34",2521.4,2,chunhinma
229,16769595,Rudra,"2026-09-25 03:16:49",2521.2,2,rudrabhaskar
230,16690447,Supermercado,"2026-09-26 08:29:13",2520.4,2,ryotaaaaaa
231,16662833,"umair zia","2026-09-26 04:33:45",2517.8,2,aimerscoding
232,16730223,Ojaswy,"2026-09-25 12:58:36",2513.2,2,ojaswy
233,16640807,TS,"2026-09-25 16:25:01",2512.9,2,"macomacoo,milkcoffeen,takumi0220"
234,16848396,ColorGram,"2026-09-25 12:41:54",2512.4,2,"colorgram,hagiwarashigechika,himihimi,s1300200"
235,16623669,goonew,"2026-09-26 12:31:42",2511.6,2,goonew
236,16658044,"Roshan Singh","2026-09-22 21:43:31",2511.4,2,roshanavadheshsingh
237,16920251,otouhu,"2026-09-25 06:11:26",2511.0,2,"minera,toroochi"
238,16670032,Kenjo1209,"2026-09-26 02:51:17",2511.0,2,kenjo1209
239,16822071,"aisormo P.H","2026-09-24 00:38:23",2510.9,2,aisormoph
240,16707383,"codex is all you need","2026-09-26 11:28:31",2510.0,2,chizhu2018
241,16754112,"rhythm master","2026-09-25 13:52:14",2509.3,2,"lukaswong,nairurga,vincent19543,zaynedong"
242,16846677,涵哥,"2026-09-24 23:35:55",2508.9,2,jinfanhahaha1
243,16789903,"Netanel Keidar","2026-09-26 00:09:01",2508.6,2,netanelkeidar
244,16878119,Aryan.Ahl,"2026-09-25 08:14:19",2507.9,2,aryanahl
245,16732857,Rojiomote,"2026-09-26 04:00:52",2507.7,2,rojiomote
246,16634246,just_calculate,"2026-09-25 22:51:58",2506.6,2,justcalculate
247,16664232,"Eddy Despradel","2026-09-26 12:34:36",2506.3,2,eddydespradel
248,16870986,Taeyang,"2026-09-25 05:42:28",2506.3,2,"lucas040,taeyangg4,xox787,yw8837"
249,16653085,"haoran huang430","2026-09-25 19:50:51",2505.7,2,haoranhuang430
250,16843315,Talvenn,"2026-09-25 21:57:20",2505.7,2,talvenn
251,16901814,pengurei,"2026-09-26 04:59:47",2504.5,2,pengurei
252,16773144,"Mohamed Salah","2026-09-25 05:26:46",2504.0,2,mosalah7
253,16884858,HojunLee,"2026-09-26 13:20:23",2501.7,2,hojuna
254,16918460,cotton0025,"2026-09-25 04:52:31",2500.7,2,cotton0025
255,16763897,BackFiring,"2026-09-25 21:50:08",2499.8,2,backfiring
256,16652446,"tine.sh agent","2026-09-26 04:32:38",2499.7,2,sidcodegg
257,16661118,"Sirui Zeng","2026-09-25 01:12:30",2499.3,2,siruizeng
258,16751061,L1a0JH,"2026-09-25 07:59:09",2498.8,2,coolkid14122
259,16743240,yoshino,"2026-09-24 21:20:01",2498.5,2,shirayukiaya
260,16633688,Ryo,"2026-09-25 06:02:22",2497.2,2,ryosukekurakami
261,16839986,"XIAO MA","2026-09-26 02:36:50",2497.1,2,linusm020311
262,16852826,Phoenix750,"2026-09-25 11:48:05",2496.8,2,richardmaddox
263,16739419,"misis biznessmenlb","2026-09-26 09:42:22",2496.3,2,"adilkhabibullin,bebra3222,daniilsergeevda,player77"
264,16833013,"Tariq Alyami","2026-09-26 08:26:34",2495.9,2,tariqalyami
265,16933749,ctree4113,"2026-09-26 09:04:04",2495.7,2,yitree
266,16626582,"Omer Faruk Merey","2026-09-24 14:56:12",2495.5,2,omerfarukmerey
267,16679688,"Sathwik Chinthakayala","2026-09-26 05:47:37",2495.4,2,sathwikchinthakayala
268,16741516,"Anh Tu","2026-09-26 02:29:28",2495.3,2,natcs98
269,16735744,老乡,"2026-09-26 09:21:37",2495.2,2,"hboyang,junjiezhou5100"
270,16748765,"A. R. SEKKAT","2026-09-26 10:27:34",2495.2,2,arsekkat
271,16945162,"Farm Hullabaloo","2026-09-26 07:00:09",2494.8,2,nids21s
272,16672315,CemBas,"2026-09-26 11:00:38",2494.8,2,cembas
273,16660251,Yagawa,"2026-09-24 01:14:30",2494.5,2,yagawa
274,16732507,怒破餓鬼,"2026-09-26 07:58:09",2494.0,2,"alcoholcat,makishis,ryutokeshi,yuinokogawa"
275,16669926,Jince,"2026-09-26 13:04:00",2493.9,2,jincesaju
276,16879127,lihaoruolhr,"2026-09-26 03:02:54",2493.4,2,lihaoruolhr
277,16653303,open5,"2026-09-24 02:22:34",2492.4,2,"chen2yoimiya,huaidezhang,hyt1nn,wahuwahuwahu,zrurfa"
278,16892314,"Akshay #3","2026-09-25 22:26:26",2492.2,2,akshay1301
279,16851474,"HY ISHI","2026-09-26 06:33:31",2491.1,2,hyugaishioka
280,16797045,"Carl Pang","2026-09-24 20:38:19",2491.0,2,carlpang
281,16701779,"Chaoqi Luo","2026-09-26 10:41:21",2490.2,2,chaoqiluo7
282,16633190,Gigrise,"2026-09-25 05:41:17",2489.9,2,gigrais
283,16634580,akmr,"2026-09-26 04:37:54",2489.8,2,akimaru
284,16854935,일필휘지,"2026-09-25 02:44:50",2489.8,2,tenkojun
285,16811868,luyinn,"2026-09-25 13:55:11",2489.5,2,luyinn
286,16945973,e3k,"2026-09-26 07:13:34",2489.3,2,ekleezhya
287,16811224,yuya,"2026-09-26 12:45:01",2488.8,2,yuomori
288,16888885,"Rômulo Drumond","2026-09-26 03:03:21",2488.0,2,romulodrumond
289,16623616,nasubiman,"2026-09-26 11:36:19",2487.9,2,yousukenakamura
290,16850509,LS,"2026-09-26 08:34:45",2487.8,2,shannanl
291,16625220,thisray,"2026-09-26 09:40:37",2487.7,2,thisray
292,16731443,"Arjun Vinod","2026-09-26 11:44:32",2487.6,2,arjun0014
293,16839983,hana87hana,"2026-09-26 11:29:54",2487.6,2,hana87hana
294,16655505,Debmalya,"2026-09-26 02:41:35",2487.3,2,debmalya84
295,16749071,snc5656,"2026-09-26 03:01:39",2487.0,2,jamm1412
296,16876126,1fan,"2026-09-26 07:13:40",2486.0,2,wurrfv
297,16872275,"Maciek Kiryla","2026-09-24 06:07:38",2485.8,2,doktorkelp
298,16714457,"Crop Dustas","2026-09-26 11:53:55",2485.7,2,"peikopon,rishigottumukkala"
299,16705523,"Brian Chua","2026-09-23 14:05:09",2485.5,2,chuazhengweibrian
300,16908425,"Tagir Eminov","2026-09-24 14:28:30",2485.4,2,"tagireminov,timmass2"
301,16706892,Ko,"2026-09-25 20:14:22",2485.3,2,syurenuko
302,16664788,rian,"2026-09-25 22:26:55",2484.7,2,rian55
303,16654783,quantara.cv,"2026-09-25 00:02:21",2484.7,2,goth55
304,16625908,trantrikien239,"2026-09-26 12:00:19",2484.6,2,trantrikien239
305,16663229,kakuteki,"2026-09-25 19:59:31",2484.3,2,kakuteki
306,16735539,"Joe Muller","2026-09-25 23:32:35",2484.2,2,joemuller
307,16931781,"shreyash kumar","2026-09-25 04:52:01",2484.1,2,shrreku
308,16811605,"Ryu Sonoda","2026-09-25 00:00:38",2484.1,2,ryusonoda
309,16940533,shikaikaikaikai,"2026-09-26 04:10:21",2483.9,2,shikaikaikaikai
310,16811313,Ta_____ko,"2026-09-25 23:36:35",2483.3,2,tako1249
311,16709967,Matsu,"2026-09-24 18:19:56",2482.7,2,matsuzawahayato
312,16941020,"Artur Markosyan","2026-09-25 12:59:07",2480.8,2,arturmarkosyan2
313,16707144,Kirderf,"2026-09-26 08:53:08",2480.1,2,kirderf
314,16773125,kuroko1t,"2026-09-25 16:49:59",2480.1,2,kuroko1t
315,16664266,"Ian Chung","2026-09-26 02:04:13",2480.1,2,iannnnn012345
316,16665809,"Saravanan Jaichandaran","2026-09-24 03:08:50",2479.3,2,saranchandar
317,16810111,"Saket Singh","2026-09-24 18:51:13",2477.4,2,saketsingh9728
318,16683936,Cyrus,"2026-09-25 19:45:32",2476.5,2,jamalsaeedi
319,16743218,RYUSHI,"2026-09-26 01:45:47",2476.0,2,ryushisa
320,16870621,BobtheBot369,"2026-09-25 17:02:13",2473.8,2,bobthebot369
321,16749342,crasal,"2026-09-26 10:58:00",2473.7,2,crasal
322,16655383,MtN,"2026-09-25 18:05:29",2473.1,2,mariotrsn
323,16666442,"SHALWIN SANJU","2026-09-26 00:35:54",2471.7,2,shalwinsanju
324,16707990,Snorlax,"2026-09-26 12:20:50",2471.2,2,pku1400010735
325,16695685,"kwon yong deuk","2026-09-26 06:47:58",2470.1,2,kwonyongdeuk
326,16688787,Fih,"2026-09-25 15:13:16",2470.0,2,vencerlanz09
327,16718745,"Vishwamitra Mishra","2026-09-24 17:27:01",2470.0,2,vishwa007
328,16681927,"Dariush Afshar","2026-09-26 04:21:34",2468.5,2,dariushafshar
329,16936280,dev.asad67,"2026-09-26 10:00:51",2468.2,2,devasad67
330,16920891,codex是我的鲸鱼,"2026-09-26 08:24:26",2468.1,2,renfei123456
331,16805949,Bigplanedoesnotflyfast,"2026-09-24 17:22:22",2467.6,2,ronav48902753425
332,16669911,"Batuhan Ustun","2026-09-26 12:27:20",2467.3,2,batustun
333,16702590,"Aashka Kapadia","2026-09-26 12:11:40",2466.8,2,aashka
334,16652536,Satoshi_SsSs,"2026-09-26 11:52:29",2466.6,2,satoshissss
335,16666434,"JOSHNA ACSHA S 21CS","2026-09-26 00:35:48",2466.3,2,joshnaacshas21cs
336,16698661,"Albert Wang","2026-09-26 01:47:41",2465.4,2,mianwang1024
337,16841108,"Sean Peppers","2026-09-26 11:44:13",2464.5,2,gagepeppers
338,16848956,"HadBoumoussa's Farm 🌾","2026-09-25 15:43:32",2464.4,2,hkassimi
339,16652710,Pilea55,"2026-09-26 01:25:41",2464.0,2,ryutogrrr
340,16766128,"Oleksandr Parfionov","2026-09-26 06:28:28",2463.7,2,parfyon
341,16860293,kobq,"2026-09-26 06:02:53",2462.8,2,kooobq
342,16759037,Yuyannnn,"2026-09-25 01:28:39",2462.7,2,yuyannnn
343,16792681,"loss volos","2026-09-25 05:16:56",2462.6,2,"bryxosmmm,mors1337"
344,16658474,you,"2026-09-25 17:55:53",2462.5,2,"huyimin517517,touyouzhaji,wumingshi2006,zxinzzzz"
345,16683529,"Yanis Belami","2026-09-25 23:08:18",2461.9,2,yanisbelami
346,16768236,Baligh,"2026-09-25 11:51:16",2461.6,2,balighmehrez
347,16794090,Euphor_M,"2026-09-26 07:38:22",2461.4,2,euphor
348,16833141,yomogii,"2026-09-25 18:37:36",2460.5,2,yomogii
349,16876344,Hyunwoo_Park,"2026-09-26 03:05:53",2460.4,2,uts3125014010829
350,16638918,"Nawap Bastola","2026-09-26 00:26:31",2460.0,2,nawapbastola
351,16748382,shiiin9,"2026-09-26 11:38:49",2459.6,2,shiiin9
352,16793340,bee_lx_xl,"2026-09-25 09:25:43",2459.0,2,beelxxl
353,16731186,Naru041104,"2026-09-26 05:06:35",2458.6,2,naru041104
354,16854869,Ibar-Aki,"2026-09-25 17:59:19",2458.0,2,akicolor
355,16942014,"Raymond Parker","2026-09-26 11:58:26",2456.3,2,raymondparker
356,16859757,"Nathan Jacob","2026-09-26 08:39:36",2456.1,2,nathanjacob
357,16623805,"Howon Kang","2026-09-26 02:49:40",2455.9,2,howonkang
358,16827290,"Dhruvik Chauhan","2026-09-24 15:01:22",2455.9,2,dangptdawg
359,16632593,skomuro,"2026-09-26 12:03:25",2455.6,2,skomuro
360,16621163,john,"2026-09-26 08:42:17",2454.7,2,jaejohn
361,16798602,uns.t,"2026-09-26 06:25:13",2454.7,2,franksunp
362,16845833,おかゆん,"2026-09-26 09:14:06",2454.6,2,okayun
363,16756510,tongmian1314,"2026-09-26 09:39:26",2454.4,2,tongmian1314
364,16688896,"JianYuan Deng","2026-09-25 19:19:25",2454.1,2,"jiahewangggg,jianyuandeng"
365,16784217,MMN0222,"2026-09-25 17:04:03",2453.9,2,mmn0222
366,16802486,SHICHIES,"2026-09-25 11:53:06",2453.7,2,shichies
367,16701024,pig7selene,"2026-09-26 08:21:45",2453.4,2,"ejlthomas,gaoeeee"
368,16795070,"HKUST Random","2026-09-25 04:04:01",2452.8,2,siulungfan
369,16672325,Ispagiytiy,"2026-09-26 11:31:05",2452.4,2,ispagiytiy
370,16670537,Silhouette,"2026-09-26 02:23:22",2452.3,2,jamessargsyan
371,16667774,"Ziad EL ARARI","2026-09-24 20:25:02",2452.2,2,ziadelarari
372,16658248,Aaweg,"2026-09-26 12:10:10",2451.1,2,aawegbhaladhare
373,16659081,"JALKARNA GAUTAM","2026-09-25 07:16:33",2450.9,2,jalkarnagautam
374,16622567,"Georgy Mamarin","2026-09-25 01:25:51",2450.9,2,georgymamarin
375,16693050,Shoko,"2026-09-26 05:56:23",2450.4,2,abreyton
376,16753974,"David Goldrajch","2026-09-26 11:15:28",2449.2,2,elie2003
377,16632119,nickyl,"2026-09-26 00:58:39",2449.1,2,nickyjliang
378,16741131,"Adarsh Balanolla","2026-09-25 16:47:35",2448.8,2,adarshreddyb
379,16865070,carlos-tagosaku,"2026-09-25 12:55:42",2448.7,2,sousugiyama
380,16655277,GUAM,"2026-09-26 09:27:53",2448.4,2,"analyticaobscura,jeongminlee92,kmmmvs,wnmgrn"
381,16712714,MiMi,"2026-09-23 03:19:07",2448.2,2,"frank0921,rickytsou"
382,16671163,"Suyash Verma","2026-09-26 04:48:20",2448.0,2,suyashdiamond1
383,16732055,DASH村,"2026-09-25 20:27:54",2448.0,2,sobameshi
384,16780455,wadigongren,"2026-09-24 16:23:24",2447.6,2,wadigongren
385,16889224,"Ishan Karnick","2026-09-25 19:15:17",2447.4,2,"ishankarnick,trinitynusca31"
386,16867601,tadashikato,"2026-09-26 12:41:09",2447.3,2,tadashikato
387,16806141,rode1234,"2026-09-26 07:15:25",2447.2,2,rode1234
388,16885059,"Bhaskar #2","2026-09-26 00:07:11",2447.2,2,itikelabhaskar
389,16630779,Jimmer,"2026-09-26 09:43:57",2447.1,2,przemysawonr
390,16796682,LK30,"2026-09-25 13:30:06",2447.0,2,louisklasing
391,16917382,"Anand Singh","2026-09-26 09:28:17",2446.3,2,anandsingh8687
392,16811036,"farmin time","2026-09-23 22:45:56",2445.8,2,jaydenszeto123
393,16914006,Stefano,"2026-09-26 00:16:23",2445.7,2,stefanojp
394,16790943,"Tashfik Salehin","2026-09-26 07:20:21",2445.2,2,tashfiksalehin
395,16857766,OmerZalman,"2026-09-25 23:43:27",2445.1,2,omerzalman
396,16784943,"Ian lin","2026-09-26 12:51:33",2444.9,2,ianlin310707
397,16653982,"Arul Prasad S P","2026-09-26 00:35:42",2442.3,2,arulprasadsp
398,16936876,ZeroGrain,"2026-09-25 05:00:29",2441.8,2,"fengwenxu,liuhongyi2026,liyayay,ruihuang999"
399,16679393,"Anvith Pothula","2026-09-26 00:16:33",2441.5,2,anvithpothula
400,16639155,"Arturo Gutiérrez Aguilar","2026-09-26 06:05:54",2439.9,2,jarturo
401,16707467,kay.liechtenstein,"2026-09-25 16:34:39",2439.4,2,kayliechtenstein
402,16793600,mogura2.0,"2026-09-25 06:34:23",2438.1,2,mogura20
403,16745959,_demo,"2026-09-25 15:41:30",2437.9,2,fortunaterookie
404,16945684,watanabe_sengyo,"2026-09-25 09:37:37",2437.8,2,watanabesengyo
405,16690019,Around30,"2026-09-25 14:13:47",2437.7,2,"cyanspring,masahiromatsuda,sutesute000012"
406,16742362,"AMANI DD","2026-09-26 06:30:28",2437.1,2,dkonan
407,16904440,"Orion on earth","2026-09-26 09:27:05",2435.3,2,oriononearth
408,16715235,l1aF,"2026-09-26 09:53:09",2435.1,2,hhhoang
409,16860813,hirayuki,"2026-09-26 12:49:53",2434.5,2,hirayukis
410,16653385,"Vasilii Buzmakov","2026-09-25 11:36:28",2433.3,2,vasiliibuzmakov
411,16674948,habe.sq,"2026-09-26 03:08:56",2432.6,2,habesq
412,16651157,StupidXie,"2026-09-26 09:04:07",2432.2,2,stupidxie
413,16936121,herens,"2026-09-26 09:17:17",2432.2,2,herens
414,16799045,qq牧场,"2026-09-26 10:55:34",2431.8,2,"goodchen145,sir2026,zhaosir2026"
415,16849053,z7777,"2026-09-26 12:51:57",2431.8,2,songqizhou
416,16684748,"nailong alpha","2026-09-26 05:56:49",2431.0,2,"dejavucry,weiyun22021,yizhewong,yoruet,zekenos"
417,16910137,imissher,"2026-09-26 06:32:42",2430.7,2,tule12345
418,16735094,RngRng,"2026-09-26 06:29:31",2430.6,2,rngrng
419,16670948,wally0593,"2026-09-26 10:39:57",2430.3,2,wally0593
420,16923238,Jaga,"2026-09-26 03:35:39",2430.3,2,skntbass
421,16778656,Aacceeo,"2026-09-25 23:51:39",2428.7,2,aacceeo
422,16847189,"porosyonok Beib","2026-09-26 09:06:10",2428.4,2,rocinantt
423,16947730,"青葉 涼風","2026-09-26 10:17:54",2427.8,2,suzukaze
424,16744573,"Oleksandr Kovalchuk","2026-09-25 08:29:24",2427.0,2,oleksandrkovalchuk
425,16761593,Azathoth,"2026-09-26 10:05:37",2426.7,2,stsaasts
426,16819431,kkkk,"2026-09-26 01:13:32",2426.0,2,kkkk4649
427,16784561,"Rodrigo Ramón","2026-09-24 07:59:35",2425.4,2,rodrigoramn
428,16623746,Juyong,"2026-09-25 05:38:52",2425.2,2,kimdoong
429,16687294,"Madiyar Khamzanov","2026-09-24 20:01:23",2425.1,2,mkhamzanov
430,16764228,"Kaixi Zha","2026-09-26 09:56:17",2424.8,2,"huadutry,kaixizha"
431,16681744,team_fn,"2026-09-26 08:21:33",2424.6,2,fjklmn
432,16769059,Gabriel,"2026-09-21 22:52:34",2424.5,2,"shawsebastian,tvtdddd"
433,16684202,Ignat,"2026-09-26 12:04:49",2424.2,2,ignatgotin
434,16689844,IchikaHoshino,"2026-09-26 12:20:19",2423.8,2,htunkhi
435,16671588,"Keisuke & rererenore & Kifine","2026-09-26 10:18:29",2423.8,2,"keisukeueda,liaoyingxi,rererenore"
436,16664640,kaggricodex,"2026-09-25 00:01:25",2423.3,2,underestimated
437,16924604,"Dzmitry Pihulski","2026-09-26 00:01:26",2423.1,2,dzmitrypihulski
438,16637597,venks,"2026-09-26 04:08:28",2422.8,2,vterli
439,16769990,delai50,"2026-09-26 07:12:32",2422.8,2,delai50
440,16634704,M.,"2026-09-26 09:08:24",2422.7,2,mahamhc
441,16666365,yiyu0716,"2026-09-26 09:20:06",2421.9,2,"lugent,yiyu0716"
442,16867213,한밭대학교컴퓨터공학과정우민,"2026-09-26 12:46:51",2421.6,2,woominyo
443,16756764,"Alperen Aydın","2026-09-25 16:28:56",2421.2,2,alperen5252525
444,16908263,Paing,"2026-09-25 15:50:56",2419.6,2,painghtetsw
445,16630752,motemen,"2026-09-25 03:03:33",2419.6,2,motemen
446,16764459,在高速上逆行是危险的,"2026-09-25 17:32:14",2417.8,2,"chaojiwudiwujie,qianxiang123"
447,16823319,eviltsundera,"2026-09-26 08:12:42",2417.4,2,eviltsundera
448,16644303,"kevin zhou","2026-09-26 03:34:27",2417.2,2,kevinzhou66
449,16937871,"Rashid Khazeiynasab","2026-09-26 00:02:01",2415.9,2,rashidel1988
450,16697266,"Top 1 🏆","2026-09-25 21:07:10",2414.2,2,"fahankaudeer,solirus,syntaxprnv,udhaykumarsujeebun"
451,16641751,Hikari_30,"2026-09-25 12:02:41",2413.6,2,hikari30
452,16898049,"Alua Аkhmetkali","2026-09-26 07:46:37",2413.0,2,alua01
453,16840447,"Suliman Tadros","2026-09-25 14:28:18",2412.7,2,sulimantadros
454,16770089,ouga,"2026-09-24 19:16:52",2412.7,2,ouga1shizawa
455,16872754,kitano0104,"2026-09-26 12:04:35",2411.8,2,"kitano0104,ryyymy"
456,16689748,cheesytoasts,"2026-09-25 19:12:44",2411.5,2,cheesinnn
457,16731971,s_a_ai_engineer,"2026-09-26 08:57:45",2411.4,2,saaienginner
458,16813655,c_fxy,"2026-09-26 02:20:09",2411.3,2,cfxyai
459,16664132,kojingbo,"2026-09-26 10:34:25",2410.7,2,kojingbo
460,16865424,"clove instalocker","2026-09-26 07:12:17",2410.4,2,fluorescencexe
461,16889522,nyayassist,"2026-09-26 12:16:06",2410.2,2,"gauravnagotanekar,raneyash"
462,16793039,"Carson Rodrigues","2026-09-26 06:35:58",2410.0,2,carsonrodrigues
463,16808905,"Yusaku Muroya","2026-09-26 09:27:15",2408.3,2,ymuroya47
464,16732210,tanadai,"2026-09-26 08:25:46",2407.5,2,da0516
465,16894895,Talented_Eggs,"2026-09-26 08:14:46",2407.2,2,"kangmingpeng,kinghuang123,qiandongxie666,yyhm666"
466,16885261,sdy623,"2026-09-26 02:23:37",2406.0,2,jaxa623
467,16732496,kanno,"2026-09-25 09:40:25",2405.3,2,kannomasaki
468,16740361,"Suba S","2026-09-24 19:18:42",2404.0,2,jupiter79
469,16638386,"Md Boktiar Mahbub Murad","2026-09-26 09:05:10",2403.4,2,mbmmurad
470,16762302,OxFFFs,"2026-09-26 04:30:20",2402.6,2,oxfffs
471,16937431,ekkkcz,"2026-09-26 11:02:32",2402.5,2,ekkkcz
472,16718138,Haalandspring,"2026-09-26 10:37:36",2402.4,2,haalandspring
473,16655922,kusui26,"2026-09-24 21:55:52",2402.4,2,kusui26
474,16784691,"ready or not here i come","2026-09-24 14:22:20",2402.4,2,emrekuruba
475,16839530,"que la cuenten como quieran","2026-09-24 00:12:42",2401.5,2,germanjurado1
476,16889791,JinboWang,"2026-09-24 06:26:31",2400.8,2,jinbowang1
477,16794536,HirokiTaniai,"2026-09-26 10:37:05",2400.7,2,nyokinyoki
478,16938473,bansalis,"2026-09-25 19:15:15",2400.6,2,ishanbansal1
479,16737650,sime_saba,"2026-09-25 23:50:00",2399.2,2,watarukawashima
480,16639705,"Yuta Tomimasu","2026-09-26 03:57:38",2399.1,2,yutatomimasu
481,16658962,"Fabian Friedland","2026-09-26 10:57:06",2399.0,2,fabotelli
482,16732879,daulettoibazar,"2026-09-26 01:16:01",2398.4,2,daulettoibazar
483,16760241,"Collin Christensen","2026-09-25 18:20:48",2397.7,2,cchristens
484,16932335,"Dom Bavuso","2026-09-25 01:56:53",2397.5,2,dombavuso
485,16623034,"Vlad Kochetov","2026-09-24 23:16:51",2397.2,2,vladkochetov07
486,16790585,wzyxp_123,"2026-09-26 12:33:33",2396.7,2,cloudssdut
487,16623488,"Kevin E R MILLE","2026-09-26 01:59:09",2395.1,2,kevinermille
488,16948431,t.me/anpilovetg,"2026-09-25 17:06:33",2395.1,2,anpilovkirill
489,16870342,"CHEN Xiang","2026-09-26 12:13:32",2393.6,2,intoxicatinglips
490,16949661,Shs123,"2026-09-26 10:29:38",2391.8,2,shs123
491,16727171,yfy,"2026-09-26 12:57:10",2391.6,2,qwidndbdjss
492,16864016,"Setu Chokshi","2026-09-24 15:06:01",2391.0,2,setuch
493,16925367,codezzzsleep,"2026-09-25 16:22:46",2390.6,2,codezzzsleep
494,16624309,jjamppongmandu,"2026-09-26 08:15:12",2390.1,2,"beckspeca,hihiimj,jjamppongmandu"
495,16642139,"Arnav Goel","2026-09-24 17:08:31",2389.9,2,arnavgoel17
496,16723301,mayukistarry,"2026-09-25 15:41:28",2389.9,2,mayukistarry
497,16623974,Canon,"2026-09-26 11:03:30",2389.4,2,sotakurihara1
498,16802535,"To be happy","2026-09-26 03:46:58",2388.3,2,yaokaixinya123
499,16750314,Captainuknow,"2026-09-26 08:24:07",2387.7,2,captainuknow
500,16804022,monsaraida,"2026-09-25 14:14:56",2387.3,2,monsaraida
501,16710464,ns0329,"2026-09-25 08:55:47",2387.2,2,ns0329
502,16734498,kazuhiro3381,"2026-09-26 02:54:39",2387.1,2,kazuhiro3381
503,16760490,"nir afek","2026-09-25 21:27:21",2386.6,2,nirafek
504,16885561,goodpjw2008,"2026-09-26 00:31:11",2386.2,2,goodpjw2008
505,16684402,vn1111,"2026-09-26 08:48:34",2385.3,2,vn1111
506,16731803,JYShane,"2026-09-26 12:52:58",2384.5,2,jyshane
507,16944851,Asuka0131_LFG,"2026-09-26 03:21:09",2383.9,2,whisperss
508,16632240,Deepseek的恩情还不完,"2026-09-26 08:21:27",2383.1,2,"iwanys,pedianeko,realybin,theunforgiven7"
509,16795448,ultimatum_game,"2026-09-25 16:45:55",2382.9,2,"ultimatumgame,walrushero"
510,16881250,"Enes Altunbaş","2026-09-25 21:02:53",2382.5,2,enesaltunba
511,16858228,doubao,"2026-09-26 05:48:07",2382.0,2,"erhankangyan,yuanlili123321"
512,16632291,"alex chilton","2026-09-24 08:14:35",2382.0,2,alexchilton
513,16908829,Terremoto,"2026-09-25 00:16:14",2382.0,2,alfredoachondo
514,16683288,HuaLQin,"2026-09-25 22:04:52",2381.9,2,hualqin
515,16867132,"Dilara Adıgüzel","2026-09-24 21:41:35",2381.6,2,dilaraadgzel
516,16938111,barbosi,"2026-09-26 08:00:52",2381.3,2,"despairdr,tupperq"
517,16810587,"Avineesh Arora","2026-09-25 20:44:44",2380.9,2,avndope
518,16654511,"Syed Shayan Ali Shah","2026-09-25 06:31:36",2380.7,2,dsshayan
519,16633212,goosehaaan,"2026-09-25 03:51:02",2380.4,2,goosehaaan
520,16775378,TK256,"2026-09-26 10:06:17",2379.8,2,tk256ailab
521,16633341,Hak,"2026-09-25 21:53:12",2379.8,2,hakdevelopment
522,16927521,wadia,"2026-09-25 11:54:48",2379.0,2,"sihuanian777,yeshawang"
523,16848952,tubotu,"2026-09-26 12:44:35",2378.7,2,tubotu
524,16926937,"Romuald Delene","2026-09-24 13:41:36",2378.1,2,romualddelene
525,16732292,takaygiiiiiiii,"2026-09-26 09:22:42",2377.1,2,takaygiiiiiiii
526,16637546,Forrest,"2026-09-25 04:14:01",2377.1,2,yinxiaogang
527,16730706,flaty,"2026-09-26 01:08:12",2376.2,2,flat831
528,16670967,"Ne ML Clan","2026-09-25 20:32:07",2374.6,2,"al55522me,egoregors,sirgauda,vladmazeev"
529,16639418,"Oleksii Zhukov","2026-09-26 05:02:03",2374.3,2,zhukovoleksiy
530,16717440,"farm pt","2026-09-26 05:30:01",2374.2,2,"gunianxue,marisyn,muran169633"
531,16690338,dvv_ram,"2026-09-25 21:29:13",2373.9,2,ddvram
532,16656500,"七月七月晴 忽然下起了大雪 不敢张开眼 希望是我的幻觉","2026-09-26 06:39:13",2373.6,2,"a982295350,bertmacutata,blencanierice,dangzhiyuan,imoxzm"
533,16733766,Paarthpowa,"2026-09-25 11:47:49",2372.3,2,paarthpowa
534,16867799,"Chris Deotte","2026-09-26 11:42:18",2372.1,2,cdeotte
535,16755650,"kazuki morikawa","2026-09-26 07:11:06",2371.3,2,kazukimorikawa
536,16927774,shuto,"2026-09-24 18:11:18",2371.1,2,shutohorie
537,16721980,pend_ts19,"2026-09-25 07:22:33",2370.6,2,pendts19
538,16942240,M78星云,"2026-09-26 05:16:20",2370.3,2,"cheng2246,tangyangpu284,upczbw,xinyinghu7123"
539,16742439,"Shangshang Zhang","2026-09-26 08:27:50",2368.3,2,msvzss
540,16726287,BBaRRel.,"2026-09-26 08:08:48",2367.9,2,yujinkk0609
541,16654158,Hack2Publish,"2026-09-25 03:49:05",2367.7,2,"esfersami50,foysalemonshanto,hosen42,rokaiyasomapti"
542,16654076,"Son Pham","2026-09-26 12:51:24",2367.6,2,sonphamorg
543,16837554,Quickpanda,"2026-09-25 08:39:51",2366.5,2,quickpanda
544,16639871,"Aura Farming","2026-09-26 00:01:34",2366.0,2,"aghbalouanass,gauthieravite"
545,16635663,"Pascal Pfeiffer","2026-09-24 15:16:47",2365.3,2,ilu000
546,16887107,"Crazy Spirits","2026-09-26 08:07:31",2365.2,2,latents
547,16791943,tamref,"2026-09-26 07:28:29",2364.6,2,tamreff3290
548,16688732,"sAIzeria Harness","2026-09-25 17:20:39",2364.0,2,"gnux1408,tanakaai24"
549,16666784,"Michał Łapiński","2026-09-24 13:49:01",2364.0,2,michaapiski
550,16684620,kobayasi,"2026-09-26 01:14:48",2363.5,2,"boomvector,tatsuokoshida"
551,16942819,Mositaku,"2026-09-26 12:46:28",2363.0,2,versavice
552,16906666,"selam ya","2026-09-26 03:43:50",2362.5,2,selamya
553,16813899,blueshine,"2026-09-26 12:33:03",2361.7,2,minagawateru
554,16890669,"Fuchun Wang","2026-09-24 09:10:01",2360.9,2,wangfuchunag
555,16666566,"Rairo Mukamuri","2026-09-26 09:22:15",2359.9,2,thetraveller
556,16854059,"Gökmen KÜÇÜKAYDIN","2026-09-26 10:14:30",2359.7,2,gkmenkkaydin
557,16753567,wangkxu,"2026-09-23 06:26:47",2359.4,2,davics
558,16665134,edteoh,"2026-09-26 06:11:04",2359.0,2,edteoh
559,16632612,Farmville,"2026-09-25 01:04:01",2358.6,2,rafaelfigueiredo13
560,16731270,"Arthurs Torres24","2026-09-26 04:16:52",2358.4,2,arthurstorres24
561,16662041,"Sarah Ng","2026-09-23 10:18:01",2357.6,2,thunguyen1510
562,16659870,"Tien N.","2026-09-25 05:40:03",2357.5,2,tientrum
563,16641169,boatlee,"2026-09-26 05:10:37",2357.4,2,boatlee
564,16623459,"Peng Wang","2026-09-26 10:02:00",2357.1,2,pengwang91
565,16918430,"Huifeng Li","2026-09-25 15:51:32",2356.7,2,stevenli1
566,16811467,Raster0x2a,"2026-09-26 11:07:31",2356.5,2,raster0x2a
567,16789946,"Oriol Pi Morell","2026-09-26 06:24:05",2356.0,2,oriolpi
568,16652659,Eos,"2026-09-26 10:36:33",2355.9,2,vvickeyy
569,16852728,"Ryuto Yoda","2026-09-25 09:26:00",2355.6,2,ryutoyoda
570,16696743,"wennan cao","2026-09-26 04:31:47",2355.5,2,wennancao
571,16671515,ziheng,"2026-09-26 06:51:27",2355.4,2,zihengedie
572,16826465,linmumu009,"2026-09-24 07:11:11",2354.4,2,"linmumu009,renjunxiang"
573,16663271,"Malyshev Danil","2026-09-25 10:03:21",2354.1,2,"corgisamoyed,malyshevdanil"
574,16821542,"Hıdır BozkurtT","2026-09-26 10:38:30",2353.9,2,hdrbozkurtt
575,16757621,Kurokawa,"2026-09-26 10:27:39",2352.5,2,hiroshikurokawa
576,16891965,artem3605,"2026-09-24 10:44:46",2351.8,2,artem3605
577,16693215,"Izzoudine Mohamed KANTA","2026-09-26 00:12:49",2351.7,2,izzoudeenkanta
578,16793080,"Lonan Syayf","2026-09-24 19:44:08",2351.4,2,lonansyayf
579,16764394,haseryooooo,"2026-09-25 08:30:09",2351.2,2,haseryooooo
580,16806206,"Yuan Yongth","2026-09-26 10:55:44",2351.1,2,"sunnylzheng,yuanyongth"
581,16633226,test_money,"2026-09-24 15:27:42",2350.7,2,michaelsemenoff
582,16789950,"Zachary Zhang","2026-09-26 07:11:17",2350.3,2,zacharyzhang16
583,16903852,maoxin123,"2026-09-26 08:28:04",2350.3,2,maoxin123
584,16785523,Doranap,"2026-09-25 04:27:55",2349.9,2,doranap
585,16640048,"extra eclaire","2026-09-26 12:35:47",2349.8,2,"aeniminu,extraeclaire"
586,16778946,yuki0731,"2026-09-26 10:10:55",2349.4,2,yuki0731
587,16926921,"Ruslan Kovychev","2026-09-24 10:48:23",2349.3,2,ruslankovychev
588,16635406,ykuroka,"2026-09-25 00:02:10",2349.1,2,ykuroka
589,16832185,"MILANA STARR","2026-09-26 05:08:32",2349.1,2,andrewchist
590,16716431,m&m,"2026-09-26 01:05:30",2347.8,2,ntrlmt
591,16690805,"Alejandro Ayestaran","2026-09-24 00:55:13",2347.7,2,alejandroayestaran
592,16757809,dasfds,"2026-09-26 11:56:26",2347.6,2,dasfds
593,16816196,"Bianco Chiu","2026-09-26 12:23:15",2347.4,2,biancochiu
594,16716335,JamesJJJJJ,"2026-09-26 09:40:46",2347.1,2,jamesjjjjj
595,16870033,"wbcrypto abrams","2026-09-26 06:56:17",2346.3,2,wbcryptoabrams
596,16747306,"Yasasvi Josyula","2026-09-25 22:33:57",2345.5,2,yasasvijosyula
597,16771785,"Mencius silverio MENSAH","2026-09-26 09:03:25",2345.1,2,menciussilverio
598,16748511,HarshPandey-yt-auto,"2026-09-26 09:29:26",2345.0,2,harshpandeyytauto
599,16933535,Binbin022,"2026-09-25 08:27:58",2342.7,2,binbin022
600,16924916,Teraya,"2026-09-26 07:04:40",2342.5,2,yuyaterasawa
601,16842828,"Smiley Flour","2026-09-25 15:04:23",2342.1,2,"ddlinh212,nguyenvlm"
602,16919866,"Harvey Zhang","2026-09-24 16:07:56",2340.5,2,harveyel
603,16896998,YehHua001,"2026-09-26 11:33:24",2340.3,2,yehhua001
604,16671424,cicen1139,"2026-09-25 09:32:32",2339.7,2,cicen1139
605,16655199,"Alexander Ulrich","2026-09-24 05:32:03",2339.2,2,alexanderulrich01
606,16738503,dddmd,"2026-09-24 22:26:21",2338.8,2,dddmdd
607,16623691,KevlarZanderChi,"2026-09-25 06:01:42",2338.5,2,kevlarzanderchi
608,16778012,俺是耕田哩,"2026-09-26 07:15:50",2337.5,2,tianzhenggao
609,16644160,"Saravana Rajan B","2026-09-26 07:07:34",2336.8,2,saravanarajanb
610,16634149,"Hozuma ITOBAYASHI","2026-09-26 10:29:53",2336.5,2,hozumaitobayashi
611,16751828,"E. Honda","2026-09-26 12:31:56",2334.7,2,toseihatori
612,16861302,YieldCurve,"2026-09-26 02:45:55",2334.5,2,"gendaijin,haruna015"
613,16700767,tkpmnlms,"2026-09-24 15:06:49",2334.4,2,"emorgunov,mikhailkachalin,roniuhle"
614,16623524,"Marcus Vinicius","2026-09-26 04:48:28",2334.2,2,marcux777
615,16885498,farmhouse,"2026-09-26 02:30:08",2333.9,2,tomoyayanagi
616,16768603,Kinance,"2026-09-26 02:56:09",2333.8,2,kinance
617,16935560,南山3G战神,"2026-09-25 03:48:53",2333.6,2,"dongxinwan,jyo5200,linkenfaqiu8290,vincent8491,wxh20031103"
618,16709712,iwa_hueai,"2026-09-25 20:22:25",2332.9,2,"sdcarson,yetanothercoder"
619,16927409,ReD_MooN_rise,"2026-09-26 12:12:03",2332.4,2,"redmoonrise,yug0616"
620,16805671,"Yuxiang LIANG","2026-09-26 00:06:44",2332.2,2,yuxiangliang
621,16621481,"zero waste","2026-09-26 11:51:16",2332.0,2,chinnaphatkhun
622,16841434,soraemon,"2026-09-26 08:24:06",2332.0,2,soraemon
623,16927831,Baimakanov,"2026-09-26 11:03:40",2331.1,2,baimakanov
624,16671306,Yeswanthperni,"2026-09-25 22:30:38",2331.1,2,"tanvicaaa,yeswanthperni"
625,16790432,"Field General","2026-09-25 15:26:10",2330.8,2,kevinarvai
626,16879185,"xuhang ren","2026-09-26 03:12:50",2330.0,2,xuhangren
627,16891740,quwon_000,"2026-09-25 19:54:11",2329.6,2,quwon000
628,16935391,"cs duals","2026-09-26 11:47:48",2328.7,2,kostopr4v
629,16794730,Fanch,"2026-09-26 06:20:39",2328.5,2,fanch123
630,16697891,KuziJA,"2026-09-24 16:00:41",2328.1,2,kuzija
631,16654027,shiv,"2026-09-26 03:39:41",2327.9,2,shivaurora
632,16668564,"Rikito Kanda","2026-09-26 12:32:21",2326.6,2,rikitokanda
633,16896203,Qx_qingxi,"2026-09-26 10:55:21",2326.2,2,yongqiangtian
634,16929642,"lyre lin","2026-09-25 14:54:56",2326.1,2,lyrelingg
635,16630804,4418,"2026-09-25 10:44:24",2325.9,2,"biohack44,merkiraz"
636,16714057,"T0m0t0m0 W","2026-09-24 17:32:20",2325.8,2,t0m0t0m0w
637,16809263,"Bertan Pank","2026-09-26 11:29:08",2325.3,2,bertanpank
638,16664360,"Rohan L","2026-09-24 13:38:10",2324.7,2,rohanlopes
639,16776793,"Guilherme Raiuga","2026-09-26 11:54:11",2324.5,2,guilhermeraiuga
640,16939190,Ichika,"2026-09-26 02:17:11",2324.0,2,natsue
641,16822602,haru0707,"2026-09-20 10:06:04",2323.8,2,"haru0707,kiduna"
642,16749520,"Andrey Tikhomirov","2026-09-25 01:32:55",2323.7,2,andreytikhomirov
643,16841026,"Max Power","2026-09-26 02:20:30",2323.4,2,markbarney
644,16657316,只因队,"2026-09-26 08:54:54",2323.2,2,"jasonxusk,mingkangyan,no13ody,renmin517"
645,16668610,Sian,"2026-09-26 10:57:18",2322.7,2,arki13
646,16658554,Pai,"2026-09-26 10:05:42",2320.5,2,rajathrpai
647,16729280,"Ryoya Tsuruoka","2026-09-26 06:49:37",2320.4,2,"irohasorange,mrooto,rahaia"
648,16730301,wonder777,"2026-09-25 15:03:11",2320.1,2,wonder777
649,16894196,"Qiank Chen","2026-09-25 18:03:16",2319.8,2,qiankchen
650,16872204,"Nguyễn Trần Thanh Bình","2026-09-25 15:05:16",2319.4,2,nguyntrnthanhbnh
651,16713262,"Seyit kaan Gunes","2026-09-24 21:39:06",2319.4,2,seyitkaangunes
652,16705659,"srijan k.r keshri","2026-09-25 22:45:59",2319.2,2,srijankrkeshri
653,16942314,"Seva Gusev","2026-09-26 10:41:20",2318.6,2,seva1232
654,16642662,CdeTilly,"2026-09-25 15:01:39",2318.4,2,cdetilly
655,16779564,oycr,"2026-09-26 10:07:35",2317.8,2,"oyxiaobai159,wdt124"
656,16879199,Back,"2026-09-26 01:56:39",2317.1,2,back2525
657,16663626,"yvn kaggriculture","2026-09-26 06:18:21",2316.0,2,"garnikdavtyan,mikayelgr"
658,16805704,ShuHaya,"2026-09-25 10:19:35",2315.9,2,yfqqq088
659,16851664,koucha,"2026-09-26 05:20:51",2315.2,2,momotakaaoki
660,16694138,Alex,"2026-09-24 17:32:04",2314.6,2,alex789
661,16645703,madmax0404,"2026-09-26 09:29:50",2314.6,2,max6296
662,16746317,xingyun_byto,"2026-09-25 03:58:21",2314.0,2,xingyunbyto
663,16697767,"Teddy Tennant","2026-09-26 03:09:31",2313.9,2,thtennant
664,16799934,auhulu,"2026-09-26 05:07:22",2313.9,2,auhulu
665,16809874,抹茶屋,"2026-09-26 05:12:44",2313.9,2,havenox
666,16768239,Oshbocker,"2026-09-25 18:51:56",2313.9,2,oshbocker
667,16691038,"animal crossing","2026-09-26 08:48:38",2313.7,2,hoonchoonc
668,16669650,motono0223,"2026-09-21 15:42:07",2312.1,2,motono0223
669,16939679,tokawa2997,"2026-09-26 04:49:20",2311.8,2,tokawa2997
670,16885764,shuinno,"2026-09-26 05:06:11",2311.7,2,"astralisa,hemlock1,metaforge,shuinno"
671,16709176,Efnutrrionpy,"2026-09-26 07:00:51",2311.6,2,efnutrrionpy
672,16628951,"Hiro Nomo","2026-09-25 07:31:45",2311.5,2,morinokuma3
673,16802322,HongchenDai,"2026-09-24 16:47:42",2311.1,2,hongchendai
674,16641884,Blacklions.,"2026-09-26 08:39:22",2310.6,2,"blacklions,llllllc666"
675,16784416,tatt:)ch,"2026-09-26 06:45:55",2310.4,2,"awewrasdffetfe,jay051012,tattch,yjy10086"
676,16943709,ser5kovskiy,"2026-09-25 07:49:49",2309.3,2,sergeypyatkovskiy
677,16840509,"Iskander Yusupov","2026-09-25 14:48:31",2308.5,2,iskanderyusupov
678,16750779,"Mao Nishino (mao1756)","2026-09-25 16:55:10",2308.2,2,maonishinomao1756
679,16719563,"GPT-5.6 Sol🏆","2026-09-26 09:54:17",2307.7,2,"ctfxiao,gaoruihua,otherworldly777,wennaliu2007,xgentle"
680,16658732,Olympus,"2026-09-26 11:08:28",2307.6,2,"jiseungwoo,peppersaltman"
681,16664969,subsubsubagent,"2026-09-26 11:38:52",2307.2,2,"estrellasss,kingsley31,smithshine,wuliaoluis,xuteli"
682,16697898,"Yin Li","2026-09-25 13:31:13",2307.1,2,kevin250304
683,16803032,"varshitha kolupuri","2026-09-25 18:28:28",2306.8,2,varshithakolupuri
684,16805244,nari,"2026-09-25 21:18:52",2306.7,2,shoheiyoshinari
685,16638781,itsuki-data,"2026-09-26 10:06:55",2306.6,2,itsuki89
686,16885832,"Soshi Uejima","2026-09-24 14:09:29",2306.3,2,assdafa1223
687,16926787,"Владислав Ковкін","2026-09-25 14:26:15",2306.1,2,vladyslavkovkin
688,16663946,"Hello San Francisco","2026-09-26 02:39:20",2305.8,2,"circiumaru,dulgherustefan,radugoga"
689,16662176,"jorge fabian avila","2026-09-24 17:35:51",2305.6,2,jorgefabianavila
690,16638557,"Araik Tamazian","2026-09-25 06:41:49",2305.2,2,atamazian
691,16923122,RangerSnow,"2026-09-26 09:20:11",2304.9,2,rangersnow
692,16757635,"Sridip Basu","2026-09-26 07:38:38",2304.8,2,sridipbasu
693,16689154,CrossEngineered,"2026-09-26 07:35:13",2303.9,2,"danyalsahin1,gkenurk"
694,16622032,"Raunak Dey","2026-09-24 14:30:55",2303.7,2,raunakdey07
695,16667872,"Pralay Ghosh","2026-09-26 10:27:23",2303.1,2,pralayghosh83
696,16716263,"Ugnė Miklovaitė","2026-09-25 12:34:58",2302.7,2,ugnmiklovait
697,16881928,"Saad Khan","2026-09-24 18:56:07",2302.4,2,saadlohani
698,16703045,ReCurSiON,"2026-09-25 13:08:45",2302.3,2,ashok205
699,16758905,"Iwa Iwa","2026-09-25 09:14:23",2302.3,2,iwaiwa
700,16730015,suzu10,"2026-09-26 09:15:40",2301.9,2,suzu10
701,16786341,"Farmula One","2026-09-25 07:42:09",2300.1,2,"joesland,mer4yyy,ricaaaovo,zhangxingzhe"
702,16732578,nao.kwmr,"2026-09-26 00:01:45",2299.5,2,naokwmr
703,16674949,"Lev Neganov","2026-09-26 02:14:37",2298.7,2,levoel
704,16736079,Maxy5illion,"2026-09-26 04:24:36",2298.4,2,maxy5illion
705,16663818,"Mike Mordetsky","2026-09-26 11:37:01",2298.1,2,mikemordetsky
706,16877834,playboicarti,"2026-09-26 09:10:03",2298.0,2,playb0icarti
707,16622338,github/shepsci/kaggle-skill,"2026-09-26 01:22:30",2297.9,2,shepscientific
708,16632097,PavelLiashkov,"2026-09-25 00:00:59",2297.0,2,bigbag1983
709,16858418,"Nguyễn Công Tuấn","2026-09-25 15:57:21",2295.3,2,nctuan
710,16817518,Dresden,"2026-09-25 02:29:39",2295.3,2,dresdeng
711,16711752,"Atakan Aldemir","2026-09-26 06:20:20",2294.5,2,atakanaldemir
712,16738492,"Follow Me Gradient","2026-09-24 11:15:05",2293.4,2,farukece
713,16745006,UjjwalPardeshi,"2026-09-26 12:13:59",2292.8,2,ujjwalpardeshi
714,16690353,b13902103_yuhung94,"2026-09-22 02:00:14",2292.8,2,yuhung94
715,16834038,"Akio Furutsuka","2026-09-25 01:46:47",2292.7,2,akiofurutsuka
716,16699947,HKmgikao,"2026-09-24 19:03:41",2292.6,2,hitoshikmgai
717,16655582,"Yang Jinneng","2026-09-25 01:02:41",2292.3,2,adurey
718,16790660,suk1yak1,"2026-09-25 21:57:10",2291.6,2,suk1yak1
719,16630548,"YJ Wee 2807","2026-09-25 08:06:21",2291.4,2,yjwee2807
720,16662051,"Salem Ali","2026-09-24 14:53:13",2291.3,2,salemali7
721,16814852,"Shivcharanraju Anga","2026-09-25 01:43:29",2290.4,2,shivcharanrajuanga
722,16663867,"Stephen Schott","2026-09-25 12:09:34",2289.9,2,steve421471
723,16823957,"kiki yi2","2026-09-26 09:22:27",2288.6,2,kikiyi2
724,16854428,"Marwan Ashref","2026-09-24 21:43:03",2287.8,2,"abobakerabobaker,karimhamada,marwanashref"
725,16812062,姜上（Integ）,"2026-09-25 22:03:51",2287.8,2,"borealis27,integjs"
726,16941047,"RUSHMANTH NALLURI","2026-09-24 00:07:09",2287.7,2,rushmanthnalluri
727,16699741,Tom3,"2026-09-25 01:24:56",2287.6,2,tomohiroaz
728,16670453,141,"2026-09-26 08:50:19",2287.5,2,"muhammadmustafaxo,siddiqshah"
729,16685358,"Nuno Ferreira","2026-09-25 06:13:15",2287.4,2,ngcferreira
730,16942378,"Cheese Burgers","2026-09-25 03:46:35",2287.3,2,"gaippi,mrkoolguy"
731,16911212,zby_4240,"2026-09-24 12:45:39",2286.9,2,"panhiuting,zby4240"
732,16719884,ykhnkf,"2026-09-24 22:36:04",2286.8,2,ykhnkf
733,16729413,KharinTymofii,"2026-09-24 15:54:07",2286.7,2,kharintymofii
734,16666805,Kaggs,"2026-09-25 17:07:11",2285.1,2,ayush21042004
735,16665829,Shadowfishes,"2026-09-26 07:11:03",2284.1,2,"boandme,ronitagarwal1,shauryasahdev2"
736,16689430,"Terry Luo","2026-09-24 16:19:47",2283.9,2,eimhluo1764
737,16921800,tmcoder,"2026-09-25 22:13:45",2283.1,2,tm0428
738,16622376,fmind,"2026-09-26 07:45:34",2283.1,2,freaxmind
739,16651331,"Mohamed Saeed","2026-09-24 17:00:06",2283.0,2,m0sm71
740,16654091,webmaking,"2026-09-22 04:36:19",2282.8,2,webmaking
741,16748476,sam_the_rice_cake,"2026-09-24 13:25:40",2282.4,2,"hash548,wliilamsam"
742,16948694,"Bob Jeff","2026-09-24 20:06:28",2282.4,1,bobrg123
743,16942573,Almaz,"2026-09-24 14:50:22",2282.3,2,almazsakhapov
744,16621671,Chellick,"2026-09-26 08:47:01",2282.3,2,matweyisupov
745,16708315,beeyan,"2026-09-24 23:55:17",2281.8,2,beeyan0821
746,16658946,theredbluepill,"2026-09-24 14:18:10",2281.7,2,poonszesen
747,16730720,broccoli,"2026-09-24 16:46:18",2281.3,2,norihori0917
748,16626191,"kevin park","2026-09-25 12:19:27",2280.9,2,k3v1npark
749,16730334,"Have a nice trip in USST","2026-09-25 18:15:16",2280.3,2,"eugeneyeung,grace7523,sztszt0726,tuskig,wzh20050212"
750,16660313,Ctrl+Code,"2026-09-25 09:52:41",2279.7,2,"jayashankar369085,parnikasm"
751,16889296,"Takauchi Suguru","2026-09-26 01:06:02",2279.3,2,gurusut
752,16743647,bono,"2026-09-26 09:11:11",2279.1,2,kjoonha
753,16725899,Zhenghongshuang,"2026-09-26 09:47:55",2278.8,2,zhenghongshuang
754,16636079,"Pawan Rama Mali","2026-09-24 16:58:42",2278.5,2,pawanmali
755,16944480,"Peihao Chen Caesar","2026-09-25 22:54:20",2278.1,2,peihaochencaesar
756,16918411,"Gautier Marti","2026-09-24 11:39:32",2277.8,2,gautiermarti
757,16867671,Abhinav0370,"2026-09-24 14:58:09",2277.7,2,abhinav0370
758,16811799,"Yuanchen Huang","2026-09-25 23:49:37",2277.5,2,geokocha
759,16876869,MAGGR,"2026-09-24 17:47:21",2276.3,2,manojmandal
760,16623390,KodamaSec,"2026-09-25 14:06:20",2275.4,2,dfhgfdghfdhg
761,16858464,Taisei_Tsuneki,"2026-09-24 10:16:37",2275.3,2,"ryoyaotsuki,taiseitsuneki"
762,16635108,"cabbage corp","2026-09-24 16:49:59",2275.2,2,"kagglercs,phoenix0501"
763,16768065,"Gradient Grazing","2026-09-26 11:23:37",2274.5,2,adamhusein
764,16762735,"Zenith Ye","2026-09-26 12:14:16",2274.5,2,zenithye
765,16634179,daoviet,"2026-09-26 02:37:05",2274.0,2,daoviet
766,16721501,αίνιγμα,"2026-09-24 18:19:30",2273.8,2,"muditnagori09,shahidnadaf001"
767,16890988,"Aleksandrov Andrey Alekseevich","2026-09-26 12:06:19",2273.1,2,abbeleve
768,16942000,tyson,"2026-09-25 17:24:15",2273.0,2,tysonwashere
769,16921557,"Terry Duan","2026-09-24 21:21:44",2272.1,2,xueyueicu
770,16879027,XMHHHH,"2026-09-25 12:36:50",2271.4,2,jkkhhoo
771,16759250,"Harsh Jain","2026-09-24 18:39:23",2271.3,2,harshjain123
772,16639971,"qi yun","2026-09-26 03:14:06",2271.2,2,qiyun280
773,16860784,xxxx0314,"2026-09-26 13:15:44",2271.2,2,"kirklandsan,xxxx0314,yunfeiyang223"
774,16936827,"Weixuan Liu","2026-09-25 01:39:55",2270.8,2,flyfish666
775,16740892,"yuki matsumori","2026-09-24 14:37:27",2270.7,2,yukimatsumori
776,16735252,LagrangianLocomotive,"2026-09-24 20:22:02",2270.6,2,lagrangianlocomotive
777,16635744,XDang13,"2026-09-24 16:52:57",2270.6,2,xdang13
778,16853054,saberzky,"2026-09-26 11:53:44",2270.4,2,saberzky
779,16644643,today,"2026-09-25 04:07:32",2270.1,2,today55
780,16693549,別班,"2026-09-25 22:23:13",2269.7,2,"kusurizuke,pepushi,tomokiaki"
781,16657091,raw2clean,"2026-09-26 06:44:49",2269.5,2,raw2clean
782,16775686,"Max Podd","2026-09-26 06:35:41",2269.4,2,maxpodd
783,16806882,"Friedhelm Winter","2026-09-26 08:26:41",2268.9,2,friedhelmwinter
784,16644578,"Team Name","2026-09-24 17:08:01",2268.5,2,baytree1238
785,16724847,辽大之光,"2026-09-24 14:52:05",2268.2,2,guangchenlu
786,16771623,kekuru,"2026-09-26 05:19:40",2267.5,2,soyaishihara
787,16947057,jfhjfgjhfj,"2026-09-25 07:29:39",2267.1,2,jigsawpuzzle
788,16677423,songling,"2026-09-24 22:44:38",2266.4,2,"lvbingrong,oralia"
789,16922419,"Md Abu Saif","2026-09-25 18:58:38",2266.3,2,mdabusaif48
790,16872203,"Mikael Kerimov","2026-09-25 07:13:18",2266.3,2,"mikaelkerimov,mperminiov"
791,16855885,"Shinonome Seiga","2026-09-26 12:22:23",2266.1,2,shinonomeseiga
792,16724801,Noir,"2026-09-26 13:11:31",2265.9,2,nuitnoir
793,16910680,colum2131,"2026-09-26 12:49:25",2265.5,2,columbia2131
794,16672136,chupaletas,"2026-09-25 03:46:19",2264.9,2,urvesh
795,16805370,"Gaiar Baimuratov","2026-09-26 07:27:52",2264.5,2,baimuratov
796,16686918,JustinLee,"2026-09-24 20:18:16",2264.3,2,justin2061
797,16809820,"Pramit Das","2026-09-26 11:53:38",2264.1,2,pramitdas
798,16675671,Marlubie,"2026-09-26 10:58:52",2264.0,2,kchuang
799,16769967,"Bill Fan","2026-09-25 01:44:56",2263.7,2,billfan88
800,16627600,"NiA Farms","2026-09-25 06:36:03",2263.5,2,"adriaft,natliablascoandreo"
801,16881395,nikotin55,"2026-09-26 12:09:04",2263.5,2,"isaevsemyon,nikotin55,remihrf"
802,16688217,"The Grower","2026-09-26 11:30:15",2263.3,2,vigneshsankar1962
803,16736265,"Marko Rupnik","2026-09-26 09:58:51",2263.0,2,markorupnik
804,16668215,renta.k,"2026-09-24 17:12:13",2262.8,2,renta0426
805,16643319,Jules,"2026-09-25 21:40:10",2262.7,2,julesvanligtenberg
806,16790527,Yuta,"2026-09-26 02:26:12",2262.3,2,yutaecon
807,16640067,"minghao mei","2026-09-25 04:03:05",2262.3,2,minghaomei
808,16655128,"Somasundar V","2026-09-24 21:04:44",2261.0,2,somasundarv
809,16759632,"Rifqi Haikal","2026-09-24 15:12:11",2260.9,2,rifqihaikal
810,16659328,"Muhammed Ashiq Abdul Khader","2026-09-25 15:00:27",2260.8,2,ashiqabdulkhader
811,16645596,Kosakunin,"2026-09-24 19:11:07",2259.5,2,yugoawawa
812,16674385,"qr farm","2026-09-24 13:17:00",2259.4,2,qrz1201
813,16674353,"Lakshmanan R","2026-09-26 07:01:20",2259.2,2,lakshmanankumar02
814,16867120,"DaoHe Liu","2026-09-25 03:46:31",2258.9,2,daoheliu
815,16804768,Chaos,"2026-09-25 15:30:23",2258.8,2,hcfighting
816,16881235,"Konstantin Zorin","2026-09-26 09:45:37",2258.4,2,zokost
817,16663213,"Takahiro Someya","2026-09-26 04:50:33",2258.1,2,takahirosomeya
818,16927555,yaya__k,"2026-09-24 09:27:12",2257.8,2,yaya88k
819,16701051,"Komi ShouKo","2026-09-26 11:48:19",2257.2,2,asdwswdxd
820,16948957,KIT0,"2026-09-25 12:04:02",2256.9,2,kit024
821,16636536,tetsu2131,"2026-09-24 16:08:35",2256.6,2,tetsutani
822,16865168,"Maksym Bilychenko","2026-09-25 20:38:06",2255.3,2,mbilichenko
823,16840212,anngle,"2026-09-25 04:53:50",2254.9,2,anngle
824,16795844,Azamaro,"2026-09-26 08:37:12",2254.8,2,azamaro
825,16631967,vecxoz,"2026-09-24 17:42:44",2254.3,2,vecxoz
826,16663247,Ak,"2026-09-25 10:44:10",2254.2,2,abisheksrivastav
827,16865470,J.Moriuchi,"2026-09-26 12:18:14",2253.8,2,hesoponyo
828,16904867,wahaka,"2026-09-25 07:15:12",2253.3,2,wahaka
829,16622459,"Munal Singh","2026-09-26 10:08:35",2253.3,2,munalsingh
830,16775125,weimean,"2026-09-26 04:01:56",2253.3,2,gtwm98
831,16740644,Terence0914,"2026-09-25 07:29:53",2253.3,2,terence0914
832,16621165,"xisheng feng","2026-09-26 00:10:17",2253.0,2,xishengfeng
833,16807108,dongdongunique2,"2026-09-25 20:07:27",2252.9,2,yinzhaoren
834,16765807,"Win Suthar","2026-09-26 09:38:23",2252.4,2,ashwanidhukra
835,16751152,"Andrew Reed","2026-09-25 12:36:36",2252.1,2,andrewreed
836,16765884,洛希边际,"2026-09-25 06:05:37",2252.0,2,"bxz2003,mingyue12318,thethirdsight"
837,16945969,"Rushil Desai","2026-09-25 06:44:54",2252.0,2,rushildesai
838,16700919,Anubisyy,"2026-09-26 06:09:34",2251.9,2,anubisyy
839,16675863,"Habib ullah","2026-09-26 09:25:48",2251.4,2,habibullah123456789
840,16848479,nilochan,"2026-09-26 11:48:48",2250.1,2,nilochan
841,16763829,"Shane Thivaharraja","2026-09-26 01:09:24",2250.0,2,shanethivaharraja
842,16658700,"szlachetny snieg","2026-09-26 12:20:52",2249.0,2,takayukiimoto
843,16623520,asteriam,"2026-09-26 04:35:12",2248.4,2,masatakashiwagi
844,16670371,rkd,"2026-09-25 22:53:37",2248.3,2,ryookd
845,16891008,"Golubev Alexander","2026-09-25 12:34:28",2248.0,2,"golubevalexander,nikitadgolubev"
846,16632294,"Rajan Nagarajan","2026-09-25 16:30:03",2247.5,2,narajan
847,16796370,Z-A,"2026-09-26 11:56:48",2247.2,2,"dfgtde,yuyizhu"
848,16730810,mgoto51004,"2026-09-25 13:56:43",2246.9,2,mgoto51004
849,16668789,qaq7864,"2026-09-25 06:23:51",2246.2,2,qaq7864
850,16693227,"Aniket Sharma","2026-09-24 09:31:04",2245.9,2,aniketsharma00411
851,16780097,"wei chang","2026-09-26 11:06:46",2245.3,2,wayne0404
852,16756411,"Maximo Uribarri","2026-09-26 09:27:13",2245.0,2,maximouribarri
853,16657877,zigiella,"2026-09-26 05:22:00",2243.9,2,zigiella
854,16641372,ShoaibSSM,"2026-09-24 17:10:08",2243.9,2,"naveenlx111249971939,shoaibssm"
855,16624919,"Juste Me (●'◡'●)","2026-09-24 18:18:30",2243.7,2,degnonguidi
856,16623128,AdamJonesJohnson,"2026-09-26 00:07:50",2243.0,2,adamjonesjohnson
857,16923012,"jiggly buns","2026-09-25 13:02:29",2242.7,2,sellside
858,16759578,Randy,"2026-09-25 23:21:32",2242.5,2,rvndyerwin
859,16677342,Fedor,"2026-09-25 11:30:02",2242.3,2,fedorchuprakov
860,16739925,nofreewill42,"2026-09-25 12:50:46",2241.5,2,nofreewill
861,16701258,ln,"2026-09-26 13:22:11",2241.4,2,"flentz,nazarov"
862,16706185,"Bab Kek","2026-09-25 07:34:58",2241.1,2,babkek
863,16663264,Adarsh,"2026-09-26 03:21:39",2240.8,2,madarshbb
864,16719733,CleoCantCompete,"2026-09-25 05:52:04",2240.7,2,cleocantcompete
865,16763669,cm391,"2026-09-24 22:20:58",2240.6,2,mccocoful
866,16665402,PrasadChopade213,"2026-09-24 08:50:47",2240.5,2,prasadchopade213
867,16806195,unreal,"2026-09-26 04:00:24",2240.2,2,gauravgs1007
868,16841335,abondrn,"2026-09-26 04:29:39",2239.2,2,abondrn
869,16851133,"Bryan Pauze","2026-09-25 00:01:14",2239.1,2,bryanpauze
870,16720056,"Heads or Tails","2026-09-25 06:54:14",2238.3,2,headsortails
871,16660988,"AI After Hours","2026-09-26 09:51:03",2237.3,2,"akshaythammana,mmehersaipreetam"
872,16674312,yuxuan,"2026-09-25 03:04:25",2236.8,2,yuxuan1221
873,16801351,デワンシュ,"2026-09-26 12:26:11",2236.8,2,shade012
874,16736670,"Mark Astrid","2026-09-24 18:53:08",2236.7,2,markastrid
875,16762101,"Kazama Yusuke","2026-09-26 09:33:42",2235.8,2,kazamayusuke
876,16758316,"Roy Lo TW","2026-09-26 08:21:59",2235.8,2,roylotw
877,16843042,"Frost Cerberus","2026-09-25 05:55:10",2235.0,2,frostcerberus
878,16738852,ZJUwlm,"2026-09-26 10:58:10",2234.9,2,"oonumberone,zjuwlm"
879,16713457,"Poor farmer","2026-09-24 09:05:27",2234.7,2,trnhip
880,16706897,"Akshay Mathur","2026-09-24 12:52:47",2234.2,2,akshaymathur777
881,16693557,"Ifeoluwa Adewumi","2026-09-25 09:48:37",2234.0,2,ifeadewumi
882,16624571,"Baidalin Adilzhan [dsml.kz]","2026-09-26 11:19:59",2234.0,2,"baidalinadilzhan,qasminumber,zelza0"
883,16865564,Manat,"2026-09-25 09:48:05",2233.4,2,manatoshoji03
884,16759699,"Mason Cao","2026-09-24 04:23:48",2232.5,2,mzcao7
885,16808396,Dr_F,"2026-09-24 14:04:10",2231.4,2,algebraictopology
886,16685548,"Erfan Eshratifar","2026-09-26 10:35:27",2231.4,2,erfaneshrati
887,16931907,"Nokubonga Ngema","2026-09-22 20:13:20",2230.6,2,nokubongangema
888,16805918,"kaito ide 31","2026-09-26 07:25:23",2230.6,2,kaitoide31
889,16660255,"Revanth Tambisetty","2026-09-26 08:22:35",2229.8,2,revanthtambisetty
890,16734580,shyjin,"2026-09-25 22:42:47",2229.7,2,shyjin
891,16654841,"ABHIRUP DAS","2026-09-24 18:17:06",2228.9,2,abhirupdas10
892,16655423,"Roland Luethy","2026-09-25 13:18:31",2228.8,2,rluethy
893,16920069,"arar tawil","2026-09-21 20:07:38",2228.6,2,araraltawil
894,16785321,HaoChi,"2026-09-25 22:15:07",2228.5,2,"lishi321,moxi21"
895,16628897,"Kyoungwon Jeong","2026-09-26 06:34:51",2228.5,2,kyoungwonjeong
896,16898204,"MAHESH ISHRAN","2026-09-26 05:12:02",2228.0,2,iitm21f1003346
897,16827571,"BNBU Astra","2026-09-25 03:41:14",2227.2,2,"andycooper747,austindengkaggle,BNBUDINGSHANLee21,yuxiang328"
898,16694016,"Prajwal M","2026-09-26 12:57:21",2226.9,2,estrick
899,16642570,"Mathurin Ache","2026-09-24 18:42:07",2226.9,2,mathurinache
900,16792661,итмоняяя,"2026-09-24 09:48:23",2226.8,2,"naladwepo,tickflag"
901,16806541,hidenov,"2026-09-24 11:50:21",2226.6,2,hidenov
902,16790005,"Rohit Kumar Sahoo","2026-09-26 02:36:59",2226.5,2,rohit4118
903,16660152,LIH.YUN,"2026-09-24 23:26:24",2225.7,2,fxlcee
904,16889597," Master Bob111","2026-09-26 09:26:05",2225.6,2,masterbob111
905,16622898,"sbol ball","2026-09-25 13:32:20",2225.3,2,"linearbasis,maksimkostritsya"
906,16655826,KKY,"2026-09-26 11:23:17",2224.5,2,evilpsycho42
907,16917270,kaibaur,"2026-09-26 09:35:28",2224.3,2,kaibaur
908,16723955,chunsuri,"2026-09-26 07:13:55",2224.0,2,chunsuri
909,16725177,misaka12435,"2026-09-24 14:43:35",2223.1,2,misaka12435
910,16854552,ShionMatsuoka,"2026-09-26 02:05:12",2223.0,2,shionmatsuoka
911,16760523,"Joseph Ayanda","2026-09-26 07:21:53",2222.6,2,josephayanda
912,16783721,lc今天刷了吗,"2026-09-23 03:24:33",2222.5,2,"alkaidchen,limufeng"
913,16878533,HayatoFujihara,"2026-09-26 12:38:06",2222.4,2,hayatofujihara
914,16939044,pioneerqaz,"2026-09-25 16:26:40",2222.0,2,pioneerqaz
915,16732774,edchax,"2026-09-25 19:05:56",2221.9,2,"edchax,kevinkoza,slirche"
916,16832316,"Tatu Helander","2026-09-26 13:20:59",2221.6,2,tatuhelander
917,16894110,寒月千逸,"2026-09-25 12:45:32",2221.3,2,"hanyueqianyi,leeyang1,sakurahg"
918,16663963,M0h4m3d-Byte,"2026-09-26 11:22:12",2221.2,2,dev3mohamed
919,16847412,SuzukiKazuma,"2026-09-26 03:59:46",2220.8,2,suzukikazuma
920,16806328,"The Fly🪰","2026-09-25 11:44:13",2220.2,2,takamichitoda
921,16676193,"Akira Hirohashi","2026-09-26 02:25:02",2220.0,2,akirahirohashi
922,16791924,magu1234,"2026-09-25 05:08:48",2219.5,2,magu1234
923,16730881,hank0123,"2026-09-25 14:43:17",2219.5,2,hank0123
924,16623635,HiroyukiSasaki,"2026-09-26 01:56:20",2219.2,2,hiroyukisasaki815
925,16656399,CROW,"2026-09-25 14:42:57",2218.9,2,"aaayangxh,hanifnoerrofiq"
926,16936328,JerryChen,"2026-09-26 00:55:55",2218.8,2,horse602
927,16661665,"Leonardo Viola10","2026-09-24 15:10:36",2218.6,2,leonardoviola10
928,16632743,"Krizsó Gergely","2026-09-26 13:03:34",2218.0,2,lucifer19
929,16673336,honjousetuna,"2026-09-26 08:45:55",2217.2,2,honjousetuna
930,16853894,"Ilya Usmanov","2026-09-24 21:00:05",2215.8,2,"ilyausmanov,kolesnikovia,makskhan"
931,16840617,RyotaroAbe,"2026-09-24 15:17:52",2215.8,2,ryotaro45123
932,16639263,Yam,"2026-09-25 22:16:03",2215.6,2,minyam
933,16775076,hiros,"2026-09-26 02:24:05",2215.1,2,hiroshige1
934,16823626,Korokke3,"2026-09-26 11:48:40",2215.0,2,korokke3
935,16639969,"Sheep Are All You need","2026-09-26 03:23:24",2215.0,2,aliyelbekov
936,16758381,"Yang Kuang Ou","2026-09-25 09:23:02",2214.5,2,yangkuangou
937,16743988,"Akhilesh Vinnakota","2026-09-26 04:20:38",2214.2,2,akhileshvinnakota
938,16793474,"Liu Classmate","2026-09-26 04:37:55",2213.9,2,"lilya98,liuclassmate,yuxuanzhao1203"
939,16728084,iwance,"2026-09-26 10:24:16",2213.7,2,iwance
940,16625060,"Subin An","2026-09-25 13:21:55",2213.5,2,subinium
941,16858303,马嘉蛋爱玩跳棋,"2026-09-22 05:52:02",2213.5,2,"jamalzzj,jlw123456"
942,16713048,"liqin fei 2005","2026-09-26 09:02:20",2213.1,2,liqinfei2005
943,16786102,"Anay Garodia","2026-09-24 03:58:21",2212.9,2,anaygarodia
944,16843860,LH-and-FPGA,"2026-09-25 15:18:27",2212.6,2,lhandfpga
945,16661708,"Stanley Honkpehedji","2026-09-26 09:25:06",2212.3,2,stanleyhonkpehedji
946,16804757,MAT,"2026-09-25 09:11:05",2212.2,2,mehmetanltays
947,16948745,"Nero Nrx","2026-09-25 15:38:06",2211.9,2,neronrx
948,16693962,"Changyuan Chen","2026-09-26 11:13:42",2211.7,2,changyuanchenmit
949,16829053,BigAngel,"2026-09-26 06:37:41",2211.2,2,kevin8093
950,16774475,LoveB4Sunrise,"2026-09-24 14:48:32",2210.8,2,demacia1314
951,16630380,JM,"2026-09-26 10:05:29",2210.7,2,julianmukaj
952,16670229,Munshi-PremChand,"2026-09-26 04:34:03",2210.4,2,munshipremchand
953,16737944,ToastUz,"2026-09-24 22:18:59",2210.0,2,tatsuzoosawa
954,16655520,"kaggle Osaka","2026-09-26 09:13:59",2209.9,2,toshiyukitanaka
955,16722705,我的AI是豆包,"2026-09-25 13:52:54",2208.9,2,"carrotliang,haoxuanjng,kaoqiangzhang,rainhuang0220"
956,16794630,"Yuchuan Ding","2026-09-25 13:39:31",2208.5,2,yuchuanding
957,16653068,"Shuichi Fushimi","2026-09-26 08:29:51",2208.2,2,shuichifushimi
958,16671150,Mc10nys0n,"2026-09-26 10:57:04",2208.0,2,rattanunt
959,16698308,"Gemini IS ALL YOU NEED","2026-09-25 08:36:45",2207.6,2,"jacqueszhelinzhang,yuan800"
960,16875659,あかつき,"2026-09-26 08:10:45",2205.6,2,akatuki25
961,16839389,lizs,"2026-09-25 17:31:08",2205.2,2,chiila
962,16738700,"Bugra Cinar","2026-09-25 15:38:42",2204.9,2,bugracnr
963,16631460,Kosuke.T,"2026-09-25 09:40:42",2204.8,2,kosuke1992
964,16778640,Kilupy,"2026-09-25 20:34:27",2204.8,2,kilupy
965,16803103,hugghngkai,"2026-09-26 02:22:10",2204.5,2,hugghngkai
966,16891115,tkm7510,"2026-09-26 02:22:37",2203.6,2,tkm7510
967,16926301,"Максим Бортник","2026-09-25 16:25:18",2202.8,2,maxim2512
968,16632157,"福原 大知","2026-09-26 11:55:50",2202.1,2,fxxyfox
969,16653199,Koba,"2026-09-26 12:54:18",2202.0,2,zone0906
970,16659295,snaykey,"2026-09-25 12:20:59",2202.0,2,snaykey
971,16853805,yefenfei,"2026-09-26 13:10:19",2201.3,2,"stargazer7c,yefenfei,yuchenzhanlulu,zhengweibin1026"
972,16867370,jasonyoung,"2026-09-25 21:22:54",2201.0,2,jasonyoung66
973,16769491,"Ivan Ternovskiy","2026-09-26 10:25:53",2201.0,2,aristophanivan
974,16624040,kumk,"2026-09-26 13:15:14",2200.9,2,kknagoya
975,16831965,"Ray Roberts","2026-09-24 01:04:13",2200.9,2,rayroberts
976,16775350,"Sourabh Nirwanevht","2026-09-26 09:25:33",2200.1,2,"sourabhnirwanevht,yanggod"
977,16700634,"Alperen Söylen","2026-09-26 10:29:56",2200.1,2,alperensylen
978,16634765,democatXamer,"2026-09-25 19:18:50",2199.9,2,w1326627677
979,16849801,tq1d,"2026-09-26 11:31:21",2199.8,2,haya03010
980,16845907,yt0914,"2026-09-24 04:25:15",2199.2,2,yt0914
981,16756891,T.Uehira,"2026-09-26 01:40:52",2199.2,2,tuehira
982,16726915,"인공저능연구소( Artificial Idiocy Lab )","2026-09-26 10:54:45",2199.2,2,megayak
983,16726687,"Rohin Kethipally","2026-09-26 00:04:36",2198.6,2,rohinkethipally
984,16632715,cmasch,"2026-09-25 15:30:06",2197.8,2,cmasch
985,16633173,"Saulo Quiñones Góngora","2026-09-26 05:01:51",2197.7,2,sauloquionesgngora
986,16654881,Freddy,"2026-09-26 07:11:09",2196.7,2,twoxding
987,16793396,...,"2026-09-26 05:02:45",2196.6,2,shackles6966
988,16671659,Jiang,"2026-09-25 10:48:42",2196.5,2,jncq2006
989,16926111,"Somya Patra","2026-09-26 11:32:29",2196.0,2,somyapatra
990,16758767,NSK_54,"2026-09-26 13:16:11",2195.4,2,"leon7archer,suvalex"
991,16848208,"Takuto Inoue","2026-09-26 11:22:31",2194.5,2,takutoinoue
992,16761693,nhatvo,"2026-09-23 01:07:47",2193.9,2,nhatvo
993,16779304,"Ari Nakos","2026-09-24 19:17:07",2193.8,2,aristides
994,16624339,"Дворкин Евгений Владимирович","2026-09-26 11:12:33",2193.5,2,evgendvorkin
995,16704818,probably6767,"2026-09-26 08:31:18",2193.2,2,probably6767
996,16946853,"BAHUMANYA R G","2026-09-25 11:58:12",2192.8,2,bahumanyarg
997,16786109,"Thomas Deng","2026-09-26 06:13:33",2192.4,2,tdeng24
998,16681369,GanadorPlusUltra,"2026-09-26 07:06:06",2191.8,2,ganadorplusultra
999,16635818,F.A.Nina,"2026-09-26 07:39:51",2191.2,2,nina2025
1000,16623875,"Pavlo Ivanin","2026-09-25 06:21:37",2191.0,2,pavloivanin
1001,16678534,"Filip Strzałka","2026-09-26 00:05:48",2190.3,2,snufkin77
1002,16664760,SN,"2026-09-25 22:07:29",2190.1,2,spirosnianiaras
1003,16624484,"Tomoki Hirose","2026-09-24 15:50:38",2189.1,2,tomokihirose
1004,16727893,mmwstudy,"2026-09-26 07:43:03",2188.9,2,mmwstudy
1005,16924271,kitton,"2026-09-25 21:53:19",2188.1,2,kitton20250606
1006,16623371,MoZayed,"2026-09-26 01:54:11",2187.4,2,mohamedzayedahmed
1007,16668430,"john inan","2026-09-25 20:36:12",2187.2,2,johninan
1008,16727404,Yichi,"2026-09-24 12:15:42",2187.0,2,"liyulin666,yichi02"
1009,16918941,"E-Max AI","2026-09-26 03:26:18",2186.8,2,royalacecat
1010,16717901,"Ahmed Hazem Abdeltawab","2026-09-25 21:38:57",2186.4,2,ahmedhazem23
1011,16668152,ksew364,"2026-09-24 09:24:05",2186.3,2,ksew364
1012,16838370,aqua,"2026-09-26 10:59:36",2186.0,2,aquaaqua11
1013,16659464,"Héctor Valverde","2026-09-26 08:24:48",2185.7,2,hvpareja
1014,16663387,Ju,"2026-09-24 13:29:42",2185.5,2,juziddd
1015,16891718,"Me & myself","2026-09-25 07:51:23",2184.5,2,fannasankh
1016,16769836,weense,"2026-09-26 12:27:55",2183.7,2,weense
1017,16778835,kiyoc,"2026-09-25 10:58:11",2183.1,2,kiyoshiohno
1018,16664836,"Adnan Zaman","2026-09-26 00:02:57",2182.8,2,adnanzamanniloy
1019,16727182,FinalSunFlower,"2026-09-26 05:12:43",2182.4,2,"finalsunflower,wubingheng"
1020,16766640,watana,"2026-09-24 13:39:25",2181.5,2,yukiwat
1021,16727998,hidsaito,"2026-09-25 13:15:38",2181.3,2,hidsaito
1022,16818313,"haonan zhengh","2026-09-26 02:03:50",2181.2,2,haonanzhengh
1023,16675866,DanilChil,"2026-09-25 14:06:52",2180.9,2,danilchil
1024,16658343,aisamhottman,"2026-09-26 08:59:04",2180.6,2,heuingttiang
1025,16675873,"Zhu Liang","2026-09-26 07:00:20",2180.5,2,paradite
1026,16743858,kawauso9n,"2026-09-26 13:02:12",2180.2,2,kawauso9n
1027,16631752,"Junichiro Morita","2026-09-26 12:17:36",2180.1,2,junichiromorita
1028,16937607,wuyan-nox,"2026-09-25 15:37:43",2179.5,2,wuyannox
1029,16880393,flower_s,"2026-09-26 00:45:26",2178.9,2,flower244140625
1030,16717289,JackChenghao,"2026-09-26 07:15:04",2178.5,2,jackchenghao
1031,16928701,gt50,"2026-09-26 06:06:37",2178.4,2,shawnqjackson
1032,16698136,"David Estevez","2026-09-24 14:47:34",2178.1,2,destbreso
1033,16659412,yesterdays_rebel,"2026-09-26 11:14:06",2177.9,2,irfanparaniya
1034,16623530,khursani,"2026-09-26 02:43:48",2176.1,2,khursani8
1035,16655610,GPTatoes,"2026-09-26 01:48:17",2176.0,2,"angran,kaixuanosmas"
1036,16623451,Ueddy,"2026-09-26 12:39:57",2175.9,2,ku0807
1037,16855857,tchufers,"2026-09-25 19:41:27",2175.8,2,viniciusraupp
1038,16835029,先过我的Gemini,"2026-09-26 10:03:26",2175.6,2,"gutssss,hangzheng1,ppsshh123"
1039,16668532,"Nir Aberman","2026-09-25 04:13:41",2175.2,2,niraberman
1040,16792109,rogerrogerroger3r,"2026-09-26 11:59:35",2175.1,2,rogerrogerroger3r
1041,16814417,"Jane Street Farmers","2026-09-26 12:27:00",2174.9,2,"akamasterpiece,gianghiango,paramizodicrominique,phnhnnguyn,sebastiancooper116"
1042,16786126,"Max Bloom","2026-09-25 17:17:58",2174.1,2,maxbloom
1043,16933848,"Lawrence Katongole","2026-09-23 12:47:55",2173.1,2,lawrencekatongole
1044,16726461,mocatti,"2026-09-26 11:08:33",2172.9,2,mocatti
1045,16732666,"Stefano Blando","2026-09-25 13:28:02",2172.9,2,stefanoblando
1046,16743033,Nagahama,"2026-09-25 15:07:10",2172.6,2,kazukinagahama
1047,16655789,"wen chong yu","2026-09-25 20:46:16",2172.6,2,wenchongyu
1048,16632138,kaggle_bbgg,"2026-09-26 08:56:49",2172.5,2,kagglebbgg
1049,16884121,Radiant,"2026-09-26 08:37:46",2172.4,2,"dnpkkk,xxxxxx6x,y4matt"
1050,16945301,QQQXXX123,"2026-09-26 11:47:02",2171.6,2,qqqxxx123
1051,16672251,"Kavinkumar M","2026-09-26 11:23:53",2171.3,2,kavinkumarrkm
1052,16925604,"Fritz Cremer","2026-09-26 12:49:55",2170.8,2,fritzcremer
1053,16731834,Kamma,"2026-09-25 03:10:11",2170.2,2,"cheliu0307,makerfly,vonlanvonlan233"
1054,16676455,"Sarthak Sharma ","2026-09-25 17:09:20",2169.6,2,sarthaksharma14
1055,16784401,east,"2026-09-26 10:12:41",2169.3,2,eastxe
1056,16895106,linchuhan,"2026-09-26 06:00:29",2169.2,2,linchuhan
1057,16678521,"techno coven","2026-09-26 01:57:18",2169.2,2,"blancaplanca,nevolinaa"
1058,16759402,Capitaalgain,"2026-09-26 10:16:18",2168.6,2,capitaalgain
1059,16632172,Ayodeji,"2026-09-26 10:41:44",2168.5,2,ayodejiibrahimlateef
1060,16671412,Xman,"2026-09-26 04:35:23",2167.4,2,xuanzhang001
1061,16727110,yemaoye,"2026-09-26 07:47:03",2167.4,2,"luckyappley,yemaoye"
1062,16661607,choqui62,"2026-09-25 07:12:40",2167.3,2,choqui62
1063,16666977,"Tagir Analyzes","2026-09-26 12:24:48",2166.8,2,tagirkhairutdinov
1064,16769411,Beyond,"2026-09-26 09:57:32",2166.8,2,themanysh
1065,16846958,"Constantin Craciun","2026-09-26 13:00:48",2166.8,2,constantincraciun
1066,16823938,InSociEUP,"2026-09-24 14:38:59",2166.5,2,santanubanerjee9
1067,16924480,Manasa.ai,"2026-09-25 03:06:50",2164.8,2,manasaai
1068,16701685,shawloong,"2026-09-25 01:14:31",2164.7,2,shawloong
1069,16709905,Rospel,"2026-09-25 01:56:34",2163.8,2,rospel
1070,16687363,"elegantangel (628700)","2026-09-26 08:56:15",2163.5,2,elegantangel
1071,16724298,Orig_lab,"2026-09-24 10:30:26",2163.1,2,chengxixixi
1072,16945978,"Grigor Sargsyan","2026-09-26 08:26:25",2162.6,2,grigorsargsyan
1073,16656337,"Prashant Kikani","2026-09-26 12:49:55",2161.8,2,prashantkikani
1074,16661994,"Suvrat Rai","2026-09-26 06:47:52",2161.2,2,suvrat11rai
1075,16682879,"Ace Team","2026-09-25 22:31:54",2161.2,2,drpatrickchan
1076,16684128,NIklitaCheporev,"2026-09-24 15:51:38",2160.3,2,niklitacheporev
1077,16634128,ZechHuang,"2026-09-26 04:14:51",2159.7,2,zechhuang
1078,16811900,"Brejesh Balakrishnan","2026-09-23 06:38:14",2159.4,2,brejeshbalakrishnan
1079,16903770,UYHHHHYu,"2026-09-23 13:20:49",2158.1,2,yhhhhyu
1080,16699722,Dicere,"2026-09-23 09:23:48",2157.8,2,thedark735
1081,16687649,track,"2026-09-24 12:55:19",2157.6,2,"a2nt1as2n,ahmedberatozer,omerlleez"
1082,16941479,karttikjangid05,"2026-09-26 12:12:16",2157.2,2,karttikjangid05
1083,16838538,"rz cao","2026-09-25 02:31:27",2156.8,2,"caoruizhe,luckybara"
1084,16668168,"Ashutosh Ghodasara","2026-09-26 09:18:38",2156.7,2,"asce09,attiraina,hashlord"
1085,16665416,"zeyu lau","2026-09-22 12:23:19",2156.4,2,zeyulau
1086,16865335,"Hire me! 🤗 [Viktor Cikojevic]","2026-09-20 13:38:52",2155.9,2,viktorcikojevic
1087,16807411,tamura_aicon,"2026-09-23 00:03:54",2155.5,2,hayatetaf
1088,16692845,"Yassine Ben Zekri","2026-09-24 21:18:48",2155.4,2,yassinebenzekri
1089,16631978,"batuhan kalem","2026-09-22 19:02:41",2154.0,2,batuhankalem
1090,16926473,"Illia Dolenko","2026-09-22 00:32:26",2153.5,2,illiadolenko
1091,16693045,"Huseyin Battal","2026-09-25 00:07:14",2153.2,2,huseyinbattal
1092,16922094,Shiv28,"2026-09-26 03:38:57",2152.9,2,shiv28
1093,16702547,Dean0016,"2026-09-26 04:45:31",2152.8,2,"ddcchh,dean0016,zureaaa"
1094,16778744,"Shunsuke Hayashi","2026-09-24 22:58:54",2152.8,2,shunsukehayashi1993
1095,16911681,nena,"2026-09-25 06:42:53",2152.8,2,nena0undefined
1096,16633100,"Emile Andrieu","2026-09-19 23:36:43",2152.7,2,emileandrieu
1097,16668071,"Ali Eren Oğuztaş","2026-09-26 02:14:44",2152.1,2,alierenouzta
1098,16689183,Hawksartelier,"2026-09-26 12:45:29",2152.0,2,satyapb2002
1099,16744837,JuliaGastellu,"2026-09-26 13:19:35",2151.9,2,juliagastellu
1100,16803448,jiatu.l,"2026-09-26 03:14:31",2151.5,2,jiatul
1101,16700068,"My Little Pony","2026-09-26 12:04:02",2151.2,2,"buxiangzaoqi66,juliezhang131,yaoyilv"
1102,16742369,"Ömer Faruk Yüce","2026-09-26 09:02:59",2150.8,2,merfarukyce
1103,16663783,WBF_USA_NYC,"2026-09-26 13:18:27",2150.4,2,wbfranci
1104,16781445,"𝕯𝖊𝖔𝖉𝖎𝖒𝖘 & 𝕮𝖔","2026-09-26 13:24:39",2150.4,2,odimdavidchukwuemeka
1105,16806862,JudyWatermelon,"2026-09-24 23:56:16",2149.8,2,judywatermelon
1106,16894714,"PadroChill Farm","2026-09-23 14:37:39",2149.7,2,"gerbertradmirovich,kastv90"
1107,16655478,Bruce,"2026-09-25 05:32:56",2149.6,2,bruceqdu
1108,16746191,たがやす,"2026-09-24 11:34:09",2149.5,2,drktti
1109,16764499,"Edwards Neuron","2026-09-25 10:33:17",2149.3,2,edwardsneuron
1110,16624969,tf,"2026-09-26 07:02:33",2149.2,2,tfukuhara
1111,16904984,"Andrej Angelovski","2026-09-22 17:23:18",2148.7,2,cybertiger7
1112,16933836,arumajiro,"2026-09-26 11:10:52",2148.7,2,excellentarumajiro
1113,16886298,amosokello451,"2026-09-26 13:10:27",2148.0,2,amosokello451
1114,16945907,"yuki ogata","2026-09-25 01:24:24",2147.8,2,yyogata
1115,16668737,"Abish Pius","2026-09-24 11:47:59",2147.8,2,abishpius
1116,16633790,curiosity,"2026-09-26 10:15:27",2147.7,2,chmffwn1
1117,16731605,datatuu,"2026-09-26 12:31:53",2146.6,2,yaoguang516
1118,16621625,YBEJlKA,"2026-09-25 19:52:33",2146.5,2,alexanderchesnokov
1119,16701768,darasty,"2026-09-26 04:20:17",2146.4,2,darasty
1120,16749079,mraz1006,"2026-09-25 15:59:34",2145.8,2,mraz1006
1121,16930374,扣扣农场,"2026-09-26 00:58:52",2145.8,2,tsjzkzyzz
1122,16799235,K.Piro,"2026-09-26 11:55:28",2145.7,2,agares02
1123,16623533,xthixsl_ml,"2026-09-26 09:10:27",2145.4,2,xthistle999
1124,16671361,"Hangyu Yu","2026-09-24 23:27:55",2145.1,2,"cqupthangyuyu,leoethan,wxgisspider"
1125,16654707,ManasviSharma,"2026-09-25 11:03:40",2145.0,2,manasvi821
1126,16661558,안녕하세요이세입니다잘부탁드립니다,"2026-09-26 00:14:55",2144.8,2,"moonswalk,municef1"
1127,16748462,"Jiwon Lee","2026-09-26 06:06:50",2144.7,2,jibong7600
1128,16802505,daviondk,"2026-09-26 07:58:50",2144.0,2,daviondk
1129,16887476,"Memory Engineer","2026-09-26 04:25:47",2143.6,2,salazarslytherin
1130,16632423,goh,"2026-09-26 09:34:55",2143.4,2,bungohatayama
1131,16658895,kunihiro,"2026-09-25 04:45:26",2142.7,2,kunihiro
1132,16844148,Ethereal49,"2026-09-26 07:49:26",2142.4,2,ethereal49
1133,16705431,"Thuận Đoàn Vũ","2026-09-26 00:05:08",2142.0,2,thunonv
1134,16848633,umizora,"2026-09-26 03:41:40",2142.0,2,yoiisohira
1135,16655477,Aurora,"2026-09-24 17:26:45",2141.3,2,"niteshranjansingh,themeghajoshi"
1136,16727103,sword3522,"2026-09-26 08:28:11",2141.1,2,"qinyanqiu,sword3522"
1137,16722399,"Meta learners","2026-09-25 19:13:15",2141.1,2,aditya2909rb
1138,16751820,yy,"2026-09-25 11:22:06",2141.0,2,hirokiyamazaki
1139,16712121,"Hai Dang","2026-09-26 11:31:26",2138.0,2,haidang2405
1140,16731839,mamematcha,"2026-09-25 15:43:12",2137.4,2,mamematcha
1141,16883907,lll,"2026-09-24 04:11:11",2137.4,2,lghlgh001
1142,16945364,胜你不须第二剑,"2026-09-25 07:28:08",2135.7,2,abinyzl123
1143,16627148,"HUNGRED XYIS","2026-09-25 09:45:58",2135.4,2,"gleny48,makarrogovik,wooler1"
1144,16828705,"liama liama","2026-09-26 11:47:53",2135.4,2,liamaliama
1145,16895147,"DL Julius","2026-09-25 08:41:15",2135.3,2,dljulius
1146,16893046,ClaudiCulture,"2026-09-26 03:57:00",2134.9,2,ortimusprime
1147,16814409,YuyaSuzuki,"2026-09-26 00:25:55",2134.7,2,yututapp
1148,16635340,"zhuo wamg","2026-09-25 11:55:46",2134.6,2,zhuowamg
1149,16682210,Boiled-Sweet-Potato,"2026-09-26 04:11:20",2134.5,2,boiledsweetpotato
1150,16768449,"Dmitry Volovikov","2026-09-24 13:46:26",2131.8,2,dmitryvolovikov
1151,16745761,mitomeat823,"2026-09-26 11:29:37",2131.8,2,mitomeat823
1152,16863974,suteno,"2026-09-26 10:28:04",2131.5,2,sutekikano
1153,16654196,"Aryaman Chokhani","2026-09-24 08:41:08",2131.3,2,"aryamanchokhani,pranrocky"
1154,16677810,"Maksim Borisov","2026-09-24 11:54:13",2130.8,2,ma4ypic4y
1155,16891283,tofu1002,"2026-09-26 09:48:48",2130.7,2,tofu1002
1156,16882868,"Yash Mohan","2026-09-26 01:23:33",2130.7,2,yashm917
1157,16641524,AkiraIshikawa,"2026-09-26 09:06:36",2130.4,2,akiraishikawa
1158,16694110,"Team Amboss","2026-09-23 16:09:25",2130.3,2,alexphilippi
1159,16934238,"Yujin Cha","2026-09-25 11:28:57",2129.7,2,ckdbwlsdlfkdn
1160,16667080,King-damon,"2026-09-26 12:22:02",2129.5,2,kingdamon
1161,16663999,"Colton Martin","2026-09-25 00:14:19",2129.5,2,coltonmartinnn
1162,16851853,tryagain123,"2026-09-26 11:11:37",2129.4,2,lanqingsong123
1163,16637987,Xander,"2026-09-25 15:50:26",2129.4,2,"badboiriri,canqiang,xiuyang88"
1164,16691512,"Hongxin Su","2026-09-25 15:55:02",2129.3,2,hongxinsu
1165,16944151,kkogai,"2026-09-26 09:39:27",2128.2,2,kkogai
1166,16864919,ujimaa,"2026-09-26 12:42:25",2128.1,2,ujimaa
1167,16884244,UCAS_fish_wang,"2026-09-26 11:30:08",2126.8,2,yiliu15
1168,16663632,Seho.Connect,"2026-09-26 04:50:08",2126.6,2,sehoconnect
1169,16626814,"Vu Tran Hoang","2026-09-25 06:42:29",2125.1,2,hoangvux
1170,16730045,渡邊征央,"2026-09-25 05:47:50",2125.0,2,undertaker3409
1171,16641077,lucaskna,"2026-09-25 11:11:31",2124.7,2,lucaskna
1172,16707453,"Kaan Dınız","2026-09-23 15:11:37",2124.5,2,kaandnz
1173,16920678,qinsuikang,"2026-09-26 12:43:27",2123.7,2,"qinsuikang,tudousisi"
1174,16754882,vvs,"2026-09-25 03:48:14",2123.3,2,marvelworld
1175,16655686,Kyle,"2026-09-24 04:31:20",2123.3,2,kylezhouzhou
1176,16846857,"Tomohiro Nagai","2026-09-26 13:25:47",2122.4,2,tomohironagai
1177,16741819,"Paritosh Kumar Tripathi","2026-09-26 05:30:58",2121.5,2,paritoshtripathi5
1178,16644808,"Rotation Theory","2026-09-26 06:07:00",2121.4,2,mikhsank
1179,16659920,vkhydras,"2026-09-26 12:12:02",2120.6,2,vickimar
1180,16655688,"Ryan Shan","2026-09-25 22:27:11",2120.2,2,codegold
1181,16624893,"GURU Prasaatha S","2026-09-25 15:03:43",2120.0,2,guruprasaathas111
1182,16772204,"Hamam Ahmed","2026-09-25 00:31:05",2119.9,2,hamamelsanousi
1183,16811571,"Daniel Guo","2026-09-25 06:14:40",2119.9,2,denialguo
1184,16621515,"Alexander Gremyakov","2026-09-26 00:07:01",2119.8,2,alexandergremyakov
1185,16928466,"Diogenes's cask","2026-09-26 10:37:55",2119.1,2,diogenesscask
1186,16791977,JeremyLIU858,"2026-09-26 10:01:18",2118.8,2,jeremyliu1997
1187,16653260,"Kadouci Abdelhak","2026-09-26 11:10:55",2118.7,2,kadouciabdelhak
1188,16637099,tobhull,"2026-09-26 05:42:45",2118.5,2,tobhull
1189,16784608,shawenher,"2026-09-23 17:45:03",2118.5,2,shawenher
1190,16852141,"Zhou Hengyu","2026-09-26 07:13:02",2118.4,2,zhouhengyuu
1191,16635872,"Evgeniya Dmitrieva","2026-09-23 18:05:27",2118.0,2,evgeniyadm
1192,16624056,Raggriculture,"2026-09-26 10:42:52",2117.8,2,ravi123a321at
1193,16769116,qiuqiu,"2026-09-26 03:48:07",2117.1,2,qiuqiuh
1194,16723272,"Rimsha Kanwal","2026-09-23 18:18:16",2117.0,2,rimsha234
1195,16932757,yucho147,"2026-09-23 03:35:48",2116.6,2,yucho147
1196,16728262,wakawakayu,"2026-09-26 10:38:20",2116.6,2,wakawakayu
1197,16821967,"Nakul Maurya","2026-09-23 22:04:40",2115.8,2,nakulmaurya
1198,16876180,kk.sky.9k,"2026-09-26 11:44:00",2115.6,2,kksky9k
1199,16743165,"Chiachii Liang","2026-09-26 00:01:13",2115.4,2,chiachiiliang
1200,16730761,ElephtAI,"2026-09-26 07:23:45",2114.9,2,yuchengj
1201,16706222,"Xiangyu Liu","2026-09-25 00:20:15",2114.6,2,xiangyuliu007
1202,16836787,KSKBL,"2026-09-25 13:43:46",2114.5,2,"length1001,trafalgar1234"
1203,16673303,"Samuel Sundararaman ","2026-09-26 12:05:01",2114.5,2,neopok919
1204,16623381,cocoaAI,"2026-09-26 11:44:39",2114.1,2,cocoaai
1205,16795798,"Refrain 1","2026-09-22 15:35:00",2113.8,2,"chisatoy,refrain1"
1206,16621153,"Addison Howard (ineligible)","2026-09-25 18:41:34",2112.8,2,addisonhoward
1207,16638994,wpl,"2026-09-26 05:23:58",2112.7,2,peilwang
1208,16655379,Ikeda0516,"2026-09-26 07:04:57",2112.4,2,ikeda0516
1209,16823467,"Riki Uchida","2026-09-25 21:02:37",2109.8,2,rikiuchida
1210,16669256,Shivam_2212,"2026-09-26 12:06:29",2109.1,2,shivam2212
1211,16623836,awarse,"2026-09-24 16:07:45",2108.9,2,awarse
1212,16761434,t07_noma,"2026-09-25 14:26:28",2108.9,2,t07noma
1213,16702975,RicardoLópez,"2026-09-26 03:50:46",2108.5,2,richi2489
1214,16671454,Shadow,"2026-09-23 16:27:35",2108.4,2,uziahmd
1215,16711398,"Claude Fable 5.1","2026-09-26 11:13:36",2108.2,2,chenxizhao21
1216,16709435,"Artyom Lyan","2026-09-24 09:36:10",2107.8,2,arli2016
1217,16709101,"Djaafar Lecheheb DL","2026-09-25 10:49:56",2107.6,2,djaafarlechehebdl
1218,16744979,"Ahmed Alhassan","2026-09-13 21:51:58",2107.4,2,ahmed55
1219,16741639,kirito83,"2026-09-25 06:18:26",2106.8,2,lishsh83
1220,16756591,"Hamed Vakili","2026-09-22 03:00:11",2105.8,2,"hamedvakilit0,maryam7713"
1221,16880278,Kaggria,"2026-09-26 04:10:21",2104.4,2,"andyzhenlee,jiayi2627,mingyuechu,zhaoliangyuan"
1222,16677518,"Khor Yin Loon","2026-09-26 01:21:52",2104.2,2,khoryinloon
1223,16669269,"yash bhaskar","2026-09-24 12:17:39",2104.2,2,yash9439
1224,16738626,李BCDEFGA,"2026-09-26 00:50:41",2104.0,2,"bcdefga,fengzhaofan,quzehao12"
1225,16757064,"coke lu","2026-09-24 08:51:05",2103.5,2,cokelu
1226,16794527,linyifangzhenshuai,"2026-09-26 10:23:49",2103.4,2,linyifangzhenshuai
1227,16930633,micro,"2026-09-25 19:10:09",2102.5,2,brucewu1200
1228,16904732,Weifenhuan,"2026-09-26 06:44:34",2102.4,2,schwa6
1229,16679214,alban,"2026-09-25 21:14:57",2102.4,2,albantiacoh
1230,16665233,"Akash Deep","2026-09-26 10:48:42",2102.0,2,akashdeepo
1231,16899200,MauoXX,"2026-09-25 22:02:39",2101.4,2,mclster
1232,16732051,Jeryos,"2026-09-25 17:44:40",2101.3,2,joulskaf
1233,16657100,"Jacky Chan","2026-09-24 23:27:04",2100.9,2,jhkchan
1234,16925842,Naoya,"2026-09-26 12:27:23",2100.7,2,takashimanaoya
1235,16770979,"Paulo Martins","2026-09-24 18:01:44",2100.1,2,paulomartins87
1236,16759058,Miz,"2026-09-25 16:01:02",2098.9,2,ryota040
1237,16741527,meiyoun,"2026-09-23 14:51:46",2098.6,2,"guetsg,meiyoun,miraclehat"
1238,16675684,washamba_bots,"2026-09-25 05:10:25",2098.5,2,"billygmwangi,futurecentaur,peterkibetspidey,stephanenjoki"
1239,16645203,easonyanyan,"2026-09-26 03:59:32",2098.3,2,easonyanyan
1240,16931975,loki005,"2026-09-26 09:01:56",2097.7,2,loki005
1241,16931354,snappi,"2026-09-26 00:33:20",2097.7,2,snappi
1242,16784725,prairieee,"2026-09-25 04:10:42",2097.6,2,"haideptry,prairieee"
1243,16673870,"Yuxiao Wang","2026-09-26 06:40:05",2097.1,2,yuxiaowangx
1244,16860129,sonny_01,"2026-09-24 15:40:05",2096.5,2,sonnymupfuni01
1245,16848929,"Nikoo Yu","2026-09-25 18:13:05",2096.5,2,nikooyu
1246,16707915,MGöksu,"2026-09-25 19:43:47",2096.2,2,mgoksu
1247,16696593,bplyc15,"2026-09-26 10:56:53",2096.0,2,bplyc15
1248,16897489,"East Kowloon","2026-09-23 16:16:34",2095.1,2,"haydenmlh,veron0611"
1249,16868759,Pand,"2026-09-26 10:11:02",2094.3,2,pand999
1250,16763706,断罪の孤高の神・大宇宙草莓覇皇,"2026-09-26 08:43:40",2094.1,2,"lordofichigo,qilejiang76"
1251,16714401,"Ivo Georgiev","2026-09-26 05:59:31",2094.1,2,ivogeorg
1252,16892682,"Yasuhiro Manai","2026-09-26 07:27:46",2093.6,2,yasu01
1253,16886640,holyholy,"2026-09-26 07:31:40",2093.4,2,holy5contents
1254,16738349,Suna-D,"2026-09-26 01:46:35",2092.6,2,sunad0630
1255,16809194,Ajanraj,"2026-09-23 17:48:10",2092.4,2,ajanraj25
1256,16696720,"JAZ COLD HORN","2026-09-24 03:54:02",2092.4,2,"evanmaksud,jazivxt,maulikgajera,niazmohaimanabtahi,victorhorn"
1257,16746025,Hamachi,"2026-09-26 11:12:32",2090.9,2,hamatz
1258,16632262,Milkomeda,"2026-09-25 08:42:16",2090.5,2,milkomeda74583
1259,16631640,7day-enough,"2026-09-26 07:53:07",2090.3,2,"caoyupeng,diandianzi,lingyu07,lixin73,xiaoxiaohuazong"
1260,16669123,"Alex #2","2026-09-24 12:40:04",2089.7,2,alxdfy
1261,16665357,XW,"2026-09-26 07:21:49",2088.4,2,xuewei
1262,16800076,xinwang,"2026-09-25 16:13:00",2088.4,2,xxxtetantion
1263,16686583,techtech69,"2026-09-26 07:15:32",2088.2,2,techtech69
1264,16742149,"Ankith Savio","2026-09-25 22:13:45",2087.8,2,weedoo
1265,16653093,"willam wu","2026-09-25 08:17:47",2087.8,2,biaaib
1266,16735628,RB25det,"2026-09-26 08:41:28",2087.6,2,"perrodawn,rb25det,shinzotakayama,toranosukenoda"
1267,16704580,"Yunho Hwang","2026-09-26 03:23:03",2087.4,2,yunhohwang
1268,16698206,"Bark at the Barnyard","2026-09-26 03:16:42",2086.9,2,mming0430
1269,16859963,LINXI,"2026-09-26 08:25:52",2086.4,2,linxii012
1270,16661754,edwinis,"2026-09-26 08:00:22",2086.1,2,edwinis
1271,16770229,"shivam kanojia","2026-09-25 16:17:49",2085.6,2,shivamkanojia1
1272,16895472,codeWS,"2026-09-25 11:59:13",2085.6,2,codews
1273,16762248,KongKongDe,"2026-09-24 11:25:21",2085.4,2,kongkongde
1274,16755203,TY0912,"2026-09-24 14:18:59",2085.0,2,samejimatink0
1275,16671292,Yuyajk,"2026-09-24 05:39:41",2084.5,2,yuyajk
1276,16725996,MatheusPSorancoDeCarvalho,"2026-09-24 16:33:39",2084.1,2,matheussoranco
1277,16652631,"Panagiotis Anagnostou","2026-09-25 10:06:02",2082.7,2,panosanag
1278,16727745,auouer,"2026-09-26 13:18:24",2082.7,2,"auouer,guriken,hkamna,insightfulthinking"
1279,16734409,"Yuta Yamazaki","2026-09-26 08:29:43",2082.1,2,yamayuu18
1280,16827224,"[HSE Lyceum ML] zaepupno","2026-09-26 09:32:33",2082.0,2,daniilgoryushin
1281,16740161,r2singh,"2026-09-25 22:48:40",2081.6,2,ratnaraj
1282,16906651,Izumi_LP,"2026-09-24 08:17:44",2080.8,2,amememe
1283,16888794,NonCaffeine,"2026-09-25 11:30:06",2080.3,2,noncaffeine
1284,16758895,daphne,"2026-09-26 02:00:08",2079.7,2,daphne4sg
1285,16913949,"Tejash Prakash","2026-09-26 11:28:22",2079.5,2,tejashxprakash
1286,16668227,Yusuraume,"2026-09-26 02:10:21",2079.3,2,sugitatomohiko
1287,16904289,"farmer zefeng","2026-09-24 10:48:49",2079.2,2,zefengai
1288,16723379,local,"2026-09-23 07:32:48",2079.0,2,matteo123383iend
1289,16786517,"Kagdew Valley_HeNU","2026-09-26 08:57:46",2078.1,2,"hongtongyi,hoshiiabc,lizhe125,ypeng1234"
1290,16892318,"fumiya utsuno","2026-09-26 06:21:29",2078.0,2,"fumiya326,kuboken,rikutokuwayama"
1291,16660483,TIM,"2026-09-26 02:57:59",2077.7,2,daynoryamil
1292,16888303,Satuker,"2026-09-25 18:38:18",2077.2,2,filipgaliski
1293,16906728,"Konstantin Zhar","2026-09-25 22:25:44",2077.0,2,zharkd
1294,16682867,sneaky6767,"2026-09-26 08:31:24",2076.7,2,sneaky6767
1295,16722378,waticson,"2026-09-23 14:55:18",2076.7,2,yutodennou
1296,16693431,"Yi Wang","2026-09-24 11:43:20",2076.4,2,jone520
1297,16798694,물,"2026-09-25 20:51:14",2075.1,2,nintendojoa
1298,16859034,wayg9odysseus,"2026-09-24 18:56:46",2074.9,2,wayg9odysseus
1299,16842300,fanmili,"2026-09-25 06:17:16",2074.4,2,fanmili
1300,16893006,"Duvor Richard","2026-09-25 14:43:58",2074.2,2,duvorrichard
1301,16810299,spencersi123,"2026-09-23 17:44:52",2074.2,2,spencersi123
1302,16786382,hylexi,"2026-09-26 13:21:36",2074.0,2,hylexi
1303,16869614,"Szymon Miłosz","2026-09-25 17:00:29",2073.7,2,szymonmiosz
1304,16905685,小娃娃是娃娃里较小的娃娃,"2026-09-23 17:54:00",2073.6,2,xiewenwei29
1305,16792410,"Taewoong Kim","2026-09-26 13:16:35",2073.4,2,aleaiest
1306,16630524,"Omprakash Patra","2026-09-26 06:28:56",2072.9,2,omprakashpy
1307,16663175,Anaconda,"2026-09-26 00:09:51",2072.4,2,anaconda
1308,16847543,"Sankalp Wanjari","2026-09-26 00:33:51",2072.0,2,sankalpwanjari25
1309,16773026,アルモンド,"2026-09-25 06:18:49",2071.9,2,almondman0707
1310,16823942,"jiajun chi","2026-09-25 05:33:48",2071.1,2,jiajunchi
1311,16935521,闰土和‌猹‌,"2026-09-24 13:15:12",2070.7,2,"fenghanxiang,zzh13332470923"
1312,16744842,juisajdiasd,"2026-09-24 13:54:36",2070.1,2,juisajdiasd
1313,16746010,"Khoi Tuan Nguyen","2026-09-23 15:06:41",2070.0,2,khoingt
1314,16676114,Gekkotron,"2026-09-24 13:32:38",2069.7,2,gekkotron
1315,16773098,Apa,"2026-09-26 12:52:38",2069.6,2,yasso1
1316,16934847,yuuri,"2026-09-26 04:34:42",2069.6,2,yuuuuuuuuri
1317,16728492,ほのぼの牧場,"2026-09-26 07:48:37",2069.1,2,masatoshitaniguchi
1318,16632599,HyperARC,"2026-09-26 08:25:59",2069.1,2,shadowell888
1319,16755654,oQo,"2026-09-23 20:02:51",2068.7,2,oqoxodk6
1320,16632201,neurlog,"2026-09-25 20:42:08",2068.5,2,neurlog
1321,16756972,"Đức Hải Hà","2026-09-25 08:58:09",2068.2,2,tankinguyen
1322,16783265,"Xiangjiang Zhou","2026-09-26 12:04:52",2067.7,2,"lilysmi,llccqq624,qqqqwqq,xiangjiangzhou"
1323,16795853,GaoKui,"2026-09-25 03:39:45",2067.7,2,gaokui
1324,16634462,"Yash Marathe","2026-09-23 13:27:14",2067.5,2,maratheyash
1325,16948826,"Viswesh Suri","2026-09-26 09:53:27",2066.8,2,visweshsuri
1326,16659550,"Sai Syam","2026-09-24 09:02:08",2066.6,2,saisyam
1327,16679098,"KIRTAN RUPESHBHAI BHOJANI","2026-09-24 06:02:25",2066.5,2,kitran17
1328,16699165,lime0001,"2026-09-26 13:01:07",2066.5,2,lime0001
1329,16640388,SANNNNN,"2026-09-26 01:57:08",2066.5,2,zuhairsan
1330,16687159,Max64738CB,"2026-09-25 16:37:15",2066.3,2,max64738cb
1331,16629033,"Igor V","2026-09-26 09:42:58",2066.0,2,rostigor
1332,16651402,"Mille Initiate","2026-09-24 09:07:29",2065.6,2,milleinitiate
1333,16863350,"Horatio Eversfield","2026-09-25 11:13:28",2065.4,2,horatioeversfield
1334,16844233,y3uanm,"2026-09-26 01:49:40",2064.4,2,"delta47x,lunpaixo,y3uanm"
1335,16661325,"Max Fofanov","2026-09-25 12:31:58",2064.2,2,maxfofanov
1336,16767360,"Sinh Nguyễn Đức","2026-09-23 17:39:10",2064.2,2,sinhnguync
1337,16938431,"ADRIANO ALMEIDA","2026-09-24 00:03:40",2064.1,2,adrianoalmeidaa
1338,16655316,Nader,"2026-09-25 22:08:32",2064.0,2,naderamin
1339,16934931,erica,"2026-09-24 22:35:11",2063.7,2,duanyong049
1340,16946558,Kamilek,"2026-09-26 12:17:53",2062.9,2,kamillek
1341,16632735,"No Free Lunch, Only Melons","2026-09-24 14:02:17",2062.8,2,kawaharataishi
1342,16907326,"julien gaza","2026-09-26 03:56:45",2062.5,2,juliengaza
1343,16906012,GarbageOoze,"2026-09-24 16:48:10",2061.7,2,"garbageooze,luoruihan12"
1344,16738424,Yunioshi,"2026-09-26 10:40:56",2061.5,2,yunioshi
1345,16949503,"Nikita Makarov","2026-09-26 03:42:59",2061.5,2,nikimakarov
1346,16663513,DLTLM,"2026-09-23 13:12:06",2061.5,2,"debayank2024,laveshjadon,laxmikantaroy,moumitaaaaaa,tarunraii"
1347,16724806,rin2401,"2026-09-26 06:15:02",2061.3,2,rin2401
1348,16630251,"Handry Novianto","2026-09-24 08:49:02",2060.8,2,handrynovianto
1349,16657775,"Raagav & Pieter","2026-09-26 08:14:54",2060.7,2,"peetapit,raagavanand"
1350,16668736,bhundreds,"2026-09-25 14:58:54",2060.0,2,hundreds1103
1351,16655758,patience,"2026-09-26 10:42:02",2060.0,2,"weirdocurry,wenjunkai124"
1352,16639625,"Dr Chandrasen Pandey","2026-09-23 03:24:30",2059.8,2,devchandra
1353,16664217,Shushantw,"2026-09-23 14:34:39",2059.1,2,shushantw
1354,16674932,kokinnwakashuu,"2026-09-24 22:11:22",2059.1,2,kokinnwakashuu
1355,16941779,"Michael Jordan","2026-09-25 08:04:16",2058.0,2,m1chaeljordan
1356,16660220,tomo11111,"2026-09-23 17:04:13",2057.9,2,tomo11111
1357,16732696,naniwazu,"2026-09-25 23:45:36",2057.7,2,naniwazu
1358,16936082,"H IMedit","2026-09-24 21:37:36",2057.7,2,himedit
1359,16734715,史永刚,"2026-09-24 01:58:08",2056.9,2,shizehao
1360,16775473,LuanHengYu,"2026-09-26 05:29:50",2056.7,2,apexml
1361,16842747,314?,"2026-09-24 08:51:31",2056.0,2,elshahed
1362,16661050,Master_S1ave,"2026-09-26 11:31:08",2055.5,2,masters1ave
1363,16647438,"Aderian Setiawan","2026-09-26 07:37:57",2055.4,2,aderiannovito
1364,16745995,"Guido Tapia","2026-09-24 08:41:21",2054.7,2,guidotapia
1365,16852383,"Ahmed Mostafa #2","2026-09-24 00:27:28",2053.7,2,republic966
1366,16668167,sottnik,"2026-09-26 10:04:46",2052.9,2,sottnik
1367,16936688,"avinash singh","2026-09-26 04:12:04",2052.3,2,avszoom
1368,16735066,"Saber #2","2026-09-23 02:43:23",2052.1,2,yzheng21
1369,16896774,EPHEMORIA,"2026-09-25 09:29:13",2051.8,2,ephemoria
1370,16666571,"Zhengxu Yu","2026-09-24 09:26:27",2051.7,2,zhengxuyu
1371,16941777,"Ziming Wu","2026-09-23 08:55:56",2051.7,2,zimingwu
1372,16771394,"ZHIRUI ZHAO","2026-09-23 14:17:48",2051.2,2,"harr23,zhiruizhao"
1373,16625921,JinchengZhang1,"2026-09-24 03:12:13",2050.8,2,jinchengzhang1
1374,16660209,"Whyme Labs","2026-09-26 02:31:05",2050.4,2,whymelabs
1375,16756153,"🪏Harvest Moon","2026-09-26 11:58:01",2049.9,2,"bbrage,bobmyersthesecond,wguesdon,yutomuroshima"
1376,16743836,"Auto Fermers","2026-09-26 06:24:30",2049.3,2,"arsgorynich,artemboltaev,dmitriigluzdov"
1377,16652079,Infill,"2026-09-26 10:36:34",2049.1,2,infill
1378,16806018,トゲアリトゲナシトゲトゲ,"2026-09-25 02:17:42",2049.1,2,togearitogenasi
1379,16865317,"sunil kumar","2026-09-26 05:08:12",2048.8,2,sunil123kumar
1380,16859496,KTAcosmo,"2026-09-26 08:25:30",2048.7,2,ktacosmo2kag
1381,16864113,YYC3,"2026-09-23 10:47:51",2048.4,2,icongovo
1382,16689741,shinamonmon,"2026-09-24 07:38:25",2048.2,2,shinamonmon
1383,16751999,"Poorna Sai Dumpa","2026-09-25 02:32:17",2047.9,2,poornasaidumpa
1384,16758556,bpbpbpbpb,"2026-09-26 03:30:14",2046.7,2,bpbpbpbpb
1385,16925699,"YOUNG CHOW","2026-09-25 08:28:38",2045.9,2,youngchow
1386,16724366,"YASH JAIN","2026-09-26 06:13:21",2045.8,2,yashjain911
1387,16732714,Mforg,"2026-09-25 03:26:51",2045.3,2,mforg74911
1388,16941364,anto,"2026-09-25 13:32:17",2045.2,2,"yeohzhonghanervin,yueyaozzz"
1389,16888260,"Ndabenhle Ngema","2026-09-25 02:15:27",2045.1,2,ndabenhlengema
1390,16786595,"dbvz sbsbs","2026-09-26 05:02:04",2044.8,2,dbvzsbsbs
1391,16890503,KevinYongxin,"2026-09-25 08:29:37",2044.0,2,yongxinkwan
1392,16749034,digitalChaos,"2026-09-26 12:02:01",2042.6,2,digitalchaos666
1393,16749272,giraffeneck,"2026-09-23 15:49:56",2042.5,2,yamajin
1394,16912988,"Roy Zhu","2026-09-22 03:55:22",2041.2,2,roy0zhu0
1395,16832555,"Yanxi Teng","2026-09-24 00:17:25",2041.2,2,yanxiteng
1396,16732445,ГИМНАЗИЯ14ЙОШКАРОЛА,"2026-09-26 07:37:10",2041.0,2,"domager72,fylgde,kolyaflexcu"
1397,16624645,"Closed Loop","2026-09-24 01:42:33",2040.5,2,hobbisttech
1398,16734914,bharat,"2026-09-25 18:08:02",2040.4,2,bharatmohan
1399,16660046,"Ikki Katsuyama","2026-09-25 15:08:22",2039.5,2,kacchanwriting
1400,16641171,"Sadettin Şamil Verdil","2026-09-26 06:02:52",2039.5,2,sadettinamilverdil
1401,16763274,vinceybb,"2026-09-26 12:24:31",2039.1,2,vinceybb
1402,16798974,huangbin,"2026-09-26 11:30:29",2039.1,2,huangbin1
1403,16747408,すずき,"2026-09-26 10:47:11",2038.9,2,shumpeace
1404,16671738,Exposed,"2026-09-26 07:24:40",2038.9,2,erickeller2
1405,16723096,Shabuuu,"2026-09-25 13:55:51",2038.8,2,shabuuu
1406,16852910,omoch1,"2026-09-25 09:35:30",2038.5,2,agecom
1407,16687901,Khalid,"2026-09-26 12:49:37",2037.3,2,khalid000000
1408,16632867,"Rayk Kretzschmar","2026-09-24 23:30:25",2037.1,2,raykkretzschmar
1409,16771200,DeeSaa,"2026-09-25 22:49:46",2036.6,2,deesaa
1410,16938955,何时成为宗师,"2026-09-23 16:09:32",2036.5,2,wowandanle
1411,16670210,"Ali Alghaithi","2026-09-25 08:53:11",2036.5,2,alioman
1412,16736474,"Håkon Kjelseth","2026-09-23 09:18:48",2036.2,2,hkon2k
1413,16842242,"Scott Kirila","2026-09-23 23:28:00",2036.1,2,scottkirila
1414,16843838,"Alapati Ramakrishna","2026-09-26 07:02:52",2035.1,2,alapatiramakrishna
1415,16895464,WilsonPzx,"2026-09-24 06:43:42",2035.0,2,"lirongkun,wilsonpzx"
1416,16731940,xxxxyt,"2026-09-24 04:29:54",2034.8,2,"shengqinxi,xmxgxcs,xxxxyt"
1417,16942720,"Shadow Es","2026-09-25 14:51:00",2034.4,2,shadowes
1418,16674961,"Ilya & Yurnero","2026-09-26 12:52:53",2034.3,2,"samson8,test7845"
1419,16810408,"Bohdan Boklah","2026-09-26 09:58:23",2033.4,2,bohdanbb2000
1420,16905517,Marti,"2026-09-24 01:00:51",2032.4,2,marticn
1421,16937599,"Tanampa Ampun","2026-09-24 16:17:30",2032.0,2,fathurachmadhanafi
1422,16684994,TKNP,"2026-09-25 14:24:21",2031.5,2,"justnik77,katasonoveugene,romankatasonov,sergey140146659"
1423,16709463,MKhlystun,"2026-09-26 12:56:32",2031.5,2,mkhlystun
1424,16796241,"pavan rajr","2026-09-25 13:38:14",2031.3,2,pavanrajr
1425,16715933,Scomics,"2026-09-24 05:25:58",2031.3,2,"bruceche7797,dongyiqun,jyxxxx"
1426,16633853,"funny farm","2026-09-25 20:31:41",2031.1,2,"alannasibullin,alexandrutkov"
1427,16792568,李秉叡（ntumlnoob）,"2026-09-26 10:58:39",2031.1,2,ntumlnoob
1428,16634312,"Linh Le","2026-09-25 01:49:09",2030.9,2,linhlethuy
1429,16740263,"Scott Weeden","2026-09-26 05:39:38",2030.8,2,scottweeden
1430,16647192,"Sailor Ren","2026-09-25 09:21:57",2030.7,2,"dongdongjiaqi,sailorren"
1431,16672456,hangglider5,"2026-09-24 07:49:26",2030.6,2,hangglider5
1432,16874388,"Shuqi Zhang","2026-09-24 06:55:25",2030.6,2,"giadungho,sasalisa"
1433,16882140,"jiang luo1021","2026-09-26 11:37:26",2030.5,2,"jiangluo1021,shangzhongxia"
1434,16810171,kta_jpn,"2026-09-24 12:10:13",2030.3,2,ktajpn
1435,16938980,24110231_pyongjoo,"2026-09-25 15:30:07",2029.9,2,assistonia
1436,16810275,Adam,"2026-09-24 03:46:37",2029.6,2,potonglantie93
1437,16751140,onick_man,"2026-09-25 07:59:20",2029.5,2,ftakahas
1438,16623400,Less,"2026-09-23 04:33:03",2029.0,2,jiaoyouzhang
1439,16798317,"Baran Akyıldız","2026-09-24 16:17:09",2028.5,2,baranakyldz
1440,16732478,Ken_Ken_Pa,"2026-09-26 12:05:57",2028.3,2,kenkenpa
1441,16671376,Lebxgue.,"2026-09-25 16:19:01",2028.0,2,yukieja
1442,16801171,"Asterios Terzis","2026-09-26 13:07:41",2028.0,2,asteriosterzis
1443,16837491,takaito,"2026-09-26 09:29:21",2027.9,1,takaito
1444,16829239,tomfng,"2026-09-26 07:16:52",2027.7,2,tomfng
1445,16627032,"Kaito Fukami","2026-09-26 11:35:55",2026.4,2,kaitofukami
1446,16653927,"Fernando GH H","2026-09-24 14:51:37",2026.3,2,fernandoghh2
1447,16768104,"Ivan Aleksandrov","2026-09-26 11:46:18",2024.7,2,ivanblch
1448,16947583,Koranil,"2026-09-26 08:19:53",2024.3,2,koranil
1449,16674831,"nk for work","2026-09-26 06:41:35",2024.1,2,nkforwork
1450,16717114,uninhibited-scholar,"2026-09-26 09:36:40",2023.5,2,uninhibitedscholar
1451,16627888,atl132,"2026-09-25 01:14:22",2023.2,2,atl132
1452,16634088,Jet,"2026-09-25 09:54:52",2022.8,2,drkongvis
1453,16660601,"Rabbiya affan","2026-09-25 07:46:27",2022.8,2,rabbiyaaffan
1454,16810306,"Asy Mortenson","2026-09-25 19:53:34",2022.2,2,asymortenson
1455,16675493,"Ryotaro Minato","2026-09-25 12:01:43",2021.6,2,ryotarominato
1456,16692185,"Xu Suyi","2026-09-25 17:19:32",2021.6,2,xuyuhaosuyi
1457,16776738,"Kundan Bhaskar","2026-09-25 22:51:03",2021.0,2,kundan007
1458,16847706,takumina,"2026-09-26 10:19:02",2020.9,2,takuminakamatsu
1459,16657152,"K S VIJAYARAAGHAVAN","2026-09-24 07:30:18",2020.1,2,"blackscythe123,ksvijayaraaghavan"
1460,16907393,Logus,"2026-09-24 08:15:27",2020.0,2,logus4704
1461,16664359,Nightingale,"2026-09-25 08:33:17",2019.6,2,apilkhadka
1462,16942567,MatveyVarfolomeev,"2026-09-24 21:37:58",2019.2,2,matveyvarfolomeev
1463,16782203,"rui xiong","2026-09-24 02:53:17",2018.6,2,xiongruihumingyu
1464,16663668,"Tahsin Arafat","2026-09-26 10:41:50",2018.0,2,tahsinarafat
1465,16761875,"Eugen Nekhai","2026-09-26 12:05:42",2017.9,2,eugennekhai
1466,16841708,toku,"2026-09-23 15:31:55",2016.7,2,tokurr
1467,16629624,"Sayandeep Ghosh","2026-09-26 06:50:45",2016.5,2,sayandeepghosh
1468,16671017,"Pablo César Ruíz","2026-09-24 18:21:58",2016.3,2,pcruiher08
1469,16944396,Monruho,"2026-09-26 13:24:10",2016.3,2,monruho
1470,16655631,"Djamila Benchikh","2026-09-25 16:02:10",2015.7,2,djamilabenchikh
1471,16732690,なーでぃー牧場,"2026-09-26 07:58:02",2014.3,2,nadyresearcher
1472,16673881,"Sebastian Johansson","2026-09-24 15:36:56",2014.0,2,sebbejohansson
1473,16659467,AlexMoura2026,"2026-09-26 10:23:45",2013.6,2,alexmoura2023
1474,16796238,"Zhongyi Dai","2026-09-26 12:05:15",2013.3,2,zhongyidai
1475,16664577,a14iiiii,"2026-09-26 02:55:58",2012.9,2,a14iiiii
1476,16658830,"Farhat Pachisa","2026-09-25 11:39:11",2012.9,2,farhatpachisa
1477,16897501,"I'm Fine.","2026-09-26 03:10:36",2011.7,2,zkheart
1478,16750268,"Harris Bashir","2026-09-25 20:52:15",2011.5,2,harrisbashir
1479,16848970,massi0411,"2026-09-25 04:07:23",2011.4,2,massi0411
1480,16921300,tamakawa,"2026-09-26 10:48:03",2011.1,2,tantantama1192
1481,16819030,sunyuxiang136,"2026-09-26 06:05:27",2011.0,2,"hqy0619,orangetailfish,sunyuxiang136,tshen12"
1482,16747069,l'rug,"2026-09-25 16:10:12",2010.6,2,sdfsfsfsdf
1483,16911850,Farmerjay,"2026-09-26 02:44:29",2009.4,2,officeghost
1484,16697395,darktetradgod,"2026-09-25 15:11:22",2009.2,2,darktetradgod
1485,16931893,IUT_BakeNekos【化け猫】,"2026-09-25 19:38:48",2008.0,2,"didhitinahid,farhanishraqq"
1486,16743136,unhappy,"2026-09-26 08:36:53",2007.1,2,chenyahui123
1487,16925892,野獸先輩,"2026-09-22 17:10:48",2006.4,2,rayyen216
1488,16662492,"Lester Leong","2026-09-24 19:29:57",2006.1,2,lesterleong
1489,16628765,"Kota Iizuka","2026-09-25 00:04:42",2005.1,2,kotaiizuka
1490,16663214,"Mathieu W","2026-09-25 07:08:13",2004.2,2,mathieuw
1491,16752082,"Tian hao Qing Nano7ko","2026-09-24 08:44:08",2003.6,2,tianhaoqingnano7ko
1492,16641348,wata,"2026-09-26 00:03:22",2003.5,2,iwatahiroki
1493,16626732,islet,"2026-09-26 12:08:52",2002.8,2,kojimar
1494,16911078,Tolgii,"2026-09-26 06:56:06",2002.8,2,tolgakiremit
1495,16737482,Lindicaphxag,"2026-09-26 11:27:06",2002.2,2,oblivicore
1496,16892118,DsLiner,"2026-09-25 15:12:41",2002.1,2,dsliner
1497,16937798,"Semih Temiz","2026-09-26 11:08:41",2001.9,2,semhtemiz
1498,16844004,"Takahiro Saito","2026-09-26 01:54:49",2001.9,2,takahiro3110
1499,16728571,hasibirok0,"2026-09-25 12:25:55",2001.8,2,hasibirok0
1500,16696997,coolin666,"2026-09-25 18:04:35",2001.1,2,coolin666
1501,16647607,pumpkin,"2026-09-25 09:22:32",2000.9,2,gealachpumpkin
1502,16626093,"Pilkwang Kim","2026-09-26 10:14:28",2000.9,2,pilkwang
1503,16939767,"Elias William","2026-09-25 06:29:39",2000.9,2,eliaswilliam
1504,16623799,"Akhilesh godugu","2026-09-24 06:37:23",1999.7,2,"akhileshgodugu,ashokgodugu"
1505,16698294,"John Doe","2026-09-25 01:10:36",1999.4,2,johndoe90843
1506,16639565,yasu,"2026-09-26 07:04:30",1998.8,2,yasutakababa
1507,16852766,MCZK,"2026-09-25 04:27:58",1998.5,2,hitoshimochizuki
1508,16768143,KingDellaFarm,"2026-09-23 17:55:42",1998.4,2,"alessandrodestasi,disteroas"
1509,16736685,kentaro_kato,"2026-09-26 00:19:11",1998.4,2,kentarokato
1510,16854477,"Marc Maldonado Lorca","2026-09-23 08:04:16",1998.0,2,marcmaldonado
1511,16884467,jiangnanxn,"2026-09-23 18:43:49",1997.9,2,jiangnanxn
1512,16927550,User1114,"2026-09-25 13:31:02",1997.1,2,lyboihh
1513,16847478,tokitamago,"2026-09-25 11:35:25",1996.8,2,tokitamago
1514,16891703,"Rasmus Hulthe","2026-09-26 11:25:21",1996.8,2,zazmuz
1515,16794207,AlekseiProvorov,"2026-09-25 22:26:30",1996.7,2,leoprovorov
1516,16838479,"Sufi Afifi","2026-09-24 07:41:01",1996.7,2,emrys21
1517,16783740,ZiYiMing,"2026-09-24 11:53:34",1996.5,2,"kaibozhou,ziyiming"
1518,16661743,"Sergey Kutepov","2026-09-26 04:25:34",1994.9,2,natsyst
1519,16728863,Irabala,"2026-09-26 10:17:15",1994.3,2,irabala1
1520,16665129,Doom,"2026-09-25 18:39:32",1993.8,2,"mr6436,sanskaarundale"
1521,16730688,zy,"2026-09-26 00:56:12",1993.7,2,justforwin
1522,16809211,"Aleix López","2026-09-24 21:25:39",1993.7,2,aleixlopez
1523,16843582,isk54_34,"2026-09-26 05:25:07",1993.4,2,isk5434
1524,16936396,olHwHlo,"2026-09-26 07:44:32",1993.4,2,olhwhlo
1525,16942011,"Öylesine Yarışıyoruz","2026-09-25 14:43:54",1993.2,2,"burakemrepolat,muhammedfurkanata"
1526,16921670,giyogoioが相手の農地を燃やします,"2026-09-26 05:16:38",1993.0,2,"giyogoiohlrlqll,k256net"
1527,16665746,Chiranjieev,"2026-09-26 05:10:41",1991.5,2,"abhirajhiwale,amitambhore27,himanshu2605"
1528,16713797,CrazyDave111,"2026-09-25 15:43:49",1990.5,2,crazydave111
1529,16946519,ShimonHori,"2026-09-26 07:15:46",1989.8,2,shimonhori
1530,16741113,kaitle,"2026-09-26 04:58:15",1988.5,2,kaitle
1531,16888752,"edward john washins","2026-09-25 05:31:01",1988.3,2,edwardjohnwashins
1532,16825002,RAVEN,"2026-09-26 13:06:24",1987.3,2,silverlxt
1533,16682183,lihaha.36,"2026-09-26 12:33:38",1987.2,2,lihaha36
1534,16798724,"junfan shen","2026-09-23 08:25:25",1987.0,2,junfanshen
1535,16678693,"Maher el Ouahabi","2026-09-23 14:00:03",1986.6,2,maherelouahabi
1536,16922832,"Zhang Feifan","2026-09-25 08:34:36",1986.3,2,zhangfeifan
1537,16688979,"Dhayaney Vijayan","2026-09-21 18:04:43",1986.2,2,dhayaneyvijayan
1538,16658909,"evolve faster!","2026-09-25 16:40:00",1985.0,2,junesdata
1539,16938859,Adequate_Echo,"2026-09-25 05:09:30",1983.3,2,adequateecho
1540,16810595,dauriel,"2026-09-26 09:39:56",1983.0,2,"dauriel,theakshay"
1541,16938872,ゴロ・イ,"2026-09-26 03:18:45",1982.7,2,gorubachohu
1542,16637031,"and more","2026-09-25 07:28:43",1982.0,2,kym2022
1543,16806053,hisatarosu,"2026-09-25 13:10:10",1981.9,2,tomako4390
1544,16794167,"Daniel Mineev","2026-09-26 07:50:15",1981.5,2,nilpotent1
1545,16624276,MKGA,"2026-09-26 08:54:12",1981.4,2,"horizen12,zejunfool"
1546,16793656,王子铖,"2026-09-23 15:27:55",1981.3,2,aurantium
1547,16876853,PUN,"2026-09-26 05:13:51",1981.1,2,pshikk
1548,16765135,neuro168,"2026-09-23 11:11:29",1981.0,2,lordmc
1549,16872211,"Artem Bakalinskiy","2026-09-25 09:15:35",1979.9,2,artembakalinskiy
1550,16892313,zszdl0530,"2026-09-26 03:12:47",1979.1,2,zszdl0530
1551,16710140,Lynxx,"2026-09-26 06:51:13",1979.1,2,lynnsakurai
1552,16772808,lucataco,"2026-09-25 22:26:28",1979.0,2,lucataco
1553,16730344,lvisdd,"2026-09-26 12:30:03",1978.7,2,lvisdd
1554,16730728,"Le Trong Hieu","2026-09-25 14:23:26",1978.7,2,backtracking
1555,16716566,"Junliang Ye","2026-09-26 10:13:02",1978.6,2,junliangye
1556,16693092,"Sell wheat everyday💨","2026-09-26 13:14:30",1977.7,2,"dzisandy,e0xextazy,liderpartiii"
1557,16786108,Pakhan873,"2026-09-26 13:17:08",1977.6,2,paveldidin
1558,16717255,Ryuuga89,"2026-09-25 15:08:51",1977.4,2,ryuuga89
1559,16658499,Grifun,"2026-09-25 09:06:13",1976.6,2,msingatullin
1560,16631115,prvsiyan,"2026-09-24 10:51:35",1976.4,2,prvsiyan
1561,16932996,"Francisco Angulo de Lafuente","2026-09-25 22:30:06",1976.4,2,franciscoangulo
1562,16662121,One-For-All,"2026-09-26 01:56:52",1975.1,2,"akankshatiwari2803,indarkarhana"
1563,16730578,BostonKaggle,"2026-09-25 22:17:11",1974.9,2,"isthereanycode,lynnkim0"
1564,16690923,"Maqsoud Tawaliou","2026-09-25 17:08:53",1973.9,2,maqsoudtawaliou
1565,16657093,"sixer srinath","2026-09-25 12:04:10",1973.7,2,srinath2495
1566,16634873,shin0000,"2026-09-24 03:07:22",1972.8,2,shin0000
1567,16740419,IamDiganta.7,"2026-09-26 01:44:55",1972.6,2,iamdiganta7
1568,16658038,Khanh,"2026-09-25 15:24:53",1971.1,2,khanhp142
1569,16775242,"Timothee Henry","2026-09-26 11:05:12",1971.1,2,timhenry
1570,16633069,"Nur Srijan","2026-09-25 15:27:30",1970.7,2,nursrijan
1571,16859815,alcanta,"2026-09-26 08:13:38",1970.2,2,ccotiuga
1572,16633944,Toru59er,"2026-09-25 11:03:11",1970.0,2,toru59er
1573,16703315,"Ryan Triplett","2026-09-26 05:37:26",1969.1,2,ryantriplett
1574,16738759,YJR,"2026-09-26 02:21:04",1969.0,2,misakamikoto66
1575,16871967,"Md Arafat #2","2026-09-25 16:11:12",1968.8,2,arafat362
1576,16850522,WayneCheng,"2026-09-26 07:45:24",1968.4,2,taffy1883
1577,16923373,"kouhei mori","2026-09-23 13:22:14",1968.0,2,kouheimori
1578,16745059,mekduy,"2026-09-25 06:52:33",1967.9,2,mekduy
1579,16938244,"Yeashu Semwal","2026-09-26 11:22:08",1967.9,2,yeashusemwal
1580,16654752,Agrofitting,"2026-09-25 22:59:14",1967.4,2,"evvfebruary,vinch97"
1581,16806346,"Mike chen666","2026-09-26 04:54:57",1967.0,2,"mikechen666,tiffanyjade"
1582,16665331,winstonton,"2026-09-26 06:49:40",1966.8,2,winstonton
1583,16843082,"Mohmed Hafez","2026-09-25 18:00:10",1966.7,2,mohmedatya
1584,16845965,Oldplaykid,"2026-09-24 12:37:52",1966.0,2,"tonf3195,zerethon"
1585,16767709,"Mike Anderson","2026-09-25 16:27:48",1964.5,2,manderson240
1586,16663614,Nevska,"2026-09-26 10:55:18",1963.8,2,nevska
1587,16765601,"Dinesh Makireddy 7389","2026-09-25 18:08:48",1962.3,2,dineshmakireddy7389
1588,16775803,Robson,"2026-09-26 04:17:05",1962.1,2,robsonsan
1589,16760990,naren_v,"2026-09-26 06:29:49",1961.6,2,varuthakari
1590,16847247,月之光面,"2026-09-24 02:35:20",1961.6,2,cxcxcxcx
1591,16810078,Sam-wiz,"2026-09-25 21:18:43",1960.9,2,samwiz
1592,16641138,"Bharath Varma","2026-09-25 18:55:43",1960.8,2,bharath111l
1593,16622509,Ali,"2026-09-26 05:00:44",1960.4,2,asalhi
1594,16761293,cha7ura,"2026-09-26 12:20:53",1959.8,2,cha7ura
1595,16728114,yu9824,"2026-09-24 16:47:05",1959.3,2,yu9824
1596,16634432,KARGI,"2026-09-26 11:45:18",1958.4,2,learningkin
1597,16799832,"Maman Salto","2026-09-25 03:57:41",1958.3,2,saddamaditya
1598,16931054,"Asakusa Agricultural Co., Ltd","2026-09-26 12:11:19",1957.4,2,daeyoungahn
1599,16923115,"Takamasa Ueno","2026-09-26 05:33:52",1956.4,2,uentsz
1600,16730675,"🦊Farm Fox🦊","2026-09-26 11:14:03",1956.1,2,soutasakurai
1601,16822519,Lunospital,"2026-09-26 04:57:22",1955.9,2,lunospital
1602,16631215,私立ホルスタイン学園,"2026-09-26 11:21:11",1955.9,2,hiranorm
1603,16732129,"payne yam","2026-09-23 01:46:06",1955.8,2,payneyam
1604,16858208,linhaiy,"2026-09-23 06:54:36",1954.8,2,linhaiy
1605,16640467,Catalyst,"2026-09-23 09:25:57",1954.5,2,vibekaggler
1606,16657931,t-enstar,"2026-09-26 09:36:59",1954.5,2,tstustatama
1607,16879636,aaaaLiu123,"2026-09-26 01:25:13",1953.9,2,aaaaliu123
1608,16660735,"Bassel Elbahnasy","2026-09-24 16:53:31",1953.8,2,basselashraf
1609,16866549,"Roman Nesterov","2026-09-25 11:21:34",1953.6,2,romanest
1610,16639550,data_gardening_club,"2026-09-25 22:29:50",1953.4,2,"hideyochiba,mitsuaccessjam"
1611,16624080,yuuuki1111,"2026-09-26 12:13:06",1952.7,2,yuuuki1111
1612,16848063,"Yuan Weijun","2026-09-23 14:26:32",1952.4,2,yuanweijun
1613,16716317,yzyhello,"2026-09-23 03:05:32",1952.3,2,"dalll77,yzyhello"
1614,16657796,"parv goyal2","2026-09-25 21:18:07",1951.4,2,parvgoyal2
1615,16738487,"Andrey Shpigar","2026-09-23 18:18:09",1951.4,2,andreyshpigar
1616,16622420,RuiFSPinto,"2026-09-26 09:56:10",1950.0,2,ruifspinto
1617,16706410,lixiaoxin25,"2026-09-25 07:20:08",1949.5,2,lixiaoxin25
1618,16656432,"CornHub Premium","2026-09-25 21:28:54",1949.2,2,nihilisticneuralnet
1619,16935594,"wenya hao","2026-09-26 09:12:53",1948.4,2,wenyahao
1620,16932323,Matt,"2026-09-25 00:11:38",1948.0,2,mclouter
1621,16714474,"Glenn Dalbey","2026-09-23 00:15:27",1946.7,2,glenndalbey
1622,16918063,"Dante Lok","2026-09-24 15:34:06",1946.5,2,dantelok
1623,16904651,chenpengyu603,"2026-09-26 08:17:07",1946.1,2,chenpengyu603
1624,16748941,"We Forgot To Water","2026-09-26 10:04:22",1945.6,2,"dearkarl,shuangxue"
1625,16740996,ikevayansky,"2026-09-26 12:50:48",1945.4,2,ikevayansky
1626,16853540,WUZB,"2026-09-23 03:14:03",1945.0,2,wzhengbiao
1627,16641536,"Michael Timbs","2026-09-26 11:01:58",1944.6,2,michaeltimbs
1628,16836633,Yukino487,"2026-09-26 07:27:49",1944.0,2,"xingyulll,yukino487"
1629,16728160,Ozi,"2026-09-26 09:36:33",1943.8,2,muhammaduzair21
1630,16697893,"YWehbe / ADIA Lab","2026-09-24 08:08:00",1942.9,2,youssefwehbe
1631,16749435,SGY2512,"2026-09-24 18:19:29",1942.7,2,sgy2512
1632,16936519,Found,"2026-09-26 04:48:56",1942.3,2,seventeennine
1633,16947886,"Rufeng Toxins","2026-09-23 14:01:48",1941.4,2,rufengtoxins
1634,16718649,"Zakaria Aala","2026-09-25 21:54:18",1940.9,2,zlordgrim
1635,16809294,Cherie01,"2026-09-26 10:37:43",1939.5,2,cherie01
1636,16741932,"Michael Chen","2026-09-23 01:27:57",1939.4,2,fuqiangchen
1637,16765834,Oakzen,"2026-09-24 11:49:54",1939.2,2,gyx517120273
1638,16727350,"T Hansda","2026-09-22 13:49:10",1938.7,2,hansda
1639,16646318,TeamNexus,"2026-09-24 14:00:23",1938.0,2,chrisopherjoshy
1640,16762935,"ibr mo sal","2026-09-25 08:20:45",1937.6,2,ibrmosal
1641,16683755,"Meng Di","2026-09-24 23:38:24",1937.4,2,hughshaoqz
1642,16751411,"lamb Liu","2026-09-25 13:57:23",1937.4,2,liuxiaohua72
1643,16944820,Nikouo,"2026-09-25 06:20:36",1937.2,2,nikouo
1644,16811251,poijio,"2026-09-24 18:46:58",1936.5,2,poijio
1645,16635969,"Omkar Kadam","2026-09-26 06:22:02",1936.4,2,"itzzomkar,khanayanayub,princypaonam"
1646,16909097,"Yaoxiang Li","2026-09-26 01:53:33",1936.3,2,lzyacht
1647,16850198,"Daiki Yasui","2026-09-26 09:22:39",1936.0,2,daikiyasui
1648,16875984,cccyou,"2026-09-23 07:34:18",1935.9,2,cccyou
1649,16899084,"Asan Ashirov","2026-09-22 16:32:11",1935.7,2,asanashirov
1650,16905243,ka4869,"2026-09-26 12:19:19",1935.6,2,ka4869
1651,16671088,jasonstillchasin,"2026-09-26 08:31:13",1935.5,2,jasonstillchasin
1652,16926032,robikscube,"2026-09-26 11:43:19",1935.0,2,ujjwalnewd
1653,16635745,DataRockstar,"2026-09-23 18:33:49",1934.7,2,"amaropeter,jvlegend"
1654,16699082,Sakthei,"2026-09-20 13:41:34",1934.7,2,sakthei
1655,16635504,"Datta Dhebe","2026-09-26 07:20:38",1934.1,2,dattadhebe
1656,16665864,kavipavi19,"2026-09-22 10:37:14",1933.9,2,kavipavi19
1657,16940453,"HIbiki Awai","2026-09-22 13:57:50",1933.8,2,hibikiawai
1658,16777961,qiwaki,"2026-09-26 09:28:54",1932.5,2,resonayu
1659,16858207,"David Wang","2026-09-23 02:44:56",1932.3,2,renew66
1660,16758982,Boredom,"2026-09-22 17:34:35",1932.2,2,"baodewen,cudacoding,elektromagnetizm,j12345673,mikeyu2026"
1661,16658300,"Thành Toàn Vương","2026-09-23 11:25:19",1931.3,2,thnhtonvng
1662,16761652,"Dhruv #2","2026-09-26 08:05:02",1931.2,2,dhruvrama
1663,16705830,"Grim Reaper","2026-09-26 12:00:10",1930.6,2,fathomable
1664,16880830,Piyorin,"2026-09-26 05:02:30",1929.7,2,mystakhs
1665,16732763,"Raihan Ramadistra","2026-09-26 04:44:16",1929.5,2,raihanramadistra
1666,16667951,KoRo2_JP,"2026-09-26 05:12:10",1928.6,2,koro2jp
1667,16731911,"liu bo","2026-09-25 14:05:21",1927.9,2,liuboo45586
1668,16892257,ShadowMist01,"2026-09-26 12:14:20",1927.8,2,shadowmist01
1669,16640683,Jason-Oh,"2026-09-26 11:36:51",1927.8,2,dossantoss
1670,16623812,"SeshuRaju 🧘‍♂️","2026-09-26 05:36:21",1926.2,2,seshurajup
1671,16746632,tingyu516,"2026-09-26 11:23:11",1925.5,2,tingyu516
1672,16667018,ZekeAlx,"2026-09-26 02:54:22",1925.2,2,alexthomas12345
1673,16935813,MINGHUN,"2026-09-26 12:09:40",1925.1,2,"aiwuhui,jiyuhao1213"
1674,16795698,ml_gg,"2026-09-25 17:59:14",1924.7,2,ramnarayanchoudhary
1675,16823251,"Khaled Yousef","2026-09-25 05:52:51",1924.7,2,recochet96
1676,16665237,"Ad Space Available","2026-09-26 08:33:49",1924.0,2,"liyouran0820,rainchen0411,richardsilence,tongyuexiao"
1677,16880664,"Nodir Xamdamov","2026-09-24 16:18:54",1923.7,2,nodirxamdamov
1678,16894950,csly666,"2026-09-21 15:34:28",1923.3,2,csly666
1679,16880694,yuxian6666,"2026-09-23 13:00:16",1923.2,2,yuxian6666
1680,16886856,爱上帝的小熊猫,"2026-09-23 04:30:55",1922.9,2,xuefengxie
1681,16673109,"Surya Bhattiprol","2026-09-26 02:07:13",1922.5,2,suryabhattiprol01
1682,16682843,underline12311,"2026-09-23 04:27:15",1921.0,2,underline12311
1683,16657277,"Dude and Destroy","2026-09-24 03:39:44",1920.5,2,raymondbrookman
1684,16888093,"Alejandro Izaguirre","2026-09-24 20:35:33",1920.5,2,alejandroizag
1685,16859473,wakaka,"2026-09-24 01:34:03",1919.1,2,bernicerobinson
1686,16655150,"Benjamin H Pepper","2026-09-24 11:34:27",1918.9,2,bhpepper
1687,16855295,zhudong1949,"2026-09-24 15:21:27",1918.9,2,zhudong1949
1688,16767052,KaitoKusumoto,"2026-09-26 07:17:39",1918.8,2,kaitokusumoto
1689,16746599,Borrun,"2026-09-22 05:23:12",1918.5,2,borrun
1690,16695567,tera358,"2026-09-23 10:06:29",1916.8,2,tera358
1691,16635351,AAAMIKASA,"2026-09-22 15:04:54",1916.3,2,aaamikasa
1692,16879253,Bldr2,"2026-09-25 08:16:37",1915.9,2,alphalin2010
1693,16656011,"Jiashun Tan","2026-09-24 01:40:53",1915.4,2,jiashuntan
1694,16793427,wuwuwu,"2026-09-23 10:35:31",1914.9,2,wu1570
1695,16741096,"Yohanes Lengkong","2026-09-26 02:38:11",1913.9,2,yohanesfc
1696,16719451,"Syed Toubur","2026-09-23 07:12:40",1913.9,2,syedtoubur
1697,16752740,BorisV,"2026-09-26 09:01:42",1913.7,2,bvoskresenskii
1698,16828050,stephenlau,"2026-09-26 07:12:25",1913.7,2,stephenlu0422
1699,16685982,Snorf,"2026-09-26 09:29:15",1913.4,2,snorfyang
1700,16651695,"Fried Chicken Lovers","2026-09-25 17:07:46",1913.4,2,"gwey1025,koushikrudra,kragglenote2forwork"
1701,16674526,"Imdadul hasan hamim","2026-09-22 08:06:03",1913.3,2,imdadulhasanhamim
1702,16692956,VanKoha,"2026-09-22 15:28:57",1912.5,2,kohasama
1703,16774075,"Mohammad Yaser Hussain","2026-09-24 11:10:55",1912.4,2,mohammadyaserhussain
1704,16927137,"Hibachi Fried Rice","2026-09-26 06:21:22",1912.3,2,samvalladares
1705,16841663,"Ryosei Hara","2026-09-25 13:59:01",1912.1,2,ryhara
1706,16681116,Kagamihara,"2026-09-26 01:45:41",1912.1,2,kagamihara
1707,16658665,ChandramouliNagasundaram,"2026-09-26 07:28:12",1911.8,2,"enginegeneral,mouliindian"
1708,16759626,"Ghazaros Barseghyan","2026-09-26 05:45:16",1911.3,2,ghazarosbarseghyan91
1709,16839458,"Agent 0","2026-09-26 10:48:55",1910.4,2,agent0
1710,16757253,ZEE,"2026-09-25 01:45:05",1909.7,2,randyzhang666
1711,16763767,"Carson Zhang","2026-09-22 22:21:32",1909.3,2,zmcddn
1712,16846963,成吉思汗,"2026-09-24 02:52:08",1909.0,2,jddhhdh
1713,16709809,RiyaSoni20,"2026-09-25 13:21:01",1909.0,2,"riyasoni20,rudraamin06"
1714,16838312,macaron,"2026-09-24 05:32:31",1908.9,2,hayatotech
1715,16736124,GIN,"2026-09-23 06:57:33",1908.8,2,runjinzhang
1716,16632304,"Masataka Suzuki","2026-09-25 17:14:34",1908.6,2,masatakasuzuki
1717,16936848,spy007,"2026-09-24 11:46:46",1908.6,2,"py1603300133,syhsyh123"
1718,16697229,"Masashi Nishimoto","2026-09-26 10:30:18",1907.9,2,masashinishimoto
1719,16785483,xiongrui666,"2026-09-23 01:45:19",1907.9,2,xiongrui666
1720,16843864,IkeKodd,"2026-09-22 12:16:03",1907.4,2,"ikekodd,pinluk"
1721,16777767,"Miyanogawa Yuya","2026-09-23 07:08:23",1906.8,2,veritalogos
1722,16944065,"Wael El Ghazzawi","2026-09-22 23:05:10",1906.7,1,waelelghazzawi
1723,16710459,Nironiro,"2026-09-26 06:53:16",1905.9,2,nironiro
1724,16742684,Inzilbêth,"2026-09-24 06:24:15",1905.4,2,inzilbth
1725,16623515,"Apple Joy","2026-09-23 05:27:00",1905.1,2,"cqput640,fishcat37,sdq2237"
1726,16742183,alessandrozonta,"2026-09-23 07:46:51",1904.9,2,azonta
1727,16734803,guoziyi123456,"2026-09-23 00:17:46",1904.9,2,"ax1lec,guoziyi123456,linhexlu,xuanzhechen"
1728,16784420,renyxin,"2026-09-24 16:13:14",1903.3,2,renyxin
1729,16678061,"Sushanth Tiruvaipati","2026-09-25 06:33:19",1903.3,2,sushanthtiruvaipati
1730,16933123,dynatrixa,"2026-09-26 05:37:38",1903.1,2,"datacinder7,dynatrixa,veltronic"
1731,16698688,JeremiahMannings,"2026-09-24 04:03:51",1902.8,2,jmannings
1732,16857491,cherish_zhang,"2026-09-23 07:18:03",1902.7,2,cherishzhang
1733,16811920,"MINGXI LIU","2026-09-18 04:59:30",1902.4,2,wang5630900
1734,16696762,SOSyuki,"2026-09-22 01:32:23",1902.0,2,sosyuki
1735,16640472,"Vsevolod Rakita","2026-09-22 05:31:51",1901.9,2,vsevolodrakita
1736,16865949,bhaskar9221,"2026-09-26 12:21:22",1900.9,2,bhaskarkumar11
1737,16824664,wozijishuode,"2026-09-25 14:30:30",1900.7,2,jamsubmarines
1738,16796901,hanhan761,"2026-09-24 03:05:34",1900.7,2,"hanhan761,kiivii,noice12138,xiaobai0417"
1739,16676336,lemon13418,"2026-09-23 00:05:09",1900.5,2,lemon13418
1740,16861768,koala_bear,"2026-09-26 11:13:34",1899.4,2,jpkoalabear
1741,16657728,"T Soo","2026-09-24 07:43:09",1899.2,2,ttgrcgrc
1742,16946537,"Roustoum Abdel Moula","2026-09-23 09:34:04",1898.2,1,roustoumabdelmoula
1743,16914287,"Vinzi Leo","2026-09-23 02:31:46",1898.0,2,vinzileo
1744,16771456,"Tianrun Liao","2026-09-25 10:56:26",1897.9,2,tianrunliao1
1745,16644229,"Amy Yuan","2026-09-25 08:08:13",1897.6,2,cozytato
1746,16643453,Haumea,"2026-09-24 12:21:06",1897.2,2,chaitanyagullapalli
1747,16846525,Dwaslaop,"2026-09-26 09:07:05",1896.2,2,"dwaslaop,haorunjia"
1748,16919088,M.Y.C.E.L.I.S,"2026-09-26 11:38:41",1896.0,2,johnmoncel
1749,16801457,"Anthropic Banned My Account","2026-09-23 06:52:31",1895.8,2,subaru486
1750,16919030,"wenzhi liu","2026-09-23 03:25:11",1895.6,2,liuwenzhi
1751,16658365,OnlyFarms,"2026-09-26 09:23:24",1895.5,2,hoowoo
1752,16855214,"Kazumi Sakamaki","2026-09-24 00:26:27",1895.1,2,hatimitusiropp
1753,16687824,"André Dkw","2026-09-24 21:05:42",1894.9,2,andrdkw
1754,16904371,Makhmudov_1602,"2026-09-22 10:40:41",1894.8,2,makhmudov1602
1755,16863329,"Alvaro Mendizabal","2026-09-24 04:31:28",1894.8,2,alvaromendizabal
1756,16733851,tangaii,"2026-09-26 08:29:02",1894.0,2,tangai1
1757,16770832,"Harish Yadav","2026-09-24 11:57:04",1893.9,2,harishyadav0506
1758,16815132,"Duc-Anh Nguyen","2026-09-25 11:05:17",1893.3,2,valentinonguyen
1759,16861903,iwa,"2026-09-23 09:53:06",1893.3,2,ichiko
1760,16848217,"Yang Bai","2026-09-23 11:23:39",1893.2,2,jackelysia
1761,16674102,没落者,"2026-09-26 08:02:31",1892.6,2,needless090
1762,16685743,"Alex Oranov","2026-09-25 09:46:36",1891.6,2,aoranov
1763,16662684,"Harshini Reddy","2026-09-25 13:56:07",1891.4,2,luffyh04
1764,16842093,aether74,"2026-09-24 02:23:54",1889.9,2,aether74
1765,16923217,kou,"2026-09-20 20:09:04",1889.9,2,yuu111111111
1766,16930858,LIUDIZHU,"2026-09-26 05:36:46",1889.7,2,liudizhu
1767,16919615,AcidicBlaster,"2026-09-21 10:37:49",1889.5,2,adityamurugesh
1768,16640873,"Takumu Hata","2026-09-24 14:09:38",1889.2,2,takumuhata
1769,16659715,masb,"2026-09-26 07:30:44",1889.2,2,affansaied
1770,16675344,PP_Azalearn,"2026-09-26 04:44:14",1888.4,2,"androidss,keitookamoto,pptakehirokawada"
1771,16807538,Asterope,"2026-09-23 08:04:06",1888.3,2,jianlee0
1772,16671012,"Sean Zhang","2026-09-24 01:00:58",1888.2,2,seanzhang2445
1773,16811948,"xiao xiongwei","2026-09-26 12:54:42",1888.2,2,"huyang111,lixuefeng2336,sherikavotta,xiaofangzhangxfz,xiaoxiongwei"
1774,16671607,"Chanhyuk Han","2026-09-23 08:38:04",1888.2,2,chanhyukhan
1775,16656143,"Debanshu Mallick","2026-09-22 10:58:42",1888.1,2,debanshumallickiisc
1776,16682514,"Pavel Pavlov","2026-09-25 13:16:01",1887.5,2,akakii
1777,16946367,dwinging,"2026-09-23 14:07:09",1887.1,2,dwinging
1778,16843203,"Liyi xin jie","2026-09-25 04:29:21",1886.9,2,liyixinjie
1779,16930996,"ROGER REN","2026-09-23 08:01:24",1885.8,2,rogerrenruben
1780,16707547,Lin,"2026-09-24 07:52:17",1884.6,2,linjianrong
1781,16876706,"zijun zhang","2026-09-23 16:15:50",1884.4,2,kongmu0503
1782,16718033,TheMightiestMan,"2026-09-26 06:17:33",1883.8,2,themightiestman
1783,16622422,ss,"2026-09-23 06:37:19",1883.3,2,forest2026
1784,16761744,"Daiki Takahashi","2026-09-23 08:45:23",1882.6,2,daikitakahashi
1785,16839422,Serendipity,"2026-09-26 07:49:48",1882.3,2,stringyixuxi
1786,16818194,sugiharahara,"2026-09-24 15:33:48",1880.7,1,sugiharahara
1787,16944349,m_meles,"2026-09-23 16:04:45",1880.6,2,mmeles
1788,16871584,xder,"2026-09-26 11:09:18",1880.6,2,xderyeke393
1789,16736632,Leo,"2026-09-25 11:20:07",1880.4,2,huangkx666
1790,16660485,tablecables,"2026-09-25 20:07:51",1880.4,2,colingaffney1
1791,16772678,SuppliLion,"2026-09-26 10:18:39",1880.2,2,supplilion
1792,16664573,AdhithyaRokhith,"2026-09-25 17:29:38",1880.1,2,adhithyarokhith
1793,16639507,Homii_N,"2026-09-23 00:41:19",1880.0,2,homeshwarrao
1794,16647324,GG-bond,"2026-09-24 09:36:10",1879.9,2,wyhwyh123
1795,16917149,beastars,"2026-09-25 22:49:43",1878.7,2,"doorknob881,ohyabuddy,vickylinvicky"
1796,16854074,yudai_000111,"2026-09-24 12:02:57",1878.2,2,yudai000111
1797,16671767,Kaileh57,"2026-09-24 15:27:08",1878.2,2,kaileh57
1798,16749061,"Wang H2O","2026-09-23 03:58:50",1876.6,2,wangh2o
1799,16679389,"JOMIN URK21CS1077","2026-09-24 08:42:45",1876.4,2,jominurk21cs1077
1800,16658677,大山,"2026-09-24 02:51:50",1876.2,2,mapodoufu
1801,16921163,"Sam StSt","2026-09-22 06:30:05",1873.9,2,samstst
1802,16915663,Wlemalin,"2026-09-23 15:16:20",1873.9,2,wlemalin
1803,16762926,"Ricky RTG","2026-09-24 02:48:42",1873.4,2,rickyrtg
1804,16701728,"katya barzova","2026-09-26 09:49:29",1873.4,2,"harlenka,nipah1,sigmaborov"
1805,16707057,tamo,"2026-09-26 11:43:13",1872.8,2,ryotakasuya
1806,16710428,"Mansi Aggarwal","2026-09-26 09:03:28",1872.2,2,mansiaggarwal88
1807,16712863,ominteam,"2026-09-25 07:03:21",1871.5,2,"luantony,suruikk"
1808,16632245,u,"2026-09-26 12:24:25",1871.2,2,"apostoloskontarinis,curbotron13,halzweiman,josephmcgonaglebrown,shreyanshpoddar"
1809,16661737,"Márcio Santos","2026-09-26 10:28:35",1871.1,2,mos3santos
1810,16730462,XTang,"2026-09-23 04:47:53",1870.9,2,flyonthewater
1811,16845713,"qweq asd","2026-09-24 08:12:48",1870.7,2,qweqasd
1812,16858986,kam,"2026-09-24 07:21:27",1870.7,2,kotakambayashi
1813,16692895,Manuf,"2026-09-25 13:01:40",1870.5,2,manuelferromorales
1814,16909485,SatoGo,"2026-09-26 06:14:53",1869.8,2,satogo
1815,16905426,futabato,"2026-09-24 12:09:32",1869.7,2,futabato
1816,16705139,gogogo,"2026-09-25 23:59:40",1869.4,2,huzech
1817,16936749,statma,"2026-09-26 03:15:36",1869.3,2,"fractalbyte,marshjff,statma,valqeth"
1818,16935983,"Anas Zewail","2026-09-22 16:30:50",1869.2,2,anashanyzewail
1819,16737237,"Ayodeji Adesegun","2026-09-26 06:36:51",1868.4,2,ayodejiadesegun
1820,16936346,"Han Zhou","2026-09-22 00:51:30",1868.2,2,hanzhou445
1821,16891911,N_noa21,"2026-09-24 11:49:18",1868.1,2,nnoa21
1822,16936542,"Lee Velon","2026-09-23 05:30:12",1867.0,2,leevelon
1823,16677855,Mehrdad_LU,"2026-09-22 20:50:28",1867.0,2,mehrdadal2023
1824,16667767,t3l3kin3sis,"2026-09-26 09:10:51",1864.6,2,"daffafariq,hashmatzamaryali,malsabbagh05"
1825,16723893,iring58,"2026-09-22 04:03:15",1863.7,2,iring58
1826,16785753,"Mizero Lucky Gall","2026-09-26 12:05:17",1863.5,2,mizeroluckygall
1827,16878026,yamazaking,"2026-09-23 13:12:11",1862.8,2,zacky21
1828,16623071,"Santiago Maniches","2026-09-22 13:44:33",1862.4,2,santmani
1829,16760244,"Alex Paul","2026-09-26 02:13:47",1861.5,2,alexazander
1830,16867067,jiazepin,"2026-09-22 07:25:00",1861.4,2,jiazepin
1831,16789990,SA,"2026-09-26 10:37:31",1859.8,2,soheiarisaka
1832,16769234,"Akshar #2","2026-09-23 17:16:50",1859.3,2,"aksharzala,therishitaggarwal"
1833,16621294,dpquoc,"2026-09-24 04:40:59",1857.4,2,dpquoc
1834,16677847,ShiviWhivi,"2026-09-22 02:15:51",1857.0,2,blackpearls1
1835,16641893,"Kashyapsinh gohil","2026-09-25 14:46:10",1856.7,2,kashyapsinhgohil
1836,16845736,Gio,"2026-09-23 20:23:43",1856.7,2,giovanizanfra
1837,16671092,"tomohito shimura","2026-09-26 13:12:39",1856.5,2,tomohitoshimura
1838,16930394,"civil 11","2026-09-26 09:45:14",1856.4,2,civil11
1839,16928213,橋本真旺,"2026-09-22 16:37:33",1856.3,2,mao925
1840,16736931,"Sergei Fironov","2026-09-25 14:06:23",1856.1,2,sergeifironov
1841,16732156,"Ца-ри-ца по-лей, ку-ку-ру-за!","2026-09-23 18:23:49",1855.3,2,samvelkoch
1842,16745138,yok,"2026-09-26 08:25:22",1855.3,2,yokoinaba
1843,16717787,Bull,"2026-09-26 13:16:33",1855.0,2,welshonionman
1844,16778707,momohuhu_kkkkkarrot,"2026-09-24 01:25:18",1854.1,2,kjy666
1845,16756492,satokato,"2026-09-25 04:44:05",1853.8,2,satokato
1846,16783870,malaxg,"2026-09-23 08:04:19",1852.4,2,guoyixian2
1847,16638804,"Anhad Mahajan","2026-09-25 11:05:20",1851.8,2,anhadmahajan06
1848,16794753,"Yan #2","2026-09-24 11:51:03",1850.7,2,diskya
1849,16809323,"Naoki Yamada","2026-09-23 14:17:01",1850.3,1,naokiyamada1106
1850,16882746,yuiop!,"2026-09-24 22:09:05",1850.3,2,yuiopy
1851,16655567,Heisnotanimposter,"2026-09-22 04:52:39",1850.2,2,test013
1852,16898651,Kitsune0o,"2026-09-25 12:33:32",1849.8,2,theodaimones888
1853,16681848,Haraguchi-T,"2026-09-23 15:07:53",1849.7,2,haraguchit
1854,16857505,"DL Loz","2026-09-22 01:46:50",1848.9,2,"dllogic,hanleileo,lawjkj,mragentrrr"
1855,16644480,"Umut Keltek","2026-09-23 19:23:59",1848.8,2,umutkeltek
1856,16861805,farmer-kuni,"2026-09-23 07:28:14",1848.3,2,kuni05
1857,16629308,Sutee,"2026-09-26 07:54:20",1847.6,2,lszlst
1858,16655190,"Will Rice","2026-09-25 20:22:56",1847.6,2,willrice
1859,16728708,"Rishi Jain","2026-09-25 19:29:04",1846.7,2,rishijain07
1860,16664487,houlidai-jiekiulai,"2026-09-25 03:11:28",1846.3,2,houlidaijiekiulai
1861,16880558,"Georgi Kanev","2026-09-26 11:05:46",1846.2,2,georgikanev
1862,16757392,Winter01,"2026-09-26 12:27:22",1845.5,2,wei111111
1863,16726547,"Ezra Kho","2026-09-26 11:07:55",1844.5,2,ezrakho
1864,16881512,"Asem Adnan","2026-09-24 10:30:05",1843.7,2,asemadnan
1865,16765233,Shun,"2026-09-24 04:56:58",1843.5,2,shunchan0677
1866,16658203,Lan_Sky,"2026-09-26 11:50:23",1842.1,2,lansky6
1867,16824931,Magniverko,"2026-09-26 12:28:36",1841.9,2,huangyingkun
1868,16762195,eliasruntime,"2026-09-24 20:15:23",1841.7,2,eliasruntime
1869,16809332,"ansheng jhang","2026-09-23 08:52:27",1841.7,2,anshengjhang
1870,16738822,shakedamo0w0,"2026-09-22 09:54:35",1841.6,2,shakedamo0w0
1871,16655704,heinado,"2026-09-22 12:43:47",1839.9,2,heinado
1872,16779451,kibuna,"2026-09-26 11:16:09",1839.0,2,kibuna
1873,16848297,chacha260,"2026-09-23 02:18:18",1838.7,2,chacha260
1874,16860071,TOSS,"2026-09-22 20:52:48",1838.7,2,toshikawa80
1875,16779388,"Mohammad Alnajdawi","2026-09-23 11:40:29",1837.9,2,mohammadalnajdawi
1876,16914801,milkdragon,"2026-09-25 08:09:52",1837.3,2,hhhhhhyc
1877,16931056,zhangsan1224789,"2026-09-23 14:05:54",1836.8,2,zhangsan1224789
1878,16772391,"Jinhan Gao","2026-09-22 19:06:07",1836.6,2,jinhangao
1879,16852049,Tremble,"2026-09-22 02:07:51",1836.5,2,"aimeechen1,haoxuanwang12366,junsongzhang,qiyaoxu,yifuandonlyyifu"
1880,16932850,"Amir Ghazi","2026-09-25 22:33:07",1836.5,1,amirghazi
1881,16749257,rsraki,"2026-09-26 05:41:43",1835.2,2,rsraki
1882,16640394,"MOHAMMADJAFAR ZAMANI","2026-09-26 03:55:14",1834.4,2,mohammadjafarzamani
1883,16806000,wyz0210,"2026-09-25 12:03:20",1834.0,2,weiyouzhen
1884,16654332,"Borys Tymchenko","2026-09-25 07:10:49",1834.0,2,spsancti
1885,16634803,hongzhouzhou,"2026-09-26 09:24:12",1832.8,2,afterrain42
1886,16655912,sssskilo,"2026-09-23 08:27:03",1832.5,2,wellkilo
1887,16680690,MYOUCER,"2026-09-24 01:40:19",1831.0,2,myoucer
1888,16848588,"vibe coders","2026-09-26 07:10:12",1829.9,2,"caando,sheryllynntan"
1889,16674919,yukiZ,"2026-09-25 11:14:46",1829.9,2,hideyukizushi
1890,16723318,グレイラットルーデウス,"2026-09-22 07:27:17",1829.7,2,rudeus666
1891,16653828,Boltuzamaki,"2026-09-21 09:13:57",1829.3,2,boltuzamaki
1892,16765668,shun_johnny,"2026-09-26 08:23:40",1829.2,2,shunjohnny
1893,16731966,ねねね,"2026-09-24 22:49:32",1827.9,2,napier1550
1894,16849330,"Ian Wang","2026-09-23 12:15:26",1825.3,2,ianwang1204
1895,16714166,"Naman Malik","2026-09-23 00:11:25",1825.3,2,"adenijielijah,anapau11,marydata,namanmalik81714"
1896,16735232,"Johnson Chishimba","2026-09-22 05:41:07",1824.8,2,johnsonchishimba
1897,16859316,LP,"2026-09-25 12:13:14",1824.4,2,lihu6666
1898,16908403,"Stepan Ivanov","2026-09-25 14:31:15",1824.0,2,stepanivanov233
1899,16919139,SynthReaper,"2026-09-26 10:49:42",1822.7,2,synthreaper
1900,16940950,"Camarillo Kull","2026-09-24 14:09:04",1822.4,2,camarillokull
1901,16917715,Jacker_Du,"2026-09-24 02:28:54",1822.1,2,"jackerdu,pinjiewang,sunjiadong12,sunruiwang"
1902,16683808,RuggedBones,"2026-09-22 17:38:06",1822.0,2,ruggedbones
1903,16855992,"Vanshika #2","2026-09-22 05:15:19",1822.0,2,crystalbaby
1904,16778627,LXZ538,"2026-09-26 05:04:47",1821.8,2,lxz538
1905,16734551,"junseok lee","2026-09-21 21:25:20",1821.7,2,jaslee2
1906,16880792,dre,"2026-09-22 17:25:08",1821.7,2,ahmedelfazouan
1907,16935319,"Adrian Phillips","2026-09-23 06:52:14",1821.3,2,adrianphillips00
1908,16692923,"Pavel Kazlou","2026-09-26 11:45:11",1821.2,2,paulik
1909,16841826,抵扣豆浆,"2026-09-21 03:20:47",1821.1,2,tootough
1910,16898090,"Zbigniew Kirchner","2026-09-24 15:52:26",1821.0,2,zbigniewkirchner
1911,16678370,Wangles,"2026-09-22 11:10:59",1820.9,2,wangles
1912,16741672,张菠,"2026-09-22 03:23:37",1820.6,2,ysqdababa
1913,16774141,Radiance,"2026-09-21 14:11:32",1819.9,2,"evelyn3976,wangyi01"
1914,16890118,chiikavyshy,"2026-09-22 08:05:07",1819.3,2,"marynaborovska,yuriygreben"
1915,16943033,BobChuckyJoe,"2026-09-24 05:07:19",1818.7,2,bobchuckyjoe
1916,16676904,researchstudio.site,"2026-09-23 10:12:32",1818.2,2,fistyee
1917,16838362,"Yixuan Yang","2026-09-21 18:31:24",1818.0,2,easoney
1918,16644877,lu_fish,"2026-09-26 08:00:10",1817.4,2,thefish114514
1919,16656941,"Winter Lamb","2026-09-26 10:42:20",1817.0,2,fabiansyahcahyo
1920,16763375,Makus,"2026-09-22 13:33:25",1816.8,2,alexmartinez75
1921,16930569,MarqueeMoon19770208,"2026-09-26 04:44:32",1816.3,2,marqueemoon19770208
1922,16768650,ifarm,"2026-09-23 08:48:33",1816.1,2,sericsheon
1923,16681986,"Chirantan Bhardwaj","2026-09-25 04:22:03",1815.8,2,chirantanbhardwaj
1924,16915571,"jay tsang","2026-09-26 07:57:39",1815.2,2,jaytsang
1925,16741500,weichy7,"2026-09-26 12:27:42",1814.8,2,weichy7
1926,16632113,"Any Things","2026-09-26 08:57:50",1814.5,2,anythingsj3fare767
1927,16768385,neibyr,"2026-09-21 17:37:47",1814.5,2,neibyr
1928,16747982,"Affriza Wildan Fauzan","2026-09-26 07:08:46",1814.1,2,affrizawildanfauzan
1929,16718480,PLReddy23,"2026-09-21 22:57:40",1814.0,2,plreddy23
1930,16886400,Nisshi888880,"2026-09-23 02:45:13",1813.7,2,nisshi888880
1931,16763505,"Sai Reddy Pothireddy","2026-09-25 20:42:51",1813.2,2,saireddypothireddy
1932,16924283,GeHaohua,"2026-09-23 07:34:41",1813.1,2,gehaohua
1933,16750448,"Ansh Agarwal","2026-09-25 16:03:14",1812.7,2,anshagarwal2616
1934,16796937,Alan,"2026-09-24 00:44:47",1811.8,2,amunsentom
1935,16842183,"Sumukh M G","2026-09-25 03:33:11",1811.5,2,sumukhmg35
1936,16644565,Suda,"2026-09-26 08:12:10",1811.5,2,"chaneyma,deryawang"
1937,16808526,iheng88,"2026-09-26 05:47:31",1811.2,2,iheng88
1938,16654669,"Jordi Corbilla","2026-09-26 08:00:57",1810.9,2,jordicorbilla
1939,16768047,アメリカ農業研究会,"2026-09-21 20:12:15",1810.8,2,flnkhome
1940,16887631,"Wills Cui","2026-09-22 05:47:39",1810.6,2,willscui
1941,16729130,KoshinM,"2026-09-26 10:06:25",1809.6,2,koshinm
1942,16789561,"Rohan Kishibe","2026-09-22 14:43:18",1809.1,2,anbianluban1
1943,16667020,SCLim2022080004,"2026-09-22 03:18:23",1808.4,2,sclim2022080004
1944,16664239,VK_Kaggriculture..StartCompet,"2026-09-24 13:28:59",1807.4,2,venkatkumar001
1945,16932743,"Chris Chia","2026-09-22 02:24:46",1807.4,2,cchia3
1946,16655632,"Dmitry Kozlov","2026-09-22 05:26:12",1806.7,2,dkozlov
1947,16682753,"Cam-Luan Truong","2026-09-22 11:11:54",1806.6,2,luantruong
1948,16802867,matcha110,"2026-09-26 09:25:35",1806.2,2,matcha110
1949,16696421,"Koyashiki Mao","2026-09-22 11:55:10",1805.7,2,koyashikimao
1950,16623897,satoooh,"2026-09-22 07:30:07",1805.3,2,satoooh
1951,16870247,mxt1022,"2026-09-22 04:37:53",1803.7,2,unlome
1952,16732746,MSG_Encrypted,"2026-09-25 17:52:05",1803.4,2,msghais
1953,16883863,qhapaq49,"2026-09-24 05:46:37",1802.8,2,qhapaq49
1954,16885735,keith,"2026-09-26 10:32:10",1801.6,2,kamatt
1955,16875653,xuzenkun,"2026-09-22 03:42:07",1801.3,2,xuzenkun
1956,16674451,NycteacoBa,"2026-09-25 09:04:40",1801.2,2,nycteaowl
1957,16789546,"lsm jii","2026-09-25 04:46:00",1800.7,2,lsmjii
1958,16765327,master_ssx,"2026-09-22 03:19:56",1800.4,2,masterssx
1959,16924529,dacheah,"2026-09-24 12:40:10",1800.2,2,dacheah
1960,16949818,MachineLearner,"2026-09-26 11:21:56",1799.7,2,anesabbad
1961,16725856,"Abhi Datta","2026-09-26 09:15:41",1799.7,2,abhidatta87
1962,16682885,风沙星辰,"2026-09-21 20:40:04",1799.4,2,"duoliya,linyeping,sereinovov,wangying2026"
1963,16839427,kooooozh,"2026-09-22 19:04:19",1798.3,2,grigoriykozhemyakin
1964,16781166,Ant,"2026-09-25 15:40:13",1798.0,2,anthonytrevino
1965,16786357,guoyihui,"2026-09-23 06:12:19",1796.4,2,guoyihui
1966,16653728,"Iswar Patra","2026-09-25 15:05:38",1796.2,2,iswarpatra
1967,16806219,"Yiwei Pu","2026-09-22 01:59:54",1795.6,2,"lvyihan1210,raven20010261,yiweipu"
1968,16862614,"Andrew Bunn","2026-09-22 00:14:18",1794.6,2,andrewbunn
1969,16642036,enddl22,"2026-09-22 00:21:17",1794.1,2,enddl22
1970,16861362,我小栗帽要娶藤正进行曲！！！💍,"2026-09-26 12:22:44",1793.8,2,"praveensahukari,rubiakaslana"
1971,16914676,"Luon may Man","2026-09-26 00:02:52",1793.5,2,luonmayman
1972,16755229,theearthcheng,"2026-09-22 02:20:25",1793.3,2,theearthcheng
1973,16779598,RiverStead,"2026-09-24 14:28:38",1793.2,2,riverstead
1974,16904028,BraydenPikachu,"2026-09-26 07:56:34",1793.0,2,braydenpikachu
1975,16659103,Arin,"2026-09-24 14:33:50",1792.1,2,skarin
1976,16888254,CaliforniaDog,"2026-09-24 04:55:58",1792.0,2,californiadog
1977,16704924,jdx,"2026-09-25 02:15:10",1791.6,2,jdsemrau
1978,16732530,可抽奖的冰棒,"2026-09-26 08:16:02",1791.4,2,daniel1547
1979,16912574,好运连连,"2026-09-26 11:36:28",1790.0,2,"jiangxinyuan616,xiaoranx,xigemalyk"
1980,16629787,FlameZywoo,"2026-09-24 01:55:15",1789.4,2,zgdllt
1981,16623399,Kendamarron,"2026-09-21 07:06:28",1788.3,2,kazuhirokuriyama
1982,16764850,"cy zhang","2026-09-26 03:21:38",1786.8,2,zcy20051117
1983,16623378,"nvidia fan","2026-09-26 04:49:45",1786.1,2,outwrest
1984,16792586,dodoshark,"2026-09-21 16:20:40",1785.3,2,dodoshark
1985,16884753,God111,"2026-09-26 11:04:19",1783.4,2,god111
1986,16657032,"Ayaan Ghosh","2026-09-26 07:33:08",1783.1,2,ayan9001
1987,16779110,markastra,"2026-09-26 05:32:06",1783.0,2,markastra
1988,16721248,"Raef Guizani","2026-09-22 08:25:43",1782.7,2,raefguizani
1989,16848992,"Lee Shit Hoo","2026-09-25 16:13:41",1782.6,2,leeshithoo
1990,16715828,samg,"2026-09-24 11:25:06",1782.5,2,samgreen2046
1991,16644530,"Busya PRIME","2026-09-21 11:20:07",1782.3,2,busyaprime
1992,16804827,"Bala Baskar","2026-09-25 08:46:44",1782.1,2,balabaskar
1993,16660395,ljx59141421,"2026-09-22 13:47:32",1781.4,2,ljx59141421
1994,16664392,AdamHsieh,"2026-09-26 03:06:41",1780.9,2,adamhsieh
1995,16791369,dataix,"2026-09-24 22:12:16",1780.4,2,codymachody
1996,16674839,"hongqian miao","2026-09-20 14:22:50",1779.8,2,hongqianmiao
1997,16762769,"Jacques Buis","2026-09-22 09:58:09",1779.6,2,jacquesbuis
1998,16696231,"Oleg Smirnov","2026-09-26 13:12:44",1778.9,2,smirnolegov
1999,16942875,Vikram,"2026-09-24 03:42:14",1778.7,2,vikramreddy2001
2000,16662910,"shoryakumar mishra","2026-09-24 06:34:37",1777.5,2,shoryakumarmishra
2001,16672033,"Mohan Prasath P","2026-09-21 13:48:43",1776.4,2,mohanprasath21
2002,16642128,"MAC SAHO","2026-09-22 12:13:10",1775.2,2,macsaho
2003,16658109,edward1503,"2026-09-21 09:31:07",1775.2,2,nguynnc
2004,16644690,Dubnium,"2026-09-26 11:32:04",1774.1,2,ahmetyasin1
2005,16661073,PyJa,"2026-09-21 22:26:27",1772.4,2,pixiux
2006,16900489,Machine_e1,"2026-09-25 12:52:38",1772.4,2,"arcanee1,machinee1,mymilk"
2007,16657229,"Adam Plow","2026-09-22 09:40:21",1772.2,2,lizhiiii
2008,16838956,"Michael Brown","2026-09-26 02:11:02",1772.2,2,michaelbrown4343
2009,16696999,"HD h Joratos","2026-09-26 13:03:21",1772.0,2,hdhjoratos
2010,16797543,Tarang222,"2026-09-21 03:38:32",1771.9,2,tarang222
2011,16862155,"Kydyrbek Kozykorpesh","2026-09-25 20:42:20",1771.6,2,kozykappa
2012,16743055,栗ご飯,"2026-09-25 22:02:27",1766.7,2,criticalpath1903
2013,16754823,"tiki tiki tiki","2026-09-23 22:48:33",1765.8,2,slangitup
2014,16663603,xsong2020,"2026-09-25 16:05:34",1765.7,2,xstargate
2015,16662946,uzair,"2026-09-26 09:13:47",1764.6,2,quantumcurator
2016,16668056,"Quantum Farm","2026-09-21 16:05:52",1763.5,2,"anselem7,divineokwueze,nnanyereuzoma"
2017,16623463,porply,"2026-09-21 13:32:47",1763.0,2,porply
2018,16817923,"Adhiraj Jagtap","2026-09-23 19:44:00",1762.4,2,adhirajjagtap
2019,16851399,"Ali Eren Konak","2026-09-25 14:43:37",1761.6,2,alierenkonak
2020,16916938,MC1127,"2026-09-24 13:08:50",1760.9,2,mc1127
2021,16806475,sohma,"2026-09-25 16:29:25",1760.8,2,hi210278
2022,16630331,"Mohamed El-Nageeb","2026-09-22 23:09:22",1760.6,2,thelastsmilodon
2023,16718660,"Ramona Flowers","2026-09-26 07:54:36",1760.4,2,forsmthnoithingtosay
2024,16860559,"Sara Lark","2026-09-22 02:44:20",1760.1,2,saralark
2025,16659540,"Goua Henri","2026-09-24 07:27:58",1759.9,2,gouahenri
2026,16858087,"Mohd Aasim Ansari","2026-09-21 07:35:49",1759.8,2,aasim2003
2027,16857607,inny,"2026-09-23 04:12:13",1759.5,2,innycc
2028,16766498,HNUST,"2026-09-22 03:12:58",1759.2,2,"aloemoon,castianhans"
2029,16745419,elren,"2026-09-21 15:48:47",1758.2,2,elrensmin
2030,16862044,"Toshiki Narushima","2026-09-26 13:14:27",1757.6,2,toshikinarushima
2031,16657576,"SUBHASH B","2026-09-26 10:30:54",1757.5,2,"rishikrish1,subhashb21022"
2032,16841061,"Artin yzn","2026-09-24 12:37:34",1756.8,2,artinyzn
2033,16935420,"zicong pan","2026-09-24 09:34:45",1756.3,2,zicongpan
2034,16810308,Congy,"2026-09-26 02:02:39",1756.2,2,congyingma
2035,16793287,"Kim Jinseo","2026-09-26 09:41:27",1756.1,2,kimjinseo1
2036,16661039,Abracadabra,"2026-09-24 14:05:44",1755.9,2,giovannicr
2037,16675960,"Audric LOKO","2026-09-24 20:40:08",1755.8,2,audricloko
2038,16773185,"Alwin Djuliansah","2026-09-26 01:40:34",1755.8,1,alwdj07
2039,16930535,wind,"2026-09-26 12:24:49",1755.6,2,"sfkmzy,windbyluck"
2040,16772723,"Zhou Haonan","2026-09-21 13:37:50",1755.1,2,hatsuseizuna
2041,16921085,Keerthana,"2026-09-23 16:30:06",1754.8,2,k33rthanaa
2042,16924407,"Laxmi Khilnani","2026-09-26 08:06:27",1753.2,2,laxmikhilnani2004
2043,16806014,"weihao huang2004","2026-09-26 03:05:17",1752.9,2,weihaohuang2004
2044,16746395,Levin,"2026-09-25 15:56:11",1752.9,2,"sophiexs,zhengliwen"
2045,16661702,"Chattso-GPT (Yasuhito Yanagisawa)","2026-09-21 01:08:51",1751.7,2,yasuhitoyanagisawa
2046,16749576,heralces,"2026-09-21 15:38:45",1751.3,2,heralces
2047,16670883,G*Sim,"2026-09-24 21:17:18",1750.0,2,guillaumesimiand
2048,16744983,Gappy,"2026-09-21 12:02:19",1750.0,2,takahirohigasa
2049,16708296,LUCKY2,"2026-09-25 19:45:03",1750.0,2,carolezountangni
2050,16901894,"Michael Reid","2026-09-23 17:10:41",1750.0,2,michaelreid2025
2051,16768100,Nathael,"2026-09-21 00:41:59",1749.7,2,nathaeldias
2052,16840550,henriquejsza,"2026-09-21 05:07:28",1749.7,2,henriquejsza
2053,16657094,irynavs,"2026-09-23 14:18:45",1749.5,2,irynavs
2054,16838560,Aphrodite,"2026-09-24 05:04:21",1749.3,2,aphrodite874
2055,16713743,oliver,"2026-09-23 17:57:56",1748.6,2,ollibolli
2056,16631421,cg,"2026-09-22 14:31:09",1748.3,2,chaitanyagarg2
2057,16622937,"Sheep 🐑","2026-09-25 20:46:49",1748.1,2,kabilrh
2058,16767929,Timbydude,"2026-09-24 15:30:58",1747.5,2,timbydude
2059,16935893,lixusb,"2026-09-21 11:31:19",1747.4,2,lixusb
2060,16757034,"Hanxiang Li","2026-09-21 03:43:45",1746.6,2,hanxiangjames
2061,16764386,Troy_xx,"2026-09-21 11:21:37",1746.3,2,troyxx
2062,16934170,"Krish Shah","2026-09-23 05:49:34",1745.6,2,krshs90
2063,16770282,colt,"2026-09-21 17:56:20",1745.5,2,"logicalgenius1,mindmaniac,mindpioneer,thinkinglogic2,xiaomaguo"
2064,16742267,chandora,"2026-09-24 22:53:46",1744.9,2,chandora
2065,16673013,TTT,"2026-09-23 08:59:54",1744.8,2,tadahiroasami
2066,16841190,dp23334,"2026-09-22 10:42:21",1744.7,2,dp23334
2067,16817077,"Dinesh kumar Thiyagarajan","2026-09-20 21:01:23",1744.4,2,dineshkumar0705
2068,16848622,"KUO JEN WEI","2026-09-24 19:20:54",1743.7,2,"kuojenwei,kuyiting"
2069,16750575,Gronk,"2026-09-26 07:47:06",1743.4,2,jianyicai
2070,16659730,"Zhang Yingluo","2026-09-22 14:08:04",1741.9,2,zhangyingluo
2071,16845531,"Suzuki Yuto - W","2026-09-24 06:15:04",1741.4,2,hoshinoyumemi
2072,16842482,Litvin,"2026-09-25 15:05:35",1741.2,2,wodo888
2073,16861198,Eggplanck,"2026-09-26 12:26:38",1739.7,2,gyozzza
2074,16730634,Priestess,"2026-09-21 05:34:51",1738.8,2,kalypheus
2075,16688568,Sophie555,"2026-09-26 06:33:24",1738.5,2,sophie555
2076,16623450,S.Aoki,"2026-09-21 04:27:13",1738.4,2,soyaoki
2077,16925409,GEHAOHUA,"2026-09-20 09:31:42",1738.3,2,gshy2028
2078,16670524,"Nat Bel ML Fun","2026-09-20 18:16:27",1738.2,2,natbel4ml
2079,16717536,c0nrad,"2026-09-26 12:33:17",1737.4,2,stuartlarsen
2080,16920189,"Son Hoang","2026-09-23 12:57:59",1737.1,2,sonhoang82
2081,16847609,"Aura Farmers","2026-09-23 21:03:10",1736.8,2,"adriana0022,ayrnpn,shengkaizhu"
2082,16806376,pardival,"2026-09-26 11:26:40",1736.0,2,pardival
2083,16849780,"Juan Leiva","2026-09-20 14:08:59",1736.0,2,juank333
2084,16864870,JR,"2026-09-22 14:20:57",1735.9,2,jurijsruko
2085,16632006,"Adwait Tagalpallewar","2026-09-20 11:40:04",1735.5,2,adwaittagalpallewar
2086,16932991,"Gabriel Stoms","2026-09-22 15:15:38",1735.3,2,gabrielstoms
2087,16693488,HarvestZero,"2026-09-25 03:34:38",1733.5,2,bernardboatey
2088,16795134,"jiawei li","2026-09-21 13:10:30",1733.3,2,jiaweiaaa
2089,16806840,"Tavuk Master","2026-09-21 09:52:18",1733.1,2,mkrimenurgm
2090,16878968,"Dale Zhong","2026-09-26 12:51:16",1732.9,2,dalezhong
2091,16622482,"Veniamin Nelin","2026-09-21 10:44:20",1732.8,2,veniaminnelin
2092,16712751,haruo_tensai,"2026-09-26 01:58:17",1732.4,2,haruotensai
2093,16832192,"No Name #2","2026-09-25 16:33:33",1732.1,2,ivanj0
2094,16770715,"Vicens Gaitan","2026-09-20 17:06:04",1730.8,2,vicensgaitan
2095,16633507,"Ivan Vorfolomeev","2026-09-25 21:27:51",1730.7,2,"alexesn,c0ldzy,ivanvorfolomeev,semyonepanov"
2096,16654585,"David Pedersen","2026-09-26 09:17:57",1730.6,2,semalytics
2097,16657941,"Nick Styles","2026-09-21 08:48:12",1730.2,2,styles
2098,16645431,Amin,"2026-09-25 15:27:01",1729.9,2,aminvafaei
2099,16702754,"Запрети мне брать H100","2026-09-24 10:30:43",1729.6,2,"amocualg,borismatsakov,kirya1,vladimirlovtsov18"
2100,16924344,trigo,"2026-09-21 07:41:11",1729.4,2,trigoani
2101,16899004,Antonoof,"2026-09-20 08:51:31",1729.2,2,antonoof
2102,16627906,"Tergel Munkhbat","2026-09-26 09:27:08",1728.6,2,tergelmunkhbat
2103,16640264,DhanaLakshmiMalla,"2026-09-22 20:29:36",1728.5,2,dhanalakshmimalla
2104,16843221,refine123,"2026-09-26 07:26:24",1728.1,2,refine123
2105,16799304,"Rlug mb","2026-09-26 06:43:07",1728.1,2,"hongxinzhang111,minhtrph,rlugmb"
2106,16751358,Cristiano,"2026-09-20 13:34:35",1728.1,2,zhuangbility
2107,16929850,"XINGYUAN  ZHOU","2026-09-22 14:12:26",1727.8,2,n05199
2108,16884028,"Jayden Y","2026-09-25 01:39:28",1727.5,2,jy0810
2109,16638551,"GOAT   Mathieu ""ZywOo"" Herbaut","2026-09-25 13:33:48",1727.3,2,ryosketchbook2007
2110,16660215,"YoungDSML [dsml.kz]","2026-09-21 05:22:59",1727.2,2,"mazgas,nurikw3"
2111,16804859,DevashishSoni123,"2026-09-26 09:47:26",1727.1,2,devashishsoni123
2112,16732878,modelcollapse,"2026-09-21 10:09:15",1727.1,2,modelcollapse
2113,16665077,"Mohit Babel","2026-09-24 20:55:36",1726.2,2,mohitbabel
2114,16931481,"Дмитрий Томилов","2026-09-22 02:12:22",1725.9,2,floyed
2115,16795086,Leroll,"2026-09-20 15:54:30",1725.8,2,leroll
2116,16779519,"Xiangsong Tian","2026-09-24 23:37:45",1725.1,2,xiangsongtian25
2117,16624047,GUOHAOYANG,"2026-09-21 06:13:29",1724.9,2,pkuszboi
2118,16755495,"Leo Udah","2026-09-24 06:03:33",1723.8,2,leoudah
2119,16625214,Malla,"2026-09-21 14:31:15",1722.9,2,mallaphalguni
2120,16766401,"Gobi Elangovan","2026-09-20 11:00:23",1722.4,2,gobielangovan
2121,16755328,"yang zhang","2026-09-24 13:49:18",1722.2,2,zhang1221ai
2122,16774701,@Suzumaru_1666,"2026-09-26 12:53:48",1721.4,2,suzumaru1666
2123,16658221,"Roshan Roy","2026-09-25 18:08:07",1721.0,2,"adhilvt,mohamedarifj,roshanroy333"
2124,16943126,"Aaditya Verma","2026-09-26 08:00:19",1720.5,2,tensura911
2125,16657657,ArnabKarmakar,"2026-09-26 04:02:22",1719.5,2,arnabkarmakar
2126,16746689,"Harm Buisman","2026-09-26 09:19:53",1718.6,2,harmbuisman
2127,16718937,62326368,"2026-09-26 11:50:31",1717.4,2,mooniim
2128,16916611,Infinity,"2026-09-26 07:21:09",1717.2,2,"maaz101,syedtahahassan"
2129,16840439,"God Se7en","2026-09-23 16:42:10",1716.7,2,godseven7
2130,16870440,GOSS,"2026-09-26 04:04:41",1715.9,2,gossan
2131,16743528,shfyyds12138,"2026-09-20 02:46:07",1715.8,2,"chrisshi123,junwenzhu1314"
2132,16808111,"Oliver #2","2026-09-21 10:29:39",1715.8,2,wangzn0410
2133,16937269,"Egg D. Kernel","2026-09-22 01:53:27",1715.5,2,eggdkernel
2134,16924499,Matterhorn3838,"2026-09-26 01:53:36",1714.2,2,matterhorn3838
2135,16719123,"Thomas Tschinkel","2026-09-23 02:43:20",1714.0,2,thomastschinkel
2136,16630545,"GAURAV PARKHEDKAR","2026-09-25 13:18:41",1713.4,2,gauravparkhedkar
2137,16880773,最强扫地僧,"2026-09-21 05:14:26",1713.2,2,yyx466005036
2138,16752444,zama,"2026-09-21 06:56:28",1712.9,2,zamami
2139,16669148,"Syed Muhammad Gillani","2026-09-20 23:33:36",1712.9,2,syedmuhammadgillani
2140,16701074,"One Policy to Rule Them All","2026-09-20 17:04:35",1712.6,2,qujiahui
2141,16771558,"Vitalie Cervinschi","2026-09-26 03:04:12",1712.3,2,vitaliecervinschi
2142,16887858,"Oleg Zholobov","2026-09-21 14:06:59",1711.4,2,olegzholobov
2143,16779171,Xunden,"2026-09-26 06:27:51",1710.9,2,xunden
2144,16755911,"Paarth Patel","2026-09-20 04:34:50",1710.0,2,martis10
2145,16863383,HanFish,"2026-09-26 11:04:51",1709.8,2,hananfish
2146,16662191,Danieler,"2026-09-22 18:46:56",1709.4,2,danielerufo
2147,16763761,mkai1981,"2026-09-22 05:43:59",1707.6,2,mkai1981
2148,16726769,"Ci Zhu","2026-09-26 08:13:51",1707.0,2,zhuci1993
2149,16699586,"Linda Liu","2026-09-22 03:43:59",1706.9,2,lpoint
2150,16730142,static,"2026-09-20 11:56:45",1706.8,2,huangshunhao
2151,16709068,Vib,"2026-09-25 04:41:27",1706.8,2,viblal
2152,16842194,threnox,"2026-09-26 12:36:33",1706.8,2,threnox
2153,16930280,greyhound,"2026-09-23 07:24:56",1706.4,2,tapaskd123
2154,16827859,"Ishraq Tanvir","2026-09-25 14:54:39",1706.3,2,ishraqtanvir
2155,16822002,shiokoh,"2026-09-26 12:54:31",1705.5,2,shiokoh
2156,16678080,"Timothy Adeyemi","2026-09-19 16:58:52",1705.3,2,timothyadeyemi
2157,16728549,Karatelb,"2026-09-26 11:53:23",1704.5,2,karatelb
2158,16851147,Saifuddin,"2026-09-26 13:01:57",1704.3,2,syehsyoh
2159,16713543,"Rustam Bazarbayev","2026-09-26 03:50:46",1704.2,2,rustambazarbayev
2160,16922907,萤火2018,"2026-09-20 09:48:37",1703.9,2,aiwody
2161,16706227,"Wise Fancy","2026-09-20 10:09:34",1703.4,2,wisefancy
2162,16654710,"Ray Brothers","2026-09-26 12:49:19",1702.5,2,"madhurjyaray,vibekodr"
2163,16632493,"oni chan arigato","2026-09-20 10:55:22",1701.8,2,"kindasomethin,nabidnur"
2164,16717572,kiyomiya-k,"2026-09-20 11:37:44",1701.8,2,kiyomiyak
2165,16663403,matthewwh,"2026-09-20 03:47:30",1701.3,2,matthewwh
2166,16866996,"Marina Afanas'eva","2026-09-20 22:23:21",1701.2,2,proamari
2167,16630797,"Seok, Jeongeum","2026-09-26 01:28:03",1700.5,2,seokjeongeum
2168,16924825,"Steven Feng","2026-09-24 09:46:32",1698.7,2,stevenkaiyi
2169,16939292,Cunriman,"2026-09-24 12:59:54",1698.2,2,cunriman
2170,16891902,Farmcore,"2026-09-26 07:25:28",1698.1,2,"betmyex,doifgoox,garifullintimur,naviniklag"
2171,16651804,"Bocen Li","2026-09-21 07:31:53",1697.9,2,bocenli
2172,16917535,"Edric Zhou","2026-09-21 08:05:07",1696.3,2,edriczhou
2173,16943490,"green algeria","2026-09-22 19:12:48",1696.0,2,greenalgeria
2174,16644452,Durlabh_Jha,"2026-09-24 01:41:55",1695.5,2,durlabhjha
2175,16669632,"Kenneth Alonso","2026-09-19 20:27:16",1695.4,2,kennethalonso
2176,16851186,kaerururu,"2026-09-26 12:26:50",1695.3,2,kaerunantoka
2177,16668260,"Yangle Ma","2026-09-22 21:00:01",1695.2,2,yanglema
2178,16898500,"M Noxon","2026-09-18 21:46:34",1694.4,2,mnoxon
2179,16632476,"Назар Коваль","2026-09-25 10:21:16",1694.4,2,miickey
2180,16930459,Ela,"2026-09-20 12:04:21",1693.9,1,pentol
2181,16779067,fishwg,"2026-09-26 10:35:33",1693.7,2,fishwg
2182,16841940,"Hakkı Besim Bardakçı","2026-09-25 13:53:39",1693.3,2,xdebron
2183,16805952,hatakazu93,"2026-09-20 23:00:27",1693.3,2,hatakazu93
2184,16665084,"Wei Han","2026-09-20 06:30:13",1693.2,2,weihan87
2185,16906626,JY,"2026-09-20 13:07:00",1693.1,2,junyihjy
2186,16749251,HawkOsm,"2026-09-23 05:17:19",1693.0,2,hawkosm
2187,16927660,abraxas417,"2026-09-20 13:44:26",1692.8,2,abraxas417
2188,16757727,"Sohshi Nakamura","2026-09-23 12:09:49",1692.8,2,sohshinakamura
2189,16668406,"VAP RF5","2026-09-26 08:11:48",1692.7,2,vaprf5
2190,16920843,"Hou JH-71","2026-09-20 13:09:46",1692.7,2,houjihao
2191,16630315,janson,"2026-09-22 15:28:31",1692.3,2,johnjanson
2192,16760158,"apple farmer","2026-09-26 12:28:30",1691.2,2,gustavoknudsen
2193,16897821,bjthomas,"2026-09-20 17:39:05",1690.5,2,bjthomas
2194,16777394,antadam127,"2026-09-19 23:03:20",1690.4,2,antadam127
2195,16722619,vlavlalva,"2026-09-20 13:44:47",1690.2,2,cppcph
2196,16927351,"Bryan Yahir Hernandez","2026-09-26 04:32:57",1689.8,2,bryanhernandez
2197,16623440,"JB Bryant","2026-09-22 19:26:37",1689.7,2,jbbryant
2198,16849814,"Mr. Architect","2026-09-20 08:06:03",1688.1,2,vietnguyen130593
2199,16807038,mitsuki,"2026-09-24 10:16:05",1687.6,2,mk00000
2200,16655796,"dijia zhang735","2026-09-26 08:06:27",1687.5,2,dijiazhang735
2201,16830390,"Hajime Kumami","2026-09-26 09:08:49",1687.2,2,hajimekumami
2202,16746380,JKong,"2026-09-24 00:00:30",1686.8,2,kmt2001
2203,16865693,Eda,"2026-09-20 11:51:41",1686.5,2,edagram
2204,16684954,Rogues,"2026-09-20 19:18:18",1686.4,2,"saikushal185,suneethreddy"
2205,16716531,tebenia,"2026-09-20 08:51:40",1686.1,2,tebenia
2206,16659961,faahh,"2026-09-25 18:30:51",1686.0,2,shivam98saini
2207,16782520,Durian,"2026-09-20 08:09:06",1685.7,2,rainyjin
2208,16696960,pi-500.phys,"2026-09-22 19:46:47",1685.5,2,pi500phys
2209,16838914,kikikukikii,"2026-09-20 11:03:49",1685.4,2,kikikukikii
2210,16633179,infamemconculcemus,"2026-09-26 12:08:50",1685.1,2,jcgweb
2211,16839638,keeplooking,"2026-09-23 19:17:02",1685.0,2,keeplooking
2212,16773244,"Yudai Ueno","2026-09-20 01:13:36",1684.8,2,yudaiueno
2213,16863501,ATC,"2026-09-20 09:24:46",1683.5,2,t6ccc2
2214,16743546,"Simon Dorcas","2026-09-24 16:36:17",1683.0,2,simondorcas
2215,16641183,"Team Name Pending","2026-09-20 14:32:46",1682.8,2,"abdaathaillahhadyan,oliverspiby"
2216,16719869,"Swamy Gadila","2026-09-25 14:32:08",1682.4,2,testfridaycore2
2217,16856778,"Johnathan King","2026-09-25 19:25:26",1682.3,2,johnathanking1278
2218,16757987,maverick_ss_26,"2026-09-22 13:19:24",1682.1,2,maverickss26
2219,16668798,"Ayush Shukla","2026-09-21 10:19:42",1681.9,2,ayushivy
2220,16791862,"Emmanuel Mireku","2026-09-25 23:33:06",1681.7,2,eldermireku
2221,16698999,Odyssey,"2026-09-26 04:11:45",1681.3,2,a1spirit
2222,16724242,"Romash Koirala","2026-09-25 12:35:17",1681.0,2,romashkoirala
2223,16776505,"Duck Typing","2026-09-26 08:41:08",1680.5,2,ahmadamindw
2224,16875601,forwardidear,"2026-09-19 08:49:41",1680.1,2,forwardidear
2225,16907973,Mainafly,"2026-09-23 06:07:12",1679.8,2,ishakuyusufmaina
2226,16738298,tomo0608,"2026-09-25 14:46:56",1678.8,2,tomo0608
2227,16928640,Kenj,"2026-09-20 08:01:59",1678.3,1,kiritoooooooo
2228,16797699,"Dylan Moraes","2026-09-20 10:38:18",1677.8,2,dylanmoraes
2229,16712560,"Max vrstpan1","2026-09-25 15:57:43",1677.8,2,wdjy123456
2230,16926712,lostargon,"2026-09-21 21:44:55",1677.4,2,vadimpryakhin
2231,16688294,"high frequency farming","2026-09-25 14:17:13",1677.3,2,"gunhcolab,hweowe,markslavin"
2232,16661575,skw1990,"2026-09-20 23:43:37",1677.3,2,skw1990
2233,16628664,"Anton Tikhonov","2026-09-25 23:26:34",1677.2,2,itwastony
2234,16627799,"navazsh fathi","2026-09-22 15:31:34",1676.9,2,navazshfathi
2235,16860164,Ry_Sa,"2026-09-22 13:02:38",1676.4,2,ryqsaq
2236,16920912,wxxbest,"2026-09-23 13:36:08",1676.3,2,w20260801
2237,16941720,Abdellatif,"2026-09-22 13:35:50",1675.6,2,moussaid
2238,16762957,邪悪な暁山瑞希、ジャガイモを量産してフライドポテト市場を独占,"2026-09-26 09:13:26",1675.1,2,yinzimike
2239,16935499,"Smarter Decision🏆","2026-09-26 13:05:44",1675.1,2,yunkuns
2240,16801855,KooDol,"2026-09-22 19:32:13",1675.0,2,koodol
2241,16929902,Daijun_zju,"2026-09-21 07:23:03",1674.3,2,daijunzju
2242,16880296,"CT in CS","2026-09-24 15:07:38",1673.9,2,"anhphamtranminh,nguyenvietdat,nnvietha,toanleducanh"
2243,16748412,"Nimish Shinde","2026-09-26 12:46:19",1673.6,2,nimishshinde
2244,16937817,Yuki_ARL,"2026-09-21 17:58:56",1673.5,1,yukiarl
2245,16654681,htech5,"2026-09-25 13:19:38",1672.8,2,htech5
2246,16947082,"Alex  Redna","2026-09-25 12:46:49",1671.7,2,alexredna
2247,16847222,charmq,"2026-09-18 07:30:26",1671.6,2,charmq
2248,16634426,ertu,"2026-09-20 16:42:44",1671.3,2,ozertuu
2249,16926297,brave-心勇-heart,"2026-09-22 10:33:15",1670.3,2,braveheart
2250,16621075,"Octavi Grau","2026-09-22 16:25:47",1669.9,2,octaviograu
2251,16848394,Polaris,"2026-09-19 12:40:07",1669.5,2,zhanglei226
2252,16809842,"zg l1218","2026-09-24 16:22:24",1668.6,2,"dkttttt,zgl1218"
2253,16854939,nusrati,"2026-09-20 04:10:54",1668.3,2,nusrati
2254,16924069,levshaazz,"2026-09-26 10:09:19",1668.2,2,levshaazz
2255,16930688,"Solo Leveling","2026-09-26 04:32:39",1668.0,2,lingyuzhi
2256,16663827,magoemu,"2026-09-24 13:06:26",1667.9,2,magoemu
2257,16862461,"Guilherme Volpe","2026-09-23 00:38:39",1667.0,2,guivolpe
2258,16919647,moo_&yuu1,"2026-09-23 02:21:58",1666.5,2,"a91zjy,mooyuu"
2259,16949981,"Yi Yu","2026-09-26 12:06:59",1666.0,2,yy5652
2260,16623920,"Kazuta MIZUTA","2026-09-21 00:27:46",1665.5,2,kazutamizuta
2261,16677565,"Avish Sinha","2026-09-19 20:31:50",1664.8,2,avish006
2262,16916418,Lukas,"2026-09-23 13:02:38",1664.5,2,lukasbuck
2263,16714159,Lonnie,"2026-09-22 16:13:10",1664.4,2,lonnieqin
2264,16849282,ancientLuck,"2026-09-20 13:04:14",1664.3,2,ancientluck
2265,16949185,"Akil Al-Sharafi","2026-09-26 11:55:50",1664.0,2,akilalsharafi
2266,16898309,"Mohammad Albaddawi","2026-09-19 14:27:45",1663.6,2,m7mdalbaddawi
2267,16848850,Lazyman,"2026-09-21 18:42:12",1663.4,2,lazyman
2268,16891396,易思言ysy,"2026-09-17 15:02:45",1662.9,2,ysykevin
2269,16881005,"Donald Trump","2026-09-22 01:00:34",1662.9,2,"seanmtk,sinfonia8838"
2270,16623877,Chikuwabu,"2026-09-20 13:49:05",1662.2,2,prgckwb
2271,16846856,BladeRunner,"2026-09-26 11:59:57",1661.9,2,bladerunner2022
2272,16622245,"Vlas Veles","2026-09-26 09:53:39",1661.8,2,vlasveles
2273,16697461,Agricroporation,"2026-09-19 09:25:16",1661.2,2,"algionightly,kroissant7,officialabhinavsingh"
2274,16886344,魏杨康,"2026-09-22 10:51:32",1660.0,2,weiiyangkang
2275,16847096,Jackylw,"2026-09-20 15:53:08",1658.8,2,jackylw
2276,16866458,lalal2006,"2026-09-23 14:26:28",1658.7,2,lalal2006
2277,16885137,"Manjunadh Padarthi","2026-09-25 05:27:43",1658.6,2,manjunadhpadarthi
2278,16914950,"Alessio Mezzina","2026-09-22 07:11:58",1658.5,2,alessiomezzinaaa
2279,16732126,iwashi,"2026-09-19 21:31:56",1658.1,2,iwashi
2280,16898760,"Berat Erol ÇELİK","2026-09-25 17:54:55",1658.0,2,beraterolelk
2281,16663759,Aggro,"2026-09-21 17:30:40",1657.3,2,datafad
2282,16731776,ASH,"2026-09-24 09:17:40",1656.4,2,pentannnn
2283,16942821,PabloKim,"2026-09-25 11:26:53",1655.6,2,pablodevkim
2284,16791248,"Ioannis Tzachristas","2026-09-19 06:15:43",1654.2,2,"ioannistzachristas,lilishyxf"
2285,16866689,snehitha,"2026-09-23 13:47:34",1653.6,2,andapallysnehitha
2286,16640552,"rupsa roy","2026-09-19 06:11:54",1653.5,2,rupsarroy
2287,16654914,Nozprod,"2026-09-20 18:40:20",1653.4,2,nozprod
2288,16826561,"ANJAN B","2026-09-26 12:32:46",1653.4,2,anjan4646
2289,16654379,"Sebastian Mateus","2026-09-20 00:48:16",1653.4,2,"brenorb,sebastianmateus"
2290,16846010,muelsyse111,"2026-09-26 09:02:59",1653.2,2,"muelsyse111,zltrqn"
2291,16732670,minoneru,"2026-09-26 09:19:27",1652.8,2,kotaminoshima
2292,16652214,Zhenrui.Weng,"2026-09-20 04:23:41",1652.7,2,zhenruiweng
2293,16692432,"Les 2 oies","2026-09-25 20:28:17",1652.4,2,"sanarceate,youyoucrf"
2294,16732727,brightest66,"2026-09-26 09:53:11",1649.6,2,"brightest66,laplacenvmv"
2295,16656213,"Mehdi Boumiza","2026-09-24 03:56:40",1648.0,2,mehdiboumiza
2296,16736198,JetJetGo,"2026-09-19 14:10:00",1646.9,2,psykrishna
2297,16885090,higuuu,"2026-09-25 20:16:37",1646.4,2,higuuu
2298,16676321,"tao wu11","2026-09-25 15:09:34",1645.9,2,"taowu11,xujchill"
2299,16752277,YKuma,"2026-09-26 12:42:32",1645.5,2,ykumazaki
2300,16790652,救赎之道，就在其中,"2026-09-20 01:08:29",1645.4,2,"mengyihu,pengchaozheng"
2301,16811072,Rafael,"2026-09-19 17:19:25",1645.1,2,rafaeldsjhkas
2302,16854216,Rita-1021,"2026-09-26 09:12:44",1645.0,2,rita1021
2303,16871409,"Aleksandr Isakov","2026-09-26 02:54:33",1644.8,2,aleksandrisakov
2304,16775474,ERS,"2026-09-19 06:16:01",1644.2,2,shingo257
2305,16739537,"Bina Salama","2026-09-24 10:00:16",1644.0,2,binasalama
2306,16854072,r13721,"2026-09-19 15:19:42",1643.5,2,r13721
2307,16944157,"Aly Dhedhi","2026-09-23 00:53:42",1643.1,2,alydhedhi
2308,16691572,"Lord Momo","2026-09-19 14:12:55",1643.1,2,stevenleehans
2309,16946322,"hb and ys","2026-09-26 08:09:47",1642.8,2,hbandys
2310,16831179,"Andrey Baranov","2026-09-23 16:19:45",1642.7,2,baranov
2311,16944358,Kobamiyannnn,"2026-09-23 02:50:24",1642.6,2,kobamiyannnn
2312,16886627,caintly,"2026-09-26 12:37:27",1641.8,2,eyesad
2313,16621616,insuperabilehart,"2026-09-24 15:18:01",1641.7,2,insuperabile
2314,16658777,"Jiarui (Jerry) Cao","2026-09-20 06:23:25",1641.5,2,jiaruicao7
2315,16728996,autowin,"2026-09-20 06:57:56",1639.7,2,atharvjairath
2316,16769849,"Shuwen(Shawn) Ge","2026-09-19 19:21:10",1639.1,2,shuwenshawnge
2317,16799132,"Marlon Vasquez","2026-09-26 12:27:03",1638.8,2,vexmeavf
2318,16665596,chunhu666,"2026-09-26 08:12:26",1638.7,2,chunhu666
2319,16900902,"Younes Chafi","2026-09-23 12:36:44",1638.7,2,youneschafi
2320,16860288,"VIKASH YADAV","2026-09-25 08:53:44",1638.4,2,vikashyadav05
2321,16735741,"Фермеры чист","2026-09-22 17:23:30",1638.4,2,"gdreallygoodman,maksonch1k"
2322,16843522,clouds111,"2026-09-24 13:40:53",1638.3,2,clouds111
2323,16806160,"Hamza Atique ","2026-09-26 11:59:11",1638.3,2,hamzaatique
2324,16656382,Aevion-Labs,"2026-09-23 14:23:35",1638.1,2,aevionlabs
2325,16635600,"Divyansh Kumar","2026-09-26 06:40:37",1637.7,2,"divyanshkumar3,vivekjeetpatel"
2326,16926016,"[KGZ] Aruke Sulaimanova","2026-09-19 15:15:47",1637.5,2,arukesulaimanova1
2327,16761267,"Pranav Arvind","2026-09-19 13:28:32",1637.5,2,pranavarvind
2328,16926545,"Rintaro Washio","2026-09-19 19:02:47",1637.2,1,rintarowashio
2329,16806568,"Mumtaz Ahmad Maitla","2026-09-21 07:45:28",1636.9,2,mumtazahmadmaitla
2330,16630740,"Ramazan Turan","2026-09-19 08:51:11",1636.5,2,ramazanturann
2331,16868304,"Aaron amacadu","2026-09-19 20:18:38",1636.1,2,aaronamacadu
2332,16635067,"Berat Egemen Gök","2026-09-23 19:09:42",1635.0,2,berategemengk
2333,16689926,3MnRho,"2026-09-19 06:59:04",1634.8,2,yongxiangzhao
2334,16623988,"Charismatic Pizza Party🍕","2026-09-19 12:22:20",1633.8,2,debugendless
2335,16793385,"Rishav Utkarsh","2026-09-19 18:07:24",1631.9,2,rishavutkarsh
2336,16668123,B0RN2BL0W0UT,"2026-09-19 19:30:24",1631.4,2,kadenmansur
2337,16690065,JiangWenfeng1,"2026-09-20 05:21:03",1630.9,2,jiangwenfeng1
2338,16726545,whm8016,"2026-09-23 16:17:05",1630.2,2,whm8016
2339,16896572,latentm,"2026-09-26 12:30:30",1630.1,2,"latentm,quannt9,xanvior,xeloria"
2340,16630964,LEEKANG,"2026-09-19 08:43:02",1630.0,2,poby7722
2341,16673230,saitamad,"2026-09-26 09:29:53",1630.0,2,saitamad
2342,16927087,"Arun #2","2026-09-19 21:10:10",1629.8,1,arun8ovfjfdr6
2343,16879879,wulawulacong,"2026-09-18 03:56:01",1628.8,2,wulawulacong
2344,16885933,"Nadeem Kilani","2026-09-23 03:32:45",1628.0,2,fifthway
2345,16637919,NoOneAhead,"2026-09-19 03:24:29",1627.8,2,jerrlu
2346,16740659,haodou092,"2026-09-26 12:28:42",1627.5,2,haodou092
2347,16863212,"Jayanth Koppala","2026-09-21 19:38:51",1627.4,2,jayanthkoppala
2348,16676885,"Riva Kajangu","2026-09-25 19:06:11",1627.4,2,rivakajangu
2349,16802752,hako22,"2026-09-22 01:31:31",1627.1,2,hako22
2350,16655519,CurveCowboy,"2026-09-19 20:47:30",1626.2,2,curvecowboy
2351,16851343,"Ritwika Kancharla","2026-09-19 12:00:55",1624.8,2,ritwikakancharla
2352,16759501,BaconT,"2026-09-22 15:56:11",1624.7,2,bacont
2353,16755808,"Van-Phuc Huynh","2026-09-22 07:21:40",1624.6,2,hvanphucs112
2354,16871053,Ni123456&,"2026-09-25 05:05:05",1624.3,2,bingdongni
2355,16935669,"Timon Wendland","2026-09-23 19:58:41",1624.0,2,timonwendland
2356,16921850,"Leon Sakakibara","2026-09-21 02:05:50",1623.6,2,leonsakakibara
2357,16712134,cf696666,"2026-09-25 14:38:55",1623.5,2,cf33333
2358,16822706,"YUE WU","2026-09-21 00:34:02",1622.4,2,yuewuacademic
2359,16659942,"Abdoulaye DIAW","2026-09-22 09:46:49",1622.2,2,abdoulayediaw25
2360,16885430,zoujustkidding,"2026-09-18 08:42:04",1622.0,2,chenxianshen123
2361,16635314,"Aurora wy","2026-09-18 15:14:20",1621.7,2,aurorawy
2362,16865261,"Kamal Kadakara","2026-09-26 12:28:54",1621.6,2,kamalkadakara
2363,16910041,"Gorgulu Fried Chicken Wings","2026-09-19 22:00:21",1621.3,2,"jingshixu,ooorangecatt"
2364,16661533,wangyuou,"2026-09-25 11:22:49",1621.2,2,wangyuou
2365,16622034,"Aryan Yadav","2026-09-19 05:51:25",1620.6,2,simplexcomplex
2366,16844518,"Haroon Rasheed","2026-09-24 04:47:28",1620.3,2,haroonnsgb
2367,16700207,"S. Mujtaba Hussain","2026-09-23 08:49:23",1620.3,2,smujtabahussain
2368,16723967,dk2lone,"2026-09-26 01:25:11",1619.8,2,dk2lone
2369,16736874,mhiro2,"2026-09-18 03:46:40",1619.6,2,mhiro2
2370,16621315,"Reyhan Ksatria","2026-09-19 11:26:15",1619.2,2,reyhanksatria
2371,16663851,"Harshith revuru","2026-09-19 19:18:24",1619.0,2,harshithrevuru
2372,16922609,rofa2,"2026-09-18 23:05:58",1618.9,2,"gaoyuanjun,zhdmath"
2373,16621628,pupen_o,"2026-09-23 17:16:53",1618.5,2,pupeno
2374,16898165,"Mahmoud Nasser","2026-09-21 20:18:26",1618.2,2,lomnafsk
2375,16701697,Pelican,"2026-09-24 14:11:36",1617.8,2,chetanagrawall
2376,16817750,"Baiqing Wang","2026-09-18 08:46:19",1617.6,2,wangbqbqbq
2377,16866014,htsbrer,"2026-09-20 00:09:51",1617.3,2,ht5brer
2378,16682254,"Jeffery Jerome Harris","2026-09-23 08:26:39",1617.0,2,jefferyjeromeharris
2379,16805906,FENGYESHAN,"2026-09-26 04:07:51",1617.0,2,fengyeshan
2380,16911021,spark328,"2026-09-19 10:30:15",1615.8,2,spark328
2381,16747273,红烧肉,"2026-09-18 09:24:59",1615.2,2,ra1nac1d
2382,16636756,"K.THARUN KUMAR","2026-09-25 00:17:28",1615.0,2,tharunkumar369
2383,16691451,Nakano,"2026-09-20 00:33:55",1614.4,2,spicatom0914
2384,16818060,bnfan,"2026-09-20 00:55:31",1614.0,2,simonfan7
2385,16657623,Restart:),"2026-09-19 16:26:31",1613.8,2,wayne127
2386,16903912,樱花冷月,"2026-09-18 06:28:43",1613.5,2,yinghualengyue
2387,16630274,yutoAb,"2026-09-25 08:13:44",1613.4,2,yutoab
2388,16730446,photunix,"2026-09-24 23:29:29",1612.7,2,photunix
2389,16838589,iCO,"2026-09-21 16:48:44",1612.6,2,takashimaeda
2390,16941958,"Justin Anderson","2026-09-25 10:20:24",1611.9,2,justanderson
2391,16852208,"LONG NT123","2026-09-19 08:30:22",1611.8,2,longnt123
2392,16839580,"Søren Ravn Andersen","2026-09-16 13:57:31",1611.2,2,sorenravn
2393,16764901,"Han Chen","2026-09-22 09:05:16",1610.7,2,puffohan
2394,16657785,"Himanshu Kumar","2026-09-25 01:16:08",1610.5,2,himanshujha2812
2395,16656340,MAGMA,"2026-09-26 01:49:48",1610.5,2,infiheart
2396,16723241,TrinhDung16,"2026-09-19 04:29:59",1610.2,2,trinhdung16
2397,16743852,"Giovanni Giorgio","2026-09-18 14:57:23",1610.0,2,"alexandermlad,erikpymay"
2398,16733839,"Fabian Ruiz","2026-09-19 21:47:07",1609.3,2,fabianruiz3
2399,16884417,"malcolm tan","2026-09-18 18:24:39",1608.9,2,malcolmtan
2400,16882280,K_daisuke,"2026-09-18 16:07:55",1608.3,2,kawakamidaisuke
2401,16689599,Ryvven,"2026-09-25 22:42:27",1608.1,2,unethicalmk
2402,16870780,"John Gates","2026-09-21 11:59:23",1607.7,2,johngates
2403,16927279,santa9150,"2026-09-26 13:14:15",1607.2,2,santa9150
2404,16807373,"junxing peng","2026-09-17 07:28:50",1607.0,2,junxingpeng
2405,16685014,"Vishal Kishore","2026-09-20 11:55:12",1606.7,2,kishorevishal
2406,16672371,Loren-wen,"2026-09-19 02:08:45",1606.7,2,wofusituerte
2407,16622330,"hiroshi murakami","2026-09-26 06:48:51",1606.2,2,zabojeb
2408,16684093,"fog flower","2026-09-26 10:18:11",1605.6,2,"fogflower,gdz007,kitchs,xuesongyin"
2409,16743639,Hanserong,"2026-09-18 06:20:56",1605.6,2,"ronghedragon,rufus666"
2410,16921161,"earl naranja","2026-09-18 14:29:46",1605.5,1,earlnaranja
2411,16653078,pk210495,"2026-09-21 12:11:20",1605.0,2,pk210495
2412,16919736,elda27,"2026-09-22 01:32:59",1604.8,2,elda27
2413,16653044,"Claudex - An","2026-09-18 09:35:31",1603.4,2,"binhdth,buphmquc,hainguyenthien,pntan17"
2414,16796223,"Bohan Shao","2026-09-18 11:27:52",1603.2,2,bohanshao
2415,16823981,"mou mou","2026-09-21 13:30:48",1602.6,2,moumou6322
2416,16734435,Economist,"2026-09-26 11:54:48",1602.3,2,jtheyogi
2417,16635280,"Narendra Sirvi","2026-09-24 04:12:37",1602.2,2,narendras78
2418,16668370,"Matthew Labrador","2026-09-17 14:07:15",1602.0,2,m4tyuuu
2419,16764868,y129besan,"2026-09-19 02:30:37",1601.9,2,y129besan
2420,16623263,ASHML,"2026-09-19 20:19:53",1601.9,2,ashml
2421,16896240,mexlora,"2026-09-23 08:23:06",1601.5,2,"mexlora,nolzixo,qizlona"
2422,16667604,L7n,"2026-09-17 08:29:55",1601.0,2,znwe342
2423,16662318,"Bardia Bahadori","2026-09-18 15:21:53",1599.6,2,bardiabahadori
2424,16746275,LittleScottyy,"2026-09-19 11:11:39",1599.3,2,fongwaiyong
2425,16924209,AmirabbasBF2027,"2026-09-24 19:10:14",1598.9,2,amirabbasbf2027
2426,16810954,BayramAnnakov,"2026-09-19 11:14:29",1598.5,2,bayramannakov
2427,16861885,"Олег Бабков","2026-09-25 20:37:47",1596.8,2,jabberwock78
2428,16658840,sanju25,"2026-09-18 14:32:41",1596.7,2,sanju25
2429,16664506,"Jonatan Asketorp","2026-09-25 15:30:45",1595.4,2,weft169aston
2430,16866933,tech-Mira,"2026-09-18 14:19:35",1595.2,2,itsukiito
2431,16780062,Kousuke55,"2026-09-25 15:01:04",1595.1,2,kousuke555
2432,16855111,PixelPuff,"2026-09-18 20:24:00",1595.0,2,krishpatel290895
2433,16880437,doublek,"2026-09-26 13:16:16",1594.6,2,doublek
2434,16796574,cununn,"2026-09-25 00:09:30",1594.5,2,w007425y
2435,16863551,"Fady Mohammed","2026-09-26 04:39:25",1594.0,2,fadymagdy
2436,16790091,"[Deleted] 0c90d8c7-6287-45e2-a53d-b800213ae7c3","2026-09-23 14:47:14",1593.6,2,del=09910093914da146
2437,16890772,tcipin-egor,"2026-09-19 01:12:37",1593.1,2,egorich51
2438,16675063,"King Tian","2026-09-26 12:56:56",1593.0,2,"serven1,tianwang1210"
2439,16668761,"Lorenzo Regalado","2026-09-18 11:09:06",1592.9,2,lregaladohdez
2440,16897519,SShota-box,"2026-09-18 05:12:20",1592.9,2,sshotabox
2441,16802575,saeNeko,"2026-09-17 07:47:44",1590.8,2,sae20gorilla
2442,16899240,"Abel Mendez","2026-09-25 04:42:43",1590.5,2,abelmendez
2443,16875763,"芳村 愛支","2026-09-20 03:21:14",1590.2,2,shin1012
2444,16826555,AioRaito,"2026-09-18 16:49:58",1590.1,2,aioraito
2445,16721259,Qsj,"2026-09-24 01:31:34",1590.1,2,qiaoshiji
2446,16679245,"Krzysztof Gonia","2026-09-26 10:31:23",1589.9,2,krzysztofgonia
2447,16677938,"Hajime Tamura","2026-09-19 14:56:37",1589.4,2,thajime
2448,16663485,"Jacob Alstrup","2026-09-18 17:30:37",1587.5,2,jacobalstrup
2449,16897955,Diganta,"2026-09-18 15:58:46",1587.4,2,digantabhattacharya
2450,16913591,fly,"2026-09-18 07:06:04",1586.9,2,"azh1sdad,linjingmax,rong414,w1ll1am10,yuhanleo"
2451,16915888,"Steve T","2026-09-20 05:28:41",1586.2,2,jamesfitxroi
2452,16880856,jinxingweilai,"2026-09-17 03:05:31",1585.7,2,jinxingweilai
2453,16655766,前衛,"2026-09-18 16:22:25",1585.7,2,"atharvranjan,shreyasgandhe,siddharth9077"
2454,16944414,Aguacates,"2026-09-26 12:41:33",1584.4,2,"carolinemercedes,joshdankworth"
2455,16888261,"Andreas meling","2026-09-19 22:03:28",1583.2,2,andreasmeling
2456,16635910,K3V1NM,"2026-09-18 13:33:33",1582.6,2,k3v1nm
2457,16907595,"Eric Zhang63","2026-09-18 18:15:50",1582.1,1,"ericzhang63,szqg666"
2458,16623708,"Chekhlov Dmitrii","2026-09-18 13:45:33",1581.6,2,zoli800
2459,16946542,"Siyuan Wang","2026-09-26 13:21:45",1581.2,2,merlynwang
2460,16826999,donaldxu,"2026-09-25 15:15:45",1580.8,2,abc1705
2461,16888648,"MAOSEN ","2026-09-21 10:40:03",1578.9,2,maosen
2462,16677774,"Abdulatif Mahgoub","2026-09-26 07:10:50",1578.6,2,abdulatifmahgoub
2463,16886174,还没想好冥,"2026-09-18 14:45:39",1577.8,2,"fufustory,hashak,linjunren1016,mushroom1763,yamaer"
2464,16848060,juliencst,"2026-09-24 22:10:56",1577.6,2,juliencst
2465,16698560,"Seungjun Lee","2026-09-18 17:11:22",1577.5,2,seungjunleeofficial
2466,16859157,"David Mensah-Gbekor","2026-09-17 22:03:56",1577.4,2,ravdave
2467,16743427,Under遊具,"2026-09-18 06:00:32",1577.0,2,andayougui
2468,16888126,Iminabo,"2026-09-17 16:21:33",1576.9,2,iminabo
2469,16652630,stars_w,"2026-09-18 06:57:00",1575.9,2,starsw
2470,16729488,"Bala vighnesh Reddy","2026-09-20 11:38:40",1575.6,2,balavighneshreddy
2471,16664751,"Cindy Meng90","2026-09-21 08:37:53",1575.2,2,cindymeng90
2472,16623749,Tejas,"2026-09-17 09:53:36",1574.8,2,tejuuss
2473,16659160,"Dmitry Bardonov","2026-09-18 18:20:26",1574.5,2,bdesim
2474,16917982,"Haitao56 ","2026-09-19 14:38:52",1574.1,2,haotao56
2475,16927981,narihz,"2026-09-22 12:25:06",1573.9,2,xiaochaizhen
2476,16912052,"Nana Bast","2026-09-18 16:29:38",1573.5,2,"fontainedefurina,nanabast"
2477,16946666,"Pengfei Yan ","2026-09-25 22:20:31",1572.5,2,pengfeiyan
2478,16775010,"Alexey Kuznetsov","2026-09-19 14:26:40",1572.2,2,legtarrr
2479,16850683,cooked,"2026-09-25 23:52:12",1571.9,2,"jentopia,toasty3302,xenonminer"
2480,16669711,"Anton Shaniuk","2026-09-18 18:08:55",1571.3,2,antonshaniuk
2481,16820607,PeriwinkleBlueOvO,"2026-09-23 12:08:16",1571.2,2,"PeriwinkleBlueOvO,wenqiangao1"
2482,16907699,"zhirong ye","2026-09-18 16:25:01",1570.7,2,zhirongye
2483,16781279,zhyphirus,"2026-09-16 11:08:51",1570.7,2,zhyphirus
2484,16749466,"The Wolf of Wheat Street","2026-09-16 23:35:18",1570.2,2,"lijuantang19,yuemengzheng01"
2485,16772109,Yashvs56,"2026-09-19 11:04:41",1570.1,2,"vivaancyber,yashvs56"
2486,16880975,"Shenyu Ma","2026-09-18 15:19:11",1569.8,2,shenyuma
2487,16806635,digimagi,"2026-09-22 08:18:35",1569.3,2,digimagi
2488,16875968,"Dias Bakhtiyarov","2026-09-16 19:41:15",1569.0,2,diasbakhtiyarov
2489,16856629,Methematics,"2026-09-17 15:14:04",1568.0,1,pavelvasilevskiy
2490,16798989,"Harvest Sun","2026-09-17 06:18:22",1567.0,2,zaoooo29
2491,16897870,妮选择遗忘的,"2026-09-17 13:59:51",1566.3,2,yk120951
2492,16706395,"Kunal Desale","2026-09-18 04:08:03",1565.6,2,kunaldesale2408
2493,16891588,Krtecek,"2026-09-20 11:16:13",1565.6,2,krtecek
2494,16843555,sol12378,"2026-09-22 05:46:50",1565.3,2,sol12378
2495,16740010,"[Deleted] 3d43f904-9731-4807-b835-0ae07351a8c7","2026-09-20 18:57:10",1565.0,2,del=230950f98ee5f235
2496,16709930,llRX,"2026-09-23 07:11:17",1564.6,2,"bankkobe,leojeel,ruikaihong"
2497,16667880,DOPEなNOUFU耕すHOPE👨‍🌾,"2026-09-25 00:02:40",1563.3,2,"shin9915,syamoji141chan"
2498,16912371,Dorararra,"2026-09-23 03:37:28",1562.9,2,dorafairy661
2499,16948146,tsuka3a_soc,"2026-09-25 16:10:00",1561.7,2,tsuka3asoc
2500,16866968,HXS-CF13,"2026-09-20 00:49:11",1561.3,2,hxscf13
2501,16680144,AM,"2026-09-17 15:52:11",1561.1,2,adammekky
2502,16669089,YujieXing10,"2026-09-22 18:01:14",1561.1,2,yujiexing10
2503,16891562,"Weverton Guedes","2026-09-25 12:29:45",1560.7,2,owevertonguedes
2504,16676063,"Kembang Melon","2026-09-22 01:54:48",1559.1,2,wajawaja
2505,16799769,manyuA,"2026-09-22 04:52:29",1558.4,2,"forheuristiclifeksh,manyua,realhonest"
2506,16652451,JackGong,"2026-09-25 13:32:45",1558.0,2,jackgong
2507,16643693,"Kerem çelik","2026-09-23 07:50:21",1557.5,2,keremelik
2508,16774712,icelemon2004,"2026-09-26 10:05:25",1557.5,2,"guanghuchen,icelemon2004,mustard64"
2509,16849125,"OBSTACLE DEVELOPER","2026-09-26 09:46:19",1557.4,2,obstacledeveloper
2510,16739019,quzhihang,"2026-09-23 08:28:40",1557.2,2,quzhihang
2511,16915895,Shaylynn,"2026-09-17 15:58:29",1557.2,1,shittttttt
2512,16899300,"Yassine Chritt","2026-09-17 06:31:14",1555.5,2,yassinechritt
2513,16936777,tagokoro,"2026-09-24 05:14:27",1554.6,2,tagokoro
2514,16926797,aurnik,"2026-09-24 19:26:39",1554.0,2,aurnik
2515,16773170,"yy li","2026-09-24 03:40:48",1553.7,2,yangyili11
2516,16934864,"Li Li","2026-09-26 02:39:39",1552.3,2,aikinogard
2517,16854776,aruuu,"2026-09-24 03:30:09",1550.2,2,arruuu
2518,16668262,spbforce,"2026-09-25 09:58:17",1550.1,2,spbforce
2519,16667346,Artwenty-six,"2026-09-26 05:00:30",1549.9,2,rezakautsarinsani
2520,16860811,XiaoXiaoJ,"2026-09-17 19:38:39",1549.4,2,xiaoxiaoj
2521,16681100,Chiranjith,"2026-09-17 11:37:34",1548.9,2,chiranjithdharma
2522,16644481,Liquidus,"2026-09-16 02:57:18",1547.2,2,liquidus
2523,16940722,"Jalen ShiAo","2026-09-22 08:39:38",1547.0,1,jalenshi
2524,16862096,"Saksham Gupta","2026-09-26 13:06:56",1546.6,2,mashug
2525,16626203,"Manish Kumar Maurya","2026-09-19 19:39:02",1546.5,2,manishkumarmaurya11
2526,16830526,"Raghav Agrawal","2026-09-23 17:42:54",1546.4,2,raghagra
2527,16830678,Voodoo_m88,"2026-09-26 05:18:05",1546.0,2,voodoom88
2528,16681464,Amyel21,"2026-09-17 18:28:33",1545.6,2,amyel21
2529,16729192,1m0ke,"2026-09-26 00:28:28",1543.8,2,smokelate
2530,16641548,"Indium AI Labs","2026-09-17 08:19:29",1543.4,2,"devaanshpa,wolframbopp"
2531,16931127,taipen,"2026-09-26 12:47:36",1543.3,2,pankhuri001
2532,16785884,"Yatharth Maheshwari","2026-09-26 01:23:37",1542.4,2,realrudraa
2533,16655654,Cacinie,"2026-09-17 15:36:29",1542.2,2,cacinie
2534,16853125,"BEIKE YAN","2026-09-21 02:10:30",1542.1,2,craigsid
2535,16805778,"Dương Đức Anh","2026-09-17 14:52:22",1541.7,2,"dda2k6,trungdttik55"
2536,16654373,thwaitsusa2,"2026-09-26 04:11:29",1541.5,2,thwaitsusa2
2537,16655263,rishavsaigal,"2026-09-25 08:49:02",1540.4,2,rishavsaigal
2538,16738408,kujitama,"2026-09-17 12:13:20",1540.2,2,tyamujin
2539,16738534,"Sakito Horie","2026-09-16 14:14:19",1539.9,2,sakitohorie
2540,16664111,"John Park","2026-09-21 14:31:23",1539.5,2,sigint
2541,16814375,"Yuta Eiki","2026-09-18 02:27:16",1538.7,2,wildauk
2542,16673131,"Arfin Mustofa","2026-09-17 01:40:55",1538.4,2,arfinmustofa
2543,16897094,Ryota-Di,"2026-09-23 01:49:48",1537.8,2,ryota6230
2544,16894457,kento2002,"2026-09-17 16:44:18",1535.7,2,kento2002
2545,16621610,NMarkS,"2026-09-21 12:03:36",1535.5,2,nmarks
2546,16707994,"Ayush Gupta #2","2026-09-17 22:21:54",1535.1,2,desmond6101
2547,16881600,"Yoshihiro Hatakeyama","2026-09-21 03:41:49",1534.8,2,yoshihiro1909
2548,16909973,"Tri Tuc Cao","2026-09-17 09:59:28",1534.6,1,tricao
2549,16674174,"Ramesh Arvind","2026-09-25 08:46:18",1533.2,2,rameshln
2550,16662749,Jordan,"2026-09-26 03:47:23",1533.0,2,extergeist
2551,16898547,"[Deleted] 56e880dc-015c-4899-9c1b-85d9958ef4af","2026-09-15 18:25:34",1532.1,2,del=84798c2d77df7d9d
2552,16731415,BOB,"2026-09-26 00:01:22",1532.1,2,hotpotbro
2553,16891851,kamranahmmed,"2026-09-23 12:49:22",1531.5,2,kamranahmmed
2554,16913081,"Danil Bashkirov","2026-09-18 08:37:53",1531.3,2,chieph
2555,16743656,Deskbo,"2026-09-16 13:45:12",1530.8,2,deskbo
2556,16876520,OpenModelMap,"2026-09-18 15:05:55",1529.8,2,openmodelmap
2557,16770842,yatakeuc,"2026-09-25 13:04:27",1529.6,2,yatakeuc
2558,16697249,"Sudharsana Rajasekaran","2026-09-24 01:19:07",1528.6,2,sudhan03
2559,16687479,kowalskii,"2026-09-17 08:52:42",1528.1,2,anirudhkumaraheer
2560,16632377,"Legend Brothers","2026-09-26 02:47:10",1528.0,2,"holeguma,shunhirota"
2561,16897719,"Muhammad Aashir Irshad","2026-09-21 14:44:03",1527.3,2,muhammadaashirirshad
2562,16682667,"zeel vavliya","2026-09-26 10:43:07",1526.7,2,zeelvavliya
2563,16791873,Eldritch,"2026-09-25 05:54:39",1526.5,2,"sanjay6727,thefool00"
2564,16701948,"Shaokai Zhang","2026-09-19 10:58:04",1525.9,1,shaokaizhang
2565,16861616,"Gagan Deep","2026-09-20 14:50:30",1525.8,2,gagandeep1
2566,16910590,Hubillionaire,"2026-09-17 06:56:01",1525.5,2,hubillionaire
2567,16751899,peggy,"2026-09-26 09:51:11",1525.2,2,refrigerator21
2568,16914244,Poemcourt,"2026-09-17 11:14:15",1525.1,1,poemcourt
2569,16796484,"Ryutaro Tsujii","2026-09-24 22:48:14",1524.0,2,ryutarotsujii
2570,16832209,enduejdu,"2026-09-24 15:26:26",1523.4,2,"cliff376,enduejdu,vvennie,yuwenyue"
2571,16697185,"Prince Special","2026-09-25 05:19:25",1522.5,2,temitayogbolahan
2572,16839902,"Sōsuke Aizen","2026-09-16 19:50:03",1522.4,2,"soukeaizenz,souvikdbiswas"
2573,16881681,失忆的海_,"2026-09-26 07:05:59",1522.4,2,shiyidehai
2574,16639844,MaxChen303,"2026-09-20 03:12:58",1522.4,2,maxchen303
2575,16773064,"Sonu Yadav","2026-09-26 02:38:10",1522.3,2,sonuyadav710
2576,16908116,"Kabir Potdar","2026-09-16 18:40:56",1522.3,2,kabir01010
2577,16827097,"Bình Trần Thanh","2026-09-16 03:47:00",1521.7,2,dsdadasda
2578,16754567,"Ashraf 1232","2026-09-21 22:14:18",1521.6,2,ashraf1232
2579,16721384,Hackoholics,"2026-09-16 05:57:18",1521.4,2,"limyenhui,richierx"
2580,16641130,LitvinKA,"2026-09-26 11:07:00",1521.2,2,litvinka
2581,16806249,CLJY,"2026-09-24 03:05:08",1521.0,2,cljy2026
2582,16892796,FunLegendGaming,"2026-09-17 16:27:04",1520.8,2,funlegendgaming
2583,16933118,wkdbskwsm,"2026-09-24 08:54:21",1520.6,2,wkdbskwsm
2584,16623577,"Jiayi Tang","2026-09-24 11:24:41",1518.6,2,mannguo
2585,16793553,hoon0303,"2026-09-16 12:38:01",1518.6,2,hoon0303
2586,16621683,Shivangoudaa,"2026-09-16 16:04:07",1518.4,2,ishivapatil
2587,16849778,"Kim Minh","2026-09-22 03:21:00",1518.1,2,hanming14
2588,16825340,xiaoBOSS97,"2026-09-21 15:18:33",1518.0,2,xiaoboss97
2589,16685342,"Kanth Da","2026-09-21 04:15:12",1518.0,2,"kanthda,riteeshreddybysani"
2590,16915300,wanhty,"2026-09-18 13:43:54",1517.5,1,wanhty
2591,16692711,Deniz,"2026-09-16 14:51:14",1517.5,2,denizeryilmaz
2592,16676034,"Songyot P","2026-09-18 06:33:06",1517.4,2,songyotpi
2593,16855477,SiriusStarRally,"2026-09-16 09:32:59",1517.4,2,siriusstarrally
2594,16791828,Ling,"2026-09-14 21:50:30",1517.1,2,lingbia
2595,16777138,"Anna Pakhaliuk","2026-09-23 14:23:22",1516.5,2,annapakhaliuk
2596,16778417,"TANG BUDU 19SD195","2026-09-26 10:40:56",1515.8,2,tangbudu19sd195
2597,16716012,LaiCxm,"2026-09-24 11:50:02",1514.6,2,laicxm
2598,16676762,"Tomas Escobar Rivera","2026-09-16 01:46:24",1514.6,2,tomasescobarrivera
2599,16726816,"Games Jadley","2026-09-24 22:02:50",1514.4,2,gamesjadley
2600,16697139,Stocks152,"2026-09-20 04:10:05",1514.3,2,stocks152
2601,16907222,"Harshith Kumar","2026-09-16 17:13:57",1514.1,2,harshith1212a
2602,16736985,Colt,"2026-09-17 01:14:29",1513.5,2,nht1990
2603,16743172,moonzfxs,"2026-09-23 15:34:29",1513.4,2,moonzfxs
2604,16669490,hinemos,"2026-09-26 08:57:29",1513.1,2,hinemos
2605,16758954,shenjj02,"2026-09-17 02:30:08",1513.1,2,shenjj26
2606,16849328,"Gaurav #2","2026-09-17 13:14:38",1512.5,2,genesis96839
2607,16729102,"Bruce Zheng","2026-09-16 06:58:02",1512.3,2,brucezheng666
2608,16693439,"Ankit Hemant Lade","2026-09-24 23:26:13",1511.5,2,"ankitlade12,jsaikrishna"
2609,16688460,lllleeeo,"2026-09-16 17:38:13",1511.4,2,lllleeeo
2610,16763551,"PRASHANT SHUKLA91","2026-09-25 07:45:10",1511.1,2,prashantshukla91
2611,16732735,MMMMMMMMMMMM,"2026-09-16 14:57:27",1510.2,2,hyh273279
2612,16845382,Alpha_Ashwin007,"2026-09-23 20:31:55",1510.2,2,alphaashwin007
2613,16661622,"Ergin Akın","2026-09-21 17:19:04",1510.0,2,erginakin
2614,16651257,PursueML,"2026-09-22 16:24:27",1509.9,2,"cuijohn,pursueml"
2615,16895014,trying_out,"2026-09-15 20:03:10",1508.5,2,"samiatisha,vickysynapsev"
2616,16714134,"Raul Tinajero","2026-09-17 19:57:39",1508.1,2,raultinajeroo
2617,16661362,BEETRiX🦋,"2026-09-25 21:08:13",1507.5,2,johannaleighdeley
2618,16796544,"Xiaonan FU","2026-09-16 01:44:11",1507.2,2,xiaonanfu999
2619,16748738,Shymohn,"2026-09-17 07:01:37",1506.8,2,shymohn
2620,16857404,gachichan,"2026-09-16 23:58:47",1506.1,2,gachichan
2621,16662380,"Brandon Calderon-Morales","2026-09-16 03:44:42",1505.7,2,bmoe640
2622,16847311,WangYilin_henuAI,"2026-09-21 03:46:35",1505.7,2,"hyhyyh,violin1,xiaoming1238952"
2623,16752019,"Kaipeng Zheng","2026-09-20 08:37:16",1505.2,2,kaipengzheng
2624,16945263,liyupengli,"2026-09-26 12:41:58",1504.9,2,"easonrao,huhuown,liyupengli,mikesun20110408"
2625,16702275,Joyal,"2026-09-16 09:41:16",1504.6,2,joyalseejo
2626,16896854,photonova,"2026-09-15 12:29:25",1504.3,2,photonova
2627,16878308,Pjchauhan,"2026-09-25 04:59:56",1504.2,2,pjchauhan
2628,16768543,caas_sicca,"2026-09-19 07:56:21",1503.6,2,caassicca
2629,16662681,"Vernon Campbell","2026-09-18 01:51:57",1503.4,2,vernoncampbell
2630,16862967,Unicorns,"2026-09-15 17:50:14",1502.8,2,"isaacjiang,ryokitano"
2631,16655682,"Azamat Sadikov","2026-09-16 23:07:23",1501.0,2,azamatsadikov
2632,16710466,"Charles Backman on LinkedIn","2026-09-14 14:14:42",1500.1,2,charlesbackman
2633,16670933,Pat,"2026-09-15 05:34:10",1499.6,2,junseia
2634,16939076,"camron sanders","2026-09-25 12:52:24",1498.7,2,camronsanders
2635,16709872,"Tim McGarvey","2026-09-25 15:08:40",1498.4,2,timmcgarvey
2636,16908832,"ranya marwan","2026-09-18 20:46:58",1498.3,2,ranymarwan286
2637,16735794,宗宗没有英文名,"2026-09-26 12:52:38",1498.0,2,iver666
2638,16838625,kyohei2106,"2026-09-17 22:37:42",1497.9,2,kyohei2106
2639,16662314,"Hanh Tran","2026-09-16 09:57:42",1497.1,2,honghanhhh
2640,16690401,Skyspace,"2026-09-16 11:02:11",1497.0,2,empireblue
2641,16761324,WLYYYo,"2026-09-22 14:15:28",1496.8,2,wlyyyo
2642,16924959,"Shun Liou","2026-09-24 03:35:42",1496.4,2,shunliou
2643,16752104,WYSSR1225,"2026-09-26 12:08:11",1495.9,2,wyssr1225
2644,16671504,Agentmaster,"2026-09-16 15:21:27",1495.9,2,"kinjaza,shawnno"
2645,16903970,qorlin,"2026-09-16 03:12:00",1495.8,2,qorlin
2646,16693342,takemo,"2026-09-26 13:21:03",1495.3,2,takemoriyuto
2647,16886193,"Xiaoyong Zhu","2026-09-15 01:23:47",1495.0,2,xiaoyzhu
2648,16807380,"D × MirAI","2026-09-25 07:43:33",1494.9,2,kmnkmn
2649,16885548,"Anand Kumar 369o","2026-09-16 15:24:25",1494.7,2,anandkumar369o
2650,16730326,atsushi11o7,"2026-09-24 23:07:49",1494.1,2,atsushi11o7
2651,16630713,"Grzegorz Sionkowski","2026-09-16 11:44:56",1493.7,2,sionek
2652,16915374,"Muaz Husaini","2026-09-21 06:18:49",1493.3,2,muazhus
2653,16824010,yuxingyizhou,"2026-09-18 03:29:21",1493.1,2,yuxingyizhou
2654,16751603,xxxzzz123312123321,"2026-09-24 02:40:01",1493.0,2,xxxzzz123312123321
2655,16854472,Taimo,"2026-09-16 14:56:55",1492.4,2,taikimori
2656,16907576,"Dat Nguyen Viet","2026-09-16 16:39:59",1492.2,2,datnguyenviet
2657,16725947,SamarthRawat18,"2026-09-24 16:29:45",1491.9,2,samarthrawat18
2658,16865570,"Kedar Kale","2026-09-22 14:32:10",1491.1,2,kedarkale
2659,16881248,Veerakrishna,"2026-09-17 16:30:12",1490.7,2,veerukhannan
2660,16640780,"drezna ultra","2026-09-18 14:14:35",1490.5,2,notakes
2661,16904006,vorlian,"2026-09-16 03:18:09",1490.3,2,vorlian
2662,16774699,"Rio Nakamura","2026-09-16 09:25:16",1489.7,2,rionakamura10
2663,16867924,PeaBrain,"2026-09-16 01:22:29",1489.6,2,abiruekanayaka1
2664,16728135,sukirman,"2026-09-16 03:25:01",1488.6,2,rakbidb
2665,16634493,xixi,"2026-09-15 16:40:52",1488.0,2,huangcarry26
2666,16893291,"We Want... A Shrubbery!","2026-09-17 21:55:10",1487.4,2,timlongii
2667,16864346,"Yanwei Lu","2026-09-15 19:27:35",1487.3,2,yanweilu
2668,16915820,CjzmFeng,"2026-09-26 11:32:52",1487.0,2,cjzmfeng
2669,16840576,kfsky,"2026-09-19 11:16:48",1486.7,2,kengofujii
2670,16744342,"glupez ","2026-09-23 16:52:06",1486.4,2,glupez
2671,16847620,york1to,"2026-09-15 19:10:35",1486.0,2,yorkkang
2672,16908326,"Cristiano M Martins","2026-09-25 18:47:00",1485.9,2,cristianommartins
2673,16623199,"Jesse Ferguson","2026-09-25 22:32:37",1484.9,2,jesseferguson
2674,16764546,Thirst,"2026-09-15 13:07:32",1484.8,2,wahidakram
2675,16905157,Moonyk,"2026-09-16 08:16:37",1484.6,1,moonyk
2676,16794542,ysd1110,"2026-09-15 15:36:07",1484.5,2,ysd1110
2677,16850078,"Safwan Amin","2026-09-16 16:53:04",1484.5,2,bracu23101281
2678,16904305,"YICHEN PAN","2026-09-16 18:39:53",1484.2,2,sakanamango
2679,16905643,yngd99,"2026-09-16 12:32:42",1484.2,1,yngd99
2680,16896886,"hemloock ","2026-09-15 12:35:43",1484.1,2,hemloock
2681,16635418,ocean240812,"2026-09-23 10:27:41",1483.9,2,ocean240812
2682,16854521,koumiyata,"2026-09-25 22:20:51",1482.8,2,koumiyata
2683,16864125,culture,"2026-09-15 12:50:09",1482.6,2,shkurak
2684,16746372,"Meerub Atiq","2026-09-18 13:00:49",1481.6,2,meerubatiq
2685,16842246,montplusa,"2026-09-17 00:59:05",1481.5,2,montplusa
2686,16750931,"Antonio Rotundo","2026-09-19 12:04:18",1481.5,2,antoniorotundo2
2687,16676278,"Om Sangwan","2026-09-23 15:04:01",1480.0,2,omsangwan
2688,16739181,yamu_duck,"2026-09-18 12:14:10",1479.0,2,crazyleg11
2689,16640540,QYQ1693,"2026-09-16 03:29:19",1477.2,2,qyq1693
2690,16896033,omnifluxor,"2026-09-15 09:40:03",1477.1,2,omnifluxor
2691,16826719,"Dennis HT","2026-09-18 09:43:32",1477.0,2,dennisht
2692,16895927,logicorix,"2026-09-15 09:30:21",1476.9,2,logicorix
2693,16875986,"k hori ","2026-09-15 16:45:11",1476.2,2,khori7
2694,16872207,"Tèo Búng","2026-09-18 08:06:06",1476.2,2,teobung
2695,16694346,ywwywww,"2026-09-14 07:52:56",1475.9,2,ywywww
2696,16797029,phospholipid,"2026-09-20 23:17:05",1475.7,2,phospholipid0614
2697,16671133,Kazeneko,"2026-09-14 22:39:30",1475.6,2,kazeneko77
2698,16622531,"musya lyusya team","2026-09-15 17:44:15",1474.7,2,vswz2nqp
2699,16877685,"Felipe Figueiredo","2026-09-24 02:47:56",1474.3,2,felipefigueiredo02
2700,16887661,magic101,"2026-09-14 22:48:26",1474.2,2,magicbuttons
2701,16887142,backsider,"2026-09-16 09:34:44",1473.4,2,backsider
2702,16757320,Jingxiang,"2026-09-12 22:11:32",1473.1,2,jingxiango
2703,16673370,JeovaAnderson,"2026-09-24 15:45:12",1472.9,2,jeovaanderson
2704,16706576,王一凡,"2026-09-23 01:33:57",1472.4,2,"liuziyang1016,mikakohinata68"
2705,16710499,sukeke,"2026-09-15 04:28:10",1472.3,2,sukeke
2706,16730713,"Michael Mueller","2026-09-20 19:57:03",1472.2,2,michaelmueller26
2707,16651806,shawnYiB,"2026-09-24 14:34:14",1471.7,2,"mike17cui,shawnyib"
2708,16692038,CodeHacker,"2026-09-26 04:42:34",1471.6,2,junhanzangai
2709,16881237,"Chunlai Li","2026-09-26 12:30:35",1470.8,2,lichunlai123
2710,16791999,"Dashi Tsybikzhapov","2026-09-22 09:40:23",1470.0,2,dashitsybikzhapov
2711,16709950,"Ryan Myers","2026-09-25 05:52:17",1469.7,2,ryanmyers03
2712,16670504,Shirabe,"2026-09-17 03:00:23",1469.6,2,carlmakt
2713,16767960,"Yuvraj Bhati","2026-09-14 23:24:32",1469.5,2,avioon
2714,16731799,"Ansh The Farmer 👩‍🌾","2026-09-15 19:05:59",1468.7,2,affection
2715,16662628,AbhiniveshSharma5354,"2026-09-15 06:38:39",1468.6,2,abhiniveshsharma5354
2716,16893208,hongan,"2026-09-15 21:49:30",1468.6,2,honganzhu
2717,16653127,"Talim Aushakhman","2026-09-15 17:29:46",1468.2,2,talimaushakhman
2718,16665637,Luvsh81,"2026-09-15 14:36:39",1468.1,2,luvsh81
2719,16889004,SkOnTheRocks,"2026-09-15 11:43:43",1467.0,2,skontherocks
2720,16682306,岸本湧士郎,"2026-09-15 05:27:08",1466.9,2,yushiro20021111
2721,16664459,gngnher,"2026-09-26 09:26:54",1466.9,2,ryanshunsuke
2722,16891791,judy12345.0316,"2026-09-15 05:38:38",1466.8,2,judy123450316
2723,16878353,"Hongbin Gu","2026-09-16 02:18:10",1466.8,2,guhongbin
2724,16802442,"Rabia Eda Yılmaz","2026-09-15 19:10:02",1466.1,2,truthisneverlinear
2725,16742159,mimi！,"2026-09-16 05:57:58",1465.9,2,"morongzhu,we111135"
2726,16896267,HendraDanuSaputraChauwito,"2026-09-16 12:37:41",1465.8,2,usilisme
2727,16646970,juewang1p,"2026-09-21 13:00:11",1465.6,2,juewang1p
2728,16903902,wanghaozhi,"2026-09-20 02:00:08",1465.2,2,wanghaozhi
2729,16732945,"Aru Ohta","2026-09-22 14:21:41",1465.1,2,aruohta
2730,16681893,morality0707,"2026-09-26 12:01:53",1464.3,2,morality0707
2731,16630129,"Yi Lu","2026-09-16 01:54:33",1464.1,2,liqiu0224
2732,16637973,StephenNedumpally,"2026-09-15 07:50:55",1463.0,2,stephennedumpally
2733,16845020,AGI,"2026-09-17 18:19:05",1462.3,2,"guusadema,tgroen3"
2734,16679004,"Kevin Zhao","2026-09-22 07:36:22",1462.2,2,kevinzhao666
2735,16895926,Zengr1,"2026-09-17 09:58:50",1461.1,2,zengr1
2736,16931121,Caocao,"2026-09-24 12:27:11",1460.4,2,caocaoIvy
2737,16881350,xwl_tree,"2026-09-18 10:40:29",1460.3,2,xwltree
2738,16691001,"Mahmoud Abdelshafy","2026-09-14 20:08:03",1459.6,2,mahmoudabdshafy
2739,16759849,kkanayj,"2026-09-25 12:56:58",1459.2,2,kkanayj
2740,16866971,imriad,"2026-09-23 04:26:59",1458.7,2,riadhhossain
2741,16716078,H&E,"2026-09-24 02:00:13",1458.5,2,"jenzenhuang,luwyeb,wafflebear,wenjiewangdev"
2742,16755099,"Aleksandr Ulianin","2026-09-14 12:05:33",1458.2,2,aleksandrulianin
2743,16777137,Bernardus,"2026-09-25 08:18:07",1458.1,2,bernubritz
2744,16623643,LiXingtao,"2026-09-26 06:08:23",1457.6,2,lixingtao123
2745,16720316,"Hưng Trần","2026-09-16 10:27:05",1457.1,2,hungtrabiz
2746,16893402,tedo,"2026-09-15 00:05:46",1456.5,2,takuroedo
2747,16625082,真的懒,"2026-09-19 06:14:56",1455.8,2,gtccc9
2748,16891432,porzlck,"2026-09-17 10:07:44",1455.4,2,orzlck
2749,16728321,Rohitt_94,"2026-09-14 11:49:40",1455.1,1,rohitt94
2750,16669441,"Chirag Desai","2026-09-18 15:03:16",1454.8,2,cid007
2751,16845165,Tanuki_boosting,"2026-09-13 12:41:51",1453.9,2,miyamotodaiya
2752,16640600,"Giord Frank","2026-09-26 07:36:04",1453.3,2,"fggggg12345,tangerinedog"
2753,16845112,"Robert Baburin","2026-09-20 18:23:29",1453.3,2,robertbaburin
2754,16709504,U023,"2026-09-14 16:44:14",1452.6,2,ryutek
2755,16764301,"Quýt đây đừng sợ","2026-09-20 15:19:28",1452.0,2,ponschannel
2756,16677399,lyts,"2026-09-26 08:54:14",1451.2,2,lytsyyds
2757,16730495,joinus,"2026-09-15 08:34:22",1450.5,2,joinus2003
2758,16841440,CornFormer,"2026-09-17 03:03:35",1450.2,2,linyangtian
2759,16924679,"Vandan Sharma","2026-09-20 09:50:10",1450.1,2,vanam56
2760,16892272,"Leo #3","2026-09-14 15:44:18",1449.8,1,leo123321
2761,16731577,RYnerv,"2026-09-14 11:33:32",1449.7,2,rynerv
2762,16806728,"Neural Knight","2026-09-24 16:39:55",1449.4,2,"chinmaymnaik,sivasainath06"
2763,16843303,inori315,"2026-09-14 13:31:27",1449.0,2,inori315
2764,16862582,StephaneB7899,"2026-09-14 02:34:17",1448.1,2,stephaneb7899
2765,16709236,rick11224,"2026-09-13 16:37:58",1447.8,2,rick11224
2766,16682032,"Satkar sarvankar","2026-09-25 14:17:58",1447.5,2,satkar003
2767,16630312,beijijun,"2026-09-14 12:04:11",1446.9,2,beijijun
2768,16669594,euorrl,"2026-09-19 22:06:36",1445.5,2,euorrl
2769,16875618,"Joel P. Joseph","2026-09-25 13:57:41",1445.0,2,joelpjoseph
2770,16624109,"Nguyễn Thế Minh Đức","2026-09-15 01:01:29",1445.0,2,nguynthminhc
2771,16835851,ruizhichen,"2026-09-22 16:59:50",1444.7,2,ruizhichen
2772,16713335,"Muhammad Imran","2026-09-14 09:42:21",1444.6,2,muhammadimranchitral
2773,16696716,MatiasMG,"2026-09-25 06:10:49",1444.6,2,matiasmgonzalez
2774,16918151,"Hidenori Sasaki","2026-09-25 16:49:57",1444.5,2,hidenorisasaki
2775,16674295,"Nguyễn Minh Hiếu","2026-09-19 07:44:18",1444.1,2,endermage
2776,16863335,"Bright Choice AI","2026-09-26 09:10:56",1444.1,2,brightchoiceai
2777,16854842,ijiiok,"2026-09-21 11:46:42",1443.9,2,ijiiok
2778,16886979,"Ivan Toropin","2026-09-13 21:21:17",1443.0,2,ivantoropin
2779,16674586,"Stanislav Ilin","2026-09-15 13:33:30",1442.3,2,stanislavilin2026ai
2780,16754838,"Berkay Özkan","2026-09-25 12:57:20",1442.1,2,berkayzkan
2781,16810030,fukumayo,"2026-09-23 05:07:59",1441.7,2,fukumayouta
2782,16936434,joshuag99,"2026-09-21 22:33:29",1441.6,2,joshuag99
2783,16861256,lizh2025,"2026-09-16 15:02:06",1441.1,2,lizh2025
2784,16622788,Fitzcarraldo,"2026-09-26 09:37:41",1441.0,2,ivankuc
2785,16672121,"Tiger bonbon","2026-09-14 03:41:59",1440.6,2,fujiwarayuto
2786,16828191,wanghongwei111,"2026-09-14 13:07:32",1439.8,2,wanghongwei111
2787,16661539,"Ilia Mironov","2026-09-23 22:03:44",1439.7,2,millcool
2788,16684704,LIQUIDHORSE,"2026-09-14 17:57:58",1439.2,1,liquidhorse
2789,16667766,vasujain7,"2026-09-14 17:44:19",1439.2,2,vasujain7
2790,16884892,AQiDA19,"2026-09-14 02:32:26",1438.8,2,aqida19
2791,16722295,"Yuya Shintani","2026-09-20 16:06:02",1438.7,2,uplus26e7
2792,16840921,evolved,"2026-09-15 05:03:46",1438.1,2,algunion
2793,16758817,Ruwawa,"2026-09-15 14:26:15",1438.0,2,ruwawa
2794,16891334,"Ruslan Akhmetov","2026-09-14 12:21:55",1436.7,1,ecolla999
2795,16726616,9Hash,"2026-09-26 10:46:04",1436.1,2,hashimrazi
2796,16760515,"Kazuo Watanabe","2026-09-14 12:06:35",1435.6,2,watanabekazuo
2797,16846069,"Bryce Muhlnickel","2026-09-14 03:27:19",1435.6,2,tokenjunkielabs
2798,16868001,"Young MacDonald","2026-09-18 15:16:22",1435.6,2,natert
2799,16769435,"Nguyễn Mạnh","2026-09-21 04:23:56",1435.4,2,nguyenmanh97
2800,16939133,wang,"2026-09-26 10:25:54",1435.0,2,tombryant
2801,16845023,zhtmgxr,"2026-09-17 04:53:03",1434.9,2,zhtmgxr
2802,16840588,Q.Ai,"2026-09-13 19:36:27",1434.8,2,"alperennbaran,hseyinemre134"
2803,16655844,MAFIN,"2026-09-14 12:37:15",1434.7,2,moneyman91
2804,16654742,"Aastik Rajan15","2026-09-14 11:58:25",1434.6,2,aastikrajan15
2805,16707303,meTeam,"2026-09-24 18:14:20",1434.4,2,aaronzribi
2806,16630784,"🚜 Sub-Par Seedlings","2026-09-15 16:54:05",1434.3,2,"dwellement0baser,michaellist,oneupkiwi,wilhelmberghammer"
2807,16791254,player123,"2026-09-21 15:21:23",1433.3,2,prashantbhattarai093
2808,16723427,"Nikita Biryukov","2026-09-14 07:00:48",1433.1,2,bnikita
2809,16810141,"Sijie Ma","2026-09-13 14:22:49",1433.0,2,"dimashitong112,sijiema"
2810,16841799,珍珠,"2026-09-14 16:49:56",1432.9,2,luochen6
2811,16621355,Raiden.B,"2026-09-22 16:08:44",1432.6,2,raidenb
2812,16861637,薄荷喵呜,"2026-09-12 09:39:16",1432.5,2,bohemiao
2813,16756698,savoelh,"2026-09-25 19:05:51",1432.4,2,savoelh
2814,16783537,JustinybGao,"2026-09-20 15:51:23",1432.3,2,justinybgao
2815,16780279,"N Divij","2026-09-12 18:30:06",1430.9,2,divijio
2816,16659395,HyperX,"2026-09-15 11:53:22",1430.5,2,"diversedharun,harishinkaggle"
2817,16809200,v0m0v,"2026-09-13 12:09:18",1430.2,2,maguchiya
2818,16793755,"Juank Suarez","2026-09-20 02:45:18",1430.1,2,juanksuarez
2819,16639642,c-number,"2026-09-13 03:29:40",1430.1,2,cnumber
2820,16658426,RIVEN23,"2026-09-15 04:02:51",1429.4,2,riven5
2821,16735353,我是刘大聪,"2026-09-14 16:55:50",1429.0,2,smartorz
2822,16847725,SOLUCIENCE,"2026-09-22 14:41:42",1429.0,2,solucience
2823,16659286,shane18,"2026-09-26 12:03:01",1428.9,2,shane18
2824,16918568,"Penn Lam","2026-09-24 09:56:43",1428.7,2,pennlam
2825,16657276,"Пётр П","2026-09-25 22:36:49",1428.6,2,petrinvest
2826,16686155,梁圣的恩情还不完,"2026-09-14 14:08:46",1428.4,2,yyyyhhhhwww
2827,16697411,VynoDePal,"2026-09-20 23:47:47",1428.3,2,kvynodjo
2828,16658382,vladee,"2026-09-22 15:31:10",1428.2,2,vladee
2829,16672448,"Crisis Liu","2026-09-23 05:47:19",1427.8,2,crisisliu
2830,16802410,"Aleksandr  Larko","2026-09-14 02:42:42",1427.2,2,alexxanderlarko
2831,16793452,"Ghazaros Ghazaros","2026-09-25 10:59:42",1427.1,2,ghazarosghazaros
2832,16698726,加油,"2026-09-14 12:25:38",1426.3,2,honeeyl
2833,16763457,"Mohammad Essam","2026-09-26 09:45:02",1426.2,2,mohammedessam97
2834,16780995,"Silver Surfer","2026-09-25 09:29:46",1425.9,2,hausch11
2835,16744914,"El Mehdi EL JAIR","2026-09-21 07:56:02",1424.6,2,elmehdieljair
2836,16870577,"Kenan Zhang9","2026-09-21 02:18:25",1424.1,2,kenanzhang9
2837,16679827,Juanky_too,"2026-09-25 16:47:05",1424.1,2,juankytoo
2838,16885807,S3unburst,"2026-09-13 10:25:40",1423.8,2,s3unburst
2839,16674878,KirillKlem,"2026-09-13 18:19:27",1423.7,2,kirillklem
2840,16740431,yuikag,"2026-09-16 02:50:40",1423.6,2,yuikag
2841,16641816,"Toshiki Honda","2026-09-16 15:03:37",1422.7,2,toshikihonda
2842,16797457,Aamod06,"2026-09-26 13:05:14",1421.7,2,aamod06
2843,16855071,Janvi_ch,"2026-09-13 18:22:18",1421.3,2,janvich
2844,16783021,"TAN TIANYE","2026-09-13 03:04:35",1421.1,2,tantianye
2845,16659771,DieByTheSword,"2026-09-16 08:53:03",1421.0,2,przemysawstroiws
2846,16761418,"Piggy Piggy","2026-09-14 23:37:49",1420.9,2,txgg123
2847,16884861,Sky,"2026-09-13 07:20:40",1420.3,2,dhaksheshwarm
2848,16638651,Emre,"2026-09-26 13:05:25",1419.8,2,emre690
2849,16697540,"Jared Floersch","2026-09-24 12:24:14",1418.5,2,jaredfloersch
2850,16875849,"Yaotong Niu","2026-09-15 13:37:34",1418.3,2,yaotongniu
2851,16854439,"Yosef Zoabi","2026-09-13 21:05:15",1418.0,2,yosefzoabi
2852,16655098,"Brotron Carbide","2026-09-24 22:11:14",1417.4,2,brotroncarbide
2853,16693942,"Lisan al-Gaib","2026-09-26 09:08:51",1416.6,2,azrihasin
2854,16695664,Bantam,"2026-09-24 21:35:52",1416.5,2,bantam
2855,16649314,"Yuka,Ota","2026-09-14 08:17:18",1415.9,2,yukaika
2856,16845695,"Nam Lê Phương","2026-09-14 06:56:08",1415.9,2,pearpn25
2857,16622319,"Roman Tamrazov 52","2026-09-26 13:22:54",1415.8,2,romantamrazov
2858,16864988,"jiangling wang","2026-09-13 10:59:00",1415.7,1,jianglingwang
2859,16725287,NoahRyan,"2026-09-13 10:37:32",1415.3,2,beginner080
2860,16862912,"Nicolas Krusche","2026-09-15 00:03:10",1415.2,2,nicolaskrusche
2861,16679987,"Said Mohamed Omary","2026-09-21 11:31:47",1414.9,2,saidmohamedomary
2862,16802843,Dream,"2026-09-16 02:45:24",1414.6,2,"jamesl8,tzeweilim"
2863,16668157,"vineet dairashri","2026-09-24 21:14:39",1414.6,2,vineetdairashri
2864,16707865,"bb aa","2026-09-20 09:47:41",1413.9,2,bbaa233
2865,16633773,copasta,"2026-09-13 06:16:43",1413.3,2,copasta
2866,16884368,LaManbo,"2026-09-13 10:51:44",1412.8,2,encizhang
2867,16652272,"nadhir hasan","2026-09-13 14:07:09",1412.6,2,nadhirhasan
2868,16669604,"Abhijit Pise","2026-09-13 21:25:57",1411.9,2,abhijitpise
2869,16877997,Mirlan,"2026-09-13 07:44:53",1411.6,2,zmtrxq
2870,16678618,"Manu Nicholas Jacob","2026-09-26 06:52:11",1411.3,2,manunicholasjacob
2871,16753925,"Tyler Durden","2026-09-15 08:06:49",1411.2,2,jeedimetlacharan213
2872,16716533,wiffany,"2026-09-26 13:18:29",1410.8,2,wiffany
2873,16875464,tllswelp,"2026-09-13 11:07:16",1409.8,2,tllswelp
2874,16654322,"Debatreya Biswas","2026-09-24 14:55:19",1409.8,2,debatreyabiswas
2875,16659419,"Chahat Mehra","2026-09-22 08:47:25",1409.4,2,chahatmehra
2876,16863498,Jackmama-nolfwin,"2026-09-13 04:36:37",1409.1,2,nolfwin
2877,16879614,"Razvan Stancioiu","2026-09-22 20:24:54",1408.5,2,razvanstancioiu
2878,16777836,キムチ納豆,"2026-09-13 07:07:18",1408.0,1,ccchikuwa
2879,16835641,baojidehuangmao,"2026-09-17 10:38:44",1407.7,2,"brittneylewis2,innocentdzzz"
2880,16807802,嘴爷,"2026-09-14 02:14:43",1407.2,2,zui0711
2881,16796235,"Keside Onyeocha","2026-09-20 01:25:05",1406.7,2,kesideonyeocha
2882,16733016,Quillbolt,"2026-09-26 11:14:01",1406.4,2,tunminhhunh
2883,16653311,"Stanislav Tsepa","2026-09-25 17:34:22",1406.2,2,mrtsepa
2884,16865554,"parker tan","2026-09-18 10:42:33",1406.1,2,parkertan
2885,16866579,"Fighting Gold","2026-09-26 13:24:11",1405.9,2,sawada
2886,16881755,MudassarPAPI,"2026-09-14 08:59:06",1404.7,2,mudassarpapi
2887,16656312,"retiring to farm","2026-09-25 14:55:10",1404.3,2,"avnermlim,belati,hilariusjeremy,matthewpramana,nicholasarditirta"
2888,16942588,Isabe11aM00re,"2026-09-25 19:37:41",1403.6,2,"dan1e1c1ark,henryy0ung,isabe11am00re,s0ph1amart1n"
2889,16881631,"Arjun Sharma","2026-09-12 14:47:32",1403.6,2,arjundsharma
2890,16774250,"C R Suthikshn Kumar","2026-09-24 16:18:14",1403.6,2,crsuthikshnkumar
2891,16858523,"Taivanbat Bayarsaikhan","2026-09-24 08:03:28",1402.3,2,taivnaaiwnl
2892,16625219,MJVinay,"2026-09-25 15:57:09",1401.2,2,mallajayanthvinay
2893,16847370,"Suleyman Yollyyev","2026-09-25 05:54:55",1401.1,2,suleyman71
2894,16947863,"Minato Namikaze","2026-09-25 15:19:20",1400.8,2,arunklenin
2895,16731630,SatoshiN04,"2026-09-26 08:00:46",1400.6,2,satoshinakamura04
2896,16634952,"Igor Zharov","2026-09-26 12:18:24",1399.9,2,flexonafft
2897,16744503,"Jun AKita","2026-09-26 11:50:00",1399.8,2,junakita
2898,16941692,twotodevnull,"2026-09-26 06:13:57",1399.8,2,twotodevnull
2899,16875733,Fronta,"2026-09-13 06:47:59",1399.6,2,mirichima
2900,16885455,"Ali Azizi","2026-09-19 12:36:06",1399.4,2,aliazizi1
2901,16885734,zylvento,"2026-09-13 10:02:37",1399.3,2,"lorvexa,zylvento"
2902,16728774,あなまか,"2026-09-25 23:42:10",1399.0,2,arakish
2903,16943306,liminhai,"2026-09-26 12:50:00",1398.4,2,"hungry1728,liminhai,mars086,yeukwanvickyli,yuchuanzhang1202"
2904,16639168,Sergey,"2026-09-13 08:22:45",1396.8,2,sergeymikhailovn
2905,16635973,"Code by Nadiia","2026-09-24 11:05:35",1396.6,2,codebynadiia
2906,16738653,"Julien Trocmé","2026-09-25 12:47:01",1396.5,2,julientrocm
2907,16796133,NoMoreThan20Words,"2026-09-15 00:19:25",1396.0,2,nomorethan20words
2908,16622820,"Sergey Nefedov","2026-09-13 18:00:39",1396.0,2,sergionefedov
2909,16731194,"Neglected Turtle","2026-09-26 06:48:43",1395.6,2,pleaselike
2910,16866868,mr_children_0617,"2026-09-14 13:01:56",1395.6,2,mrchildren0617
2911,16629873,UncleWKTK,"2026-09-13 05:24:28",1395.3,2,unclewktk
2912,16743342,"Артём Свинобоев","2026-09-13 11:38:29",1395.2,2,ssstelmah
2913,16806146,"Factual Explorer","2026-09-12 20:05:48",1395.2,2,factualexplorer
2914,16799024,Becegatto,"2026-09-26 03:20:55",1394.5,2,viniciussignorelli
2915,16684641,t.me/aetheranime,"2026-09-13 10:22:28",1394.2,2,yfrite
2916,16881882,Fl,"2026-09-14 21:42:24",1393.8,2,flagon
2917,16871327,"Anh Bui","2026-09-18 04:29:28",1393.6,2,bibanh
2918,16867375,YUXUCH,"2026-09-18 13:21:43",1393.5,1,yuxuch
2919,16884932,torvile,"2026-09-13 05:54:14",1393.0,2,torvile
2920,16945180,"Anton Nikonov","2026-09-25 12:16:58",1392.9,2,antonnikonov
2921,16643554,"Arnie Jimenez","2026-09-16 16:50:18",1392.9,2,arniejimenez
2922,16847763,MartinZiserman,"2026-09-11 23:53:37",1392.6,2,zarmii
2923,16862390,huytngo,"2026-09-13 02:44:09",1392.2,2,huytngo
2924,16630803,"Mirza Milan Farabi","2026-09-13 21:59:25",1390.8,2,mirzamilanfarabi
2925,16731501,"Shiv Satyam","2026-09-13 22:14:15",1390.7,2,shivsatyam
2926,16865854,lancerhim,"2026-09-14 04:18:21",1390.7,2,lancerhim
2927,16855088,Re:dorf,"2026-09-15 12:44:10",1390.1,2,reydorf
2928,16681049,"SiLin “Can SiLin” Can","2026-09-13 05:44:26",1389.9,2,"k3rn3l,silincansilincan"
2929,16772460,"Дмитрий Онин","2026-09-14 05:22:31",1389.4,2,rejo1ce
2930,16623603,"Renji Starfall","2026-09-13 14:14:01",1388.9,2,renjistarfall
2931,16884822,reziavon,"2026-09-13 05:38:11",1388.9,2,reziavon
2932,16885704,tavrico,"2026-09-13 09:52:55",1387.9,2,tavrico
2933,16716867,"Kevin Gemilang","2026-09-19 04:52:17",1387.7,2,kevingemilang
2934,16671596,Sibato,"2026-09-22 00:41:44",1387.7,2,sibato
2935,16657587,PxlPau,"2026-09-13 00:34:27",1387.6,2,studybeetutoring
2936,16715216,Colin,"2026-09-15 12:36:41",1386.9,2,umcolin
2937,16920623,yeqinxin,"2026-09-25 04:12:54",1386.3,2,yqx123456
2938,16761657,Picu,"2026-09-25 15:44:04",1385.2,2,rumoschilling
2939,16715066,akahane,"2026-09-16 21:06:58",1385.1,2,shuheiakahane
2940,16741243,"Yasin Mert Şahin","2026-09-26 10:59:21",1385.0,2,ymertsahin
2941,16731983,Gracie,"2026-09-26 12:37:55",1384.6,2,gracie428
2942,16905838,lin_,"2026-09-24 12:41:31",1384.4,2,linabohachuk
2943,16840857,Meteor,"2026-09-26 06:40:06",1383.9,2,meteorkid
2944,16881613,refluxor,"2026-09-12 14:44:46",1383.7,2,refluxor
2945,16691670,wangbin.dev,"2026-09-17 16:58:12",1382.2,2,wangbindev
2946,16859745,111,"2026-09-25 16:54:39",1382.0,2,guoz112
2947,16882077,telep,"2026-09-22 15:21:34",1381.3,2,vitaliypyvovar1
2948,16637898,"Marek Nurzynski","2026-09-23 15:03:13",1381.1,2,marek3000
2949,16881818,gradfield21,"2026-09-12 15:44:29",1381.1,2,gradfield21
2950,16706004,Divyansh,"2026-09-23 19:47:12",1380.7,2,sehgaldivyansh
2951,16879578,"kabir Merakeb","2026-09-26 04:32:30",1379.9,2,kmerakeb
2952,16942273,"Sravanthi Kovvuri","2026-09-23 12:14:18",1379.8,2,sravanthikovvuri
2953,16654848,DovyDigital,"2026-09-25 00:28:21",1379.4,1,dovydigital
2954,16730854,src,"2026-09-26 07:50:08",1379.3,2,skthtu
2955,16761167,"Tejasteju M P","2026-09-24 04:29:56",1379.3,2,tejastejump
2956,16749352,"Ian Virchenko","2026-09-14 10:23:15",1379.0,2,yvainr
2957,16881121,Annsatz,"2026-09-14 14:59:00",1378.8,2,ansatzkong
2958,16662984,"Mark Schatza","2026-09-17 18:27:19",1377.8,2,markschatza
2959,16682892,"Alvaro Llamojha","2026-09-24 06:44:17",1377.6,2,alvarollamojha
2960,16766796,panda__MB__maximus,"2026-09-24 05:55:53",1377.5,2,tanishmohokar09
2961,16852377,"Zhong Lyu","2026-09-25 08:57:10",1377.1,2,zhonglyu
2962,16884902,yovrini,"2026-09-13 05:49:06",1377.0,2,yovrini
2963,16792799,Kohecchi,"2026-09-15 16:17:53",1376.9,1,kohecchi
2964,16839754,"Lauresowe 3D","2026-09-12 10:00:06",1375.6,2,lauresowe3d
2965,16731926,"Pardheev Krishna","2026-09-12 12:08:13",1374.9,2,"anandkumar0901,ayushjiwatramani,nidhibsh,nitindatanylatics,pardheev"
2966,16705318,arminhej96,"2026-09-22 05:17:55",1374.1,2,arminhej96
2967,16862084,weiooocnnnnnn,"2026-09-15 11:52:22",1373.7,2,weiooocn
2968,16948046,"Jeroen Cottaar","2026-09-23 14:38:47",1372.8,2,jeroencottaar
2969,16715912,"Hiroshi Sakiyama","2026-09-25 15:56:51",1372.8,2,hiroshisakiyama
2970,16681405,"Yusuke Hayashi","2026-09-26 11:02:32",1372.2,2,yhay81
2971,16748559,GodofThunder2407,"2026-09-13 06:18:15",1371.8,2,godofthunder2407
2972,16839489,Q1du,"2026-09-12 10:12:02",1371.3,2,zjecust
2973,16729765,"Caio Ruiz","2026-09-24 06:47:45",1371.0,2,chvruiz
2974,16870485,agentic,"2026-09-16 19:21:30",1370.9,2,"audiuphile,mark5221,sidchevvan"
2975,16832226,"DI27 RF","2026-09-13 02:34:01",1370.7,2,di27rf
2976,16665641,"Alexander Shahramanyan","2026-09-24 18:02:47",1370.2,2,alexshah
2977,16741321,"S. B.","2026-09-25 06:01:56",1370.1,2,aughra
2978,16886066,latentb,"2026-09-13 11:55:55",1369.2,2,latentb
2979,16946333,KIT,"2026-09-23 09:13:30",1369.1,2,ray6767
2980,16708546,"Blue Rain","2026-09-12 04:15:32",1368.4,2,bluefeather386
2981,16737041,presucc,"2026-09-13 04:13:37",1368.1,2,presucc
2982,16773448,"Qamar usman","2026-09-25 17:45:47",1368.1,2,qamarmath
2983,16790765,Aristotle.Chen,"2026-09-26 03:43:55",1367.9,2,aristotlechen
2984,16822395,"Vladimir Galatenko","2026-09-24 02:41:17",1367.2,2,vladimirgalatenko
2985,16797154,"Elvern Neylmav Tanny","2026-09-13 23:37:07",1367.2,2,elvernneylmavtanny
2986,16818508,"Napster Y","2026-09-26 11:41:46",1367.0,2,napstery
2987,16862806,kitsada,"2026-09-19 09:59:59",1365.8,2,wangwaen
2988,16942429,"yangjian zhu","2026-09-26 01:53:40",1365.4,2,yangjianzhu
2989,16949344,M1R0OFFICIAL,"2026-09-24 00:09:03",1364.8,1,m1r0official
2990,16885770,"Rahul Jangra","2026-09-13 10:13:19",1364.6,1,leonado10000
2991,16677568,yarneo,"2026-09-16 10:07:53",1364.5,2,yarneo
2992,16855156,"Lior Toledano","2026-09-15 18:15:51",1364.5,2,liortoledano
2993,16630418,butterchicken,"2026-09-25 08:17:33",1364.3,2,"ritanshuprasad,sriramlingavel01"
2994,16892458,orangeaugust,"2026-09-26 11:13:30",1363.9,2,orangeaugust
2995,16879166,NoDash,"2026-09-26 12:46:27",1362.9,2,nodash
2996,16740815,Remielle,"2026-09-26 12:51:30",1361.8,2,remielle
2997,16665841,"Mohit Rao","2026-09-14 05:22:15",1361.6,2,vmohitrao
2998,16885599,Suiban,"2026-09-22 12:19:22",1361.3,2,suiban410219
2999,16662618,"Soledad Santiago","2026-09-20 21:45:56",1361.2,2,soledadsantiago
3000,16798152,"A secretive person","2026-09-18 14:09:57",1360.7,2,asecretiveperson
3001,16723988,yuyinghuang,"2026-09-13 07:00:33",1359.7,2,yuyinghuang
3002,16654109,"Mohamed Amine Aichaoui","2026-09-22 21:38:11",1359.5,2,mohamedamineaichaoui
3003,16845314,ryvhii,"2026-09-21 06:51:36",1359.2,2,ryvhii
3004,16830984,lizhengui,"2026-09-13 06:34:44",1359.2,2,lizhengui
3005,16928266,"Arun Khatua","2026-09-24 05:25:15",1359.1,2,arunkhatua
3006,16722818,"Mukesh R","2026-09-14 09:13:30",1358.5,2,mukeshr06
3007,16688808,"Niranjan Nakkala","2026-09-25 11:28:27",1358.4,2,niranjanmudhiraj
3008,16919599,yygg2026,"2026-09-26 03:23:03",1358.1,2,yygg2026
3009,16632708,__Taichicchi__,"2026-09-25 23:31:41",1358.0,2,hutch1221
3010,16756965,gchauhan,"2026-09-15 06:57:02",1358.0,2,gchauhan
3011,16684401,WQAAAA,"2026-09-12 03:28:35",1358.0,2,wqaaaa
3012,16696099,moss,"2026-09-13 09:31:52",1357.2,2,kenyashimizu
3013,16870800,Myasui,"2026-09-26 08:28:24",1355.8,2,zaki38
3014,16660041,"Hoàng Quốc Việt ","2026-09-13 04:56:59",1355.8,2,viethwang3i
3015,16878707,"Shiva Somasundaram Balaji","2026-09-13 05:58:09",1355.7,2,shivasomasundaramb
3016,16641309,klog,"2026-09-12 04:48:32",1355.2,2,mhrzmmhrzm
3017,16790931,100rabh,"2026-09-12 16:42:27",1354.8,2,saurabhkumar234
3018,16809721,siren2345,"2026-09-22 14:35:50",1354.8,2,siren2345
3019,16734447,"Ali Bauyrzhan","2026-09-25 20:12:33",1354.5,2,alibauyrzhan
3020,16858414,wantOchange,"2026-09-13 01:00:32",1354.0,2,wantochange
3021,16632527,"GIVE ME A JOB","2026-09-10 09:35:11",1353.6,2,tarokogawa
3022,16644818,chudddc,"2026-09-24 14:43:09",1353.2,2,chudddc
3023,16842293,"WANG HONGXIANG","2026-09-20 15:33:21",1353.2,2,wanghongxiang
3024,16642846,"Leonid Zaporozhets","2026-09-26 09:30:34",1352.5,2,leonidzaporozhets
3025,16621595,"Farmers From Punjab","2026-09-26 06:38:54",1351.7,2,alisalmanrana
3026,16881783,novasync88,"2026-09-12 15:27:48",1350.5,2,novasync88
3027,16657887,"Yermak Petro","2026-09-24 18:31:55",1350.4,2,yermakpetro
3028,16859409,wia'ma,"2026-09-26 00:45:31",1349.0,2,wangyiqicy
3029,16859690,Molood,"2026-09-10 20:30:43",1348.5,2,molooda
3030,16635233,"Szymon Kłapiński","2026-09-12 10:11:30",1346.5,2,szymonkapiski
3031,16857987,fujia,"2026-09-19 05:16:43",1346.1,2,fujiasama
3032,16869555,"Karthik Nambiar","2026-09-15 07:13:16",1345.7,2,karthiknambiar387239
3033,16657265,"Hemant Kumar","2026-09-18 13:53:47",1344.3,2,hemantrajputt
3034,16854815,marching_zzz,"2026-09-24 16:10:50",1344.2,2,marchingzzz
3035,16699045,"Abu Kayyisah Basyid","2026-09-24 17:36:05",1343.8,2,abukayyisahbasyid
3036,16771703,"Moomin and his farm","2026-09-12 07:03:58",1342.4,2,ataraxyyeah
3037,16740034,BSCode,"2026-09-14 02:27:32",1342.2,2,bscode
3038,16885509,HAL,"2026-09-14 07:58:55",1342.0,1,"asunalin,ljimmy2005007"
3039,16875671,"Nikolay Shaulsky","2026-09-26 09:15:39",1341.6,2,nikolayshaulsky
3040,16664761,"Udit Jain #2","2026-09-12 00:14:14",1341.3,2,iamudit
3041,16881267,"juu meng","2026-09-13 07:07:40",1341.1,2,juumeng
3042,16629699,radiant-allomancer,"2026-09-11 00:50:02",1340.5,2,radiantallomancer
3043,16630142,zawawannko,"2026-09-11 08:03:32",1340.2,2,zawawannko
3044,16862944,Luchsus,"2026-09-14 23:29:16",1339.7,2,jansteindlstarlinger
3045,16881857,Pheonix,"2026-09-17 11:51:43",1339.6,2,vikasg1711
3046,16756765,DharmParmar,"2026-09-23 01:19:56",1339.5,2,dharmparmar
3047,16623385,yurunougyou!,"2026-09-10 12:25:26",1338.6,2,isakatsuyoshi
3048,16663929,"Erman Man","2026-09-12 02:05:39",1338.3,2,ermanman
3049,16848765,XJHya233,"2026-09-13 11:56:26",1338.2,2,xjhya233
3050,16777134,Tom&Jerry,"2026-09-26 12:51:24",1337.9,2,tomjerry101
3051,16669843,"hikaru kitagawa","2026-09-21 04:20:12",1337.4,2,hikarukitagawa
3052,16624073,SoftRL,"2026-09-22 13:34:39",1337.2,2,"maruichi01,ppocharl,puws06,tatsukisato,unikina"
3053,16880960,Kiriesh,"2026-09-16 18:45:37",1336.8,2,kiriesh
3054,16881585,Venqira,"2026-09-12 14:31:19",1336.3,2,venqira
3055,16699455,vijaikm,"2026-09-22 11:56:07",1336.2,2,vijaikm
3056,16881521,Juniperss,"2026-09-12 14:16:09",1334.8,2,juniperss
3057,16784992,Prasad.tgs,"2026-09-25 15:00:49",1334.4,2,sivaprasadnaidu
3058,16660250,Moshel,"2026-09-12 23:06:43",1334.1,2,moshel
3059,16743392,tellurium_rrr,"2026-09-26 07:38:09",1333.8,2,telluriumrrr
3060,16862840,"Ammar Aziz","2026-09-12 11:11:53",1333.1,2,cabtainamamr
3061,16783173,"Michael Shihong Zhang","2026-09-13 05:39:27",1333.1,2,"excelexx,festyve"
3062,16755049,gamesu7107,"2026-09-12 18:24:15",1333.1,2,gamesu7107
3063,16888282,Sheeesh---,"2026-09-21 18:08:35",1331.7,1,hamzaaitmohamed
3064,16689863,yukichi0403,"2026-09-15 12:39:45",1331.4,2,yukitake93
3065,16730323,fufufukakaka,"2026-09-26 00:23:34",1330.5,2,fufufukakaka
3066,16858157,osteo,"2026-09-11 01:33:23",1330.4,2,logstwo
3067,16688587,yamashu,"2026-09-21 01:17:33",1330.4,2,yamashuuu
3068,16799598,RameshG888,"2026-09-11 08:42:57",1330.3,2,ramesh888
3069,16879360,"Neural Subscribed Operator","2026-09-12 06:55:46",1329.9,1,nacl3084
3070,16669461,"suzy su","2026-09-12 12:38:38",1329.8,2,suzysu997
3071,16855665,"Yash Yadav","2026-09-13 06:58:11",1329.8,2,yash2072005
3072,16781506,un0o7,"2026-09-11 13:10:36",1329.4,2,hjhsdsdww
3073,16916104,"Dayi Zhang","2026-09-22 15:27:26",1328.9,2,dayizhang
3074,16728076,uuu,"2026-09-13 09:12:31",1328.2,2,vovafinogenov
3075,16692725,"Zhen Li","2026-09-12 10:05:10",1327.4,2,zhenlisak
3076,16843892,luxinyayaya,"2026-09-15 03:23:21",1327.2,2,luxinyayaya
3077,16663808,"Fae Gaze","2026-09-10 20:30:29",1327.1,2,achievement
3078,16849377,try,"2026-09-26 13:13:47",1326.9,2,weishanshan033
3079,16775571,Gaurav06520,"2026-09-15 12:38:42",1325.9,2,gaurav06520
3080,16808020,"Pulkit Arora 🇮🇳","2026-09-11 09:15:58",1325.6,2,pulkittarora
3081,16867641,YK,"2026-09-10 17:17:04",1325.0,2,yukitashiro
3082,16825815,linchenge,"2026-09-25 14:36:14",1324.3,2,linchenge
3083,16859269,BAILW,"2026-09-25 16:46:48",1323.3,2,baimatubama
3084,16712329,"Andrej Carpenter","2026-09-22 07:36:56",1322.9,2,andrejcarpenter
3085,16661667,"Wufang Hong","2026-09-10 07:14:27",1322.5,2,wufanghong
3086,16689186,NCK,"2026-09-12 04:31:04",1322.4,2,drnchaitanyakumar
3087,16772119,Workybara.ai,"2026-09-12 03:16:14",1322.4,2,workybaraai
3088,16864072,"Matvey Skovordin","2026-09-10 04:24:07",1322.0,1,kickassnumberone
3089,16639731,williamrawling,"2026-09-25 23:59:12",1321.8,2,williamrawling
3090,16765151,htnhtn,"2026-09-26 13:00:38",1321.7,2,htnhtn
3091,16669038,"Nabeel Shar","2026-09-13 09:17:32",1321.2,2,nabeelshar
3092,16685047,Yvonne.,"2026-09-21 08:34:31",1320.8,2,zdawer250
3093,16784516,pejipej,"2026-09-21 18:08:57",1318.7,2,pejmaneghbali
3094,16868685,"Kotaro Simizu","2026-09-11 20:39:54",1318.7,2,"kotarosimizu,mahiro1214"
3095,16682318,Bibek,"2026-09-13 20:49:12",1317.0,2,bibek777
3096,16621063,Broskis,"2026-09-11 03:19:55",1316.9,2,"aikyatansinha,r1cksync,vamshikrishnaemmadi"
3097,16641956,SixGODD,"2026-09-20 01:06:51",1316.9,2,sixgodd
3098,16865917,"Yihao Wei","2026-09-13 10:07:46",1316.7,2,yihaowei
3099,16661462,"Dania Amer","2026-09-24 01:19:39",1316.6,2,dania35
3100,16861723,"Landon Hershberger","2026-09-15 22:04:40",1316.6,2,landonhershberger
3101,16659957,LeFarmers,"2026-09-24 19:10:00",1316.1,2,"jaydonjp,kuantumknight"
3102,16628875,TakahiroHon,"2026-09-17 02:59:51",1315.8,2,takahirohon
3103,16857624,flatton,"2026-09-16 23:02:27",1315.5,2,tomokifujihara
3104,16882304,"Lokesh Prajapat","2026-09-12 18:20:47",1314.9,1,lokesh0252
3105,16719364,Yeh!AIGame,"2026-09-26 07:23:01",1314.1,2,"luluyeh,yehshibang"
3106,16696738,rekhasri,"2026-09-18 17:25:22",1314.1,2,rekhasri
3107,16860566,黄旭伟aaaabbs,"2026-09-25 14:49:18",1313.6,2,aaaabbs
3108,16711317,"yf D","2026-09-26 10:51:13",1313.5,2,dengvitruviano
3109,16802578,Yuuki4543,"2026-09-11 06:18:16",1313.3,2,yuuki4543
3110,16655411,フナコシ,"2026-09-22 18:24:58",1312.4,2,kokifunakoshi
3111,16797847,"levski shampion","2026-09-12 23:19:08",1312.3,2,mariomalev
3112,16735837,yaki-imo,"2026-09-11 04:35:42",1311.8,2,taichiakiyama
3113,16850105,Pantheon,"2026-09-14 07:40:15",1311.8,2,skyenxt
3114,16772090,"SHIVAJI SHAIK","2026-09-20 07:13:54",1311.3,2,shivajishaik
3115,16867005,cryptvector2,"2026-09-11 13:22:09",1311.0,2,cryptvector2
3116,16854573,"这是 AI 的胜利","2026-09-10 09:15:16",1310.4,2,iaptainmy
3117,16672128,Cliffton,"2026-09-26 11:19:00",1309.6,2,rieltzx
3118,16630984,TakamaruEX,"2026-09-14 08:20:46",1309.3,2,takamaruex
3119,16717794,souldrive,"2026-09-13 13:18:14",1308.4,2,souldrive
3120,16814701,e0970145,"2026-09-10 11:43:21",1308.2,2,maxxtucker
3121,16627194,GzmCR632,"2026-09-11 07:01:14",1308.1,2,gzmcr632
3122,16791163,woldy,"2026-09-26 05:13:10",1307.4,2,woldywei
3123,16701612,Kiki,"2026-09-11 06:43:31",1306.9,2,rouiou
3124,16713281,SirShifu,"2026-09-10 22:19:52",1306.5,2,sirshifu
3125,16670715,i3,"2026-09-24 08:33:45",1306.4,2,ishijima
3126,16730735,YUK,"2026-09-14 18:00:10",1305.5,2,yu0307
3127,16671520,sci-shi,"2026-09-22 14:17:14",1304.8,2,scishi
3128,16756477,Ender,"2026-09-24 23:40:32",1304.7,2,eamonnkashyap
3129,16758232,mech_39,"2026-09-10 21:20:57",1304.6,2,mech39
3130,16880407,kimuraaa,"2026-09-21 07:58:10",1304.6,2,kimuraaa
3131,16748487,Hiters,"2026-09-11 00:54:16",1304.0,2,mikehongsz
3132,16841595,Jaso1024,"2026-09-10 01:44:10",1303.4,2,jaso1024
3133,16622835,"Max Manushin","2026-09-11 01:04:29",1303.3,2,innerf1re
3134,16662735,"Kurian George","2026-09-11 17:16:25",1302.8,2,kuriangeorge
3135,16722849,"Dhruv Bansal","2026-09-10 22:03:08",1302.1,2,dhruvb2028
3136,16710469,Qimra1729,"2026-09-11 08:09:04",1301.7,2,qimra1729
3137,16844456,Touk00,"2026-09-13 04:20:04",1301.6,2,touk00
3138,16867327,Zorvella,"2026-09-11 03:16:36",1301.5,2,zorvella
3139,16623309,zyvren,"2026-09-11 15:14:31",1301.4,2,"nusratahmmedmaisha,sharif485"
3140,16678609,quantcrypto3,"2026-09-19 01:51:13",1301.3,2,quantcrypto3
3141,16858196,"Cường Dược Sĩ","2026-09-22 19:12:00",1301.2,2,cngdcs
3142,16720797,"Vibe Farmer","2026-09-11 02:14:27",1301.2,2,pulakkantibhowmick
3143,16759508,george-nigmatulin,"2026-09-26 03:48:34",1300.7,2,georgenigmatulin
3144,16676085,"Giordano Dolenz","2026-09-11 17:20:50",1300.4,2,giordanodolenz
3145,16808822,-lingluo-,"2026-09-22 04:22:20",1299.6,2,lingluoo
3146,16739578,"Pietro Valocchi","2026-09-15 06:34:30",1299.5,2,pietrovalocchi
3147,16832866,bgaoi2,"2026-09-09 15:09:29",1299.5,2,bgaoi2
3148,16688313,"Gnosys Labs","2026-09-18 00:56:10",1299.4,2,gnosyslabs
3149,16898290,"Ryan Jonathan Valencia","2026-09-17 17:33:18",1299.0,2,ryanjonathanvalencia
3150,16678930,"Just a moroccan","2026-09-26 12:14:44",1298.9,2,zbidaamine
3151,16634519,"Darshan Makwana","2026-09-10 10:17:03",1298.2,2,ellipticaloranges
3152,16658801,"Thuc Nguyen Dang 111","2026-09-13 05:21:36",1298.1,2,thucnguyendang111
3153,16843384,"Anatoly Lyutov","2026-09-11 11:54:44",1297.5,2,anatolylyutov
3154,16731832,jackee777,"2026-09-26 00:02:29",1297.5,2,jackee777
3155,16658185,"Juwon Kweon","2026-09-22 01:35:01",1296.9,2,juwonkwon
3156,16849766,"Uncle Scooge","2026-09-11 13:27:24",1296.7,2,"guzzbr,pascalcoimbra"
3157,16866424,"gmmm mmod2","2026-09-11 07:38:54",1296.1,2,gmmmmmod2
3158,16691270,"Piyal Chowdhury","2026-09-21 18:53:53",1296.0,2,piyalchowdhury
3159,16623980,Nikita,"2026-09-14 10:05:57",1295.7,2,ivanovnikitawork
3160,16847304,"eryue shisi","2026-09-14 02:41:20",1295.3,2,eryueshisi
3161,16770055,"san yin26","2026-09-15 08:14:39",1294.4,2,"amadeusan,sanyin26"
3162,16876040,hgh404,"2026-09-22 20:49:08",1294.3,2,"gamejoker,hgh1024"
3163,16702674,"Varun S G","2026-09-18 05:49:16",1293.9,2,warun7
3164,16857977,namopanda,"2026-09-09 15:41:49",1293.6,2,namopanda
3165,16792013,"Alec Polansky","2026-09-10 01:58:49",1293.3,2,alecpolansky
3166,16871705,Bertholdt,"2026-09-24 11:10:06",1293.2,2,bertholdt
3167,16715205,GCarnovale,"2026-09-24 01:40:57",1293.0,2,gcarno
3168,16652764,hikahika,"2026-09-11 13:31:34",1292.8,2,naganohikaru
3169,16691084,"Ke Ma Ke","2026-09-13 09:01:36",1292.3,2,kemake
3170,16814378,"Jay Prrajapati","2026-09-09 13:53:13",1292.2,2,jayprrajapati
3171,16843617,Jenny124685,"2026-09-24 05:14:36",1291.4,2,jenny124685
3172,16918530,lingsio,"2026-09-22 06:17:59",1290.4,2,shinshengchiou
3173,16729186,Virtute,"2026-09-16 06:25:56",1289.8,2,nameless001
3174,16811496,Marie,"2026-09-23 05:17:53",1289.7,2,mariashatrova
3175,16764349,Solo,"2026-09-12 22:58:37",1288.5,2,solosolo
3176,16633793,adakoda,"2026-09-09 11:55:49",1287.6,2,adakoda
3177,16623298,Mikhail_Komkin,"2026-09-09 21:21:30",1287.0,2,mikhailkomkin
3178,16700510,"Shadow Recon","2026-09-25 08:33:13",1287.0,2,gaurav065
3179,16768702,"Crop It Like It's Hot","2026-09-26 12:51:02",1286.8,2,"davidben10,rachel79"
3180,16881694,Novardion,"2026-09-13 11:28:43",1286.3,2,novardion
3181,16907406,herok0809,"2026-09-16 16:49:09",1286.1,2,herok0809
3182,16722888,GarrieD,"2026-09-12 14:53:50",1285.2,2,garried
3183,16635055,chch,"2026-09-25 09:21:47",1285.0,2,chchentw
3184,16857939,"Le Duy Dong","2026-09-10 16:11:23",1284.5,1,lduynglduyng
3185,16857932,"Ahmed Ansari","2026-09-16 11:57:46",1284.1,2,ahmed1ansari
3186,16781550,Lumberjacks,"2026-09-19 16:21:59",1283.7,2,jamesmcgarryiv
3187,16676739,"Jonathan Zheng Jiahao","2026-09-10 02:53:21",1283.5,2,jonathanzhengjiahao
3188,16720696,Ankit0017,"2026-09-09 14:57:00",1283.0,2,ankit0017
3189,16779957,养了一群扫福瑞,"2026-09-09 12:13:36",1282.9,2,whq0q7
3190,16660020,"Gaddam Shiva Teja","2026-09-24 20:55:02",1281.3,2,shivateja005
3191,16870600,"Huayu Wen","2026-09-11 14:17:55",1281.2,2,huayuwen
3192,16736838,アナコンダ,"2026-09-09 13:48:32",1280.6,2,"ei1333,unosss"
3193,16886357,"Sun Jaden","2026-09-13 21:34:56",1280.5,2,sunjaden
3194,16717549,"Adejumo Boluwatife","2026-09-11 19:09:23",1280.0,2,adejumoboluwatife
3195,16728238,ubcict232,"2026-09-10 16:19:32",1279.8,2,ubcict232
3196,16670879,"old macdonald","2026-09-07 16:11:15",1279.8,2,djschmit
3197,16677217,Panos,"2026-09-15 12:44:36",1279.4,2,panosc
3198,16782708,lcx666,"2026-09-10 12:33:05",1279.4,1,chengxinliang
3199,16630015,星之海,"2026-09-26 07:48:07",1278.9,2,web3cainiao
3200,16748866,masayoshi,"2026-09-25 16:02:35",1278.0,2,masayoshi64
3201,16867407,Lanqira,"2026-09-11 03:08:56",1278.0,2,lanqira
3202,16778334,"Onkar Belure","2026-09-09 16:22:19",1277.9,2,onkarbelure
3203,16689488,"Ming Fong","2026-09-10 02:48:20",1277.7,2,evilpegasus
3204,16769885,kurushun,"2026-09-10 02:10:21",1276.9,2,kurushun
3205,16635062,DL,"2026-09-10 04:16:38",1276.9,2,distiller
3206,16890052,Code4life,"2026-09-15 16:46:33",1276.6,2,"huylngcgia,taovietducofficial"
3207,16657671,CyberRacoon,"2026-09-15 10:38:45",1276.5,2,racoontw
3208,16698287,"Reinforcement Forgetting","2026-09-24 23:34:50",1276.3,2,ethanjschauder
3209,16635209,4eta,"2026-09-23 16:25:06",1276.3,2,bio4eta
3210,16866567,Variiiiiii,"2026-09-11 10:09:24",1275.9,2,variiiiiii
3211,16861998,bobodict,"2026-09-09 17:26:50",1275.7,2,bobodict
3212,16712007,"Dipin Kothavoor","2026-09-14 13:54:52",1275.1,2,dipinkothavoor
3213,16654403,"Skibidi Six Seven","2026-09-08 14:20:24",1274.9,2,iam4722202468
3214,16870461,Fumi,"2026-09-26 06:02:01",1274.1,2,cheersbeer
3215,16857861,Satua,"2026-09-11 06:36:26",1274.0,2,satyasrinivasanandh
3216,16855868,PapaSoda,"2026-09-10 17:45:16",1273.8,2,papasoda
3217,16634104,FarmGoose,"2026-09-10 09:10:47",1273.8,2,yizhanglou
3218,16782564,"Chris Tu","2026-09-26 06:43:35",1273.7,2,christu831004
3219,16746796,kaguramena,"2026-09-10 07:13:17",1273.2,2,kaguramena
3220,16860708,"Nav N","2026-09-10 07:47:42",1272.4,2,navidata
3221,16801797,Tv,"2026-09-13 03:11:19",1272.2,2,linyeah
3222,16896283,"WENBO ZHANG","2026-09-24 00:48:40",1271.8,2,wenbozhang2026
3223,16627581,AidenSong123,"2026-09-12 14:15:30",1270.7,2,aidensong123
3224,16683488,"Ripudaman Parmar","2026-09-19 12:56:14",1270.6,2,"ktkgpt,ripudamanparmar"
3225,16724755,K.nosaka,"2026-09-10 12:07:13",1270.3,2,kenseinosaka
3226,16842786,ScotLee08,"2026-09-26 12:59:39",1270.1,2,scotlee08
3227,16670276,"Egor Trushin","2026-09-10 08:19:32",1269.9,2,egortrushin
3228,16669686,"Mert Bayraktar","2026-09-25 22:02:26",1269.6,2,mertbayraktar
3229,16668622,"Michael McGrain","2026-09-10 10:38:27",1269.3,2,michaelmcgrain
3230,16663252,"MD Concepcion","2026-09-25 20:13:51",1268.9,2,mikedconcepcion
3231,16734667,sadanamaru,"2026-09-10 12:22:11",1268.4,2,sadanamaru
3232,16630833,"Savan Javia","2026-09-10 10:01:49",1268.3,2,savanjaviya
3233,16670020,nanare,"2026-09-16 16:43:03",1267.9,2,nanaresudo
3234,16741542,"let cats farm","2026-09-19 22:33:26",1267.8,2,amonkizawa
3235,16672997,"Francesco Montone","2026-09-11 10:56:31",1267.5,2,francescomontone
3236,16859804,seele,"2026-09-09 10:20:41",1267.4,1,seele1917
3237,16663498,"Braxton Dyer","2026-09-23 14:23:54",1267.2,2,braxtondyer
3238,16854090,"Kaichi Morimoto","2026-09-09 11:22:01",1267.0,2,kaichimorimoto
3239,16660281,"xiy lin","2026-09-26 12:02:29",1266.7,2,xiylin
3240,16841960,WessonZ,"2026-09-10 02:11:20",1266.6,2,wessonz
3241,16839821,"Stepan Pankratov","2026-09-09 14:47:50",1266.5,2,infam62
3242,16805144,heliosli,"2026-09-21 13:29:51",1266.1,1,heliosli
3243,16768016,JohnBlake,"2026-09-26 06:49:17",1266.1,2,jaybeeja
3244,16664609,Re2lawd,"2026-09-24 09:51:49",1266.0,2,re2lawd
3245,16851444,"Vũ Tuấn","2026-09-25 15:13:25",1265.9,2,vtunksdlvnj6
3246,16859585,momo,"2026-09-10 03:06:37",1265.1,2,fyenneyenn
3247,16708791,atsu0905,"2026-09-24 18:05:37",1264.8,2,atsu0905
3248,16883478,Aggri_goon,"2026-09-16 10:48:29",1264.1,2,ryonagakubo
3249,16771337,titako0000,"2026-09-10 09:00:19",1263.8,2,titako0000
3250,16641230,"An V1","2026-09-12 01:03:30",1263.2,2,barakuga
3251,16758893,"Sercan Yeşilöz","2026-09-09 12:34:34",1262.6,2,sercanyesiloz
3252,16712796,"Kumar Saurabh","2026-09-17 08:13:59",1262.5,2,bakakaka
3253,16756592,"Abdalrahman Eissa","2026-09-25 12:47:21",1262.0,2,abdalrahmaneissa
3254,16640701,momoon,"2026-09-26 12:04:36",1261.8,2,nomuraryota
3255,16634082,"Mikey Marszewski","2026-09-11 02:26:39",1261.4,2,mikeymarszewski
3256,16709501,Galaxantic,"2026-09-09 06:02:29",1260.7,2,neel21yt
3257,16624303,seven,"2026-09-09 09:18:12",1260.6,2,morikawatakeshi
3258,16784485,betterme,"2026-09-09 15:54:54",1259.7,2,betterme12345
3259,16692678,Nerozud,"2026-09-23 18:24:54",1259.7,2,"lorerubiano22,nerozud"
3260,16786496,"Lê Quang Cảnh","2026-09-12 05:44:25",1259.2,2,zhincez
3261,16892727,Pi,"2026-09-26 12:38:32",1259.1,2,liemdt
3262,16698134,Hossein,"2026-09-11 02:29:53",1258.8,2,tomi85
3263,16863538,e-toppo,"2026-09-10 01:15:27",1258.7,1,masatomatsui
3264,16871483,carnivore,"2026-09-25 16:57:19",1258.1,2,prapproved
3265,16862056,konchu2,"2026-09-10 11:32:13",1257.4,2,konchu2
3266,16858113,wli889661,"2026-09-09 13:38:01",1257.0,2,wli889661
3267,16811247,"Luca Mussino","2026-09-10 20:53:58",1257.0,2,lucamussino
3268,16644702,cracker_1_war,"2026-09-10 07:18:48",1256.9,2,cracker1war
3269,16641713,"ronsen sun","2026-09-11 08:01:06",1256.2,2,ronsensun
3270,16839834,nouvya,"2026-09-10 15:48:43",1255.7,2,nouvya
3271,16814716,edder0798,"2026-09-12 07:57:25",1254.8,2,"edder0798,wangxi608"
3272,16763418,overwhelmer,"2026-09-16 17:39:13",1254.3,2,overwhelmer
3273,16669826,Jesse,"2026-09-12 07:51:27",1254.3,2,jesneuman
3274,16631536,kglctf,"2026-09-26 09:55:00",1253.7,2,kglctf
3275,16623608,"Dmitry Larko","2026-09-08 23:05:52",1253.4,2,dmitrylarko
3276,16640991,sometimeafter,"2026-09-09 17:35:05",1253.1,2,xinyeee
3277,16658290,rrishavrraj,"2026-09-25 18:07:56",1253.0,2,"rrishavrraj,shubhamkumar9812"
3278,16677596,Sere1n,"2026-09-11 15:08:02",1252.6,2,chacc0
3279,16840564,starlovelmj,"2026-09-09 02:16:02",1252.5,2,starlovelmj
3280,16660987,AdrianWang2003,"2026-09-09 09:32:53",1252.5,2,"adrianwang2003,benlou04"
3281,16731836,"Theo Venturian","2026-09-11 18:03:45",1252.2,2,theodorraulventurian
3282,16809445,takusemba,"2026-09-09 14:50:14",1251.9,2,takusembba
3283,16789509,"Yang Wei Hao","2026-09-09 13:02:55",1251.8,2,aichangeworld
3284,16843047,liyuting,"2026-09-10 07:27:21",1251.1,2,lytqwq
3285,16866946,truxivan,"2026-09-10 13:46:58",1251.0,1,truxivan
3286,16661701,premjampuram,"2026-09-09 11:13:52",1249.6,2,"aasthasinha9,anji2705,premjampuram,sheetallodhi"
3287,16861083,Shoto,"2026-09-09 15:14:42",1249.2,1,bloodymonday
3288,16673524,"Zikai Chen","2026-09-26 03:20:09",1247.4,2,"auroraxxiiaa,kyrie1102kai"
3289,16773964,trung,"2026-09-24 13:47:55",1246.9,2,trung2006
3290,16860118,Hironobukawaguchi,"2026-09-09 11:53:30",1246.7,2,hironobukawaguchi
3291,16743648,Hei_shao,"2026-09-12 18:48:52",1246.5,2,heishao
3292,16769277,卡心农场,"2026-09-18 17:14:44",1246.2,2,"hkd2333,hsiaosuan"
3293,16854541,yangyiqing6,"2026-09-15 06:14:21",1245.5,2,yangyiqing6
3294,16750843,jammings,"2026-09-09 13:11:04",1245.2,2,jammings
3295,16625798,grifth,"2026-09-23 06:10:26",1244.9,2,grifth
3296,16661846,"Jeffrey Pike","2026-09-09 16:05:56",1244.3,2,jeffreypikeai
3297,16845258,Squirrel,"2026-09-26 08:05:08",1243.5,2,bunnykeeper
3298,16838766,"Justin Gao","2026-09-08 08:27:29",1243.3,2,justingao
3299,16650824,Orsted_hitogmi,"2026-09-16 07:59:15",1243.2,2,orstedhitogmi
3300,16659670,MeeMee,"2026-09-10 07:07:22",1243.0,2,yagi46
3301,16656806,"Arshad Shemil k","2026-09-09 08:33:09",1242.8,2,arshadshemilk
3302,16905027,"xiaomeng lin","2026-09-20 14:10:35",1242.3,2,xiaomenglin
3303,16623938,flashthunder,"2026-09-24 14:39:21",1242.1,2,thunderflash
3304,16786092,Shiru2,"2026-09-09 19:34:32",1241.9,2,shiru2
3305,16810813,Scorn100,"2026-09-09 17:11:13",1241.7,2,scorn100
3306,16844845,"Dinesh Amalathasan","2026-09-15 19:55:18",1241.6,2,amaldinesh
3307,16840862,HaoKwok,"2026-09-09 03:50:41",1241.2,2,haokwok2002
3308,16841077,melowdramtic,"2026-09-10 02:31:53",1240.4,2,melowdramtic
3309,16870447,"louie lau","2026-09-11 08:22:30",1239.5,1,louielau
3310,16862298,"Varadaraj Borkar","2026-09-13 13:12:11",1239.1,2,varadarajborkar
3311,16728959,"no pain no gain","2026-09-11 09:19:44",1238.6,2,ilyayurov2000
3312,16757123,"Sripad Modali","2026-09-16 14:48:11",1238.5,2,sripadmodali
3313,16860160,"Kohei #2","2026-09-09 11:20:08",1237.6,1,confirm
3314,16845280,"Samuel Watson","2026-09-11 07:06:59",1237.2,2,scwatson
3315,16663748,Calmracer,"2026-09-08 16:17:56",1237.0,2,ethanhall123
3316,16758629,karinkaito,"2026-09-16 01:08:30",1236.7,2,karinkaito
3317,16860251,"Fabian Henning","2026-09-09 11:37:30",1236.4,1,crustacean
3318,16876071,NITISH5236GOEL,"2026-09-26 05:12:35",1236.0,2,nitish5236goel
3319,16916142,aryandongare27,"2026-09-18 10:34:00",1235.6,2,aryandongare27
3320,16706265,questiondlmarks,"2026-09-10 06:09:35",1235.1,2,questiondlmarks
3321,16659465,AravindLochan,"2026-09-08 10:00:39",1234.3,2,aravindlochan
3322,16806006,2,"2026-09-23 08:45:53",1233.6,2,smallvv
3323,16695242,"Utkarsh Prakash Srivastava","2026-09-08 15:55:37",1233.3,2,utkarshps
3324,16732409,kawhi0.0,"2026-09-10 03:44:50",1233.3,2,kawhi00
3325,16844672,"sleeping king","2026-09-09 02:11:59",1233.1,2,sleepingking
3326,16634156,"Hiroyasu Okuno","2026-09-13 07:32:33",1232.6,2,hiroyasuokuno
3327,16774823,fan2goa1,"2026-09-09 07:23:33",1232.5,2,zfun0926
3328,16721382,"Milan Leonard","2026-09-12 07:20:12",1232.1,2,milanleonard
3329,16733111,qihuaz,"2026-09-13 06:35:14",1231.7,2,qihuaz
3330,16796014,keith70,"2026-09-08 07:18:36",1231.5,2,keith70
3331,16777107,Pipiripipap,"2026-09-09 10:03:38",1231.1,2,yohalf
3332,16841097,"Arsonist Duck","2026-09-17 20:21:55",1230.6,2,herbertthebird
3333,16857973,guochangZhang,"2026-09-09 04:24:41",1230.2,1,guochangzhang
3334,16715729,Ajay_Rao_43,"2026-09-09 05:25:11",1230.2,2,ajayrao43
3335,16718823,"Rafael Molina Castaño","2026-09-12 20:45:02",1230.1,2,rafaelmolinacastano
3336,16808840,Devansh3007,"2026-09-10 05:02:13",1229.6,2,devansh3007
3337,16841565,"dar Zaa","2026-09-08 18:04:18",1229.5,2,darzaa
3338,16680524,Nealdarkdarkdark,"2026-09-08 04:36:02",1229.4,2,wklyb1
3339,16633445,Wal8800,"2026-09-10 06:30:12",1229.3,2,wal8800
3340,16891040,"Nasri Siwar","2026-09-18 18:05:16",1228.6,2,sassounasri
3341,16630111,jannchie,"2026-09-23 09:27:46",1228.1,2,jannchie
3342,16858828,BlueSky_sora,"2026-09-23 09:44:19",1227.8,2,blueskysora
3343,16884338,"Emmet Banker","2026-09-24 01:53:27",1227.6,2,emmetbanker
3344,16725564,NoPlanB,"2026-09-23 18:01:29",1227.6,2,kduncanrobertson
3345,16736120,"Ricky #2","2026-09-08 02:47:36",1227.2,2,rickyds97
3346,16635747,"Jeki Wan Taufik","2026-09-08 15:14:33",1227.2,2,jek1wantaufik
3347,16808631,ALkkGame,"2026-09-14 15:16:47",1226.4,2,alkkgame
3348,16843635,"Просто Человек","2026-09-08 18:03:16",1226.1,2,gomunkul
3349,16655474,Focus,"2026-09-09 12:04:51",1226.1,2,overvalueawareness
3350,16806879,tetsuro731,"2026-09-09 11:46:20",1225.6,2,tetsuro731
3351,16848686,"xiang156 xu","2026-09-08 03:23:16",1225.6,2,xiang156xu
3352,16794758,wppepi,"2026-09-09 03:06:09",1225.6,2,"foxsuzuran,malossov,wppepi"
3353,16652173,"Shardul Gharat","2026-09-22 03:52:12",1225.4,2,shardulgharat
3354,16809097,volumatic,"2026-09-10 11:00:51",1225.1,2,"kkeevviinn666,volumatic"
3355,16766171,Jonaid,"2026-09-10 22:22:27",1224.4,2,jonaidshianifar
3356,16753710,tax_free,"2026-09-10 17:08:47",1224.1,2,taxfreepython
3357,16795704,haodada001,"2026-09-10 01:49:03",1224.0,2,haodada001
3358,16621687,ropeadope,"2026-09-23 10:47:05",1223.1,2,silkross
3359,16852605,VTH,"2026-09-08 06:35:01",1223.0,2,storm2501
3360,16659843,"Amer Alkhalili","2026-09-25 18:34:26",1222.9,2,ameralkhalili
3361,16719771,"Oleg Papulov","2026-09-26 11:37:32",1222.1,2,olegpapulov
3362,16771010,42X,"2026-09-09 13:43:36",1221.7,2,infcyx
3363,16829834,Luxuer,"2026-09-26 08:49:59",1221.6,2,luxuer
3364,16870350,praneethb7,"2026-09-26 08:27:08",1221.3,2,praneethbudati
3365,16774941,Samvrcai,"2026-09-16 22:56:19",1221.0,2,samvrcai
3366,16811414,Y-Kitaro,"2026-09-25 13:20:54",1220.8,2,yhataktaro
3367,16661648,"Vân Nguyễn","2026-09-15 14:45:09",1218.8,2,vunnguyen
3368,16699246,"Labh Khatke","2026-09-11 15:53:22",1217.8,2,labhkhatke
3369,16856437,"Roshan S. Chauhan","2026-09-14 09:33:55",1217.5,2,vrosenta
3370,16740851,Zefirrr,"2026-09-19 14:48:39",1217.2,2,zefirrrr
3371,16728109,"Sidharth Hulyalkar","2026-09-11 06:16:26",1217.2,2,sidharthhulyalkar21
3372,16680290,prospers,"2026-09-08 05:37:42",1215.8,2,prospers
3373,16668647,"THIRUPATHI KANNAN K","2026-09-07 14:59:51",1215.8,2,thirupathikannank
3374,16758709,dk07dk,"2026-09-12 07:13:48",1215.8,2,dk07dk
3375,16688130,"Lujia Liang","2026-09-16 21:00:32",1215.5,2,lujialiang123
3376,16672241,dupakdungking,"2026-09-15 13:32:04",1214.1,2,primarizki
3377,16846391,"here we go","2026-09-09 05:28:41",1213.8,2,j1aliangx
3378,16842645,zard599,"2026-09-26 08:29:40",1213.5,2,zard599
3379,16679694,"Yaro Perventsev","2026-09-20 16:16:29",1213.1,2,yaroslavperventsev
3380,16679810,"Patrick Joël MAIRLOT-MBEZELE","2026-09-10 17:54:50",1212.9,2,pigenesis75
3381,16815985,leemc95,"2026-09-08 21:31:33",1212.6,2,leemc95
3382,16774700,たたたた,"2026-09-19 06:50:31",1212.3,2,tatatata1111
3383,16842967,yoshiki116,"2026-09-11 05:05:19",1211.2,2,yoshiki116
3384,16688450,SpiralTip,"2026-09-14 04:11:41",1211.0,2,spiraltip
3385,16741997,hikarinosenshi,"2026-09-08 00:50:58",1211.0,2,hikarinosensh1
3386,16665191,JoJa,"2026-09-22 04:49:21",1210.7,2,"mojyou,noahzx"
3387,16842066,Atomo333,"2026-09-08 10:35:55",1210.7,2,atomo333
3388,16779007,"Teoh jia sheng","2026-09-26 12:28:41",1210.5,2,"nathanael19,teohjiasheng"
3389,16763001,Eb3lss,"2026-09-09 11:08:19",1210.5,2,eb3lss
3390,16771080,"Ricky Shao","2026-09-07 17:16:14",1210.4,2,rickyshao
3391,16774884,assssstnuar,"2026-09-21 10:18:41",1210.3,2,assssstnuar
3392,16854616,"Dd National","2026-09-12 13:29:04",1209.7,2,ddnational
3393,16639570,"Vishesh Banna","2026-09-08 13:07:51",1209.4,2,visheshbanna
3394,16854416,"Artemiy Shirokov","2026-09-08 12:53:33",1208.6,1,tema7707
3395,16730473,Kyohei,"2026-09-08 00:42:18",1208.4,2,kyohei3
3396,16848095,"Risha Apps","2026-09-08 15:41:31",1208.0,2,rishaapps
3397,16844132,Tamasaki217,"2026-09-07 14:15:02",1207.8,2,tamadesu217
3398,16710546,"Russlan Ramdowar","2026-09-09 05:03:58",1207.0,2,russlan
3399,16754974,BurntPotato,"2026-09-09 00:06:54",1206.8,2,burntpotato
3400,16763200,"Alexander Nord","2026-09-07 18:04:42",1206.7,2,"alexandernord123,pizza987"
3401,16909962,"Peter Shu","2026-09-17 02:29:52",1206.6,2,petershuikun
3402,16855268,"Jiayi Du","2026-09-08 16:10:56",1206.5,2,jahyee
3403,16665294,"Thái Văn Tài","2026-09-23 08:01:51",1205.8,2,thivnti
3404,16693272,ush,"2026-09-25 13:35:18",1205.5,2,kusuha
3405,16794871,IMosia,"2026-09-21 08:03:49",1205.4,2,ivanmosiagin
3406,16672858,Lyesterday,"2026-09-07 10:14:39",1205.3,2,ilyas93
3407,16732352,ORiginators,"2026-09-09 10:47:23",1204.9,2,"sachinpandey721,sunritpal"
3408,16935434,chumajin,"2026-09-26 13:03:27",1204.6,2,chumajin
3409,16790472,"Manurupan M","2026-09-20 07:09:36",1204.3,2,manurupanm
3410,16653805,mohsen2050,"2026-09-14 18:25:43",1204.0,2,mohsen2050
3411,16741563,"Paul Pawletta","2026-09-15 09:16:16",1204.0,2,paulpawletta
3412,16786139,Trezerg,"2026-09-09 03:22:46",1203.9,2,progtrollwarrior16
3413,16923006,"Nguyen Cat Luong","2026-09-19 21:12:51",1203.8,2,nguyencatluong
3414,16841313,"Daniel Harkin","2026-09-09 18:24:13",1203.6,2,danielharkin
3415,16840536,"Philip Snyder","2026-09-08 05:18:07",1203.5,2,darkhorsecodes
3416,16845193,Kaan111,"2026-09-17 15:37:21",1203.4,2,kaan111
3417,16736404,¡olé!,"2026-09-08 04:30:34",1203.3,2,hjx1024
3418,16765488,chenyinheng30,"2026-09-24 04:38:39",1203.2,2,chenyinheng30
3419,16855035,"rock paper scissors","2026-09-08 15:03:00",1201.2,1,downbythesallygarden
3420,16841113,Andy,"2026-09-07 01:22:11",1201.1,2,andrewmedran0
3421,16840819,clammpon,"2026-09-25 12:45:09",1201.0,2,clammpon
3422,16779254,MaxZhuCHN,"2026-09-23 04:58:22",1200.7,2,maxzhuchn
3423,16657341,raccoonForest,"2026-09-08 06:45:18",1200.0,2,gkanamoto
3424,16621243,"Jesse Bullard","2026-09-25 15:35:22",1199.1,2,jessebullard
3425,16765484,smsxgz,"2026-09-08 19:09:03",1198.7,2,smsxgz
3426,16656776,ShaoCharles,"2026-09-09 14:16:17",1198.6,2,shaocharles
3427,16673328,"Preetham Prasanna","2026-09-26 06:30:36",1198.0,2,preethamprasanna
3428,16697736,"Daniel Correa","2026-09-26 05:20:46",1197.9,2,dcorrea1
3429,16791712,"xiang W","2026-09-08 14:24:56",1196.7,2,"dekonsu,xiangwaaaaa"
3430,16786158,"Yi-Chia Chen","2026-09-22 06:48:34",1196.1,2,threerabbits
3431,16717756,Dominick,"2026-09-26 12:41:04",1195.7,2,kcinimod
3432,16700846,"Vaibhav Patel","2026-09-16 08:09:33",1195.7,2,vaibhavpatel
3433,16677149,"Umataro Tenma","2026-09-26 13:01:03",1195.5,2,umatarotenma
3434,16842044,StackOverflowed512,"2026-09-07 17:53:32",1195.4,2,stackoverflowed512
3435,16726431,Manav,"2026-09-07 14:42:18",1195.3,2,manavsangwan
3436,16832971,"Scott Willis","2026-09-26 06:00:33",1195.2,2,scottgwillis
3437,16736542,YuRuiZe,"2026-09-06 10:16:45",1194.4,2,ruoyuruize
3438,16823782,yuyutech(Genuine),"2026-09-08 04:32:19",1194.4,2,yuyutechgenuine
3439,16687716,"Joshua Fernando","2026-09-16 12:51:45",1193.2,2,joshuafernandoj
3440,16845083,"Restu Anggoro Kasih","2026-09-07 12:44:58",1193.2,1,restuanggorokasih
3441,16778178,kyosan,"2026-09-26 13:10:11",1192.3,2,"azizbekxasanov,dilyorbek"
3442,16799362,"James Weatherhead","2026-09-06 21:45:45",1192.3,2,jamesweatherhead
3443,16637241,M4nd4l0r14n,"2026-09-07 21:50:19",1192.2,2,thiagobcunha
3444,16849295,"Israa Saede","2026-09-07 17:30:03",1192.2,1,esraaalsaeede
3445,16639800,"Yong Ming-Jia","2026-09-15 06:14:00",1191.9,2,ymingj
3446,16671425,"Gajenddra Raj","2026-09-11 01:18:29",1191.2,2,gajenddra
3447,16924472,Rajusah,"2026-09-25 07:09:57",1190.4,2,rajucode
3448,16802719,uta_ccc,"2026-09-06 07:15:44",1190.2,2,utaccc
3449,16655501,Savko,"2026-09-21 06:02:04",1190.2,2,savchenko
3450,16898040,王ruizhe,"2026-09-19 07:56:03",1189.8,2,ruizhe28
3451,16854744,"Rostislav Epifanov","2026-09-10 12:14:58",1188.1,2,rostepifanov
3452,16707562,Snipine,"2026-09-08 01:17:09",1187.4,2,boluosnow
3453,16805940,Foxure,"2026-09-12 01:51:33",1187.4,2,foxure
3454,16661970,"BOB'S ROOM","2026-09-09 12:30:24",1186.4,2,"bobpop123447,datasutudent"
3455,16840338,"Shoma Arakawa","2026-09-12 08:55:21",1186.4,2,shomaarakawa
3456,16748527,Tsubasa_00,"2026-09-10 00:22:27",1186.0,2,tsubasa00
3457,16664619,"Trupen Patel","2026-09-08 15:52:17",1185.9,2,trupenpatel
3458,16777406,"Toheeb Ogunade","2026-09-08 22:46:05",1185.7,2,toheebogunade
3459,16675897,"KANG ZHIPENG","2026-09-16 01:26:34",1185.6,2,kangzhipeng
3460,16838588,"Nadeem Ishikawa","2026-09-08 23:04:10",1185.5,2,nadeemishikawa
3461,16840452,pan6628,"2026-09-10 04:38:21",1185.4,2,pan6628
3462,16759913,"Peter Cnudde","2026-09-07 20:08:25",1185.2,2,petercnudde
3463,16668748,"Harrison Interactive","2026-09-24 12:07:26",1185.0,2,nosiru
3464,16707561,"Nick Rom111","2026-09-26 10:03:54",1183.6,2,nickrom111
3465,16844769,phi,"2026-09-09 18:19:54",1183.1,2,fahisplr
3466,16810472,YuanKing77,"2026-09-06 03:11:18",1183.0,2,yuanking77
3467,16731822,Senn88,"2026-09-08 13:54:19",1182.6,2,senn88
3468,16715358,wuy1hao,"2026-09-07 10:23:01",1182.6,2,wuy1hao
3469,16660444,"Сергей Мизин","2026-09-24 16:29:09",1182.1,2,seeergo
3470,16724993,Bonkoturyu,"2026-09-10 07:59:12",1181.8,2,bonkoturyu
3471,16717253,Sybery_AI,"2026-09-13 19:51:41",1181.6,2,syberyai
3472,16725851,hetspookjee,"2026-09-07 21:54:39",1181.4,2,hetspookjee
3473,16683952,"Maksimov Evgeniy","2026-09-04 01:23:59",1181.4,2,maxevg
3474,16764476,daviddnd,"2026-09-15 07:40:48",1181.1,2,daviddnd
3475,16672549,"ReinFARMent Learning?","2026-09-11 03:38:53",1180.8,2,arksey
3476,16708880,yotsutose,"2026-09-10 10:18:49",1180.0,2,yotsutose
3477,16839343,"SAURABH VISHWAKARMA","2026-09-15 17:13:31",1179.5,2,surabhv21
3478,16624979,"Mohamed abdelrazik","2026-09-25 20:36:52",1179.2,2,mohamed3abdelrazik
3479,16686444,"Syakirin Pahimi","2026-09-06 16:21:15",1178.7,2,syakirinpahimi
3480,16883168,jojo,"2026-09-25 21:19:01",1178.6,2,jojojablon
3481,16686424,"Thần Thoại","2026-09-08 16:58:05",1178.1,2,thanthoai
3482,16689366,"Cuong Le","2026-09-06 15:24:57",1178.1,2,ad1999
3483,16842187,"rongkai bao","2026-09-06 05:34:57",1177.7,2,rongkaibao
3484,16700501,Konno,"2026-09-08 02:40:46",1177.0,2,nearfield1234
3485,16740464,"Jorrawar Grewal","2026-09-08 00:43:17",1176.2,2,jorrawargrewal
3486,16853132,masa0219,"2026-09-26 12:42:46",1175.4,2,masa0219
3487,16866086,"Table Feng","2026-09-15 15:22:21",1175.3,2,tablefeng
3488,16655109,"Tia He","2026-09-10 00:54:40",1175.2,2,altheahe
3489,16684250,"Alexander Sokolov","2026-09-06 12:33:49",1175.1,2,cheeec0
3490,16784829,"Masahiro Yamagata","2026-09-26 11:35:52",1174.5,2,masahiroyamagata
3491,16623806,黒田彩人,"2026-09-07 21:37:20",1174.3,2,ayato0705
3492,16719090,CHSTO,"2026-09-12 21:35:49",1174.1,2,haotianqi
3493,16745949,"Miaohua Zhang","2026-09-26 06:55:00",1174.0,2,miaohuazhang
3494,16843173,"Hansen Zhong","2026-09-06 15:51:46",1173.6,2,onegameonedream
3495,16841542,Smmyth,"2026-09-06 22:18:52",1173.4,2,smmyth
3496,16730247,DOM-VASCONCELOS,"2026-09-23 09:45:05",1173.1,2,domcreator
3497,16918095,Free-joint,"2026-09-25 07:40:00",1173.0,2,"huangzehua,percivallin"
3498,16666393,saikyo,"2026-09-07 02:04:55",1173.0,2,kyosaikyo
3499,16768043,"Cropy and Paste","2026-09-13 17:56:08",1172.6,2,tfriedel
3500,16743484,"薄和叶 Lv.INF","2026-09-03 14:24:47",1172.3,2,lumine01
3501,16893007,thegoatman7,"2026-09-18 04:04:52",1172.3,2,thegoatman7
3502,16665352,"Paul Nassiri","2026-09-22 12:01:10",1171.9,2,laszlolevray
3503,16803592,"Bishal Lamichhane","2026-09-16 13:33:25",1171.8,2,bishallamichhane44
3504,16792927,EnricRovira,"2026-09-23 22:27:44",1171.5,2,enric1296
3505,16779942,"YueKai Yu","2026-09-07 01:12:38",1169.7,2,yuekaiyu
3506,16660477,SeaGoat,"2026-09-26 07:52:38",1168.2,2,vbandaru
3507,16764342,malone001,"2026-09-11 08:18:49",1167.3,2,malone001
3508,16793478,noisyislands,"2026-09-26 12:58:25",1167.3,2,noisyislands
3509,16659711,williams,"2026-09-06 23:23:25",1167.1,2,williams
3510,16810490,katlun,"2026-09-13 03:25:31",1166.9,2,"hoyin1212,katlun"
3511,16810104,HemanthRaju311,"2026-09-09 13:07:35",1166.6,2,hemanthraju311
3512,16845426,"Erlik Khan","2026-09-13 23:03:03",1166.1,2,erlikkhan
3513,16765207,Cathy,"2026-09-10 01:48:38",1166.1,2,cathyyou
3514,16853941,"Baha Enes Ören","2026-09-08 14:52:10",1165.9,2,bahaenesren
3515,16728229,twomoon,"2026-09-08 05:22:46",1165.8,2,twomoon036
3516,16654068,"Renoir Vieira","2026-09-05 17:42:47",1165.6,2,renoirvieira0
3517,16896006,jrw208,"2026-09-22 21:27:28",1165.3,2,jrw208
3518,16631400,JZ,"2026-09-20 23:44:22",1164.9,2,zhoujiachen
3519,16824564,"piu ATI","2026-09-06 10:02:27",1164.1,2,piuati
3520,16843986,"Young Jim","2026-09-07 00:05:04",1164.0,2,youngjim
3521,16842817,darcy132,"2026-09-06 13:16:34",1164.0,2,darcy132
3522,16697205,"Gould Research","2026-09-08 17:19:28",1163.9,2,"georgeking1,gouldh,gradybos,shanemullahy"
3523,16937692,"Sergio D","2026-09-25 20:58:22",1163.3,2,ser8147
3524,16792123,coder2403,"2026-09-12 17:08:38",1163.3,1,coder2403
3525,16669666,RhoenSprudel,"2026-09-11 19:08:43",1162.9,2,rhoensprudel
3526,16783517,"dongdong zhang","2026-09-07 03:22:34",1162.8,2,mcdongdongzhang
3527,16838807,"tony boakye","2026-09-08 11:41:30",1162.4,2,tonyboakye
3528,16715383,"Leo Lilley","2026-09-09 03:36:39",1162.2,2,leolilley
3529,16625050,"how to place pokemon","2026-09-25 22:58:31",1162.0,2,ktverdov
3530,16726559,william,"2026-09-05 02:03:48",1161.7,2,hiricodev
3531,16832556,"Harshit Raj #2","2026-09-10 16:45:16",1161.6,2,harshitraj2123221
3532,16822109,Meticulousss,"2026-09-10 16:32:31",1161.4,2,meticulousss
3533,16726889,stnick,"2026-09-05 19:13:36",1161.2,2,stnick
3534,16654463,Mark,"2026-09-04 19:38:01",1160.9,2,robotmf
3535,16730484,Esperanza,"2026-09-10 00:42:17",1160.6,2,deanpixton
3536,16830000,"Danilo Lapegna","2026-09-21 06:52:23",1160.2,2,danilolapegna
3537,16623646,"Minal kharat123","2026-09-26 09:19:16",1160.0,2,minalkharat123
3538,16727536,lelelove1225,"2026-09-06 12:58:48",1159.9,2,lelelove1225
3539,16797251,"Nguyễn Mạnh Niên","2026-09-06 11:29:31",1159.9,2,jacobrichard312
3540,16805509,"Adel Zebiche","2026-09-06 17:28:28",1159.8,2,adelzebiche
3541,16849883,"Rifa Tamanna","2026-09-07 22:07:04",1159.7,2,rifatamanna1109
3542,16797036,tksfjn,"2026-09-12 04:06:53",1159.6,2,tks3210
3543,16870585,ba,"2026-09-11 08:25:46",1159.3,2,yusukebaba
3544,16838953,HHHyyds,"2026-09-05 12:31:34",1158.7,2,hhhyyds
3545,16667998,Speril,"2026-09-11 03:51:03",1158.6,2,speril
3546,16802630,takotakosan,"2026-09-09 03:10:10",1158.5,2,takotakosan
3547,16663681,Kometa,"2026-09-20 06:03:24",1157.8,2,petarknezevic1
3548,16845510,bugkeeper,"2026-09-08 06:24:57",1157.6,2,bugkeeper
3549,16918646,MsMarch.7,"2026-09-18 09:12:24",1157.0,2,msmarch7
3550,16842273,2424,"2026-09-08 14:29:16",1155.9,2,takutonishi
3551,16661768,"Lợi Trần Bảo","2026-09-13 19:43:53",1155.9,2,litrnbo
3552,16845063,"Gaston Zarate","2026-09-22 05:36:22",1155.8,2,gastonz195
3553,16667922,JungHwan,"2026-09-06 00:05:59",1153.9,2,najunghwan
3554,16661034,"Devesh Mehta","2026-09-23 14:54:58",1153.9,2,deveshmehtaaie
3555,16640878,"Krishna Yadu","2026-09-06 08:18:51",1153.7,1,krishnayadav456wrsty
3556,16893831,"Sasan Nazari","2026-09-16 00:07:26",1153.0,2,sasannazari
3557,16677107,gagacrow,"2026-09-07 16:11:58",1152.9,2,gagacrow
3558,16841276,EmmaL09,"2026-09-09 22:09:29",1151.8,2,emmal09
3559,16781110,yqz,"2026-09-04 17:57:19",1151.4,2,yuqizheng
3560,16725081,ZhouYongqi,"2026-09-06 14:55:06",1151.0,2,xy0v0zhang
3561,16730375,Floth,"2026-09-07 15:14:58",1150.5,2,suwat513
3562,16824014,"Kotaro Kikuchi","2026-09-07 10:57:06",1150.3,2,kotaro1129
3563,16796840,ezalbxx,"2026-09-10 04:09:31",1149.6,2,ezalbxx
3564,16657646,mountainbob,"2026-09-21 14:12:49",1147.6,2,shongpakmanoon
3565,16657547,"Pranav Thota","2026-09-23 05:00:32",1147.1,2,pranavthota
3566,16838898,"Minh Trịnh","2026-09-06 13:38:05",1146.8,2,minhtrinh2002
3567,16806809,air,"2026-09-06 09:54:14",1145.1,2,air041001
3568,16860587,"Mayo Mafia","2026-09-14 12:41:03",1144.9,2,vasujain12344
3569,16822414,Yassinovich,"2026-09-06 12:50:02",1144.4,2,yassinovich
3570,16839429,"Igor Aranovsky","2026-09-08 08:55:51",1144.1,2,igoraranovsky
3571,16806938,boominginging,"2026-09-26 13:00:54",1144.0,2,"aviator22,boominginging,caiwenjie123,mikeintokyo"
3572,16704613,alexbstl,"2026-09-14 01:43:31",1143.8,2,alexbstl
3573,16777894,"Matthew Neba","2026-09-06 21:37:08",1142.9,2,matthewneba
3574,16669715,housssaamos,"2026-09-06 19:42:41",1142.9,2,housssaamos
3575,16803141,"Verdant Meridian","2026-09-08 14:13:17",1142.6,2,xinweizhang003
3576,16795131,XuanxuChem,"2026-09-11 13:18:00",1142.6,2,zhaonoah
3577,16783328,AggriTrader,"2026-09-15 13:56:09",1142.4,2,leoluo
3578,16758839,"Yusuf Murtaza","2026-09-06 10:23:21",1141.6,2,yusufmurtaza01
3579,16797393,lingmingzi,"2026-09-05 04:36:26",1141.4,2,lingmingzi
3580,16771397,its_mrz,"2026-09-07 17:48:52",1141.3,2,itsmrz
3581,16634716,Eusebius,"2026-09-26 12:08:49",1140.5,2,protuberanzen2000
3582,16667964,Shuiys,"2026-09-05 18:41:46",1140.3,2,ysshui
3583,16654266,古德拜吃,"2026-09-26 02:11:29",1139.8,2,nosaewang
3584,16688281,"Luke Stafford","2026-09-22 15:43:55",1139.8,2,luketstafford
3585,16707639,Fujinawa,"2026-09-15 12:14:48",1139.3,2,wasshoiwasshoi
3586,16664293,"Adam Lloyd","2026-09-05 07:12:04",1139.2,2,alloyd256
3587,16869870,"Electric Weasle","2026-09-13 15:27:16",1138.7,2,electricweasle
3588,16662204,SM_30,"2026-09-05 15:45:06",1137.6,2,sagarmane104
3589,16654490,"Furious Monk","2026-09-25 08:01:55",1137.6,2,furiousmonk
3590,16806535,"zhangzhuang li","2026-09-03 18:31:12",1136.7,2,zhangzhuangli
3591,16839209,yuuuu.T,"2026-09-06 02:01:37",1136.6,2,yuuuut
3592,16738820,"Ying Li","2026-09-14 15:06:54",1136.1,2,lyee919
3593,16857923,Haruki.O,"2026-09-12 08:23:32",1135.3,2,ho0707
3594,16801995,"XD tsui","2026-09-03 20:41:03",1135.0,2,xdtsui
3595,16734894,"MP Gamimg","2026-09-25 10:09:15",1134.9,2,okadahiroshi
3596,16802745,"Fuat Çakıcı","2026-09-25 22:17:39",1134.7,2,fuatcakiicii
3597,16862895,"Quinn Brighton","2026-09-12 00:01:22",1134.6,2,quinnbrighton
3598,16814637,random_numb,"2026-09-24 06:23:11",1132.9,2,randomnumb
3599,16697923,"Vincent Debout","2026-09-12 22:24:00",1132.5,2,vdebout
3600,16808352,Rheinmetall,"2026-09-25 16:34:55",1132.3,2,rheinmetall
3601,16885684,LiYiTingTom,"2026-09-21 15:53:41",1132.2,2,liyitingtom
3602,16790359,"laoma fighting","2026-09-07 05:30:45",1131.7,2,laomafighting
3603,16810802,"Musa Khan","2026-09-03 16:40:12",1131.4,1,lazer999
3604,16732433,syuuuuu,"2026-09-06 12:53:05",1130.5,2,syuuuuukun
3605,16697877,"Sky kun","2026-09-13 22:36:13",1130.2,2,skykun
3606,16750364,Tangruichen,"2026-09-23 19:19:29",1130.2,2,device666kunkun
3607,16845366,cdaden,"2026-09-08 06:00:19",1130.1,2,cdaden
3608,16796600,skyShenzi5822,"2026-09-08 08:06:25",1129.4,2,skyshenzi
3609,16719578,blueblue222,"2026-09-11 04:36:53",1128.2,2,blueblue222
3610,16683435,CoorDi,"2026-09-08 02:13:42",1128.1,2,bxy0125
3611,16811433,"Bx LLLLLLLL","2026-09-05 21:54:10",1128.0,2,bxllllllll
3612,16674720,"Prathmesh Lagdive","2026-09-09 10:44:33",1127.8,2,"aglavevaibhav,prathmeshlagdive,shriyashkurud"
3613,16644255,Rister,"2026-09-04 00:05:35",1127.6,2,"rister101,stharundhatri"
3614,16820988,人畜无害,"2026-09-24 09:01:58",1127.1,2,slowmo19
3615,16632231,"Samrish B","2026-09-05 18:17:55",1126.1,2,samrishb
3616,16654791,"Dev Rath","2026-09-10 16:32:18",1125.5,2,devbratrath
3617,16750726,prince22466,"2026-09-26 06:40:24",1125.4,2,prince22466
3618,16838520,"Niu Yuanfang","2026-09-07 07:50:24",1125.4,2,niuyuanfang
3619,16639369,"Kyuhwan Cho","2026-09-18 23:24:42",1124.8,2,octoarden
3620,16657637,"Ronnie Atuhaire","2026-09-26 06:27:08",1124.0,2,ronnieatuhaire
3621,16804549,Feidudu,"2026-09-04 15:51:54",1123.6,2,zenanshao
3622,16811890,Bobbbbbbbbx,"2026-09-03 15:25:01",1123.5,2,bobbbbbbbbx
3623,16765763,latter0206,"2026-09-06 07:00:54",1123.3,2,shoheiyamanaka
3624,16652750,"Bahadir Selim Bakla ","2026-09-24 23:38:57",1123.2,2,bahadirselimbakla
3625,16810859,"Michael Silverblatt","2026-09-06 12:39:49",1122.9,2,msilverblatt
3626,16721237,phoenixai0,"2026-09-08 14:15:57",1122.7,2,phoenixultra
3627,16810060,galileo680,"2026-09-05 23:45:08",1122.7,2,keter333
3628,16634336,"Arko Bera","2026-09-08 19:08:41",1122.6,2,cartoonistbeard
3629,16778388,"straw hats","2026-09-20 14:26:24",1121.7,2,rushikeshgaonkar
3630,16695931,"Kers Aoyagi","2026-09-05 19:24:41",1121.7,2,kersaoyagi
3631,16741683,"Lance Wu","2026-09-05 02:17:10",1121.5,2,lancewu722
3632,16717186,"Roumak Das","2026-09-04 03:41:55",1121.4,2,roumak77
3633,16657904,xfhdh1,"2026-09-06 09:51:45",1121.1,2,xfhdh1
3634,16727147,"Alan Smith","2026-09-09 11:26:14",1121.0,2,acorncupcake
3635,16899030,CardPilotLab,"2026-09-17 00:32:05",1120.8,2,EldieEnfiel
3636,16633850,Pascal,"2026-09-05 04:01:56",1120.2,2,pascalledesma
3637,16721805,kavunidze,"2026-09-03 11:04:48",1118.7,2,kartu72
3638,16702430,"ZeLong Leo","2026-09-24 02:45:37",1118.3,2,zelongleo
3639,16666033,"Shota Takano","2026-09-26 07:50:48",1118.0,2,shotatakano
3640,16917732,qianqiuwushang,"2026-09-26 12:28:51",1117.9,2,qianqiuwushang
3641,16672040,"Tom Yim","2026-09-07 04:31:34",1117.8,2,tomyim
3642,16802039,"Anna Currie","2026-09-04 10:24:33",1116.7,2,hcnfgxsghvbkhbty
3643,16848220,ggmljs,"2026-09-10 05:10:42",1116.4,2,ggmljs
3644,16721688,"Hi Im Ryo","2026-09-04 15:05:22",1115.8,2,loto610
3645,16675739,"Jithendra Maddala","2026-09-12 05:12:26",1115.6,2,jithendramaddala
3646,16725195,易研学社,"2026-09-06 07:27:43",1115.1,2,"chency17,fengwann,mingyingxin,sjojasdq,tbtbbb"
3647,16825772,liujieyou,"2026-09-14 12:01:35",1114.9,2,liujieyou
3648,16730834,TomoyaM,"2026-09-10 00:00:39",1114.8,2,tomoyamiyaake
3649,16626462,mango,"2026-09-04 01:11:13",1114.7,2,mango789
3650,16623480,xmaster6y,"2026-09-08 18:26:54",1114.3,2,xmaster6y
3651,16682283,"RL is all you need","2026-09-08 13:59:11",1114.1,2,"bpmf577,junzhejiao,jwj1342,liaodid,mrschang"
3652,16658287,ArturoSirvent,"2026-09-12 05:20:34",1113.9,2,arturosirvent
3653,16808433,thenokol,"2026-09-07 12:26:33",1113.8,2,thenokol
3654,16779321,HarryP12,"2026-09-11 16:45:35",1113.3,2,harryp12
3655,16927297,galaxy2025,"2026-09-20 01:15:33",1113.3,1,galaxy2025
3656,16756902,"Matt Palmer","2026-09-06 04:17:51",1113.2,2,palmsey
3657,16839548,"Александр Прохоров","2026-09-08 12:30:54",1113.1,2,obbwd12
3658,16836457,Andrew9603,"2026-09-06 12:28:37",1113.0,2,benxvyan
3659,16662810,HarshitSama,"2026-09-19 10:23:32",1113.0,2,harshitsama
3660,16824101,"Bala Murugan AIML","2026-09-04 02:20:12",1112.0,1,balamuruganaiml
3661,16734290,CodeAMANSA,"2026-09-09 14:52:52",1111.7,2,bcollazo
3662,16842384,"Muhammad Mirza Darma Putra","2026-09-26 12:55:24",1111.6,2,mirzadarma
3663,16659210,HASHP100D,"2026-09-05 11:23:41",1111.4,2,hashp100d
3664,16838305,"Zhiyan Chen","2026-09-05 09:20:32",1111.3,2,zenosga
3665,16799554,dengddd,"2026-09-03 15:30:23",1111.1,2,dengdgq
3666,16679812,"Xiang Li","2026-09-07 00:00:24",1111.0,2,xianglipee
3667,16854250,"Jenil Emp","2026-09-21 13:06:46",1110.9,2,jenilemp
3668,16664518,senxichong,"2026-09-18 08:01:00",1110.7,2,senxichong
3669,16734813,"Johan BONILLA MENDIETA","2026-09-05 15:23:38",1109.8,2,johanbonillamendieta
3670,16797063,Nianhua1,"2026-09-05 03:35:11",1109.8,2,nianhua1
3671,16639746,"Kyle Wang","2026-09-04 15:12:00",1109.7,2,ky1ewan9
3672,16851959,Darren0724,"2026-09-11 12:15:26",1109.6,2,darren0724
3673,16851712,VelloNChiru,"2026-09-25 02:30:27",1109.6,2,janelawrence
3674,16780141,"One Zero001","2026-09-03 08:43:16",1109.5,2,onezero001
3675,16848645,"Chee Keong Sim","2026-09-10 14:59:11",1109.3,2,cheekeongsim
3676,16738810,mararaa,"2026-09-04 10:21:18",1108.6,2,mararaa
3677,16725793,Krilin,"2026-09-03 18:41:48",1108.0,2,krilin
3678,16808178,qianyuatkaggle,"2026-09-08 00:37:32",1108.0,2,qianyuatkaggle
3679,16623630,noobanot,"2026-09-03 12:05:20",1107.9,2,noobanot
3680,16773069,Grant,"2026-09-05 10:49:32",1107.4,2,leolin05
3681,16678462,"Eric Han Wang","2026-09-22 22:39:00",1107.3,2,ericwang03
3682,16753646,"[Deleted] 7d100524-25e6-4751-98db-b4fdce26a5ee","2026-09-02 14:22:45",1106.3,2,del=effabded1aa6d176
3683,16695556,"Prajwal Dongre","2026-09-20 05:45:05",1106.2,2,prajwaldongre
3684,16635065,T88,"2026-09-07 09:02:57",1106.0,2,t88take
3685,16809249,Moro,"2026-09-06 02:48:13",1105.8,2,moromoromoro
3686,16666296,A.P.R.I.L,"2026-09-12 16:42:30",1105.3,2,puneeth333
3687,16732221,ringbearer,"2026-09-03 21:56:31",1105.2,2,mehmetbarankrat
3688,16806587,"Dear Shark","2026-09-17 07:12:32",1104.9,2,dearshark
3689,16745351,ChrisXie,"2026-09-08 02:14:19",1104.6,2,chrisstan
3690,16790542,shiba-inu,"2026-09-21 14:06:32",1104.3,2,npinpi
3691,16750273,"Nil Lic","2026-09-14 16:44:57",1104.1,2,nillic
3692,16707702,"anton leyn","2026-09-08 16:30:11",1103.8,2,antonleyn
3693,16683199,"Filippo Gombac","2026-09-02 17:16:47",1103.1,2,filippogombac
3694,16702429,iamlonely,"2026-09-08 16:27:53",1102.8,2,iamlonely
3695,16730049,"r2d2 Dasari","2026-09-20 20:15:24",1102.4,2,r2d2dasari
3696,16634239,"Radhakrishnan Guhan","2026-09-05 19:54:20",1102.3,2,rmsgrk
3697,16717113,"Dovydas Ruokis","2026-09-11 19:58:21",1102.1,2,dovydasruokis
3698,16816445,"Danila Lebedev","2026-09-08 13:54:33",1102.1,2,danilalebedev
3699,16657228,"Vladimir Babin","2026-09-21 06:07:32",1102.1,2,vovababin
3700,16682195,celefefwefwe1,"2026-09-02 16:48:52",1102.0,2,celefefwefwe1
3701,16713540,Anruan,"2026-09-05 16:45:53",1102.0,2,xiaowanshen
3702,16858618,NaokaK,"2026-09-09 06:58:14",1101.6,1,naokak
3703,16841667,Zwxiang123,"2026-09-06 01:27:21",1101.5,1,zwxiang123
3704,16773039,zyiqun,"2026-09-04 06:12:36",1101.2,2,zyiqun
3705,16657395,"Uchechukwu Ajuzieogu","2026-09-03 14:10:11",1100.9,2,uchechukwuajuzieogu
3706,16783459,LKQ669,"2026-09-02 14:33:50",1100.8,2,lkq669
3707,16782954,"Team Dajiang","2026-09-19 13:02:19",1100.7,2,"jihuaye,toolazyhhh123"
3708,16665700,张广麒,"2026-08-31 08:41:33",1100.3,2,zzggqq
3709,16775506,"lin qiy","2026-09-05 13:32:19",1100.2,2,linqiy
3710,16719083,"Justin Mai 16","2026-09-07 22:30:10",1100.2,2,justinmai16
3711,16743788,"Emmanuel Lo","2026-09-04 13:07:50",1100.1,2,emmanuello
3712,16786255,OceFFFF,"2026-09-26 06:46:42",1100.1,2,oceanfujimoto
3713,16639520,"Cary Jin","2026-09-05 22:54:44",1099.4,2,strigiformes
3714,16730707,"James Michael","2026-09-04 14:12:29",1099.1,2,ingenio
3715,16815841,"Sunshine through fog","2026-09-25 22:48:23",1099.0,2,sunshinethroughfog
3716,16749205,"Wish Coding Guy","2026-09-02 10:33:15",1098.8,2,tommycyd
3717,16790658,lxymmd,"2026-09-10 07:59:16",1098.6,2,lxymmd
3718,16641099,sieru-copan,"2026-09-25 12:03:44",1097.6,2,sierucopan
3719,16824069,"Phương Nguyễn Việt","2026-09-04 03:52:08",1097.5,1,phngnguynvit
3720,16736050,SuperZero11,"2026-09-10 07:44:19",1097.4,2,anandaverma
3721,16755414,Danzzzl,"2026-09-05 16:14:12",1097.4,2,okunevda
3722,16673250,Prashant,"2026-09-04 16:46:37",1097.1,2,"kajalsinghrajpoot,prashantxo"
3723,16820116,cotora2121,"2026-09-05 17:42:49",1096.8,2,cotora2121
3724,16768323,thuvuduy16,"2026-08-31 18:59:54",1096.2,2,thuvuduy16
3725,16695229,X1a0Ch3n,"2026-09-04 16:14:07",1096.2,2,xiaochen20236673
3726,16686827,Kronki,"2026-09-05 12:24:58",1095.2,2,kronki
3727,16728103,Immutable,"2026-09-06 21:33:16",1095.0,1,dishcleaner
3728,16735253,银龙,"2026-09-07 07:00:02",1094.7,2,boyanyanbo
3729,16734979,NiuLAI,"2026-09-24 07:23:38",1094.1,2,"chunsingyu,chunyinhui,jaminmei"
3730,16805882,nmdcddwzml,"2026-09-10 11:46:04",1093.8,2,mujian63
3731,16626979,"An - Claudex","2026-09-24 10:28:30",1093.7,2,myotterspace
3732,16773607,sky1,"2026-09-04 13:54:00",1093.1,2,skyk1jn
3733,16774727,"Dannya AbdulHadi","2026-09-04 11:48:50",1092.3,2,dannyaabdulhadi
3734,16667731,"Agent 33","2026-09-24 19:53:19",1091.9,2,agent33
3735,16657825,MilanJoshi,"2026-09-01 12:04:31",1091.9,2,mlnjsh
3736,16659776,"Ben Hamilton","2026-09-08 23:36:18",1091.0,2,kineticaxisstudio
3737,16783521,xiannaix,"2026-09-04 09:28:00",1090.7,2,xiannaix
3738,16818589,"Rachmat S. Haryadi","2026-09-10 16:48:09",1090.4,2,rachmatsharyadi
3739,16761641,Diavolo,"2026-09-05 09:31:08",1090.3,2,jeanmarcbah
3740,16655381,"Varshith K","2026-09-10 22:42:07",1090.2,2,var3604
3741,16822745,Jetpack,"2026-09-18 17:14:08",1089.9,2,"m1ngch1,victorye04"
3742,16794696,"Paul Bryan Elefante","2026-09-08 00:39:10",1089.5,2,heuljax
3743,16828244,AGSaturn,"2026-09-06 19:42:52",1089.2,2,polyuhst
3744,16639771,"DK Armada","2026-09-06 06:33:12",1088.3,2,dkarmada
3745,16657594,"Wojciech Krasowski","2026-09-02 20:37:04",1088.1,2,ci3l4k
3746,16651792,LX,"2026-09-02 10:29:49",1087.8,2,sunnylx
3747,16747577,"Nolan BONHOMME","2026-09-03 13:22:05",1087.7,2,nolanbonhomme
3748,16775286,DanilAbdullin,"2026-09-02 05:42:51",1087.2,2,danilabdullin
3749,16838821,小等等,"2026-09-16 07:41:23",1087.0,2,atwelve
3750,16654995,"Artem Voronov","2026-09-14 11:14:51",1086.3,2,artemyvoronov
3751,16722995,July,"2026-09-10 10:42:05",1085.7,2,julyzseven
3752,16737937,xamad,"2026-09-01 13:19:27",1085.6,2,giannicerrato
3753,16771605,Psyrax,"2026-09-17 16:00:11",1085.3,2,psyrax012
3754,16811637,mohui666,"2026-09-03 09:21:41",1085.2,2,mohui666
3755,16716475,"dong & shen","2026-09-03 04:47:45",1085.2,2,"dongcookies,muyouqian4"
3756,16742470,AK,"2026-09-06 07:57:50",1085.2,2,aman1391
3757,16663166,Rey4Dan,"2026-09-23 16:28:42",1085.0,2,rey4dan
3758,16659430,"John Keith Weber","2026-09-06 16:32:54",1084.8,2,johnkeithweber
3759,16803930,"Farrukh Ismoilov","2026-09-02 11:30:29",1084.6,2,fismoilo
3760,16632214,roomer,"2026-09-05 03:55:23",1083.3,2,"matsuphy,mqme526,yasunamiura"
3761,16729092,"ayman elamin","2026-09-26 11:16:22",1083.3,2,aymanelamin
3762,16857458,HIIHIH,"2026-09-25 05:20:19",1082.6,2,hiihih
3763,16658409,AlexMasip,"2026-09-03 15:37:32",1082.2,2,alexmasip
3764,16694186,souju00,"2026-09-14 10:52:51",1081.4,2,souju00
3765,16877958,"Igor Buinyi","2026-09-11 23:06:07",1080.3,1,buinyi
3766,16732484,tanzaku,"2026-09-06 07:58:50",1079.5,2,tanzaku
3767,16660121,10pi,"2026-09-02 01:21:07",1079.1,2,meredith10pi
3768,16682932,"Iulian Curte","2026-09-13 10:07:59",1079.1,2,iuliancurte
3769,16658898,"SRI shiva","2026-09-26 12:57:50",1078.6,2,srishiva
3770,16686513,Vipul_Kumar75476,"2026-09-22 00:05:05",1078.4,2,vipulkumar75476
3771,16622934,"Ümit Anık","2026-09-05 13:54:40",1078.0,2,mitank
3772,16661393,"razab Bawa","2026-09-06 12:43:30",1077.9,2,razabbawa
3773,16798174,"Jan Bartos","2026-09-07 22:28:55",1077.9,2,janbartos
3774,16623856,aowhite,"2026-09-03 06:12:31",1076.8,2,brandnewyork
3775,16783124,Logorhythms,"2026-09-24 12:31:20",1076.8,2,mohammadsaidulislam
3776,16778792,"Karthik #2","2026-09-26 12:13:01",1076.7,2,karg14
3777,16757418,Janus,"2026-09-20 02:21:48",1076.4,2,khaled1alhasan
3778,16839975,AlexHan,"2026-09-05 13:16:50",1076.2,1,gksgusrb1212
3779,16771457,"HK Fama","2026-09-05 17:51:47",1076.2,2,kenho211
3780,16742825,"Ritwik Raha","2026-09-05 00:03:10",1076.2,2,ritzraha
3781,16743191,"Ryoya Kochiyma","2026-09-05 13:28:19",1075.2,2,"kazutotakekuma,ryoyakochiyma"
3782,16756630,Shreyas,"2026-08-30 09:58:08",1074.7,2,shreyasdongre25
3783,16770785,Brahim,"2026-09-26 07:54:04",1074.4,2,brahimdriss
3784,16764068,"Chika Komari","2026-09-02 11:18:48",1074.3,2,gothamjocker
3785,16677252,カワシギ,"2026-09-25 16:58:15",1074.1,2,kawashigi
3786,16779652,cheezyp,"2026-08-31 06:26:25",1074.0,2,cheezyp
3787,16861544,"Hiroyuki Fujimaki","2026-09-26 04:08:11",1073.9,2,hiroyukifujimaki
3788,16675351,-Beterraba,"2026-09-05 18:45:27",1073.5,2,"afonsoo,miguelottoni"
3789,16623890,"rapika rosalia","2026-09-01 17:40:24",1073.4,2,rapikarosalia
3790,16880648,"Akash Pattani","2026-09-26 13:03:10",1072.5,2,akashpattani
3791,16654715,"Aqib Raza","2026-09-02 19:21:26",1072.3,2,aqibrazadev
3792,16871907,"Junya _318","2026-09-14 04:15:18",1071.8,2,junya318
3793,16794740,"Alexander R Luz","2026-09-11 16:15:45",1071.5,2,alexanderrluz
3794,16747036,Illusion,"2026-09-04 13:34:36",1071.1,2,briankimtaikab
3795,16793344,zyichi,"2026-09-02 06:41:30",1071.0,2,zyichi
3796,16706442,tipstar0125,"2026-09-05 11:50:46",1070.7,2,dragonty
3797,16693382,Sandrone,"2026-09-07 15:57:25",1070.7,2,luvgoelo
3798,16791752,bayachay,"2026-09-13 02:26:18",1070.2,2,bayachay
3799,16795391,MECHINE,"2026-09-01 03:05:47",1070.2,2,nainglinwai
3800,16688642,"Natalia Mawyin","2026-09-05 11:08:38",1069.5,2,nmawyin
3801,16665311,"huayang sun","2026-09-05 06:20:01",1068.3,2,okami001
3802,16655169,Musliadi,"2026-08-31 05:51:39",1067.7,2,timscientia
3803,16727544,"Mostafa H","2026-09-01 10:03:53",1067.6,2,mostafahaghiri68
3804,16887947,"Blips and Chitz","2026-09-23 23:10:46",1067.6,2,michaelriedl
3805,16655311,"Plant City Planter","2026-09-02 19:03:12",1067.4,2,michaellombard
3806,16639583,typeIIIfairy,"2026-09-26 13:03:17",1066.3,2,typeiiifairy
3807,16662568,RaghavMundhra1,"2026-09-23 22:44:35",1066.0,2,raghavmundhra1
3808,16659215,"Zhizhou Sha","2026-08-31 12:43:52",1065.9,2,zhizhousha
3809,16714365,meryol,"2026-09-25 21:58:42",1065.8,2,meryol
3810,16798544,esprit,"2026-08-31 23:47:56",1065.8,1,takuji
3811,16860049,Himanshu,"2026-09-15 12:12:33",1065.3,2,himanshuffbfujbf
3812,16734199,Iliamna,"2026-09-06 20:44:33",1062.8,2,decotoj
3813,16656659,"James Y","2026-08-31 09:51:47",1062.8,2,redoctopusk
3814,16806394,Flowers,"2026-09-02 04:03:16",1062.7,1,"guyueyuan,oliver34,wu12138test"
3815,16628456,kiro,"2026-09-08 06:39:53",1062.0,2,kirosamurai
3816,16852043,"pig da","2026-09-08 05:32:31",1061.7,2,qijunjie
3817,16655633,johnny,"2026-08-31 04:55:56",1061.6,2,jonykarki
3818,16843970,dharana77,"2026-09-24 08:27:42",1061.0,2,ylee4574
3819,16793261,Von_Feynman,"2026-08-30 13:35:43",1060.6,1,terrenceluo1017
3820,16661304,"Jonathan Roy","2026-09-14 17:05:57",1060.4,2,jonathanroy7
3821,16785924,Abhinav_26104,"2026-08-31 15:17:41",1059.8,2,abhinav26104
3822,16795982,Vordax,"2026-09-03 18:17:12",1059.1,2,vordax
3823,16748187,"Violet Notes","2026-09-09 13:20:38",1058.9,2,dominicjamil
3824,16639979,naphthalene,"2026-09-01 10:40:26",1058.5,2,"aaa0342,leehyungjoon,minjek,trv449"
3825,16745416,yamato035073,"2026-08-30 22:24:34",1058.4,2,yamato035073
3826,16716613,Arvin,"2026-09-08 01:18:15",1058.2,2,chesterx
3827,16730577,"Team Rocket’s Orbital Farm","2026-09-25 09:45:06",1057.2,2,koheitsutsumi
3828,16795041,"Denis Revenko","2026-09-01 13:02:36",1056.8,2,denizzko
3829,16654526,"Jin Niu","2026-08-26 18:25:33",1056.1,2,gufanmingmie
3830,16732813,Soomana1z,"2026-09-08 17:20:16",1055.6,2,soshionodera
3831,16725410,LE4VES,"2026-09-08 09:27:15",1055.3,2,le4ves
3832,16662696,"Cengizhan Tümer","2026-08-31 20:54:21",1054.5,2,cengizhantmer
3833,16667724,"Masashi Onda","2026-09-02 12:43:58",1054.4,2,masashionda
3834,16757384,straw_Yu,"2026-09-09 01:41:11",1053.9,2,strawyu
3835,16689266,"Oleksandr Dudnev","2026-09-09 06:14:10",1052.8,2,dantist
3836,16805609,Gleb,"2026-09-01 22:11:48",1052.6,1,korelin
3837,16757704,Faustine,"2026-09-23 00:54:18",1052.3,2,faustine649
3838,16667147,"Daksh Bhalala","2026-08-26 06:41:04",1051.5,2,dakshbhalala
3839,16695521,"Chen Ken","2026-09-19 11:39:00",1050.7,2,nutastray
3840,16811502,"Avi Porath","2026-09-14 04:33:01",1050.5,2,aviporath
3841,16734225,"Vijay athithya ","2026-09-02 07:06:29",1050.4,2,vijay09
3842,16779831,地里偷偷尿尿,"2026-09-06 14:21:55",1050.1,2,jjsdfd22
3843,16670527,"Balram Gupta","2026-09-18 05:06:28",1049.5,2,"akankshaparab,bg28898"
3844,16621831,"Tsung-Yeh, Hsieh","2026-09-09 18:31:09",1048.3,2,"tsungyehhsieh,xinyuloong"
3845,16622919,Waffle,"2026-09-23 23:19:28",1048.3,2,waffle3z
3846,16664537,"Lenin Goud","2026-08-27 01:07:37",1047.3,2,leningoud
3847,16756633,TheDanKing,"2026-08-31 05:49:23",1046.7,2,thedanking
3848,16729906,"Krzysztof Madziar","2026-08-28 05:05:13",1045.0,2,krzysztofmadziar
3849,16806048,duck_raccooon,"2026-09-02 15:03:04",1044.8,2,duckraccooon
3850,16771361,"It's Ratcha","2026-09-07 18:59:25",1044.7,2,itsratcha
3851,16794841,thisArmin,"2026-08-31 04:29:30",1044.5,1,thisarmin
3852,16783630,"fan yanbing","2026-08-30 11:33:12",1044.0,2,jackpudding
3853,16691247,"Aneesh Rao","2026-08-27 17:11:07",1043.6,2,sidrao2006
3854,16738895,SangGold,"2026-09-13 09:18:56",1043.4,2,sanggold
3855,16796980,ChenyuBaii,"2026-09-11 09:56:01",1042.2,2,chenyubaii
3856,16741551,"Vedant Tiwari","2026-09-02 20:48:05",1042.0,2,vedant7312
3857,16689569,JovanaLab,"2026-08-27 22:43:51",1042.0,2,"choonesenlu,joxitsai"
3858,16773320,kaka,"2026-09-17 08:53:18",1041.8,2,kakawin
3859,16669810,CREART,"2026-08-29 16:06:18",1040.6,2,gustardust
3860,16658280,"Hemanth Reddy Katta","2026-09-14 22:15:43",1040.3,2,hemanthreddykatta
3861,16662651,CoatiAI,"2026-09-16 11:06:40",1040.1,2,gjhordan
3862,16737702,"kaneko takafumi","2026-09-25 14:27:07",1038.9,2,kanekotakafumi
3863,16752733,zjukop1,"2026-08-25 03:29:28",1038.9,2,zjukop1
3864,16793106,"Пал Лаич","2026-08-30 12:45:34",1038.8,1,skypunkaudiowalker
3865,16718956,hassan,"2026-09-01 16:14:25",1037.9,2,hasankhhan
3866,16637458,OlivierS,"2026-09-09 03:41:58",1037.9,2,oliviers
3867,16766941,"S Kim","2026-09-10 22:16:57",1036.9,2,sunnyk92
3868,16742232,"Prema Ananda","2026-09-18 15:40:40",1036.5,2,premaananda108
3869,16802775," SonSheungmin","2026-09-03 06:55:03",1036.4,2,sonsheungmin
3870,16879133,xiepengo,"2026-09-13 14:05:18",1035.8,2,xiepengo
3871,16698340,"Yanxi Jiang","2026-08-26 03:24:55",1035.5,2,yanxijiang
3872,16641982,ZotAZaw3,"2026-08-28 09:43:47",1035.5,2,zotazaw3
3873,16630516,"Seb (allegedly)","2026-09-09 09:22:48",1034.8,2,sebmallia
3874,16626655,"Surya milenial","2026-08-30 08:21:22",1034.8,2,suryamilenial
3875,16765154,dreamcxy,"2026-08-31 03:54:16",1034.8,2,dreamcxy
3876,16764431,"William Diment","2026-09-14 07:50:42",1034.4,2,williamdiment
3877,16709126,"Jamie Nojek","2026-09-26 13:08:09",1034.2,2,jamienojek
3878,16771843,"Surekha Ramireddy","2026-09-01 15:34:18",1034.2,2,surekharamireddy
3879,16784056,"anh nông dân may mắn","2026-09-25 10:45:22",1034.0,2,nguyen1tri
3880,16844154,シュークリーム,"2026-09-07 03:31:45",1033.9,2,syucream
3881,16778019,Mr.Frundles,"2026-09-03 02:21:58",1033.8,2,watehell
3882,16692744,"VAIBHAV RASTOGI 90","2026-09-03 23:43:33",1032.6,2,vaibhavrastogi90
3883,16755244,SZU蓝心,"2026-09-01 11:50:45",1031.9,2,jiazhanliu
3884,16770397,Ryu,"2026-09-03 20:15:16",1031.9,2,bexultanashenov
3885,16775684,ketterking,"2026-09-26 07:56:50",1031.9,2,"ketterwang,wwppyywwww"
3886,16730705,chris,"2026-09-26 12:04:24",1031.8,2,chris62
3887,16761788,"Corenthin Buffard","2026-08-26 13:16:28",1031.7,2,cbuffard
3888,16902856,"Laura Vanegas Torres","2026-09-25 03:07:16",1031.6,2,lauravanegastorres
3889,16853131,"Awesome Egg","2026-09-10 07:27:41",1031.0,2,newegg
3890,16753194,"Saicharan Ramineni","2026-08-26 19:33:02",1031.0,2,godlydonuts
3891,16764738,Lucasty,"2026-08-25 07:04:36",1030.4,2,lucaswty
3892,16734699,PangMinShih,"2026-08-28 08:39:27",1030.4,2,shihbonbon
3893,16672468,ComposeMage,"2026-09-08 01:51:40",1030.3,2,composemage
3894,16791549,"Eugenio Schiavoni","2026-08-31 19:14:40",1029.4,2,eugeniokukes
3895,16774129,"Chen Audrey","2026-09-04 13:38:19",1028.7,2,chenaudrey
3896,16722731,"E&M Pioneer","2026-08-30 11:18:55",1028.4,2,hzq2004
3897,16838736,"kauan cassiano","2026-09-05 06:42:48",1028.3,1,kauancassiano
3898,16733708,RyanHo,"2026-08-29 03:59:12",1027.4,2,ryanrx
3899,16782227,"chen yue li","2026-09-03 01:34:30",1027.2,2,yueelc
3900,16762139,AltriaE,"2026-08-25 15:27:52",1027.0,2,altriae
3901,16738279,zhangshuosc,"2026-08-26 05:11:57",1026.6,2,zhangshuosc
3902,16856449,Sting,"2026-09-16 17:12:20",1026.4,2,sarlnovax
3903,16761019,"yiwen hou","2026-08-25 14:48:43",1025.7,2,hevenhina
3904,16782193,nal_nh906,"2026-09-02 01:42:32",1025.6,2,hhan09
3905,16689697,Kmart0112,"2026-09-21 17:38:23",1025.5,2,kmart0112
3906,16844343,"Gotovtsev Artyom","2026-09-18 20:30:04",1025.4,2,artemgotovtsev
3907,16790233,"prateek chandra","2026-08-30 15:55:55",1025.4,2,prateekchandra7005
3908,16675777,"Ml BOY","2026-09-07 18:15:38",1025.3,2,mlboy1
3909,16775443,NoName,"2026-09-04 23:49:43",1024.7,2,thesonalsingh
3910,16662222,MinerUNLEASHED,"2026-08-24 16:28:40",1024.5,2,minerunleashed
3911,16762537,Controlvector,"2026-08-25 08:28:11",1024.5,2,"controlvector,yxdu01"
3912,16770998,ket,"2026-08-31 22:14:53",1023.3,2,kentken
3913,16652912,"Kyle Ellard","2026-09-04 11:51:13",1023.3,2,kyleellard
3914,16775771,"Ewia Tng","2026-09-09 04:57:46",1023.1,2,ewiatng
3915,16634153,AnpAn_Men,"2026-08-29 19:47:31",1022.9,2,anpanmen
3916,16688907,青烟,"2026-09-26 07:44:14",1022.3,2,"imagine4391,mortal4416"
3917,16739018,"Zhou Songyu","2026-09-25 10:45:53",1021.6,2,zhousongyu
3918,16666195,"Yihan Guo","2026-08-28 08:44:06",1021.6,2,yihanguo
3919,16774410,"Rishabh Roy","2026-08-26 09:01:38",1021.0,1,rishabhr0y
3920,16748907,EdwardHwang@123,"2026-08-24 15:32:00",1020.8,2,edwardhwang123
3921,16760656,CharTFboy,"2026-08-24 09:19:37",1020.3,2,chartfboy
3922,16847289,"Hengxiang Yu","2026-09-21 07:24:59",1020.3,2,hengxiangyu
3923,16638019,Randynho,"2026-09-15 16:13:30",1020.0,2,randynho
3924,16668756,"Clark Kitchen","2026-09-09 00:54:50",1019.7,2,clarkkitchen
3925,16770927,kaptaan45,"2026-08-28 08:06:32",1019.6,2,kaptaan45
3926,16748000,"Rohit Raj Singh","2026-09-15 13:50:22",1019.5,2,rohitrajsingh555
3927,16848207,vlad,"2026-09-15 11:56:09",1019.4,2,khizanov
3928,16736111,hexingwei33,"2026-09-23 15:12:47",1019.3,2,hexingwei33
3929,16838843,"qiu ji123","2026-09-12 02:58:46",1019.2,2,qiuji123
3930,16709115,"PARK HYUNSIK","2026-08-26 01:51:31",1019.1,2,hyunsikpark
3931,16780317,jrcjrcjrc,"2026-09-04 06:03:51",1018.9,2,jrcjrcjrc
3932,16662914,"Apollo's cattles","2026-09-25 21:03:00",1018.2,2,"icr007,kennethlie16,romanrozen"
3933,16627472,CloverFarm,"2026-09-08 13:23:55",1018.2,2,ljs2546
3934,16689274,Anyeson,"2026-09-18 12:04:00",1018.0,2,anyeson
3935,16760509,"gnanadeepika karanam","2026-09-18 15:53:30",1017.6,2,gnanadeepikakaranam
3936,16692443,xmkevin2004,"2026-09-08 15:10:46",1017.5,2,"deersirz,qiuzaooppo,xmkevin2004"
3937,16712432,hengck23,"2026-08-25 17:58:30",1017.0,2,hengck23
3938,16664683,"Halapeño Farms","2026-09-14 00:35:12",1016.7,2,haladaj
3939,16729554,"JingSong Yang","2026-08-28 05:33:55",1015.8,2,jingsongyang
3940,16655255,MalelizarazoP,"2026-08-26 13:34:53",1015.7,2,malelizarazop
3941,16770299,"أحمد فهد الربيش","2026-08-25 09:55:13",1015.4,2,ghr111
3942,16893654,"Arhaan Aggarwal","2026-09-24 01:14:00",1015.2,2,arhaanaggarwal2
3943,16704603,Tmaxxer,"2026-08-28 14:45:38",1014.3,2,tmaxxer
3944,16674310,"Ayaz Ahmed Kazi","2026-08-29 18:49:13",1013.9,2,ayazahmedkazi
3945,16669403,mrgrishninsb,"2026-09-13 13:22:10",1013.6,2,mrgrishninsb
3946,16807054,"JSU xiaopoche","2026-09-03 06:35:02",1013.5,1,xhmuvw
3947,16784611,sardarkhanyadav,"2026-08-28 16:45:33",1013.3,2,sardarkhanyadav
3948,16623736,Garigariyong,"2026-09-01 04:31:17",1013.3,2,garigariyong
3949,16752121,adhsdrtjh,"2026-08-23 15:02:25",1012.7,2,adhsdrtjh
3950,16863344,masat,"2026-09-09 23:46:30",1012.7,1,masatttt
3951,16778808,"Candace Dudleson","2026-08-31 23:19:12",1012.7,2,candacedudleson
3952,16748647,"Adar Cohen","2026-08-24 21:27:43",1011.8,2,adarcohen
3953,16755921,"Natnael Yerga","2026-08-24 16:43:22",1011.0,2,natnaelyerga
3954,16790391,"Kevin Cao","2026-08-29 13:38:03",1010.4,1,kevincao2
3955,16730449,"Shinichiro Yoshida","2026-09-25 17:12:44",1010.3,2,sysd00
3956,16716549,notoverkil,"2026-08-28 08:16:38",1010.0,2,notoverkil
3957,16758279,"GO HIROSHIMA 2","2026-08-29 02:51:47",1010.0,2,gohiroshima2
3958,16763437,"⸻AgentZZ ⸻","2026-08-23 20:47:44",1009.9,1,agentzz
3959,16685450,Nadeem,"2026-08-25 09:21:14",1009.9,2,nadeembinshajahan
3960,16740392,"Amey Thakur","2026-08-25 12:01:41",1009.8,2,ameythakur20
3961,16741826,StackKnight,"2026-08-28 02:12:12",1009.8,2,stackknight
3962,16769028,"Rishabh Yadav","2026-09-17 01:59:59",1009.7,2,riishabhhh
3963,16782984,crinoid,"2026-09-02 10:59:06",1008.8,2,takemi
3964,16832186,"Noah Öksüz","2026-09-15 13:38:56",1008.4,2,noahksz
3965,16768676,Doit,"2026-08-25 02:09:47",1008.1,1,aifccnb
3966,16861578,Markura,"2026-09-19 04:56:28",1007.5,2,markura
3967,16654042,B.Pushpanjali,"2026-09-23 07:50:41",1007.1,2,"bpushpanjali,vinithwade"
3968,16753515,"Yosif EL-Rammaal","2026-08-25 16:57:09",1006.7,2,yosifelrammaal
3969,16630323,kaggricultureomnidimensionalut,"2026-08-28 10:51:28",1006.7,2,kumarandatascientist
3970,16778489,dataWr3cker,"2026-08-28 20:40:52",1006.5,2,gourabr0y555
3971,16727214,"Jaivardhan Raahi","2026-09-24 04:34:53",1005.4,2,jaivardhanraahi
3972,16842071,buddyY26,"2026-09-07 13:06:08",1005.1,2,buddyy26
3973,16664002,"Guilherme Zanini de Sá","2026-09-25 12:43:12",1004.8,2,guilhermezaninides
3974,16758791,"qw yi123","2026-09-22 13:41:44",1003.9,2,qwyi123
3975,16935054,"jae young ji","2026-09-26 05:41:57",1003.8,2,sayul0102
3976,16630711,"Aleks Lviv","2026-09-25 00:52:02",1003.7,2,alekslviv
3977,16693663,"YoungCheol Son","2026-08-27 00:51:34",1003.3,2,sonyc5720
3978,16624506,zhongtian,"2026-09-26 08:34:55",1002.8,2,kmtbang
3979,16660492,"Deven Bagul","2026-08-29 11:56:30",1002.6,2,devenbagul
3980,16740159,CY,"2026-09-05 09:33:08",1002.6,2,aimeny
3981,16732851,chenry2003,"2026-08-24 02:27:53",1002.3,2,chenry2003
3982,16635029,"Oleg Melnik","2026-09-17 16:28:52",1002.2,2,olegmelnik
3983,16666468,"J Penman","2026-09-09 07:04:10",1001.8,2,jpenman
3984,16904320,"Flying Duck","2026-09-24 05:15:07",1001.7,2,dreame1
3985,16665753,"Mansour A. S. Ataa","2026-08-26 10:28:34",1001.6,2,profmansoor
3986,16764206,yanjixiang,"2026-08-25 11:37:34",1001.5,2,yanjixiang
3987,16742228,"bangqun ZHAO","2026-08-27 05:20:56",1000.3,2,bangqunzhao
3988,16759705,2nod,"2026-09-19 02:17:04",999.9,2,tsunoten
3989,16693193,"Efrain Garay","2026-09-04 20:55:13",999.5,2,efraingaray7
3990,16828844,"SHOUHEI IKEDA","2026-09-06 23:29:56",999.5,2,shouheiikeda
3991,16713007,"Jerry Hwa","2026-09-23 11:52:48",999.1,2,"jerryhwa,richarrdyu"
3992,16721079,"six seven swag","2026-09-24 16:24:04",999.1,2,polinababiichuk
3993,16724228,LSS0334,"2026-08-26 00:15:54",999.0,2,lss0334
3994,16743216,xerkey,"2026-09-08 13:52:41",998.9,2,xerkey
3995,16762940,"Davide Andreolli","2026-09-06 09:20:28",998.7,2,davideandreolli
3996,16733748,"Ashutosh Agarwal","2026-09-25 03:56:21",998.5,2,ashutoshagarwal088
3997,16894622,"Matthew B","2026-09-23 08:29:26",997.7,2,mcb68945
3998,16708965,"Witold Dziurdz","2026-08-23 16:33:47",997.2,2,witolddziurdz
3999,16800775,SunSeeker染汐,"2026-09-01 16:47:33",997.2,2,sunseekerrx
4000,16672202,HealthStone,"2026-08-29 21:04:07",997.1,2,healthstone
4001,16778358,"Lê Nguyễn Việt Cường","2026-08-28 03:46:51",996.8,2,lengvietcuong
4002,16738721,"Luan Kunyu","2026-09-04 07:05:21",996.5,2,luankunyu
4003,16663767,"Tommy Mancino","2026-08-31 23:03:57",995.8,2,tommymancino
4004,16759813,tyf_scu,"2026-08-23 17:11:18",995.5,2,tyfscu
4005,16845582,"Julio Cesar Filho","2026-09-08 06:10:03",995.3,2,juliocesarfilho
4006,16639796,rmizuta,"2026-08-28 15:07:43",994.8,2,rmizuta
4007,16664379,N_Matsumoto24,"2026-09-24 08:32:13",994.7,2,nmatsumoto24
4008,16725304,"Alexandru A","2026-08-29 07:34:25",994.6,2,alexandrua01
4009,16789745,LoveLetter,"2026-09-26 13:21:49",994.2,2,arthasmenethil
4010,16794205,"kiwi apple","2026-09-01 18:56:25",994.0,2,kiwiapple
4011,16744905,"Nator X","2026-08-26 22:15:29",992.6,2,natorx
4012,16662819,THeLAB,"2026-09-25 16:30:40",992.3,2,feuorme
4013,16658618,"philip georgiev","2026-09-23 13:07:35",992.0,2,philipgeorgiev
4014,16871894,sx2154,"2026-09-20 14:56:27",991.8,2,sx2154
4015,16748933,Lixrixy,"2026-08-26 06:11:03",991.7,2,lixrixy
4016,16709824,pizzahut,"2026-09-19 20:23:22",990.8,2,csalazoltntams
4017,16782196,"jingyang tu","2026-09-01 01:49:08",990.8,2,jingyangtu
4018,16733932,"Jasper Turnidge","2026-08-24 06:36:23",990.6,2,jasperturnidge
4019,16677577,"Harsha Vardhan Konisa","2026-09-13 17:33:53",990.6,2,harshavardhankonisa
4020,16753831,zhangjiaweii,"2026-09-04 07:26:21",990.6,2,zhangjiaweii
4021,16753125,"Rudransh Singh Rathore","2026-08-26 03:10:23",990.4,2,rudranshsinghrathore
4022,16691154,UnknownRobi,"2026-08-31 22:50:27",990.2,2,canrobichaud
4023,16675610,"Srikar Medisetti","2026-08-30 12:06:25",990.2,2,deathaunter
4024,16658245,ziliangCok,"2026-08-28 16:08:13",990.1,2,ziliangcok
4025,16769082,"Little Xi","2026-08-26 03:31:32",989.7,2,littlexi0
4026,16755071,"Varun Rao","2026-08-26 18:46:59",989.5,2,varunraosfanlkan
4027,16864558,"Henghan Dong","2026-09-23 23:44:15",989.1,2,henghandong
4028,16716081,"dunky su","2026-08-23 06:36:50",989.0,2,dunkysu
4029,16724452,Jay,"2026-08-20 00:34:34",988.9,2,jayshimada
4030,16635681,"Shubham Phapale","2026-09-05 12:46:36",988.5,2,shubhamphapale
4031,16848720,嘎达嘎达,"2026-09-08 07:39:07",988.3,1,eggyeggygggy
4032,16844770,Richard,"2026-09-22 05:48:05",988.2,2,richardwg
4033,16738657,Mactorr,"2026-09-02 22:44:15",988.1,2,mactorr
4034,16767625,"Saurabh Yadav","2026-08-24 17:56:22",987.9,1,saurabhyadav1305
4035,16830753,"youyi li","2026-09-06 02:50:01",987.6,2,liyouyi
4036,16664566,"Lormann ","2026-08-23 06:24:29",987.6,2,lormann
4037,16737057,Wiz,"2026-08-24 03:15:13",987.2,2,williamzhou001
4038,16665337,BHackers,"2026-08-26 17:13:11",986.2,2,clarencepagaduan
4039,16904612,"Naveen Reddie","2026-09-18 04:19:28",986.2,2,naveenreddie
4040,16765313,Hosuke,"2026-09-01 04:19:31",986.2,1,hosuke
4041,16745499,"lurs lurs","2026-08-29 02:02:15",985.3,2,lurslurs
4042,16727529,윤영일,"2026-09-22 10:15:57",985.1,2,iongil
4043,16663584,"Deployable LLMs","2026-09-26 10:42:16",985.1,2,"lucasveronese,planetoidleser,sinhakprat"
4044,16759075,"Michael Day","2026-08-24 10:38:52",984.9,2,michaelday99
4045,16876214,Yunfei_Z,"2026-09-17 16:32:21",984.9,1,zhaoyunfei
4046,16741178,guruguru000,"2026-09-26 13:13:42",984.8,2,guruguru000
4047,16692272,Ddere008,"2026-08-21 18:43:56",984.3,2,ddere008
4048,16758634,Ernnnn4u,"2026-08-24 17:00:46",984.2,2,ernnnn4u
4049,16771994,"Jaden Tang","2026-09-15 09:28:23",984.0,2,"aayanshah,jadentang17"
4050,16763444,"crazy achiever","2026-08-28 18:51:13",983.5,2,crazyachiever
4051,16739898,"solo levelling","2026-08-18 21:08:16",983.1,2,munibmemon
4052,16690308,"Fatima Sarhan","2026-09-19 14:01:01",982.9,2,fatimasarhan
4053,16793229,"Waseem Mushtaq","2026-08-30 13:38:14",982.8,1,waseemmushtaq045
4054,16764545,ArX,"2026-08-24 09:44:45",982.5,2,arx1993
4055,16870771,wangxt1,"2026-09-11 06:19:14",982.4,2,wangxt1
4056,16711608,"Thomas Greissler","2026-08-24 00:01:46",981.8,2,thomasg22202020
4057,16675655,TrebolNoir_,"2026-09-01 12:59:42",981.5,2,trebolnoir
4058,16712943,"Cesar Marcondes","2026-09-04 13:20:02",981.1,2,cmarcond
4059,16805870,"Ngo Trung","2026-09-12 17:12:53",980.8,2,trungngotdt
4060,16727784,Baen,"2026-08-24 06:44:33",980.6,2,cairh22
4061,16730320,Rosebuddychomp,"2026-09-12 07:54:11",980.3,2,rishabhshetye
4062,16666165,ChrisLeiteScha,"2026-08-24 15:20:36",979.4,2,chrisleitescha
4063,16766320,vp_mass,"2026-08-25 20:19:08",978.9,2,vpmass
4064,16670659,saumyagupta12,"2026-09-07 11:24:23",978.8,2,saumyagupta12
4065,16821420,Sight,"2026-09-26 13:05:53",978.7,2,"cai12341234,crimsurfer,jingwenxu85,sakurasss,yuankunzou3"
4066,16625339,kazusw,"2026-09-23 06:28:56",978.7,2,kazusw
4067,16768955,Hunedjekdsfkd,"2026-08-25 03:56:30",978.4,1,hunedjekdsfkd
4068,16844277,"Akash Chanran","2026-09-09 16:48:32",978.2,2,"akashchanran,shruti9345"
4069,16765215,"arlenjim ","2026-08-24 19:32:48",978.0,2,arlenjim
4070,16712185,"Vishal Khomane","2026-09-02 15:32:38",978.0,2,vishal567
4071,16634093,gezi,"2026-09-09 08:07:03",977.9,2,goldenlock
4072,16726994,bird,"2026-08-23 05:00:19",977.4,2,whitebird
4073,16723991,"James Holland","2026-08-17 01:40:17",977.1,2,jkhollandjr
4074,16840001,agheieff,"2026-09-05 13:16:29",976.9,1,agheieff
4075,16743016,"MD Zeeshan","2026-08-20 18:13:32",976.7,2,makrovh
4076,16747161,wqlun06,"2026-09-26 13:08:02",976.5,2,wqlun06
4077,16822583,"TA ME CHEM","2026-09-13 09:26:11",976.2,1,tamechem
4078,16784133,"HASNAIN HAIDER","2026-09-01 17:02:27",976.2,2,techzero
4079,16696098,Valmorlee,"2026-08-23 19:40:07",975.6,2,valmorlee
4080,16729225,"Aayush Sigdel","2026-09-03 15:47:50",975.5,2,aayushsigdel
4081,16925475,AdrianValerio,"2026-09-20 04:21:19",975.4,2,adrianvalerio
4082,16725342,little_d1d1,"2026-08-16 04:24:39",975.1,2,littled1d1
4083,16720720,道海孤舟,"2026-08-21 06:59:41",975.0,2,unseenanch
4084,16736969,"york li13","2026-08-19 01:07:02",974.8,2,yorkli13
4085,16886319,novacryptic,"2026-09-13 12:37:51",974.3,2,novacryptic
4086,16933477,curlybaboon,"2026-09-21 12:52:19",974.1,2,curlybaboon
4087,16666578,STRAF,"2026-08-23 23:07:25",973.8,2,nikosstraf
4088,16732446,"Nuri DUDAK","2026-08-29 09:00:59",973.3,2,nuridudak
4089,16742048,SuperGiantLam,"2026-08-25 02:08:17",973.3,2,zptpsz
4090,16945082,"Colin's COK and Friends","2026-09-23 05:41:01",973.2,1,"emartinez22,genericcname,sammchargue"
4091,16743904,minamoto,"2026-08-25 16:53:16",972.9,2,usermina
4092,16719262,sadjeen00,"2026-08-14 02:15:50",972.7,1,sadjeen00
4093,16750457,"Adrian Ricardo da Silva","2026-08-25 11:21:43",972.5,2,adrianricardodasilva
4094,16758152,MiguelLFCG,"2026-08-30 11:20:49",972.1,2,miguellfcg
4095,16850995,"KOSUKE MATSUDA","2026-09-25 18:06:04",971.7,2,kosukematsuda
4096,16771277,zhaowenyi7,"2026-08-31 09:18:04",971.5,2,zhaowenyi7
4097,16769795,"Edi Marian","2026-08-25 11:01:09",971.0,2,edimarian
4098,16622627,"Erik van de Ven","2026-09-23 14:18:28",970.6,2,erikvdven
4099,16746112,"Jonathan Martschinke","2026-08-24 08:52:51",970.3,2,jonathanmartschinke
4100,16733297,sohasoha42,"2026-08-18 17:50:51",970.2,2,sohasoha42
4101,16683813,WangQrkkk,"2026-09-23 15:58:31",970.0,2,wangqrkkk
4102,16727842,"Iadh Jarray","2026-08-17 13:45:11",969.8,2,iadhjarray
4103,16667843,"durgesh dere","2026-08-21 16:10:13",969.0,2,durgeshdere08
4104,16658983,"Titi Huang","2026-09-19 03:19:15",968.9,2,titihuang
4105,16659972,"Pelamovic ","2026-08-25 18:03:34",968.7,2,pelamovic
4106,16713127,Felis,"2026-09-18 13:00:27",968.6,2,ilyaafanasenko
4107,16709295,"Isaac Owomugisha","2026-08-20 16:22:52",968.6,2,cmplxxyttmt
4108,16623470,rurumi,"2026-09-02 05:21:15",968.4,2,rurururumi
4109,16721070,LiuChen1350,"2026-08-26 05:30:30",967.1,2,liuchen1350
4110,16701633,"Jacob Davis","2026-08-23 15:06:50",966.8,2,jacobtdavis
4111,16672199,Vachan,"2026-08-20 07:33:48",966.7,2,vachanpadival
4112,16657553,graceyunliu,"2026-09-16 02:43:23",966.5,2,graceyunliu
4113,16726281,rperez04,"2026-08-22 23:15:13",966.4,2,rperez04
4114,16841536,"Berkay Hasret","2026-09-07 00:29:45",966.3,2,berkayhasret
4115,16632777,"Alexandrine Cakpo","2026-08-20 10:20:22",966.2,2,alexandrinecakpo
4116,16719006,bouiboui,"2026-08-20 18:55:02",966.2,2,bouiboui
4117,16655718,eveyxy,"2026-09-05 08:58:28",966.1,2,eveyxy
4118,16715506,"Moo Point","2026-08-17 21:44:26",965.1,2,"gnarlycow,tianmeiwang"
4119,16675831,"Thayaparan Kumarakuru","2026-09-24 17:34:36",965.1,2,"kavishkasubashana,mrkala,thayaparankumarakuru"
4120,16690500,Mr.NoT_GaMeR,"2026-09-26 13:05:52",964.6,2,joshdilipkumarpatel
4121,16757903,"Om Singh","2026-08-27 07:05:06",964.5,1,spoilyfrog
4122,16707193,"radji kraim","2026-08-26 11:53:17",964.4,2,radjikraim
4123,16712535,"Benjamin Beaujard","2026-08-18 11:03:03",964.4,2,benjaminbeaujard
4124,16763813,Sydney,"2026-09-26 01:39:40",964.3,2,n3yan7
4125,16634172,"Mario Cicala","2026-09-05 03:06:37",964.2,2,mariocicala
4126,16698223,"Feng Jiahui","2026-08-18 08:35:04",964.0,2,junipersky
4127,16738745,"Anh Quân","2026-08-24 13:41:30",963.9,2,qunanh
4128,16739363,kulukkuluu,"2026-09-24 20:41:51",963.9,2,kulukkuluu
4129,16654662,"2/3 rounded to two decimals","2026-08-22 00:36:50",963.5,2,rnold2
4130,16725432,Ezra,"2026-09-10 21:42:30",963.4,2,ezberch
4131,16675704,reeemii,"2026-08-26 08:51:15",963.2,2,reeemii
4132,16690970,"Raoul Biagioni","2026-08-22 06:37:40",963.2,2,raoulbiagioni
4133,16936191,WDK777,"2026-09-23 16:12:36",962.8,2,wdk777
4134,16660268,"Sébastien Mametz (Pixs)","2026-08-14 09:08:39",962.7,2,sbastienmametzpixs
4135,16841296,Flesymevoli,"2026-09-06 08:49:58",962.5,2,flesymevoli
4136,16665543,"Charan Manthena","2026-09-06 08:59:20",961.9,2,charanmanthena
4137,16769769,"Artur Shafiev","2026-08-29 05:29:31",961.9,2,arturshafiev
4138,16736250,Yizhi,"2026-08-31 06:03:48",961.9,2,yizhitao
4139,16699772,MrAnalyst,"2026-09-05 10:43:49",961.8,2,mranalyst
4140,16736138,Anand,"2026-08-21 06:00:12",961.7,2,gazzal
4141,16754086,Beenvvv,"2026-08-25 05:57:29",961.3,2,beenvvv
4142,16716930,"Direc M","2026-08-31 04:54:06",961.2,2,direcm
4143,16778410,"uriel villegas govea","2026-08-28 00:25:47",960.9,2,urielvillegasgovea
4144,16753618,mushichou4,"2026-08-22 10:20:51",960.9,2,mushichou4
4145,16661772,R3ddrag0n,"2026-09-02 19:43:09",960.9,2,r3ddrag0n
4146,16670297,"Gebreab K. Zewdie","2026-08-26 00:22:15",960.6,2,gzewdie
4147,16780130,与君作田,"2026-08-29 14:01:35",960.5,2,zhaoxi1244
4148,16662949,"Will English","2026-08-18 17:13:22",960.4,2,dubascudes
4149,16733576,"Ojas Aklecha","2026-08-17 18:34:02",960.3,2,ojasaklecha
4150,16715244,uri_kkyhr,"2026-08-15 04:53:37",960.2,2,urikkyhr
4151,16890232,"Yihan Guo #2","2026-09-18 02:40:07",960.1,2,kagglebushswill
4152,16666054,Ani,"2026-09-04 21:33:20",960.0,2,anirudhk333
4153,16725335,"Chris #2","2026-08-29 15:32:47",959.6,2,kagglecompetechris
4154,16728067,"Chenzhao Li","2026-08-18 08:04:21",959.4,2,heartquest
4155,16724353,PrathamGupta,"2026-08-17 02:04:38",959.4,2,prathamguptaaaaaaa
4156,16709203,Ayush_Patel,"2026-08-25 03:34:12",959.0,2,ayushpatel1305
4157,16688893,CCG,"2026-09-25 01:59:51",958.9,2,"hirokenn,nagomenk"
4158,16675905,HydFarms,"2026-08-30 11:22:11",958.8,2,"kumaramar,ronithjaju,shiveshcgatech,vidhishah115"
4159,16720841,liuhc1017,"2026-09-14 12:24:08",958.7,2,liuhc1017
4160,16726011,"Dawid Fleischer","2026-08-25 18:37:25",958.2,2,dawidfleischer
4161,16739488,Restodecoca,"2026-08-19 16:42:34",958.1,2,restodecoca
4162,16721453,"Random Mambo","2026-09-01 09:41:19",958.0,2,beaten67
4163,16756750,Charu,"2026-08-22 00:45:03",957.8,2,charu13a
4164,16809168,"Shaun the Sheep ","2026-09-26 11:43:12",957.7,2,badlandsram
4165,16856021,PSI,"2026-09-08 19:26:40",957.6,1,vinayak121
4166,16770884,VegetabledogNeo,"2026-08-31 01:23:25",957.5,2,vegetabledogneo
4167,16839557,Superspork,"2026-09-08 03:25:46",957.3,1,superspork
4168,16643125,"CARLOS CAADA ROSTRO","2026-08-21 19:23:34",956.6,2,carloscaadarostro
4169,16670791,Hugelidus,"2026-08-25 03:43:18",956.6,2,hugelidus
4170,16790548,"Francesco Del Sesto","2026-08-31 10:47:27",956.6,2,francescodelsesto
4171,16732792,amaotone,"2026-08-20 14:27:36",956.5,2,amaotone
4172,16764422,"ong bee","2026-09-09 02:25:57",956.4,2,ongbee
4173,16670118,"Álvaro Benítez","2026-08-29 15:46:04",956.4,2,lvarobentezlvarez
4174,16638823,YDDDDDD999,"2026-09-06 18:22:40",956.3,2,ydddddd999
4175,16716991,XristosFilip,"2026-08-18 16:43:34",956.2,2,xristosfilip
4176,16665214,Epiphany_Thu,"2026-08-21 12:06:53",955.9,2,epiphanythu
4177,16638177,stpete_ishii,"2026-08-30 05:35:41",955.7,2,stpeteishii
4178,16691946,"Hassan Algizani","2026-08-13 20:20:09",955.5,2,hassanalgizani
4179,16738899,Grayden_Lee,"2026-08-21 11:42:07",955.4,2,haozelii
4180,16779780,SiVitr2fDrXS.2N,"2026-08-30 15:06:17",955.1,2,sivitr2fdrxs2n
4181,16756557,"Marius Heuser","2026-08-24 21:41:31",954.5,2,mariusheuser
4182,16740399,"Lynn Pigott","2026-08-24 03:32:08",954.3,2,lynnpigott
4183,16710389,GuerillaMoon,"2026-08-19 22:33:46",954.2,2,guerillamoon
4184,16655195,Pirhosseinlou,"2026-08-24 18:17:43",953.7,2,pirhosseinlou
4185,16709246,"Tariku Mehdi","2026-09-03 00:25:56",953.5,2,tarikumehdi
4186,16668700,"Pranshu Ghori","2026-08-17 22:02:35",953.5,2,pranshughori
4187,16621741,"Andrey Naymushin","2026-08-24 09:46:41",953.2,2,andrewsokolovsky
4188,16661352,"Porch Goose","2026-08-21 02:52:24",953.1,2,jaclyndeem
4189,16732104,sizumita,"2026-09-12 01:21:14",953.1,2,sizumita
4190,16668721,"Efe Can Celiksoy","2026-08-13 22:00:41",952.9,2,efecnc
4191,16684075,"Tianfang Li","2026-09-25 02:41:25",952.9,2,tianfangli1
4192,16728901,dqvide,"2026-08-17 19:53:39",952.7,2,dqvide
4193,16716697,"Habil Tobi","2026-08-28 20:57:52",952.7,2,habiltobi
4194,16724584,"Jinx JK","2026-08-18 09:08:26",952.5,2,jinxjk
4195,16721383,"Emon xu","2026-08-21 16:14:05",952.5,2,emon0xuyym
4196,16732381,Raphdraft,"2026-09-03 01:11:34",952.0,2,raphdraft
4197,16729691,YinuoChen271,"2026-08-17 15:42:51",952.0,2,yinuochen271
4198,16713267,"yq l68135","2026-08-21 21:35:52",952.0,2,yql68135
4199,16745312,"Alexie Huynh","2026-08-22 08:27:27",951.3,1,alexiehuynh
4200,16672003,carlscamt,"2026-08-14 17:19:42",951.2,2,carlscamt
4201,16732654,Goated_Farmers,"2026-08-23 17:09:50",951.2,2,"mugundhjb,srinathduvvuri"
4202,16664759,OrGanAIc,"2026-08-14 22:58:18",951.0,2,arghyaranjandas
4203,16805171,Mario,"2026-09-25 16:14:07",950.8,2,mwalkiew
4204,16632164,"Tim Shini","2026-08-30 18:04:29",950.7,2,timshini
4205,16692639,"Bharat Kumar0925","2026-09-04 19:52:25",950.7,2,bharatkumar0925
4206,16664477,"The T-MAN","2026-08-26 18:51:40",950.4,2,otmaneelmahda
4207,16739298,"ricardo assaad","2026-08-18 19:03:22",950.0,2,ricardoassaad
4208,16752018,三浦桂基,"2026-08-30 04:00:30",950.0,2,keikipc
4209,16665927,"bhavya shah","2026-08-17 11:06:22",950.0,2,bhavyashah007
4210,16728914,d0gied,"2026-08-17 15:12:08",949.9,2,d0gied
4211,16691506,Dipak_ISM,"2026-08-29 13:07:18",949.6,2,dipakism
4212,16724947,teacherli0,"2026-08-16 03:09:09",949.5,2,teacherli0
4213,16689601,"Prathmesh Adsod","2026-08-18 03:55:13",949.4,2,prathmeshadsod
4214,16705907,Adrià,"2026-09-11 10:14:39",949.4,2,adriamb3
4215,16823751,"Tyler Knecht","2026-09-25 14:56:47",949.3,2,tknecht
4216,16715579,Uvais,"2026-08-24 00:58:56",949.2,2,joshuaedwinjacobv24f
4217,16683193,Paami,"2026-08-24 01:21:00",949.2,2,coldpaami
4218,16701362,"Papa Annan","2026-08-20 21:26:39",949.2,2,papaannan
4219,16707749,Yuzu,"2026-09-04 10:22:41",949.1,2,yuzuoctopus
4220,16870431,"Adam Brink","2026-09-11 11:09:17",948.9,2,adambrink
4221,16841344,"Abdoul Ahad Diop","2026-09-10 20:22:54",948.4,2,abdoulahaddiop
4222,16708185,XiaoYan12,"2026-09-13 17:57:28",948.2,2,xiaoyan12
4223,16725403,tabetai28,"2026-08-18 14:38:57",948.1,2,taichiabewaseda
4224,16699745,"Norbert Szolnoki","2026-08-18 11:39:55",947.8,2,norbertszolnoki
4225,16737561,"Raj Aryan Singh","2026-08-18 11:50:54",947.6,2,kratos14raj
4226,16719414,SahilKumarTolani,"2026-09-10 16:16:07",947.4,2,sahilkumartolani
4227,16637329,Rucbic,"2026-08-19 17:32:21",947.4,2,rucbic
4228,16685074,"Emir Can","2026-08-30 20:16:36",947.4,2,aerospacer
4229,16725441,lemon1219,"2026-08-21 15:37:35",947.3,2,lemon1219
4230,16786013,sakarush,"2026-09-02 13:17:42",947.1,2,sakarush
4231,16722319,"༺ANIS YT༻","2026-08-19 13:08:47",946.7,2,anisyt
4232,16759625,gkg223,"2026-09-03 19:17:02",946.7,2,gkg223
4233,16743790,"yuji y","2026-08-28 10:53:06",946.3,2,yujiyyy
4234,16660233,ko9ma,"2026-09-08 08:42:33",946.2,2,kohojung
4235,16722303,JohannPongratz,"2026-09-10 08:07:38",945.8,2,johannpongratz
4236,16725346,sokoranohimazin,"2026-08-18 19:39:07",945.8,2,sokoranohimazin
4237,16654021,"Swachhith B","2026-08-24 08:40:04",945.8,2,swachhithb
4238,16712459,松原琉喜,"2026-08-14 14:54:47",945.8,2,ryuki12kyo
4239,16675486,"SALAH ELDIN ELNABARAWY","2026-08-18 21:17:22",945.0,2,salaheldinelnabarawy
4240,16735582,"Tumaini Makena","2026-08-18 06:01:09",944.3,1,tumainimakena
4241,16636094,Hax2456,"2026-08-15 10:05:01",944.3,2,hax2456
4242,16680967,Tyooughtul,"2026-08-16 00:58:06",944.1,2,yooughtul
4243,16875537,HeIIo.Darkness,"2026-09-13 23:22:12",944.0,2,heiiodarkness
4244,16630839,steubk,"2026-09-25 05:24:44",943.9,2,steubk
4245,16675807,cubreto,"2026-08-26 15:00:34",943.9,2,cubreto
4246,16680065,Vishodhan,"2026-08-14 23:46:15",943.3,2,vishodhan
4247,16738278,yansf677,"2026-09-01 12:24:29",943.3,2,yansf677
4248,16682471,Soumya2003,"2026-09-17 09:22:26",943.1,2,soumya2003uyvv755
4249,16685160,Yura,"2026-08-17 07:27:50",943.1,2,yuratrubitsyn
4250,16678346,"Farhan Abid","2026-08-16 08:41:15",942.9,2,farhanabidtech786
4251,16639732,"Junbeom Lee23","2026-08-15 02:45:23",942.4,2,junbeomlee23
4252,16729640,"Наталья Скляр","2026-08-21 18:11:07",942.3,2,natsklyar
4253,16737843,"Muhammad Shoaib Memon","2026-08-23 19:52:52",942.0,2,muhammadshoaibmemon
4254,16639250,"Hamed Seyed-allaei","2026-08-21 19:11:09",941.8,2,pinocchio
4255,16697922,TingyuanLi277,"2026-08-21 03:39:03",941.7,2,tingyuanli277
4256,16635668,"Mirza Yasir Abdullah Baig","2026-09-25 05:30:19",941.7,2,myab07
4257,16779275,XuetingWang,"2026-09-01 08:50:53",941.7,2,snoopy262
4258,16744043,Take,"2026-08-23 14:17:27",941.6,2,takeuchidaisuke2001
4259,16666665,Team-Veraxion,"2026-08-31 08:24:24",941.5,2,"anuragvelekat,ayushiitomar,faizmemon,hariharigandikota"
4260,16671694,evananann,"2026-08-19 07:46:36",941.2,2,evananann
4261,16774237,"Dennis SH Lai","2026-08-30 17:21:31",941.1,2,dshihlai
4262,16687068,digiliwigili,"2026-08-22 12:49:07",941.1,2,kukchyievervin
4263,16675503,"Jeff Marc E. Cadet","2026-08-30 17:56:07",941.0,2,jeffmarcecadet
4264,16757566,"Ankit Kumar","2026-08-23 12:03:53",940.9,2,imankit57
4265,16638375,"Tran H Hoang","2026-08-14 17:01:27",940.9,2,tranhhoang
4266,16653379,"Asakawa Ruriko","2026-08-30 00:31:08",940.6,2,asakawaruriko
4267,16781170,"Ulugbek Salohiddinov","2026-08-28 02:38:15",940.6,2,ulugbeksalohiddinov
4268,16623370,kenmatsu4,"2026-08-14 09:03:08",940.6,2,kenmatsu4
4269,16656394,"Pushkar K.G","2026-08-18 09:29:08",940.5,2,dejokz
4270,16634166,Yuki.O,"2026-08-19 01:38:42",940.4,2,yukiohkawa
4271,16846297,"Zihan Ni","2026-09-07 08:06:53",939.8,2,lunangai
4272,16666057,StopPlantingStartGameTheorying,"2026-09-08 07:53:27",939.6,2,mymelodyenjoyer
4273,16714498,Zubekanov,"2026-08-18 01:14:49",939.6,2,zubekanov
4274,16724351,"Luxshan Thavarasa","2026-08-24 09:58:38",939.1,2,luxluxshan
4275,16655877,"Harish K","2026-08-25 19:09:49",939.1,2,harishk2209
4276,16765953,"Muhammad Ahmed","2026-08-26 13:46:48",938.4,2,muhammad4hmed
4277,16646679,tong00,"2026-08-17 12:02:11",938.3,2,tong00
4278,16734492,Orynx,"2026-08-19 08:01:33",938.3,2,"inderj1,jayveersingh6"
4279,16802892,YUYA,"2026-09-06 08:34:05",938.3,2,yuyaizumikawa
4280,16625856,takai380,"2026-09-01 02:34:05",938.1,2,takai380
4281,16663445,"ali dzaki","2026-09-13 14:59:25",938.1,2,alidzaki
4282,16697936,"Sami Cakiral","2026-08-15 19:43:40",938.0,2,samicakiral
4283,16677592,keniii,"2026-08-25 00:29:31",937.9,2,kartheeswaran28
4284,16726071,"PDF ULTRA","2026-08-20 19:36:33",937.6,2,"alengevorgyan,gab0yan"
4285,16665125,"David Schindler15","2026-08-14 04:58:39",937.3,2,"davidschindler15,mz3207"
4286,16690612,"Mina Gayid","2026-08-16 12:59:16",937.1,2,minagayid
4287,16726660,"Prime Leo","2026-08-23 14:21:53",937.1,2,primeleo
4288,16715319,ocha_heaven,"2026-08-19 13:10:14",937.0,2,ochaheaven
4289,16743124,"Leo's Demiurge","2026-09-08 15:06:04",936.8,2,jelurge
4290,16943744,"Quinn Cossette","2026-09-23 20:34:13",936.6,2,quinncossette
4291,16651672,"Xiaolei Lian","2026-08-19 03:18:04",936.6,2,xiaoleilian
4292,16704589,"Lobato MBA IA Big Data","2026-09-26 03:44:55",936.5,2,lobatombaiabigdata
4293,16841647,patitod,"2026-09-06 01:22:09",936.5,2,anasofaescobar
4294,16754560,Kam,"2026-08-21 14:02:39",936.3,1,kamting
4295,16744127,Faiz,"2026-08-21 20:33:33",936.1,2,souraditya26
4296,16719536,"Mandy Lin","2026-08-14 03:18:29",936.1,2,ydnamlin
4297,16667324,"Muhammed selim Bilic","2026-08-26 17:02:17",936.1,2,muhammedselimbilic
4298,16633222,maxingkong733,"2026-08-18 23:32:58",936.0,2,maxingkong733
4299,16729054,"Shantanu Kesarkar","2026-08-27 05:50:23",935.8,2,shantanukesarkar
4300,16665336,"maoyuan ma","2026-08-18 11:41:09",935.6,2,maoyuanma
4301,16659763,clarkzhang1031,"2026-08-13 12:27:10",935.6,2,"clarkzhang1031,huafeihuang"
4302,16724060,"Mạnh Linh Hoàng","2026-08-15 15:54:52",934.9,2,manhlinh1501
4303,16663240,"Rilen T. L.","2026-08-18 13:45:46",934.5,2,"jairosilvabastos,rilentl"
4304,16698576,monnu,"2026-08-19 05:55:01",934.2,1,fuumin621
4305,16710094,winwinwin,"2026-09-03 13:22:51",934.1,2,"ouyangruize,teecemackenieo"
4306,16625241,"Mutoy Choi","2026-09-01 07:42:20",934.1,2,mutoy1
4307,16727379,"Nicholas Chua","2026-08-20 16:28:44",933.8,2,nickckb
4308,16698930,MrKiwi,"2026-08-19 09:34:31",933.4,2,mrkiwi
4309,16691012,"Sanzhar Almasuly","2026-08-29 07:28:34",933.0,2,sanzharalmasuly
4310,16694710,ponsuk,"2026-08-17 19:01:09",932.6,2,ponsuk
4311,16691987,0xalgos,"2026-08-17 09:35:28",932.5,2,anandvashishtha5362
4312,16729273,"Munib Ur Rehman Memon","2026-08-24 20:48:08",932.4,2,muniburrehmanmemon
4313,16652904,TonightIsOver,"2026-09-26 13:02:54",932.3,2,tonightisover
4314,16925900,"Marco Papotti","2026-09-19 19:51:41",932.0,2,marcopapotti
4315,16653129,"Prashanth Reddy Biyyani","2026-08-20 13:53:37",931.9,2,"prashanthbiyyani,shivagurrala,sumu1526"
4316,16673234,MACvengers,"2026-08-19 16:34:04",931.7,2,"astrojaswanthkumar,ikpikp"
4317,16663590,"Jakub Dolének","2026-08-13 13:08:32",931.6,2,dolenek
4318,16722120,nekoha,"2026-08-15 15:01:16",931.3,2,nekoha
4319,16683865,Shin7jp,"2026-08-14 09:51:13",931.1,2,shin7jp
4320,16708226,asi1024,"2026-08-16 13:14:53",930.9,2,asi1024
4321,16710128,"KeHao Liu","2026-08-14 01:52:29",930.5,2,kehaoliu
4322,16664762,"John Marinton","2026-09-22 13:52:40",929.9,2,marintonjohn
4323,16664120,SaiDuttaAbhishekDash,"2026-08-21 20:30:01",929.7,2,saiduttaabhishekdash
4324,16644145,"Mehdi Azouz","2026-09-07 11:22:07",929.6,2,mehdiazouz
4325,16726064,"sana slama","2026-08-15 17:01:13",929.5,1,sanaslamamm
4326,16760295,"Luke Hurt","2026-08-24 01:03:42",929.3,2,lukehurt
4327,16732685,Tanmay,"2026-08-23 18:16:07",928.6,2,blankkz
4328,16738235,tenfish,"2026-09-22 15:26:05",928.3,2,"oygdri,takatoyoshikawa"
4329,16691524,"Martim Nascimento","2026-09-05 15:54:47",928.3,2,martimnascimento
4330,16634143,"manual player","2026-08-14 00:41:13",928.1,2,prospal
4331,16771677,"hedy huangyuheng","2026-08-27 02:13:28",928.1,2,hedyhuangyuheng
4332,16660840,"An Garcia","2026-09-25 14:11:29",928.0,2,angarcia
4333,16623152,"agentic warriors","2026-09-25 11:24:35",927.8,2,"ibadia,isabellawoo01"
4334,16925327,danmleo,"2026-09-25 10:55:45",927.6,2,danmleo
4335,16666939,20237208_黄奕恺,"2026-08-22 12:53:27",926.7,2,mrhuangyy
4336,16710141,htatsumi,"2026-08-15 01:07:11",926.7,1,tatsumihasebe
4337,16656584,Spintronic,"2026-08-19 15:24:17",926.7,2,spintronic
4338,16709529,alhlbx5,"2026-09-03 22:48:54",926.6,2,alhlbx5
4339,16691976,"Harini Panigrahi","2026-08-14 16:57:32",926.6,1,harinipanigrahi
4340,16640368,"Nkosi Ndwandwe","2026-09-06 05:03:26",926.4,2,nkosindwandwe
4341,16657803,"Arya Mazloomi","2026-08-14 00:17:11",925.9,2,aryamazloomi
4342,16629403,Galza98,"2026-09-20 06:26:24",925.9,2,galza98
4343,16722330,"Jean-Louis Roy","2026-08-31 07:44:08",925.6,2,jeanjean111
4344,16675161,iVl44d,"2026-09-24 11:18:03",925.5,2,ivl44d
4345,16697458,"Lissandra Kruse Fuganti","2026-09-01 15:19:00",925.4,2,lissandrakruse
4346,16750344,Vaasu0501,"2026-08-28 16:49:39",925.4,2,vaasu0501
4347,16661784,"XU XUXIANG","2026-08-27 12:57:06",925.3,2,"mikeaaaa14,xuxuxiang"
4348,16698884,VVVoyager,"2026-08-14 03:55:10",925.0,2,"haoxuanshan,hengnui"
4349,16651088,ych~sun,"2026-09-11 13:06:05",924.2,2,ychsun
4350,16695615,Celinao,"2026-08-14 08:02:47",923.8,2,celinao
4351,16635317,"KAKA Minishijie","2026-08-26 04:36:55",923.3,2,kakaminishijie
4352,16735075,"Ronchen Luo","2026-08-18 04:29:47",923.2,2,ronchenluo
4353,16674684,next-best-agent,"2026-08-17 15:28:53",922.7,2,"minhduy13ly,tdtu981"
4354,16711928,Leraaaa,"2026-09-26 11:32:14",922.5,2,leraaaa
4355,16698214,Juandix,"2026-08-18 03:35:51",922.3,2,juandix
4356,16719100,"Abhiraj Singh","2026-08-14 12:02:33",922.0,2,cyberdrago
4357,16668069,jackhsia,"2026-08-23 15:56:13",922.0,2,jackhsia
4358,16621219,"Inna Campo","2026-08-15 09:08:23",921.9,2,innacampo
4359,16672530,GUGUGAGA,"2026-08-14 04:33:54",921.8,2,"ruiyangzhang23,taoguo079"
4360,16744355,"Sameera T","2026-08-22 10:13:47",921.6,2,sameeramaq
4361,16655305,"Junior Sohou","2026-08-14 00:15:42",921.5,2,juniorsohou
4362,16713178,Funno,"2026-08-19 17:32:54",921.5,2,yes711
4363,16724795,yangqi1234,"2026-08-23 08:26:23",921.0,2,yangqi1234
4364,16719002,Astraeus,"2026-09-14 15:53:57",921.0,2,astraeusdotdev
4365,16677945,"Quân Trần","2026-08-25 06:43:39",920.9,2,wuntrn
4366,16692548,"Rockstar Farmer","2026-08-19 05:15:37",920.4,2,yuhaili
4367,16694091,"Nan Leng","2026-08-23 07:41:41",919.8,2,nleng66ca
4368,16651833,"Hồ Khánh Duy","2026-08-14 17:52:23",919.6,2,hkhnhduy
4369,16669897,"Tahsan Ferdous","2026-08-14 19:30:09",919.5,2,tahsanferdous
4370,16708624,"Aboubacar HEMA","2026-08-19 14:24:02",919.5,2,"aboubacarhema,marcmare,wilfredkouadjo"
4371,16653890,YUKRUB,"2026-09-11 08:55:14",919.5,2,yukrub
4372,16622367,mg,"2026-08-23 17:49:21",919.1,2,"egorkashpar,sashaboriskin,smooky"
4373,16679560,LEET,"2026-08-15 00:45:52",919.0,2,soufianelasfar
4374,16654548,DataSluts,"2026-08-28 07:00:12",919.0,2,"rahulmedida,siddarthnayak50,sivasu07"
4375,16718947,"Dani Ortega","2026-08-25 07:07:35",918.7,2,daniortega99
4376,16679443,albu,"2026-08-15 19:22:12",918.3,2,albuslaev
4377,16727191,"Alexander Kokshenin","2026-08-20 02:08:15",917.7,2,kokshenin
4378,16720088,"Oiti Roy","2026-08-14 06:26:04",917.5,1,oitiroy
4379,16675240,Leifson1337,"2026-09-25 12:17:00",917.5,2,leifson1337
4380,16722986,"Abhiram 9803","2026-08-15 18:43:09",917.3,2,abhiram9803
4381,16678172,"Eishkaran Singh","2026-08-19 19:12:02",917.0,2,eishkaran
4382,16658081,ando,"2026-08-20 01:52:23",916.5,2,andoshunsuke
4383,16701897,"Alejandro Lavandeira Casais","2026-08-14 12:56:12",915.6,2,alejandrolavandeira
4384,16703300,"Fahd EL ANSARI","2026-08-15 23:47:17",915.6,2,fahdelansari
4385,16623791,rakumo,"2026-08-19 23:46:04",914.5,2,sirakumo
4386,16685850,K,"2026-08-14 06:37:41",913.5,2,kolci017
4387,16632444,"Issac “Izreal” Davis","2026-08-13 20:42:03",913.5,2,issacizrealdavis
4388,16750477,"Tapabrata Biswas","2026-08-25 13:11:13",913.3,2,"dumbakaash,ishanhira"
4389,16667787,"Daryl Brach","2026-08-17 09:41:51",913.3,2,dbrach
4390,16723941,teraSurfer40141,"2026-08-16 01:16:49",913.0,2,r00tt00r
4391,16622939,"Kamal Das","2026-08-27 12:47:13",913.0,2,kmldas
4392,16682557,"Soumalya Mandal","2026-08-14 14:57:29",912.6,2,mrcyberhunter
4393,16729372,"Gaspard Plt","2026-08-17 21:58:55",912.5,2,gaspardplt
4394,16738461,monnosuke,"2026-09-25 01:17:23",911.9,2,shiomi1012
4395,16634691,bot-farmer,"2026-08-19 06:16:19",911.9,2,shauryam25
4396,16623445,"Hasin Raihan Dhrubo","2026-08-16 09:28:12",911.9,1,hasinraihandhrubo
4397,16701868,AJ,"2026-09-09 20:53:34",911.7,2,abduljabbarcalica
4398,16705499,byncpy,"2026-08-17 17:18:47",911.3,1,jinliangbi
4399,16672243,"Fazil Putra","2026-08-14 01:24:17",911.3,2,fazilputra
4400,16664164,"Elzandi Irfan Zikra","2026-08-15 15:53:21",911.1,2,"dyahayuretnoningsih2,zangetsufuin"
4401,16840694,"cory cozy","2026-09-06 11:48:38",910.9,2,corycozy
4402,16664128,"Michael Todd Overdorf","2026-08-17 00:32:51",910.9,2,michaeltoddoverdorf
4403,16696631,"saya akan lawan!","2026-08-21 18:42:23",910.7,2,nurhadibudhy
4404,16709214,"Ariel Suntasig","2026-08-17 19:46:09",910.6,2,arielsuntasig2001
4405,16731432,sieradni,"2026-09-01 06:12:00",910.6,2,sieradni
4406,16821267,1417,"2026-09-11 13:14:32",910.2,2,"dongyuhao,liuyihang026,yejialin"
4407,16668788,ConnieCodes,"2026-08-17 13:40:25",910.0,2,conniecodes
4408,16740320,NguyenAn27,"2026-08-20 00:46:32",910.0,2,nguyenan27
4409,16658931,"somewhere after","2026-08-19 08:16:29",910.0,2,amaterasuuuuu
4410,16674447,"Nathan Thor","2026-09-18 11:07:56",909.9,2,devofpie
4411,16661509,JSON_Voorhees,"2026-09-26 02:09:06",909.6,2,michaelgreenhut
4412,16655335,Justus,"2026-08-19 14:18:38",909.4,2,justus0
4413,16714980,Chenaters,"2026-08-16 08:41:10",909.3,2,chenaters
4414,16666946,pwxc00,"2026-09-25 10:44:55",908.8,2,alert04
4415,16761849,viber3221,"2026-08-24 13:38:59",908.6,2,viber3221
4416,16668688,"Nezihe Sözen","2026-09-26 12:08:48",908.4,2,nezihesozen
4417,16724262,"Obu obu","2026-08-15 10:48:05",908.4,2,obuobu
4418,16735238,DHKim0324,"2026-08-25 08:49:34",908.3,2,dhkim0324
4419,16622242,"Robert Koval","2026-08-15 07:02:17",908.1,2,robertkoval
4420,16718572,MLarpers,"2026-08-22 14:06:48",907.9,2,"koteikachannel,mrhornetik"
4421,16721947,groots,"2026-08-16 06:32:40",907.9,2,muhammadismail433
4422,16766840,"Andrey ","2026-08-24 14:27:38",907.4,1,anti1111
4423,16719238,"Rômulo Siqueira","2026-08-20 00:15:16",907.3,2,romulosiqueira
4424,16759652,Fnoa,"2026-08-23 12:26:39",907.2,2,trasibulo
4425,16659123,sd,"2026-08-18 17:46:56",907.0,2,siddharthadevkota
4426,16631595,CuteClaw,"2026-08-14 01:25:52",906.5,2,bloodmoonwq
4427,16662940,"The Coder Geek Squad Leader","2026-08-17 09:23:58",906.1,2,soulemaneisissifou
4428,16634238,SoWwe,"2026-08-29 18:17:46",906.0,2,sowwe4
4429,16658150,Gravity-x73d,"2026-08-17 09:16:29",906.0,2,gravityx73d
4430,16628295,qwertykeypadapple,"2026-08-13 19:05:04",905.8,2,qwertykeypadapple
4431,16695093,"Ryota Murai","2026-08-27 15:28:04",905.7,2,rmuraix
4432,16738825,RishabhSpark,"2026-08-28 05:11:27",905.6,2,rishabhspark
4433,16691702,kss,"2026-08-13 19:30:20",905.4,2,l0glikelihood
4434,16717792,han10086,"2026-08-13 15:05:21",905.0,2,han10086
4435,16667734,SuroRitch,"2026-08-15 16:23:52",904.7,2,suroritch
4436,16772803,"Linneu Holanda","2026-09-25 02:25:46",904.5,2,linneuholanda
4437,16656519,"Chris Laska","2026-08-25 19:45:39",904.5,2,chrislaska
4438,16724109,"small fry in the underworld","2026-09-11 05:51:16",904.3,2,wwwwhitley
4439,16692851,ichnixhelle,"2026-08-12 22:20:24",904.2,2,ichnixhelle
4440,16763978,"Swayam Gode","2026-09-07 16:15:33",903.8,2,swayamgode2
4441,16727219,"Chukka Venugopalam","2026-09-23 17:57:26",903.5,2,chukkavenugopalam
4442,16693934,evnchn,"2026-08-23 15:41:50",902.7,2,evnchn
4443,16678872,ibrahim,"2026-08-17 19:30:32",902.6,2,skyfish77
4444,16623226,"Hafida Belayd","2026-09-05 17:12:33",902.4,2,hafidabelayd
4445,16732428,"Darren Amadeus Martin","2026-08-19 00:48:02",902.3,2,darrenamadeusmartin
4446,16727019,uitsnf,"2026-08-23 15:45:22",902.0,2,uitsnf
4447,16663284,"Aman Prakash","2026-08-12 20:58:28",901.9,2,amanprakash777
4448,16685626,"Livingstone Selassie","2026-08-16 00:26:50",901.9,2,"hackerx019,livingstoneselassie"
4449,16749618,Fon1as,"2026-08-21 09:36:42",901.5,2,fon1as
4450,16634650,UnfriendlyAI,"2026-08-24 11:44:47",901.1,2,unfriendlyai
4451,16748246,"Eric S","2026-08-26 12:50:54",900.1,2,ericsangberg
4452,16707598,Kamazarashi,"2026-08-18 05:40:15",900.0,2,kamazarashi
4453,16756925,"Dread Development","2026-09-05 11:38:51",899.7,2,"dreaddevelopment,seanornberg"
4454,16697689,"Pavel Pakhmutov","2026-08-12 23:11:23",899.7,2,pavelpakhmutov
4455,16641288,nakagawaren0805,"2026-09-12 10:35:10",899.5,2,nakagawaren0805
4456,16726115,helloworld311,"2026-08-17 05:52:20",899.1,2,helloworld311
4457,16698069,k_4821,"2026-09-08 15:11:16",898.8,2,edgarondoodevilclub
4458,16744658,Shree85,"2026-09-22 21:05:43",898.5,2,shree85
4459,16696887,kt-Kitayama,"2026-09-01 13:23:49",897.6,2,ktkitayama
4460,16726232,"sayed rafi","2026-08-18 21:13:00",897.1,2,sayedrafi
4461,16748717,mt,"2026-08-20 13:09:12",897.1,1,mtanakaslgfreak
4462,16695695,"Siva Kumar","2026-09-26 06:52:16",896.9,2,sivapnlr80
4463,16727090,"Deep Blue Pasture","2026-08-17 02:28:34",896.9,2,shamanah
4464,16729421,Oblivix,"2026-09-02 04:16:25",896.7,2,"aradhyatiwariii,oblivix"
4465,16687596,AjPrem,"2026-09-14 02:49:09",896.6,2,"ajprem,jefferysingh,neelcasula"
4466,16658803,"Rahul Jiwane","2026-08-21 06:19:57",895.9,2,rahuljiwane
4467,16709339,"Mohammad Javad Dianat","2026-09-08 12:14:33",895.7,2,dianatofficial
4468,16672653,Cultuurstelsel,"2026-08-13 16:59:47",895.5,2,ryuorlandotamin
4469,16632788,"Bright O.H.","2026-08-23 03:45:36",895.5,2,brightoh
4470,16785505,"Rishiraj Acharya","2026-09-08 04:26:42",895.3,2,rishirajacharya
4471,16690113,m0chi1216,"2026-08-16 15:07:24",895.2,2,m0chi1216
4472,16634824,yuki16,"2026-08-27 02:55:04",895.1,2,yuki16
4473,16657610,"H Bharath","2026-08-31 18:54:57",895.1,2,hbharath
4474,16696607,"Manish modak","2026-09-26 09:06:09",895.1,2,manishmodak
4475,16674479,"Alan Rosston","2026-08-14 08:20:49",894.9,2,alanrosston
4476,16715628,Dian,"2026-08-17 01:57:33",894.7,2,clas233
4477,16745294,"Ahmed Ehab Fathi","2026-09-05 01:27:13",894.3,2,ahmedehabfathi
4478,16732754,ikeuchy,"2026-08-29 04:10:41",893.9,2,ikeuchy
4479,16656807,Yoganjaneyulu,"2026-08-13 09:20:17",893.6,2,yoganjaneyulu
4480,16656931,pns,"2026-08-15 09:45:46",893.0,2,"nikhilkasyap07,premsivasai,saranboddu"
4481,16710421,SZ_00_zyz,"2026-08-20 02:54:53",892.8,2,sz00zyz
4482,16664860,ANUJPUROHIT18,"2026-09-01 05:03:07",892.7,2,anujpurohit05
4483,16713155,AdarshAleti,"2026-08-18 05:39:57",892.3,2,adarsh1077
4484,16691830,"Nikita Lugovoy","2026-08-15 03:39:17",892.1,2,nikital7
4485,16743741,Arooran,"2026-08-24 13:37:47",891.6,2,arooransivakarunai
4486,16740700,"Vyas Senthilkumar","2026-08-19 04:26:42",891.1,2,vyassenthilkumar
4487,16680931,"Rattan Singh","2026-08-16 04:23:37",891.0,2,rattans
4488,16735102,"Zhiqi Liu","2026-08-31 02:57:12",890.6,2,crazyqiqi
4489,16715187,maker2026,"2026-09-09 00:38:59",890.6,2,maker2026
4490,16756415,"Mihai Balan","2026-08-31 06:39:25",890.4,2,mihaibalan
4491,16705176,"Ruslan Raupov","2026-08-20 09:10:24",890.0,2,ruslanraupoff
4492,16889392,Prit_44421,"2026-09-14 11:29:09",889.9,2,prit44421
4493,16775412,"moo moo","2026-09-08 15:54:28",889.5,2,"amrof122,yassinamr11"
4494,16651623,"Sarvesh Talele","2026-08-28 05:18:58",889.5,2,sarveshtalele
4495,16622251,"Moroz Roman","2026-08-20 06:22:05",889.4,2,crissyro
4496,16665838,wenbodai,"2026-09-01 12:41:51",888.6,2,wenbodai
4497,16670755,"Amine zeDDouk","2026-08-18 09:37:41",888.1,2,aminezeddouk
4498,16662615,"Anurag irawit","2026-09-01 14:16:49",887.7,2,anuragirawit
4499,16728723,"Ronith Rashmikara","2026-08-18 03:28:52",887.7,2,ronithrr
4500,16649313,"Jiajun HAN","2026-08-14 07:13:57",887.1,2,jiajun1
4501,16633096,anvai_agents,"2026-08-20 05:50:45",886.9,2,"anandgaikwad7781,vaidehidhamnikar"
4502,16711910,"Artem Zapara","2026-08-18 16:48:51",886.5,2,artemzapara
4503,16714058,"Ahmet Erdem Pamuk","2026-08-12 18:59:18",886.3,2,ahmeterdempamuk
4504,16623753,HZM,"2026-09-11 04:34:07",886.2,2,leehann
4505,16770648,"Yoshitaka Nozaki","2026-08-26 00:38:06",886.2,1,yoshitakanozaki
4506,16773559,"Abhishek Mahto","2026-08-26 06:40:07",886.1,1,abhishek3115
4507,16709793,"Victor Hotz","2026-08-13 18:48:06",885.5,2,victorhotz
4508,16717630,Amer,"2026-08-13 21:23:41",884.7,2,amerhu
4509,16675088,"Andrei Chulkov","2026-08-15 19:43:12",884.6,2,andreichulkov
4510,16756399,"old Ryne Mac had a farm","2026-08-21 19:44:11",884.4,1,rynemac
4511,16700737,HechtJP,"2026-08-13 11:12:06",884.2,2,hechtjp
4512,16786603,"Shutong Hou","2026-09-23 08:46:53",883.8,2,praxel123
4513,16768022,"Miles Oberting","2026-08-31 23:48:39",883.7,2,milesoberting
4514,16710661,"Pengyi Peng1","2026-09-03 05:48:27",883.6,2,pengyipeng1
4515,16710587,durgasai,"2026-09-01 13:14:36",883.2,2,dsainvg
4516,16766905,Antigone_duckduck,"2026-08-24 16:38:37",883.0,2,antigonexzh
4517,16851557,SunaoCool,"2026-09-11 04:15:13",882.7,2,yoshikinishita
4518,16936225,Holeon,"2026-09-26 13:13:01",882.4,2,holeon
4519,16728460,oh-Artistburger-AHA-TastyMeat!,"2026-08-16 11:54:46",882.3,1,akikukeo1
4520,16803651,gyujinst,"2026-09-05 01:44:38",881.8,2,gyujinst
4521,16734450,"Ian Teigen","2026-08-18 00:04:38",881.7,2,ianteigen
4522,16698439,"Pournami Prakash","2026-09-12 20:17:14",881.5,2,pprakas
4523,16751267,Guojun1,"2026-08-21 01:57:23",881.3,1,guojun1
4524,16930655,"Abdalrahman mohamed","2026-09-23 14:42:21",881.1,2,abdalrahmanmohamed3
4525,16770952,"Satyajeet Kumar","2026-08-25 20:42:40",880.8,2,m4rcuseryx
4526,16724233,"Rafal Porwol","2026-09-24 22:02:55",880.4,2,rafalporwol
4527,16723132,Bridgeport,"2026-08-21 20:25:32",880.4,2,bridgeport
4528,16656990,"NALLA SUMANG","2026-08-30 03:15:46",880.3,2,sumangnalla
4529,16624651,"Zihao Zeng","2026-09-04 12:46:45",880.0,2,zihaozeng0021
4530,16663992,小陈同学,"2026-08-18 07:26:54",879.9,1,czastu
4531,16808914,slfmmm,"2026-09-02 11:50:26",879.5,1,slfmmm
4532,16755278,Kaz,"2026-09-04 15:27:28",879.4,2,kazuyago
4533,16649108,"Steve AVOMO","2026-08-17 03:12:41",879.3,2,aurelsteve77
4534,16674683,"Ali Esam","2026-09-11 17:00:03",878.8,2,zyxsu0
4535,16655179,"I Need an Internship","2026-08-15 02:39:23",878.5,2,dimasibnumuthi
4536,16726870,"Svanik Kolli","2026-08-16 00:11:14",878.3,1,svanikkolli
4537,16781516,"Hongbin Guokaggle","2026-08-29 04:16:00",878.0,2,hongbinguokaggle
4538,16732462,"Aji Samudra","2026-08-24 09:05:21",878.0,2,ajisamudra
4539,16894541,"Deepak Mahajan","2026-09-17 05:27:59",877.9,2,xdipzz
4540,16666853,"Bisola Olasehinde","2026-08-31 13:08:21",877.6,1,bizzyvinci
4541,16735125,mtskggle,"2026-08-22 04:50:43",877.3,2,matsusakaggle
4542,16699610,"Sneha ","2026-08-17 01:00:34",876.9,2,kharya3
4543,16669191,"Mohammed Nomaan","2026-09-19 19:48:47",876.7,2,nomaanz
4544,16803913,"SUJIB BARMAN","2026-09-01 16:42:07",876.4,1,cardata
4545,16731751,"Nikita Pudovkin","2026-08-17 09:15:54",876.3,1,nickpudovkin
4546,16633709,"kitory Yeah やきとり","2026-08-15 22:30:08",876.2,2,kitoryyeah
4547,16663313,onlysmrtsumx,"2026-08-12 01:29:30",875.9,2,onlysmrtsumx
4548,16839110,0x3f,"2026-09-26 03:43:58",875.7,2,zhangbowen1005
4549,16655368,"Mohammed Maqsood L","2026-08-19 10:40:17",875.6,2,mohammedmaqsoodl
4550,16665919,"Labmem Tang","2026-08-31 03:06:37",875.3,2,labmemtang
4551,16697223,"Azizii Gill","2026-09-09 21:27:12",875.2,2,aziziigill
4552,16699659,"Dimas Pasha Akrilian","2026-09-01 01:59:59",875.0,2,dimaspashaakrilian
4553,16709462,"KK #2","2026-08-14 09:06:37",875.0,2,kk2909
4554,16668049,"Masayoshi Kurihara","2026-08-14 06:20:21",874.6,2,masayoshikurihara
4555,16730903,noynkmr,"2026-08-25 05:47:01",874.3,1,noynkmr
4556,16749347,Shibungi,"2026-09-01 06:52:21",874.0,2,shibungi
4557,16715024,"Ömer Özbek","2026-08-22 13:50:34",873.9,2,omerozb
4558,16665050,"Praneeth Palugula","2026-08-14 06:28:56",873.9,2,praneethpalugula
4559,16655559,"Fajri Yanuar Shiddiq Juanda","2026-08-13 01:40:20",873.7,2,fajriyanuar
4560,16842806,"Yan Tao Tang","2026-09-07 10:41:41",873.5,2,yantaotang
4561,16621735,VN-Orion,"2026-08-21 11:42:27",873.5,2,fastthanh78
4562,16766982,"Sir Dona ","2026-08-25 15:54:46",873.4,2,sirdona
4563,16724533,"Yusei Ito","2026-08-22 19:18:19",872.5,2,yuseiito
4564,16713771,bndang,"2026-09-19 21:22:11",872.5,2,bndang
4565,16730288,matsurih,"2026-09-26 09:36:20",872.5,2,matsurihime
4566,16765526,"Kotala Kishan Reddy","2026-08-24 08:56:22",872.5,1,kotalakishanreddy
4567,16661132,"Jia Chen","2026-09-24 17:21:28",872.2,2,jiachenjasper
4568,16748421,lulzx,"2026-08-20 17:52:11",872.0,2,lulzxy
4569,16772450,"Muneeba Badar","2026-08-25 21:19:13",871.8,2,muneebabadar
4570,16714902,HunterBlue,"2026-08-13 18:54:47",871.8,2,marianacodebase
4571,16725242,chinchilla,"2026-08-19 10:53:07",871.7,2,tgwstr
4572,16690020,shantaitichu,"2026-08-17 09:40:30",871.6,2,shantaitichu
4573,16768647,vaultguard,"2026-09-14 21:08:32",871.4,2,vaultguard
4574,16729227,Marjao,"2026-08-16 16:49:12",871.4,2,muniburrehman2020
4575,16765065,"Rohith T R","2026-08-26 13:28:38",871.2,2,rohithtrgod
4576,16749153,"Arnav Mishra","2026-09-12 05:10:43",870.7,2,arnavmishra02
4577,16659614,"Heikki Leskelä","2026-08-22 16:35:42",870.7,2,heikkileskela
4578,16778206,yuanlao153,"2026-08-28 15:00:04",870.7,2,yuanlao153
4579,16803602,ihiratch,"2026-09-06 15:57:56",870.1,2,ihiratch
4580,16662023,"Vikas Kumar","2026-09-08 17:17:57",869.9,2,vikshit104
4581,16775386,kaggler,"2026-08-31 09:29:41",869.9,1,deepkim
4582,16753985,"Narenthira Balaji","2026-08-21 10:54:17",869.6,1,narenthirabalaji
4583,16750317,"ELhamdaoui AM","2026-08-30 19:29:43",869.6,2,elhamdaouiabdelmajid
4584,16669494,"Abdullah Razi","2026-09-03 18:39:36",869.4,2,abdullahroninrazi
4585,16689447,"Ivan Berrutto","2026-08-13 04:14:38",869.2,2,ivanberrutto
4586,16666884,"Antonio Stanciu","2026-08-15 14:33:52",869.1,2,stanciuantonio
4587,16639230,Rylan,"2026-08-15 13:15:45",869.1,2,"liuruihan333,wangxiaodundun"
4588,16725642,"Arav Sharma","2026-08-17 03:51:14",868.7,2,aravsharma26
4589,16633414,"sagar tripathy","2026-08-13 15:57:56",868.7,2,sagar8trip
4590,16774228,"Anggit Maulana Abdi","2026-08-28 14:37:01",868.5,2,anggitmaulanaabdi
4591,16701969,旧楚狂人,"2026-08-15 14:20:59",868.3,2,jiuchukuangren
4592,16759864,exaucedossou,"2026-08-22 17:56:40",867.9,2,exaucdossou
4593,16689881,"yuki #2","2026-09-26 13:18:32",867.8,2,hosikusa
4594,16684163,MohamedFD,"2026-08-13 12:32:47",867.7,2,mohamedfd
4595,16712888,Vux,"2026-08-20 14:32:16",867.4,2,weiyu85
4596,16629292,"Syed Saad Hasan Emad","2026-08-17 06:14:38",867.2,1,syedsaadhasanemad
4597,16688368,"Lam Vo","2026-08-15 16:39:23",867.2,2,nhatlam
4598,16624824,GoofyGenius,"2026-09-09 16:05:59",867.1,2,goofygenius
4599,16729484,"Sankalp Nagineni","2026-08-16 17:35:31",866.9,2,sankalpnagineni
4600,16698256,Mint,"2026-08-17 18:39:08",866.7,2,rorandangerous
4601,16714059,Yentür,"2026-08-12 18:47:44",866.5,1,meryentr
4602,16658500,"abhinav rai1","2026-09-20 07:54:04",866.3,2,abhinavrai1
4603,16809122,"federico battello","2026-09-10 15:05:02",866.2,2,federicobattello
4604,16729828,spunkrock,"2026-08-16 20:08:06",866.0,1,spunkrock
4605,16924409,Obsidian,"2026-09-26 10:12:21",865.8,2,edwardkhunt
4606,16663694,"Dimitri ZABRE","2026-09-18 22:22:32",865.8,2,dimitrizabre
4607,16636909,"wking edewd","2026-08-21 11:21:57",865.6,1,wkingedewd
4608,16725354,"Swaroop piduguralla","2026-08-19 14:23:28",865.5,2,pnsaimanitejaswaroop
4609,16748330,Okan,"2026-08-21 11:15:17",865.5,2,okanzkaya
4610,16677832,"Maryam Tahir","2026-08-25 15:07:42",865.2,2,maryamtahir09
4611,16692110,"Ahmed Khudair","2026-08-11 22:33:06",864.8,1,ahmedkhudair121
4612,16728272,"Daris Dzakwan Hoesien","2026-08-16 10:48:22",864.8,1,darisdzakwanhoesien2
4613,16748524,TongY26,"2026-08-21 08:33:16",864.5,2,tongy26
4614,16700995,"Maram Ali","2026-08-15 09:13:15",864.2,2,msama01
4615,16716949,ligaydima,"2026-09-22 07:02:19",864.0,2,ligaidima
4616,16703099,GansPiro,"2026-08-13 18:34:26",864.0,2,ganspiro
4617,16665702,"Aman Gupta","2026-09-08 16:26:19",863.6,2,amangupta0014
4618,16650372,Greed,"2026-08-12 17:18:47",862.8,2,greedshen
4619,16847578,"Tim Chernov","2026-09-24 17:03:27",862.6,2,saffff
4620,16691714,"Wesley Juraschek","2026-08-19 06:07:37",862.6,2,wesleyjuraschek1
4621,16695608,"Elie Elias","2026-09-12 11:11:33",862.3,2,elieelias
4622,16696983,"JKM Ventures","2026-08-17 22:58:03",862.3,2,jeffreydrew
4623,16695691,neural-canvas,"2026-08-12 20:46:37",861.8,2,mrsanap
4624,16771780,Trichoderma,"2026-09-06 04:58:38",861.8,2,brunoescalhao
4625,16769866,"Suzuki Riki","2026-08-25 12:11:09",861.6,2,suzukiriki
4626,16731243,"[Deleted] dab36be1-9992-4710-95f4-39a9f7a2cd3c","2026-08-24 15:13:27",861.6,2,del=fd92954ed0c92f1a
4627,16696561,"Ali Ramazanov","2026-09-22 07:46:58",861.4,2,aliramazanov
4628,16633580,Vinymo,"2026-08-23 15:32:23",861.2,2,vinymo
4629,16656948,"alexander kern","2026-08-24 18:02:17",861.0,2,alexanderkern
4630,16770302,stardxx,"2026-08-26 02:21:35",861.0,2,stardxx
4631,16634654,unknown,"2026-08-13 02:11:22",860.4,2,abdullahshafi2021
4632,16941390,yukikotani,"2026-09-25 00:00:27",860.3,2,yukikotani2231
4633,16625611,"Karl Smile","2026-08-28 16:42:46",859.7,2,karlsmile
4634,16733547,"Mark Grayson","2026-08-17 18:53:21",859.3,2,flyingsinclair
4635,16654381,"Dmitry Belan","2026-08-30 17:16:29",858.5,2,dimong4
4636,16761728,"Vybhav Nath C A","2026-08-30 12:19:48",858.3,2,shadowfax2000
4637,16681749,"rohith vinice","2026-08-11 23:55:16",858.2,2,rohithvinice
4638,16743737,"Joanna C.","2026-08-20 23:07:09",858.2,2,joannaciesielski
4639,16789587,"José Luis","2026-09-08 06:49:13",858.1,2,joseluissz
4640,16708333,"Phạm Vương","2026-08-11 16:17:10",858.0,2,vuongphamqq
4641,16681275,"CUG HeQiao","2026-08-12 09:06:14",857.9,2,cugheqiao
4642,16857894,"Ludwig Agurto Contador","2026-09-12 22:35:55",857.9,2,ludwigagurtocontador
4643,16693058,"Yuvraj singh","2026-09-18 11:41:37",857.8,2,yuvrajsingh789
4644,16729650,"Tapiwa Makandigona - Zimbabwe21","2026-08-31 11:36:48",857.7,2,mukanya1994
4645,16632579,ZZfancy,"2026-08-11 12:04:42",857.7,2,zzfancy
4646,16688153,"Panchajanya Banerjee (Pancham)","2026-08-16 20:28:27",857.4,2,delayedkarma
4647,16653955,"tanmay singhal","2026-08-29 12:00:53",857.1,2,anexperiencedidiot
4648,16664334,"Satishvaran Ragu","2026-08-28 03:07:19",856.5,2,satishvaranragu
4649,16668162,AlejandroAlvarez,"2026-09-26 13:12:47",856.5,2,theworm
4650,16661423,"Rishavendra Sharma","2026-08-31 08:38:23",856.4,2,rishavendrasharma
4651,16624896,"Akmal Azzam o'g'li","2026-08-18 06:03:51",855.5,1,akmalmir
4652,16729874,"Shane Schisler","2026-09-15 20:11:48",855.4,2,seschis
4653,16663352,"Avnish Sharma","2026-08-31 14:42:23",855.2,2,kewlaz
4654,16763120,"Shivam Singh #2","2026-08-23 16:56:35",855.2,1,shivamsingh17072001
4655,16635509,simmons1025,"2026-09-24 00:57:55",855.0,2,simmons1025
4656,16695964,"JiMing Feng","2026-08-17 10:56:45",854.7,2,jimingfeng
4657,16694149,maxout,"2026-09-21 06:18:06",854.7,2,"aadijoshi19,kavyabhand"
4658,16767528,"Umut Toygar Göz","2026-08-30 13:01:54",854.2,2,umuttoygargoz
4659,16920916,"wiki Alexander","2026-09-23 06:11:41",854.1,2,wikialexander
4660,16883641,"Benedek Brandschott","2026-09-25 21:49:46",854.0,2,benedekbrandschott
4661,16632146,Haker_Sam,"2026-08-27 10:45:31",854.0,1,hakersam
4662,16805763,"Masaya Kawamata","2026-09-04 03:39:48",853.5,2,masayakawamata
4663,16830837,"Damilare Olayemi","2026-09-08 08:35:23",852.6,2,damilareolayemi
4664,16734578,"Pascal Andreas","2026-08-26 17:42:14",852.1,2,pascalandreas
4665,16697024,"Jiri Prudky","2026-09-06 06:00:57",851.7,2,jiprud
4666,16927988,"Ravi Ramakrishnan","2026-09-20 05:22:13",851.5,1,ravi20076
4667,16659314,Sandeep063,"2026-08-25 12:44:22",851.4,2,sandeep063
4668,16623020,Muhandro,"2026-08-20 16:29:57",850.8,2,muhandro
4669,16667839,Viet-Tien,"2026-08-22 19:46:21",849.9,2,tiena2cva
4670,16772993,"dirty farmers","2026-08-26 06:33:12",849.8,2,jamesgui2007
4671,16663241,"Kris Adamatzky","2026-08-13 09:49:19",849.7,2,krisadamatzky
4672,16627995,"Fire Bird","2026-08-11 20:36:45",849.7,2,xuanleekaggle
4673,16841176,"Bruce Cole","2026-09-09 00:39:28",849.7,2,brucecole
4674,16671821,donglee,"2026-08-13 09:13:09",849.6,1,dongleeovo
4675,16689952,"Lazarus Ogero","2026-08-11 16:44:08",848.6,2,lazarusogero
4676,16716468,"Sakhawat Hossen","2026-08-15 03:28:07",848.5,2,sakhawathossen
4677,16710672,"Yasemin Koç","2026-08-14 05:52:52",848.5,2,yaseminmkoc
4678,16811576,Zi,"2026-09-03 01:52:15",848.3,1,kaigaokaigao
4679,16709744,"Emre Bayram","2026-08-14 09:04:57",847.9,2,emrebayram
4680,16682936,"Latifa Riziki","2026-08-12 09:38:13",847.6,2,latifariziki
4681,16701759,xycai,"2026-08-14 17:23:35",847.6,2,xycaipku
4682,16732586,Juniex,"2026-09-22 13:52:52",847.5,2,"juniex,shirleyshirleyye"
4683,16692103,HaniJezo,"2026-08-11 20:32:40",847.4,1,hanijezo
4684,16693886,spellstriker,"2026-08-12 22:03:20",846.6,2,spellstriker
4685,16693925,"Francisco Corredor","2026-09-25 19:10:52",846.2,2,franciscocorredor
4686,16645712,"Changye Li","2026-08-24 06:23:33",846.0,2,antoinegg1
4687,16658097,Sujay,"2026-09-17 06:08:01",845.4,2,sujayprodduturi
4688,16793134,sawasawasawa,"2026-09-07 09:06:57",845.2,2,yukisawamura
4689,16690567,"Falih Kaleel","2026-09-26 12:19:24",844.9,2,alphajet185
4690,16806886,dreamtear,"2026-09-02 05:55:56",844.7,1,mohanzeng
4691,16660711,ricardo,"2026-08-15 22:34:26",844.2,2,magania
4692,16679767,Salut!,"2026-08-12 21:56:55",843.3,2,denismekhanikov
4693,16709300,炫酷的小克里斯,"2026-08-19 15:54:28",843.1,2,tinfufans
4694,16740103,Adjakou,"2026-08-24 07:31:02",843.1,2,adjakou
4695,16682303,"Kapadiya Nirav Kumar","2026-08-18 06:24:30",843.0,2,kapadiyaniravkumar
4696,16692138,"Bishwa Thakur","2026-09-05 09:15:47",842.8,2,bishwathakur
4697,16656731,"Muhammad Ali","2026-08-14 06:47:06",842.5,2,sardaralimaqsood
4698,16700116,Goldian,"2026-08-21 16:13:40",842.2,2,goldian
4699,16627400,"Krasnov Daniil","2026-08-11 06:04:48",841.8,2,daniilkrasnovvv
4700,16726512,shash,"2026-08-15 19:41:18",841.8,1,zshashz
4701,16624682,FrederikZ,"2026-09-02 10:17:51",841.8,1,zkirederf
4702,16754552,Touyu,"2026-09-24 23:29:39",841.4,2,yutoaoki
4703,16697675,"Isaac Grossman","2026-08-30 23:21:35",841.3,2,kingisaac
4704,16773266,newbyy,"2026-08-26 05:21:47",841.1,1,newbyy
4705,16831372,"Hazel caviar","2026-09-05 08:07:40",840.8,2,hazelcaviar
4706,16684012,ceh,"2026-08-16 04:58:18",840.5,2,emilhessman
4707,16697021,Vaishnavi22052006,"2026-08-11 18:43:08",840.1,2,vaishnavi22052006
4708,16673097,"Sonu Kushwaha","2026-09-01 11:10:15",839.8,2,sonukushwaha124
4709,16738467,EnriFermi,"2026-08-26 23:51:18",839.8,2,enrifermi
4710,16667729,"Daniel Wu","2026-08-15 14:35:27",839.3,2,danielwuu
4711,16659692,"Hùng Nguyễn Huy (Hiirooo)","2026-08-11 03:47:45",839.1,2,hngnguynhuy
4712,16767164,"yuhan wu","2026-08-26 09:37:53",838.8,2,yuhanwu487
4713,16660371,"José Luis Gómez","2026-08-13 01:37:42",838.0,2,josluisgmezz
4714,16719551,JamesYip7,"2026-08-20 10:24:50",837.8,2,jamesyip7
4715,16651052,lty,"2026-08-18 02:33:01",837.2,2,linwei9
4716,16738705,"Atilla Y","2026-09-12 06:51:34",836.9,2,atillay
4717,16656316,"Richard Tang","2026-08-11 01:09:34",836.9,2,richardgtang
4718,16712651,riicon,"2026-09-21 14:13:50",836.9,2,risakashiwabara
4719,16657494,Trex,"2026-08-12 14:00:14",836.8,2,trexzone
4720,16709069,"James Mcquay","2026-08-14 18:05:40",836.7,2,jamesmcquay
4721,16681620,wanwanuil,"2026-08-13 12:43:19",836.4,2,wanwanuil
4722,16684947,Hoaquason,"2026-09-04 08:54:54",836.0,2,"datnguyen0102,mibombaclat"
4723,16670433,"Mohammad Osamah Atif","2026-08-19 08:46:32",835.6,2,osamatif
4724,16763383,"Alexandru Sitaru","2026-08-25 07:05:06",835.5,2,sitaru
4725,16674649,寿!,"2026-08-12 06:45:37",835.2,1,taka3776toshi
4726,16692164,Abdulrahman.su10,"2026-08-11 20:35:39",835.1,1,abdulrahmansu10
4727,16661983,"Victor's Team","2026-08-12 12:05:19",834.9,2,"dlordsjustified,jezrealmomoh,joludare,victorokpe"
4728,16809277,"Shuntaro Tanaka","2026-09-11 01:01:20",834.6,2,shuntarotanaka
4729,16692090,sans,"2026-08-12 03:14:55",834.3,2,sans6262q
4730,16673110,"Sri Jayavel K","2026-08-20 08:18:31",834.1,2,srijayavelk
4731,16701573,"Haggai Musoda","2026-08-17 20:04:00",833.9,2,haggismusoda
4732,16676043,"Tejash Rai","2026-08-14 07:16:01",833.6,2,tejashrai
4733,16693159,"Zonglin Han","2026-08-13 17:10:08",832.9,2,zonglinhan
4734,16785100,5386,"2026-09-10 11:08:04",831.6,2,"ismktkaggle,rairai314,satosis"
4735,16675305,"Justin Sabu Sebastian","2026-08-22 23:19:57",830.7,2,justinsabusebastian
4736,16660678,"Chaitanya Sonaje","2026-09-23 04:35:17",830.2,2,chaitanya205
4737,16676154,"Tuan Tran","2026-08-10 16:29:40",829.8,2,thtuan
4738,16672374,"kelly waldeck","2026-08-11 21:07:30",829.5,2,kellywaldeck
4739,16678638,Loshtradz,"2026-08-26 18:40:35",829.2,2,loshtradz
4740,16705584,"Adil Munawar","2026-08-29 21:18:33",829.2,2,adilmunawar
4741,16688436,Zuu3scode,"2026-08-12 15:19:16",829.0,2,zuu3scode
4742,16745092,zakihiro,"2026-08-21 07:59:39",828.9,2,zakihiro
4743,16696769,"maximo lorenzo y losada","2026-08-12 13:07:35",828.2,2,maximolorenzoylosada
4744,16657857,hust_xll,"2026-08-12 05:38:12",828.2,2,hustxll
4745,16830784,栀蓝thy,"2026-09-15 10:03:44",828.1,2,tianhaoyuan86
4746,16662653,"Jordan Schaeffer","2026-09-09 01:49:11",827.8,2,jordanmschaeffer
4747,16695501,brocade,"2026-08-15 00:01:12",827.8,2,brocade
4748,16695376,Garv88,"2026-08-13 12:19:20",827.4,2,garv88
4749,16660331,A.K.NITHIN,"2026-08-12 12:07:32",827.4,2,aknithin
4750,16640058,"Justin CH123","2026-08-11 09:15:28",826.8,2,justinch123
4751,16889423,ShinChua,"2026-09-14 12:50:22",826.0,1,shinchua
4752,16780558,hxrdxk,"2026-08-29 18:36:48",826.0,2,hxrdxk
4753,16672579,"Udbhaw Anand","2026-08-22 13:15:18",824.6,2,udbhawanand
4754,16779977,sue124,"2026-09-26 02:44:49",824.5,2,ryotasueyoshi
4755,16657429,"xiao cat q","2026-08-12 01:41:13",824.2,2,xiaocatq
4756,16695137,"Samantha Nicole Bracamonte","2026-08-12 00:35:56",824.2,2,snrbracamonte
4757,16688136,"Armanzhan Ayan","2026-08-11 16:49:36",823.4,2,armanzhanayan
4758,16650485,nasu726,"2026-08-13 13:51:20",823.4,2,nasu726
4759,16793535,Pink,"2026-09-15 08:44:32",823.2,2,farjanaafrinswarna
4760,16707584,sadatch,"2026-08-13 05:18:28",822.9,2,sadatch
4761,16669778,UknesIruka,"2026-09-18 18:30:56",822.8,2,uknesiruka
4762,16790115,Starumi,"2026-08-31 00:39:22",822.5,2,starumi
4763,16698942,"PRADHAN RS","2026-08-13 18:06:58",822.3,2,pradhanrs
4764,16770777,"Oscar Legoupil","2026-09-09 15:43:18",822.3,2,oscarlegoupil
4765,16696644,"Franklin T","2026-09-13 07:17:43",822.1,2,franklin0410
4766,16676356,"Wander waal","2026-08-11 02:48:56",821.8,2,wanderwaal
4767,16706283,haogood666,"2026-08-11 08:25:40",821.7,1,haogood666
4768,16632675,"Baran Kucuk","2026-08-11 15:09:58",821.7,2,barankucuk
4769,16707993,"Sangita Bannore","2026-08-11 14:33:47",821.6,1,sangitabannore
4770,16631777,KiKi,"2026-09-03 04:27:02",821.6,2,kingkiller2164
4771,16708573,Benser,"2026-08-15 14:41:24",821.2,2,benser
4772,16667052,"Dandan Li","2026-08-15 18:07:17",821.0,2,clcll532x
4773,16737113,"Sergei Myshianov","2026-08-20 03:24:23",821.0,2,sergeimyshianov
4774,16704622,ray,"2026-08-11 16:30:13",820.7,2,rayenezanned
4775,16875777,YinboLiu,"2026-09-17 11:11:46",820.4,2,yinboliu
4776,16666410,"Binil George","2026-08-12 10:40:43",820.4,2,binilg
4777,16702774,FilipJ,"2026-08-16 18:34:05",820.2,2,filipjarmua
4778,16705441,CooperJiang,"2026-08-13 06:57:44",820.0,2,gingersna
4779,16625615,"Mobeen Fatima","2026-09-24 10:19:55",819.4,2,mobeenfatimah
4780,16728955,"Chris Murphy","2026-09-07 23:33:26",819.2,2,mur418
4781,16679371,ΛYMΞNRH,"2026-08-11 06:43:55",819.1,2,aymnrh
4782,16662166,duy,"2026-08-31 08:50:51",819.1,2,hduynguyen
4783,16691591,"Dheeraj Kumar #3","2026-08-12 04:05:32",818.6,2,kdheeraz
4784,16659890,"Cu Spoon","2026-08-25 22:02:11",818.5,2,cuspoon
4785,16663820,taka,"2026-09-16 22:06:10",818.4,2,takaakiishi
4786,16940838,"Dean Wuu","2026-09-23 02:06:11",818.3,2,deanwuu
4787,16683441,Eura73,"2026-08-21 08:07:47",817.1,2,eura73
4788,16668334,Suavemango,"2026-08-12 05:18:03",817.0,2,suavemango
4789,16689770,"Abdillah Sagif","2026-08-11 10:11:23",816.8,2,abdillahsagif
4790,16633006,Kaiser,"2026-09-01 06:36:38",816.7,1,kaiserm
4791,16633886,mudesteven,"2026-08-16 02:54:25",816.7,2,fastlight2007
4792,16655323,roma,"2026-08-09 19:49:51",816.3,2,mnroma
4793,16761975,lixiuqixiaoke,"2026-08-26 09:59:11",816.2,2,lixiuqixiaoke
4794,16623444,"sary sary","2026-09-22 20:50:21",815.5,2,sarysary
4795,16624088,Pomiro,"2026-08-11 04:41:24",815.4,2,pomiro
4796,16656181,Vishwa,"2026-08-11 05:46:58",815.4,2,rv1922
4797,16659529,"Sanchit Jain","2026-09-25 22:33:41",815.2,2,sanchit1609
4798,16695903,cerensukaramese,"2026-08-14 09:18:05",815.2,2,cerensukaramese
4799,16687724,Yijue1,"2026-08-11 02:15:05",814.9,2,yijue1
4800,16658487,radozaprazny,"2026-09-12 14:09:06",814.7,2,radozaprazny
4801,16660594,XIAODOUZI,"2026-08-17 12:06:50",814.0,2,xiaodouzi666
4802,16665058,"Llin Ding","2026-09-01 05:38:32",814.0,2,"greatneuro,llinding"
4803,16692457,t2better,"2026-08-12 11:56:41",813.9,2,t2better
4804,16745264,wpang,"2026-09-25 00:08:24",813.7,2,wangshu
4805,16706315,"Desert Fox88","2026-08-11 12:02:03",813.6,2,desertfox88
4806,16700630,apoyusiken,"2026-08-12 06:10:52",813.4,2,umutarpay
4807,16817309,"TeddyDog Lovely","2026-09-03 10:44:15",812.9,2,teddydoglovely
4808,16656691,"Sahaj Deep Singh","2026-08-12 01:39:36",812.8,2,sahajdeepsingh9877
4809,16660911,"Animesh Ratna","2026-08-23 22:01:35",812.6,2,animeshratna
4810,16749605,SoedaHaruto,"2026-09-26 13:12:45",812.5,2,soedaharuto
4811,16729859,wintermute,"2026-09-24 07:44:41",812.2,2,siraev
4812,16722902,"Grigorii IU","2026-08-22 01:54:09",812.1,2,grigorii220
4813,16663919,hnhyhj,"2026-08-13 04:05:56",812.1,2,hnhyhj
4814,16666733,"Alberto MV","2026-08-10 23:06:33",812.1,2,albertomv
4815,16636004,"Ragunath Ravi","2026-08-11 10:59:07",811.5,2,ragunathravi
4816,16768644,Momoko,"2026-08-25 03:22:50",811.2,1,yangmengyuanmomoko
4817,16676025,"Csaba József","2026-08-31 19:31:00",811.0,2,"jcsaba,peterkiss4"
4818,16706825,"Niranjana Vincent ","2026-09-23 01:06:38",810.9,2,nj54425
4819,16672247,"Movie Watch2022","2026-08-18 19:48:12",810.7,2,moviewatch2022
4820,16709473,"Selahattin Günter","2026-08-23 14:07:42",810.6,2,selahattingnter
4821,16660653,kanchana's,"2026-09-21 17:23:31",810.5,2,"saikanchana,yuvarajkanchana"
4822,16696608,beanbamboozled,"2026-08-10 10:45:19",810.3,2,beanbamboozled
4823,16725680,henri66,"2026-08-15 21:09:47",810.2,2,henri665
4824,16679519,"Петьо Лазаров","2026-08-10 22:30:35",810.0,2,pesosz
4825,16714162,MarvinTMB,"2026-09-23 05:38:16",809.7,2,marvintmb
4826,16701466,"HELIOS reasonning","2026-08-11 22:38:55",809.5,2,heliosreasonning
4827,16705370,TS2333,"2026-08-11 03:40:40",809.4,2,ts2333
4828,16660479,"Lakhindar Pal","2026-08-31 13:26:49",809.0,1,lakhindarpal
4829,16655952,"Tianfu Wang (王天夫)","2026-08-12 15:08:12",808.9,2,wangtf96
4830,16659803,nRuaif,"2026-08-22 02:47:10",808.9,2,phngdoan
4831,16688265,"Kyle #2","2026-08-11 01:51:35",808.8,2,georgeturbo
4832,16697142,Kujaomega,"2026-08-10 22:13:02",808.6,1,kujaomega
4833,16726422,"Praveen Kumar","2026-08-29 11:25:55",808.4,2,pankajrepswal
4834,16767431,Nine1Eight,"2026-08-24 16:51:12",808.0,1,wethepeople918
4835,16724779,"Gavin Cao","2026-08-16 09:00:53",807.6,2,gavinxgcao
4836,16660333,"Deanos Crew","2026-08-11 13:10:19",807.4,2,jamescole0101
4837,16655693,DePie,"2026-09-24 02:35:28",807.1,2,phucthaiv02
4838,16643233,"Marco DG","2026-08-11 06:20:14",807.1,2,marcodg
4839,16780967,"black hole sun","2026-09-01 02:25:21",807.0,2,danielefiorino
4840,16695176,"Zakaria Settar","2026-08-16 21:52:31",806.8,2,zakariasettar
4841,16702482,"Carlos Navarro","2026-08-14 05:26:26",806.7,2,navarr0
4842,16733121,saturnliu,"2026-09-10 17:20:24",806.6,2,saturnliu
4843,16655210,Amon,"2026-08-16 06:09:04",805.7,2,kingaemon
4844,16661093,"INDRAJIT SWAIN","2026-08-15 13:23:37",805.5,2,indrajitswain
4845,16687594,"Andrew Markley","2026-08-13 01:19:04",805.3,2,andrewmarkley1
4846,16660037,shehai.lrs,"2026-08-11 13:37:32",804.4,2,shehailrs
4847,16666282,"Bang sion","2026-08-22 10:06:06",804.1,2,bangsioni
4848,16696208,"kazwzn S","2026-09-22 12:06:22",803.6,2,kazwzns
4849,16653153,Gbining,"2026-09-23 15:25:35",803.5,2,gbining
4850,16760101,"Big Moo","2026-08-25 00:52:06",802.3,2,abdullahramadan1
4851,16927276,"julian andres viejo garrido","2026-09-26 03:26:34",802.1,2,salmaviejo
4852,16808116,WWAWW,"2026-09-15 03:47:37",801.9,2,masatowaragai
4853,16692490,"Enes Coşkun","2026-08-11 05:37:38",801.4,2,enscskn
4854,16912040,YUYAN457,"2026-09-18 08:13:27",800.7,2,yuyan457
4855,16823736,"Logan Seitz","2026-09-09 15:07:29",800.6,2,loganseitz26
4856,16700314,Giallar,"2026-08-14 16:45:53",800.5,2,andreykrotkikh
4857,16658746,marinxbt,"2026-09-11 14:18:24",799.5,2,marinxbt
4858,16804961,explise,"2026-09-02 08:13:03",799.4,2,explise
4859,16881964,"Vipeen Kumar","2026-09-21 06:20:46",799.3,2,vipeen
4860,16729863,Monkeyzl,"2026-08-22 20:02:21",798.8,2,monkeyzl
4861,16640869,taijunhao,"2026-08-12 10:26:30",798.7,2,taijunhao
4862,16784719,"Ayush Shekhar","2026-09-26 06:32:29",798.6,2,ayushshekhar56
4863,16667994,"Zhian Wei","2026-09-11 06:57:54",798.4,2,zh1anwe1
4864,16701221,"Othman Istaiteh","2026-08-10 13:25:38",797.7,2,istatieh
4865,16793275,"Biao Cao","2026-08-30 13:44:48",797.6,1,biaocao398
4866,16639476,耶✌,"2026-08-30 19:52:36",797.2,1,qifeihhh666
4867,16729800,"Alchemical Retard.","2026-08-20 07:28:07",796.8,2,alchemicalretard
4868,16655715,Chin,"2026-08-12 06:20:32",796.6,2,qinyukun
4869,16658875,"Noah Bishop","2026-08-10 09:56:34",796.5,2,noahbishop1
4870,16662718,xlnt,"2026-08-22 12:37:49",796.5,2,"princebisht,xlnt404"
4871,16675582,DavidX,"2026-08-11 06:05:18",796.3,2,davidasx
4872,16704027,"Alan Cai","2026-08-10 22:36:40",796.2,1,alancai27
4873,16644891,yankang_XZK,"2026-09-02 18:29:53",796.1,2,yankang233
4874,16624625,"Harsha Vardhan","2026-08-10 07:33:35",795.9,2,harshacode101
4875,16786082,"Noberto Frota","2026-08-29 00:40:42",795.9,1,nobertofrota
4876,16762837,Nagamatsur,"2026-09-17 12:24:55",794.3,2,rihitonagamatsu
4877,16839972,"Yusuf Lee","2026-09-05 15:16:20",794.1,1,yusuflee
4878,16675752,"Simon Rüba","2026-08-10 14:23:16",794.0,2,simonrba
4879,16671666,showtree,"2026-09-02 01:53:55",793.7,2,showtree
4880,16664481,"Siddhu Jaykay","2026-08-12 14:02:29",793.2,2,siddhujaykay
4881,16694065,zhangwei02,"2026-08-30 09:29:12",793.1,2,zhangwei02
4882,16676275,Scorpi,"2026-08-12 01:34:25",792.6,2,scorpi
4883,16890654,"Niloofar Y.","2026-09-24 17:12:56",792.2,2,niloofaryoonesi
4884,16659618,"Jeevan Jolly","2026-08-13 13:51:52",792.0,2,jeevanjolly
4885,16667233,EdGy2k,"2026-08-10 10:41:12",791.4,2,edgy2k
4886,16691275,"Muhiminul Islam   Mahim","2026-08-12 10:04:35",791.3,2,muhiminulislammahim
4887,16663678,"Fabiano Adelino","2026-09-25 14:48:28",791.2,2,fabianoadelino
4888,16749776,DataLover,"2026-08-20 16:34:37",791.1,1,paulknidler
4889,16713031,"Nahid Hossain Redom","2026-08-13 15:38:30",790.7,2,nahidhossainredom
4890,16672075,"Kameron Green","2026-08-11 05:49:32",790.5,2,hgenix20
4891,16925552,JacobQIQI,"2026-09-22 13:58:21",790.1,1,jacobqiqi
4892,16652849,Hejunhui,"2026-08-16 14:15:29",790.1,2,website98
4893,16904681,yzhaolabs,"2026-09-20 10:26:40",789.9,2,zhaoyuanzhen
4894,16671314,"Robot Farm","2026-08-29 16:54:23",789.7,2,codearranger
4895,16683982,Kenny,"2026-08-16 19:43:13",789.6,2,kmonar
4896,16705192,"John Ogah","2026-08-16 03:54:21",789.2,2,johnogah
4897,16677723,"Trip Meiners","2026-09-22 14:40:41",789.1,2,tripmeiners
4898,16653984,"Howard Lyu","2026-08-08 18:35:00",788.7,2,howardlyu
4899,16669643,"Athenix Kaggriculture","2026-08-24 18:23:54",788.6,2,sdafdsfsdfgdsg
4900,16848998,yiweigan,"2026-09-22 13:17:52",788.4,2,yiweigan
4901,16662213,"Yang Zong-Yu phD","2026-09-24 03:00:14",788.2,2,yangzongyuphd
4902,16654122,"Peter Thompson","2026-08-10 17:59:36",788.2,2,mightytreefolk
4903,16639236,"Dhavan Shah","2026-08-12 18:20:38",788.1,2,dhavanshah99
4904,16779063,"Yendrew Y","2026-09-26 12:10:52",788.0,2,yendrewy
4905,16672980,"Thomas Prinz","2026-08-09 13:57:51",787.5,2,xardiphotography
4906,16689471,wenjinyang,"2026-08-11 13:32:09",787.4,2,wenjinyang
4907,16635238,"Tai Tien Ta","2026-09-03 03:25:55",785.9,2,tittin
4908,16684852,後藤将斗,"2026-08-24 14:51:20",785.6,2,masato09
4909,16693374,"Henfry De Los Santos","2026-08-12 11:43:51",785.3,2,henfrydelossantos
4910,16828106,AG,"2026-09-20 00:12:01",785.2,2,lacroix7771
4911,16905921,关注塔菲喵,"2026-09-16 16:11:46",784.7,2,zuberi05
4912,16644378,"hicham bedrani","2026-08-28 11:33:17",784.0,2,hichambedrani
4913,16652741,"Sergi Bas","2026-09-23 16:29:27",784.0,2,sergibas
4914,16841747,"Carlos Bósquez","2026-09-24 16:29:05",783.7,2,carlosbsquez
4915,16806003,"Hazqeel Afyq","2026-09-20 08:53:15",783.1,2,hazqeelafyqathaillah
4916,16775781,"I am GroOth","2026-09-26 12:45:32",783.0,2,gideonoba
4917,16742442,"Anton Dugin","2026-08-21 09:51:07",782.7,2,antondugin
4918,16694744,XiaoZhiren,"2026-08-10 13:03:56",782.6,2,"ruikangan,xiaozhiren"
4919,16679347,"Youssef EL MSIYAH","2026-08-09 12:07:55",782.4,2,youssefelmsiyah
4920,16760247,kriskur123,"2026-09-15 14:23:38",781.4,2,kriskur123
4921,16672660,"Straw Hat","2026-08-11 06:14:47",781.3,2,"anuragugargol,tanishafagare114"
4922,16807134,"Chaowei Liang","2026-09-09 01:53:25",781.2,2,chaoweiliang
4923,16659662,MOHSIN525,"2026-09-01 15:43:49",781.1,2,mohsin525
4924,16622487,"Sam kramer_1028","2026-08-18 09:40:58",781.0,2,samkramer1028
4925,16722500,"Mike Murunov","2026-08-16 15:18:17",780.9,2,mikhailmurunov
4926,16802598,zxcqqe,"2026-09-26 11:57:11",780.9,2,anonimniygeniy
4927,16681226,"tingting shen","2026-08-10 09:24:23",780.9,2,tingtingshen99
4928,16731074,UmutUygurr,"2026-09-26 11:50:06",780.6,2,"dilahbaheci,umuttuygurr"
4929,16940857,"Melon Man","2026-09-26 11:58:55",779.9,2,alvinandrada
4930,16705328,"Ester Arias","2026-09-26 05:23:38",779.7,2,esterarias
4931,16920167,AI+Agriculture,"2026-09-21 02:33:40",779.6,2,"alexanderzhiyuanliu,duyutong6,jackdeng123,lgz666"
4932,16732140,Miaa1526,"2026-08-24 08:58:42",779.6,2,miaa1526
4933,16680646,Naym0425,"2026-08-14 04:20:36",779.5,2,naym0425
4934,16664179,animelonerboy,"2026-08-09 15:52:55",777.5,2,adambasa5
4935,16926195,koutwiring,"2026-09-24 20:54:24",777.3,2,koutwiring
4936,16683909,"Krzysztof ""Chris"" Karaszewski","2026-08-14 08:41:11",776.4,2,futureofworkchannel
4937,16623189,"Aditya Mishra","2026-08-09 03:42:06",776.4,2,adityamishranika
4938,16639496,"Sai Teja Bandaru","2026-08-11 14:51:49",776.2,2,saitejabandaruin
4939,16711204,"harden james","2026-08-12 08:00:14",775.8,1,ffusername
4940,16635330,tekatoncat,"2026-08-16 23:42:10",775.8,2,tekatoncat
4941,16792329,"Kumkum Barot","2026-09-26 10:03:47",775.6,2,kumkumbarot02062003
4942,16655497,cszf_first,"2026-08-09 02:06:46",775.6,2,cszffirst
4943,16695182,"Ali Haydar Özdağ","2026-08-10 14:29:59",775.1,2,ahoirg
4944,16818689,Takashi,"2026-09-24 11:35:16",774.8,2,takashi1
4945,16692677,"Ashish Dubey","2026-08-10 06:17:34",774.4,2,ashish124536
4946,16857685,"waves wang","2026-09-13 02:25:51",774.1,2,"cliwave,cyberpsi,hyperacc"
4947,16751992,Coding4Fun07,"2026-09-26 10:56:46",773.9,2,coding4fun07
4948,16671837,"Ronald K Wilson ","2026-09-21 14:14:14",773.8,2,ronaldkwilson
4949,16736816,LLE,"2026-08-22 16:50:40",773.7,2,"rajaditya01,saiash"
4950,16732679,argon,"2026-08-19 08:32:47",773.6,2,argonlabs
4951,16743015,"Sword's Frost","2026-09-26 00:09:57",773.5,2,alexwilliam7
4952,16910441,"Guanchao Sun","2026-09-20 11:27:09",773.1,2,"guanchaosun,lh123463,yitao111"
4953,16845420,"Terrance Luangrath","2026-09-08 05:41:53",772.8,2,tksluangrath
4954,16726173,"Aman Bihari","2026-08-23 12:51:05",772.4,2,amanbihari
4955,16664409,"Kathi Munishwar","2026-08-09 03:37:05",772.2,1,kathimunishwar
4956,16914530,"zhaorui chen","2026-09-18 02:30:07",772.0,2,"hanyazhang,kanny912,zhaoruichen"
4957,16696852,MYGEMER,"2026-08-09 15:43:13",771.8,1,mygemer
4958,16702909,SG4265,"2026-09-07 21:14:54",771.7,2,sg4265
4959,16667124,"Chaotic Era","2026-08-12 01:26:13",771.7,2,sani84
4960,16660259,Marcus,"2026-08-08 17:23:34",770.4,2,marcuseno
4961,16661707,"Rudolf HOUNLETE","2026-08-09 11:41:08",770.2,2,queystanle
4962,16674744,"Burhan Ul Tayyab","2026-08-10 10:55:43",769.9,2,babychick
4963,16724895,russ,"2026-08-19 08:55:30",769.9,2,mdevian
4964,16795676,cold_star,"2026-09-04 03:54:22",769.8,1,a406161167
4965,16665500,"Madan kumar","2026-08-13 17:31:57",769.6,2,winklemad
4966,16690829,JeremyH43,"2026-08-16 00:06:30",769.4,2,jeremyh43
4967,16631101,"Muneeb ul Hassan","2026-08-10 09:56:41",769.2,2,muneeb2405
4968,16669971,"Luka Philip","2026-08-08 16:09:32",769.1,2,lukaphilip
4969,16682182,"himanshu chauhan2406","2026-09-26 11:54:31",769.0,2,himanshuchauhan2406
4970,16811703,KaggricultureX,"2026-09-20 02:45:19",768.7,2,"hanwang666,huanghaoyu7280,lannuo,liangzixiabc"
4971,16684639,Bru3ll,"2026-08-09 15:50:45",768.6,2,bru3ll
4972,16746592,Harvester,"2026-08-21 13:57:05",768.2,2,yudhis16
4973,16670545,"Mouad AIT HA","2026-08-18 20:03:55",768.0,2,mo0103
4974,16663928,Auxileon,"2026-08-09 16:20:13",767.6,2,auxileon
4975,16676038,"Adyanth M","2026-08-09 05:12:40",767.5,2,adyanthm
4976,16623461,MightyK,"2026-08-09 05:36:23",767.3,2,anhhkhoi
4977,16789865,AgroByte-dev,"2026-09-02 14:39:25",767.2,2,ylyasyylkybayev
4978,16652827,"Rob C","2026-08-14 03:04:30",767.1,2,robertcheah
4979,16692469,neoistheone,"2026-08-08 18:38:13",767.1,1,neoistheone
4980,16665976,"Daksh Goyal","2026-08-08 20:36:06",767.1,2,dakshgoyal387
4981,16657598,"Arun Mallikarjuna","2026-08-10 04:29:14",766.3,2,arunmallikarjuna
4982,16639125,"Caio Coelho","2026-08-09 15:38:12",766.2,2,caio41
4983,16880045,"Underground Farmers","2026-09-13 13:04:19",765.9,2,xavierwi
4984,16917996,Agentculture,"2026-09-22 09:28:26",765.8,2,"ericchen001,huzhenyi,sylvia47,thx123456121"
4985,16683036,"Ritesh Thawkar","2026-08-14 08:34:08",765.7,2,riteshthawkar
4986,16685828,Ztr0,"2026-08-09 05:53:10",765.4,2,y1amadeus
4987,16661899,AAI,"2026-08-09 14:23:08",765.2,2,aiolapo
4988,16698467,"Ra'uf Fauzan Rambe","2026-08-10 04:29:13",765.1,2,rauffauzanrambe
4989,16929367,边大同,"2026-09-22 15:40:49",765.0,2,"biandatong,fan41786,taomarktao,ycc13688881999"
4990,16653208,FabienDaniel,"2026-08-07 10:17:38",764.7,2,fabiendaniel
4991,16713590,"Александр Арутюнян","2026-08-13 05:20:18",764.5,2,alexarut17
4992,16634468,"Kun Zhang","2026-09-01 11:38:47",764.5,2,beicicc
4993,16660430,"Hassaan Ibrahim","2026-08-10 12:45:55",764.4,2,hassaanibrahim
4994,16660613,今日洗澡明日香,"2026-08-07 09:58:49",764.1,2,"jasperkag,ryjiang,timmengzh,yningc"
4995,16660385,"Jose Santiago Echevarria","2026-08-25 12:02:45",764.1,2,jmsechevarria
4996,16923138,"Davi Santos","2026-09-26 09:21:31",763.2,2,davissantos1
4997,16694751,im_justmatthew,"2026-08-10 11:27:00",762.8,2,imjustmatthew
4998,16671174,Alexandre008,"2026-08-09 12:29:49",762.6,2,alexandre008
4999,16825767,f7e6n5g4,"2026-09-25 09:15:53",762.6,2,f7e6n5g4
5000,16889300,"Chris McCarthy","2026-09-23 08:20:29",762.2,1,chrismccarthy
5001,16658278,"Malcolm Durosaye","2026-09-17 12:31:05",762.2,2,malcolm95
5002,16847300,"Lam PayGi","2026-09-08 02:02:17",762.1,2,lampaygi
5003,16670406,"jessica jennifer","2026-08-20 15:55:41",762.0,2,jessicajennifer
5004,16663569,XYZ,"2026-09-24 23:00:01",761.9,2,h249748fkv7lyhik897
5005,16830079,"Quan Vu","2026-09-04 11:35:57",761.6,2,quan0095
5006,16904566,Athnnna,"2026-09-20 10:42:53",761.5,2,"athnnna,fanglong,fengzq777"
5007,16919136,"Xinye Li","2026-09-19 13:15:58",761.4,2,"chengxuanyang,dongshangyu,lxinye09,pengwenlong"
5008,16659610,gareeb,"2026-08-10 15:46:50",761.3,2,"arjund29,saqlainsqx,yashawl194"
5009,16835621,"Atharv Santosh","2026-09-05 02:49:27",761.2,1,atharvsantosh
5010,16690820,"Alan C52","2026-09-24 21:07:38",761.0,2,alanc52
5011,16753820,sbite0138,"2026-09-10 14:12:17",761.0,2,sbite0138
5012,16907268,"Ilya Fedorov","2026-09-19 16:29:53",760.7,2,sorrow321
5013,16663780,"Hamza Kanice","2026-08-09 00:08:11",760.7,2,hamzakanice
5014,16643193,"Shoroogh Ahmadi","2026-08-13 10:36:43",760.6,2,shorooghahmadi
5015,16857723,"Denise Mo","2026-09-13 02:30:07",760.5,2,"clipcode,daskrank,maskgen,nnmerge,opscfg"
5016,16657989,"vishnu gopal P","2026-08-08 12:27:56",760.1,2,vishnugp
5017,16846968,kfous,"2026-09-25 16:20:28",760.0,2,kfousekis
5018,16653262,"tianwen zhang1","2026-08-08 16:21:18",759.9,2,tianwenzhang1
5019,16671372,"Meet Sabhaya","2026-08-08 06:02:13",759.9,2,meetsabhaya
5020,16728633,draven,"2026-09-12 07:35:01",759.8,2,ustchx
5021,16731924,CuddleYokai,"2026-08-19 10:57:11",759.6,2,cuddleyokai
5022,16792989,ALKRIS,"2026-08-31 14:35:26",759.5,2,wasimjbuh
5023,16659585,"Anas Riaz","2026-08-08 20:20:23",759.3,2,anasriaz
5024,16676911,"Michał Ścibak","2026-09-26 00:32:45",759.2,2,michacibak
5025,16857621,"yunwen shen","2026-09-12 01:24:42",759.2,2,"cudastack,dlbyte,dsbeta"
5026,16662712,"Roman Stupin","2026-08-27 23:52:01",758.9,2,rcnegby
5027,16644150,"J.M.Mubasshir Rahman","2026-08-09 17:15:01",758.6,2,jmmubasshirrahman
5028,16923114,Pruthvij08#,"2026-09-19 06:44:33",758.4,2,pruthvij08
5029,16680172,TTANE,"2026-09-25 00:07:44",758.4,2,otmaneelmahdaouy
5030,16630372,Q.qlmmm,"2026-08-24 18:25:02",758.0,2,qlammi
5031,16669608,"Jesy Lu","2026-08-13 16:21:53",758.0,2,jesylu
5032,16661100,"Muhammad Junaid","2026-09-06 21:24:50",757.9,2,junaid512
5033,16692970,LakoMoor,"2026-08-09 17:43:25",757.9,2,lakomoor
5034,16664242,"Alex Lee","2026-08-11 03:43:12",757.5,2,aiexanderr
5035,16670202,"Elizabeth Park","2026-08-09 20:33:17",757.2,2,elizabethpark
5036,16663457,Furqan102102,"2026-08-09 12:02:35",757.2,2,furqan102102
5037,16884814,"Happy Farmers","2026-09-16 04:30:33",757.0,2,"loopide,mapmicro,modelkit"
5038,16729165,コーラ,"2026-08-23 07:30:40",756.8,2,cola0912
5039,16692883,coolguy,"2026-08-08 20:56:21",756.5,1,vihangpagare334
5040,16711725,meatori-nu,"2026-09-05 13:40:48",756.5,2,meatorinu
5041,16690897,"Ashok Kumar Garain","2026-08-08 13:26:11",756.4,1,ashokkumargarain
5042,16928267,"lin miaohan","2026-09-21 12:24:15",756.4,2,"dorags,linmiaohan,zhiruizheng111"
5043,16670040,galaxyhunter,"2026-08-17 19:22:06",756.2,2,pkharkwal
5044,16869317,Pikachuexeallen,"2026-09-12 19:46:36",756.1,2,pikachuexeallen
5045,16630249,"Aymar Avohoueme","2026-08-20 10:22:33",756.1,2,aymaravohoueme
5046,16664666,"Rheal Thomas","2026-08-21 19:29:44",756.0,2,rhealthomas
5047,16666625,"Nguyen Ngoc Thien","2026-08-07 16:12:04",756.0,2,ngocthienai
5048,16681480,"Kevin Nguyen","2026-08-14 18:16:29",755.9,2,haidangnguyen1802
5049,16854347,"Arul Gandhi","2026-09-12 10:19:13",755.2,2,arulgandhi
5050,16736429,Rudra278,"2026-08-18 12:07:42",754.9,1,rudra278
5051,16634174,phibkro,"2026-08-07 03:10:52",754.6,2,phibkro
5052,16640332,"ning gu","2026-08-21 00:01:22",754.6,2,morninggu
5053,16665935,eternitywinner,"2026-08-08 14:41:53",754.5,2,eternitywinner
5054,16656347,OctahedronBB,"2026-08-07 00:52:27",754.2,2,octahedronbb
5055,16732008,"Phoebe Lin","2026-09-05 01:05:06",754.0,2,phoebe0511
5056,16698735,Larfii,"2026-08-21 18:01:02",753.9,2,larfii
5057,16662592,"Vladislav Yushkevich","2026-08-09 14:54:24",753.7,2,"crazyflyingsheep,vladislavyushkevich"
5058,16694317,"PRITIKA SA","2026-08-09 07:17:19",753.5,2,pritikasa
5059,16674977,BarbateP,"2026-09-20 10:57:34",753.4,2,barbatep
5060,16815105,"Saurav Chaudhari","2026-09-03 08:46:53",753.3,2,saur3x
5061,16910408,Yuumi080911,"2026-09-20 09:42:09",753.3,2,"haiyunzhang,yuumi080911"
5062,16762021,Dhananjai1729,"2026-09-26 12:19:33",752.7,2,dhananjai1729
5063,16698489,"JIUZHOU CHAN","2026-09-22 18:50:06",752.6,2,jiuzhouchan
5064,16720234,Aditya109,"2026-09-08 05:20:00",752.1,2,"aditya109,tathagattyger"
5065,16857488,THFuller,"2026-09-23 04:59:23",751.6,2,"lachesism,neoist,wangtianyi8,zhihaoweng"
5066,16679237,"Danilo Sepúlveda","2026-08-06 21:26:28",751.5,1,daniloseplveda
5067,16857762,zetaex,"2026-09-13 02:32:06",751.4,2,"cvcost,fluxdev,lossvis,zetaex"
5068,16666632,to1_10i,"2026-08-19 20:27:42",751.1,2,to110i
5069,16669273,Parag,"2026-08-07 02:10:29",751.1,2,paragkale
5070,16884751,"full-auto agent","2026-09-16 04:26:04",751.1,2,"idcode,pychat,regularl2,tokenrank"
5071,16625472,"luna is free！","2026-08-29 16:39:51",751.1,2,simingtan
5072,16679683,Aberrchan,"2026-08-08 17:44:32",751.1,2,aberrchan
5073,16641535,Tutti,"2026-09-06 15:16:23",750.6,2,malk271828
5074,16661249,Yaohui,"2026-08-26 14:59:02",750.5,2,yaohui85
5075,16660101,Zarathustra,"2026-08-12 02:48:18",750.5,2,rezkyadytama
5076,16838800,"LEE Dailun","2026-09-09 13:59:27",750.3,2,peterccll
5077,16736559,"Team Rot-Weiß","2026-08-19 13:22:35",749.9,2,moritzpaal
5078,16843755,oguzok,"2026-09-22 20:09:38",749.7,2,oguzok
5079,16660488,tehyoni,"2026-09-24 06:39:28",749.6,2,"gooberdambi,sidcat,suaeng,tehyoni"
5080,16857636,Tm-ACCS,"2026-09-13 02:24:43",749.6,2,"bitsmini,corebase,llmrun,opsneo"
5081,16667219,"Komil Parmar","2026-08-08 10:00:55",748.7,2,komilparmar
5082,16685990,VictorAndrew,"2026-09-05 22:20:04",748.5,2,vicktvr
5083,16633276,"Nolan Liang","2026-08-09 03:26:47",748.4,2,iamlkn
5084,16666826,"Simone di costanzo","2026-08-07 19:38:11",748.3,2,simonedicostanzo
5085,16949339,Kuriboh,"2026-09-24 15:50:17",748.2,1,cauchyeix
5086,16654623,"Asher Goldstein","2026-08-09 17:54:27",748.0,2,ashergoldsteincd21
5087,16671622,"Isaac Diaz Lopez","2026-09-25 06:12:45",747.9,2,isaacdiazlopez
5088,16642579,"Desyat IO","2026-08-09 17:31:59",747.9,2,desyatio
5089,16638998,"khalid harouach","2026-09-17 13:32:02",747.9,2,khalidharouach
5090,16624003,weedfarmer,"2026-08-08 05:34:16",747.9,2,aleksanderhan
5091,16668758,"Aman Vishwakarma","2026-08-09 17:33:00",747.8,2,amanvishwakarma01
5092,16667245,"KAIWALYA RAUT","2026-08-09 09:04:25",747.7,2,kaiwalyaatulraut
5093,16655076,"Tita Kongolo","2026-08-08 09:08:57",747.6,2,titakongolo
5094,16672520,"Nah I'd win","2026-08-07 08:09:12",747.4,2,asutriy
5095,16680408,mochogo,"2026-08-07 05:42:33",746.5,1,mochogo
5096,16623932,"Axel Ahmer","2026-09-19 16:55:30",746.5,2,blondie1
5097,16698071,nixotrix,"2026-09-07 21:16:50",746.5,2,nixotrix
5098,16679848,Nikola010,"2026-08-13 16:29:19",746.3,2,nikola010
5099,16639645,RamenBoy,"2026-09-08 14:38:35",746.1,2,ramenboyjapan
5100,16731259,"Manvik singh rathore","2026-08-30 17:18:55",746.0,2,manviksinghrathore
5101,16758431,"Mathews Jere","2026-08-26 18:10:25",745.9,2,mathewjere
5102,16675753,Khafidin,"2026-08-12 05:16:26",745.8,2,khafidin
5103,16671403,"Alex Karpowicz","2026-08-08 18:36:52",745.8,2,alexkarpowicz
5104,16624253,DTrieu,"2026-09-25 13:46:55",745.8,2,hodinhtrieu
5105,16670065,"Artyom Sayapin","2026-09-22 16:26:22",745.7,2,spielmeister
5106,16670221,fle3n,"2026-08-08 19:48:37",745.7,2,fleongg
5107,16634078,"yoho kumedayo","2026-08-15 12:48:29",745.6,2,dorachinyastyle
5108,16630441,"yjhv buddies","2026-08-07 09:50:05",745.4,2,bender1123123
5109,16661739,"Spandan Mhapsekar","2026-08-08 10:39:41",745.2,2,spandanmhapsekar
5110,16734490,Tomeiser,"2026-09-24 11:23:16",745.0,2,tomeiser
5111,16688579,"Long Hu","2026-08-09 09:41:04",744.9,1,longhul
5112,16673155,"Babar Khilji","2026-08-06 15:55:26",744.6,2,babarkhilji
5113,16683852,"Abhiram Anil","2026-08-08 06:26:11",744.3,2,abhiramanil
5114,16904592,RLMAX,"2026-09-21 14:23:16",744.0,2,"haoyangdaviddong,mingsiguo,risottoolive,yuanqinyi"
5115,16687463,"Manolo Chow","2026-08-09 22:56:20",743.9,2,manolochow
5116,16645078,"A Aswanth Raj","2026-08-09 08:57:36",743.7,2,aaswanthraj
5117,16660537,Furina,"2026-08-08 13:52:01",743.4,2,cjlcjlcjl
5118,16680075,I_luv_magick,"2026-08-07 09:50:30",743.2,2,iluvmagick
5119,16833052,"we lose some 🏆","2026-09-25 19:11:36",743.2,2,sayangoswami
5120,16664283,"Nguyễn Hữu Công","2026-08-07 05:24:48",742.8,2,nguynhucng
5121,16656810,IskanderAkhmetov,"2026-09-26 13:18:45",742.6,2,iskander2017
5122,16670361,"Saud Saudesen","2026-08-15 22:16:42",742.5,2,saudsaudesen
5123,16683439,Goober,"2026-08-10 19:46:41",742.2,2,kongzhisyuen
5124,16656515,"Rushal Manandhar","2026-09-26 05:41:31",742.2,2,rushalmanandhar
5125,16659727,shuaiqiyang,"2026-09-16 01:16:36",742.1,2,shuaiqiyang
5126,16936773,"shahab shahsavar","2026-09-26 03:17:27",742.1,2,shahabshahsavar
5127,16658213,"Ahmet Abdullah Gültekin","2026-09-25 21:20:03",741.6,2,abdullahgultekin
5128,16673002,xubenzheng,"2026-08-07 15:40:31",741.5,2,xubenzheng
5129,16658173,Tamizharuvi,"2026-09-19 08:42:47",741.3,2,tamizh1
5130,16623485,XtraLearning,"2026-08-09 17:10:36",741.1,2,xcessivesmash
5131,16678506,SireeshLimbu,"2026-08-08 08:39:43",741.1,2,sireesh
5132,16866155,gomamonaka,"2026-09-12 10:10:10",741.0,2,gomamonaka
5133,16688898,"Sanskar Omar","2026-08-09 11:10:44",741.0,2,sanskaromar7
5134,16720913,Candidates,"2026-08-23 17:18:05",740.6,2,"ulyanovmmm,vladimirarchipov"
5135,16802695,"Taras Sam","2026-09-07 17:36:00",740.5,2,tarassam
5136,16657861,"Liao Zixu","2026-08-25 04:28:34",740.2,2,liaozixu
5137,16672629,"Alex Boyd","2026-09-06 15:37:19",740.0,2,alexrayboyd
5138,16784731,Alfred,"2026-09-20 21:54:16",739.9,2,holleyalfred
5139,16656118,Mutte1904,"2026-08-07 05:03:56",739.8,2,mutte1904
5140,16830531,"Nikos Chatzinikolaou","2026-09-24 14:53:07",739.6,2,nikoschatzinikolaou
5141,16668329,HakimTaoufik,"2026-08-18 13:06:18",739.5,2,hakimtaoufik
5142,16841445,Challo,"2026-09-26 02:28:49",739.5,2,germantardioperez
5143,16659958,brainpick,"2026-08-24 21:54:50",739.4,2,prathvirajpalekar
5144,16674550,"Jebastin Nadar","2026-08-06 10:09:16",739.1,2,samfc10
5145,16631665,"jatan sanghvi","2026-09-07 14:03:17",739.0,2,jatansanghvi
5146,16664827,"Jose Miguel Diez de la Lastra","2026-08-07 16:08:49",738.9,2,josemigueldiez
5147,16665015,"laiba razzaq10","2026-08-07 14:21:49",738.5,2,laibarazzaq10
5148,16666147,"Khalid Bin Hethlain","2026-09-15 20:43:36",738.4,2,khalidbinhethlain
5149,16670058,"Dahoui Alex Armel ","2026-08-07 01:02:07",738.4,2,dahouialexarmel
5150,16655763,"Diogo Sena","2026-08-22 17:08:45",737.9,2,diogodmsena
5151,16696895,BrokeFarm,"2026-09-25 11:08:09",737.5,2,brucec
5152,16658670,EveryJust,"2026-08-07 08:33:35",737.5,2,"everyjust,zfc666wsnd"
5153,16667606,Manifolds1,"2026-08-06 16:36:46",737.4,2,ptrakuldit
5154,16635781,wacata,"2026-08-19 14:53:05",737.4,2,wacata
5155,16724269,lava,"2026-09-25 13:51:26",737.3,2,fanxiaozhen
5156,16668029,Timbo615,"2026-08-07 11:56:21",736.9,2,timbo615
5157,16654486,alijs,"2026-08-06 14:27:22",736.8,2,alijs1
5158,16670807,mannogun,"2026-09-04 23:15:49",736.7,2,arcanejumper
5159,16655156,"Pranjal Ranjan","2026-08-06 23:58:43",736.5,2,pranjalranjan299
5160,16673604,"Jiman Kwon","2026-09-26 12:46:51",736.2,2,jimankwon
5161,16742239,"Benny Joseph","2026-09-17 13:06:06",735.9,2,pbennyjoseph
5162,16633043,"Ryan Adams","2026-09-08 23:48:54",735.8,2,ryanadamsai
5163,16665966,aj000,"2026-09-26 11:22:13",735.8,2,anishjagdaleaj
5164,16654832,mohit,"2026-08-07 00:01:08",735.6,2,mohitvarred
5165,16630758,"Keshav Joshi","2026-08-20 18:53:37",735.3,2,keshavjoshi22
5166,16686843,"Juraj Zelman","2026-08-09 08:40:09",735.1,2,jurajzelman
5167,16684762,X-xuhui,"2026-08-08 10:07:58",734.5,2,xxuhui
5168,16665529,Venneth,"2026-08-08 12:32:20",734.1,2,venneth
5169,16671844,I2nfinit3y,"2026-08-07 02:27:10",733.2,2,i2nfinit3y
5170,16934428,shib,"2026-09-24 18:37:26",733.1,2,shibendum
5171,16760841,KIsXcl,"2026-08-24 14:34:11",733.0,2,kisxcl
5172,16732667,Doug,"2026-08-26 23:26:49",732.7,2,dougsgrott
5173,16678288,"Speedrun retirement","2026-08-30 18:59:23",732.4,2,"josephkimanikamau,nanducode"
5174,16667479,"Leon Christians","2026-09-13 17:12:37",732.4,2,leonchristians
5175,16729472,"Boris Pletenev","2026-08-16 17:23:56",732.2,1,borispletenev
5176,16657957,"Mounika Kommireddy","2026-08-08 07:57:32",731.9,2,mounikakommireddy
5177,16662161,"Touhidul Alam Seyam","2026-08-10 12:39:51",731.7,2,seyamalam
5178,16666686,yolo,"2026-08-08 12:08:38",731.7,2,avin55
5179,16673179,"Muhammad Faraz Aftab","2026-08-09 10:18:58",730.8,2,muhammadfarazaftab
5180,16732722,Kusanagi,"2026-08-24 21:52:54",730.7,1,kusanagiap
5181,16893333,Chista,"2026-09-17 23:10:55",730.7,2,"amirelite,asimir"
5182,16670117,"Raj Aryan","2026-08-07 18:15:04",730.5,2,rajaryan2503
5183,16653117,"li jiaqi77","2026-08-07 05:32:06",730.1,2,lijiaqi77
5184,16744809,"Ruben Romero Fernández-Monge","2026-08-25 18:00:39",730.0,2,salieri7
5185,16665898,chengsongtao,"2026-08-23 00:12:59",729.8,2,cheng618
5186,16847456,waHAHA,"2026-09-07 09:53:07",729.8,1,wangshen1994
5187,16809677,"Phong Khổng Hoàng","2026-09-26 12:01:17",729.8,2,phongkhonghong
5188,16853733,Eugene,"2026-09-26 11:05:57",729.7,2,eugenejyuan
5189,16669542,Agzam,"2026-08-06 05:09:43",729.6,2,mazgag
5190,16654081,"Aleksei Ponomarev","2026-08-06 00:43:57",729.1,2,alekseiponomarev
5191,16664890,ideal_m99,"2026-09-19 19:12:14",728.9,2,idealm99
5192,16658025,"Dennis Gioche","2026-08-06 09:08:34",728.7,2,dennisgioche
5193,16689084,Tam1m,"2026-08-29 09:56:39",728.6,2,booleanwolf
5194,16665561,LuoXingda,"2026-08-07 08:22:42",728.6,2,luoxingda
5195,16621802,fgwiebfaoish,"2026-08-13 12:21:54",728.3,2,fgwiebfaoish
5196,16635518,"ROFIQUL ALAM SHEHAB","2026-08-09 11:49:00",727.9,2,rofiqulalamshehab
5197,16702509,KošičanSVK,"2026-08-17 18:04:22",727.7,2,ryanstoner
5198,16669518,Galagala,"2026-08-07 18:35:59",727.6,2,b12705059
5199,16668034,ggggalaxy,"2026-08-28 04:56:40",727.6,2,ggggalaxy
5200,16700298,tmgf,"2026-09-26 07:43:37",727.3,2,tiagomgfernandes
5201,16753850,"Ahmad Ali","2026-09-09 17:58:10",727.1,2,ahmadali1243534
5202,16623236,"Yonatan Nemtsov","2026-08-06 00:28:01",726.9,2,yonatannemtsov
5203,16668545,Ronty00,"2026-08-06 08:24:07",726.6,2,ronty00
5204,16644552,Keanan,"2026-08-08 11:35:17",726.4,2,citerne
5205,16669930,"Ilya Klimanov","2026-08-25 13:30:13",726.3,2,ilyaklimanov
5206,16640582,Attension_Seeker,"2026-08-10 06:57:51",725.9,2,aisipu
5207,16663369,csteeve,"2026-08-07 18:44:37",725.6,2,csteeve
5208,16684568,"[ODS] waniz","2026-08-08 11:04:42",725.6,1,wanizz
5209,16676280,agniii,"2026-08-06 17:05:08",725.6,2,agniii
5210,16806251,"Seok Jun Kim","2026-09-08 07:51:16",725.3,2,sjk1225
5211,16659525,"Dang Khoa Nguyen","2026-08-17 09:51:16",725.2,2,khoadangnguye
5212,16667091,"Nico Feiler","2026-08-07 14:27:47",724.9,2,nicofeiler
5213,16632426,Santhana,"2026-09-25 02:27:30",724.8,2,santhanalekshmic
5214,16699784,nianyu,"2026-08-10 09:46:32",724.1,2,nianyuc
5215,16666358,"GAYATHRI SALINI","2026-08-07 07:55:26",724.0,2,gayathrisalini09
5216,16624485,"Nishant Dahal","2026-08-10 02:24:42",724.0,2,nishantdahal
5217,16671407,JBro13,"2026-08-07 02:29:02",723.7,2,jbro13
5218,16782792,"[Deleted] bdc3c175-811b-438f-9c3a-c2d9c80c106a","2026-08-29 07:16:45",723.6,2,del=e8b93c44cf962f9e
5219,16870596,juicyorange,"2026-09-23 10:56:53",723.5,2,billychau1
5220,16660091,bcTiann,"2026-08-06 05:55:54",723.3,2,bctiann
5221,16670671,"TAUIL Abd Elilah","2026-08-11 01:17:39",723.3,2,tauilabdelilah
5222,16705242,"Chonghao Peng","2026-09-04 21:45:52",722.8,2,chonghaopeng
5223,16930968,"Harvey Zheng","2026-09-24 04:34:49",722.6,2,harveyzheng07
5224,16811628,"Roger Yang","2026-09-08 03:12:08",722.6,2,rogerjyang
5225,16664368,"Ujjwal Reddy","2026-08-10 19:43:26",722.2,2,ujjwalreddyks
5226,16677240,"Jeevan Malla","2026-08-07 07:37:46",721.7,2,jeevanmalla
5227,16659000,xjlgg123,"2026-08-08 12:35:10",721.7,2,xjlgg123
5228,16676283,jnurik,"2026-08-07 17:24:01",721.5,2,nurdauletmoldik
5229,16677675,"Roman Mironov","2026-08-06 17:30:28",721.5,1,helloromiro
5230,16659820,Accayo14,"2026-08-06 14:20:30",721.1,2,accayo14
5231,16661229,Gena,"2026-08-04 15:18:42",721.0,2,gdonchyts
5232,16670378,"Ari Carter","2026-08-08 23:18:02",720.7,2,aricarter
5233,16790145,"Casper du Jardin Kejser","2026-09-04 09:12:34",720.6,2,casperdujardinkejser
5234,16718916,"ROBERT SSEBAMBULIDDE","2026-08-14 19:21:24",720.2,2,robertssebambulidde
5235,16657942,"Gokul Prasath","2026-08-04 23:38:18",720.0,2,beastgokul
5236,16668668,"George Byne","2026-08-25 10:10:36",719.9,2,georgebyne
5237,16627751,lzeee,"2026-09-24 08:23:42",719.8,2,shzgong
5238,16755091,Charlie,"2026-09-24 01:54:36",719.8,2,zephyrlennox
5239,16635679,WUHAOZHE618,"2026-08-15 04:08:45",719.7,2,wuhaozhe618
5240,16663178,Sm00thiecodes,"2026-08-07 11:00:29",719.7,2,sm00thiecodes
5241,16666609,"visit palja.co","2026-08-15 03:34:49",719.6,2,sselrats
5242,16742806,"Oğuz Karabulut","2026-09-11 07:47:41",719.5,2,ouzkarabulut
5243,16678965,MrGS,"2026-08-09 01:18:09",719.3,2,gabrielsderhll
5244,16793461,"Muhammad Hokimiyon","2026-09-13 14:49:54",719.2,2,muhammadhokimiyon
5245,16665353,Sakshamm2587,"2026-08-17 16:50:43",719.1,2,sakshamm2587
5246,16665169,"Rahul Barakoti ITM","2026-08-07 10:58:30",719.1,2,rahulbarakotiitm
5247,16686707,"Sébastien henry","2026-09-17 14:36:54",719.1,2,sebmontreal
5248,16731990,Karl0106,"2026-09-18 08:35:18",718.8,2,karl0106
5249,16665431,"Monojit Nandy","2026-08-06 11:50:38",718.4,2,vedarthmn
5250,16896810,Xcution,"2026-09-16 18:23:35",718.4,2,gghhjjkk
5251,16660555,"Nguyễn Nhật Thanh","2026-08-07 03:45:29",718.0,2,nguynnhtthanhhhhh
5252,16654626,bgsszsa,"2026-08-07 12:01:33",717.8,2,bgsszsa
5253,16936771,"Elvis Diniz","2026-09-22 10:49:26",717.7,2,elvisdiniz
5254,16660120,gktdgktdgktd,"2026-08-07 07:50:45",717.6,2,gktdgktdgktd
5255,16758174,REBEL_K,"2026-08-27 18:30:45",717.5,2,rebelk
5256,16682336,"Çınar Efe Yetişen (Student)","2026-08-19 08:29:20",717.5,2,narefeyetienstudent
5257,16658789,Zhanpeng.W,"2026-08-08 10:05:26",717.4,2,zhanpengw
5258,16639043,"saroj bono","2026-08-28 18:42:55",717.4,2,sarojbono197
5259,16652986,"Justin Kimlim","2026-08-26 03:12:37",717.4,2,justinkimlim
5260,16669491,"Parakh Sharma","2026-08-06 10:59:33",717.4,2,parakh20
5261,16667714,ZhexinJiang,"2026-08-06 11:26:30",717.3,1,zhexinjiang
5262,16666301,"James Felipe","2026-09-03 05:42:24",717.2,2,jamesfelipe
5263,16655353,"Pablo Montenegro","2026-08-09 02:13:47",717.0,2,pablomontalb
5264,16894603,"Riyan Ahasan Araf","2026-09-16 02:11:59",717.0,2,riyanahasanaraf
5265,16656296,Fususu,"2026-09-05 04:32:44",716.9,2,phuongncn
5266,16734312,truebelief,"2026-09-09 00:11:41",716.8,2,truebelief
5267,16653939,"Amr Yasser","2026-08-06 17:56:07",716.7,2,amryasswe
5268,16624977,Avikumar93801,"2026-08-11 05:55:19",716.6,2,avikumar93801
5269,16676677,"Clark Stéphane","2026-08-07 18:58:45",716.4,2,clarkstphane
5270,16764419,"Leo #2","2026-08-30 08:17:12",716.3,1,nanlihao
5271,16762722,"Bruno Romero García","2026-08-31 20:24:32",716.2,2,brunoromerogarca
5272,16656393,"Faris Abqari","2026-08-07 00:15:25",715.8,2,farisabqari11
5273,16670765,"tensor choko","2026-08-05 23:03:23",715.6,1,tensorchoko
5274,16642154,Burkina_team_mate,"2026-08-06 15:30:54",715.3,2,"belemkalilou,tedjosegregorybere"
5275,16875632,HexTex,"2026-09-12 04:34:49",715.1,2,hexlab
5276,16663899,"Abdelrahman Aboegela","2026-08-05 13:54:26",715.1,2,abdelrahmanaboegela
5277,16639280,"Faruk Çiftler","2026-08-09 11:27:46",715.1,2,abdullahfaruk
5278,16916213,"Arjun Hans","2026-09-18 02:13:40",714.9,2,arjunhans
5279,16807875,meghana,"2026-09-10 23:44:54",714.2,2,meghana284
5280,16658717,"Aditya Kapadia","2026-08-06 14:32:16",714.1,2,adityakapadia2003
5281,16797134,Yooho0,"2026-09-07 16:25:05",713.3,2,yooho0
5282,16862705,karlmorg37,"2026-09-22 20:10:48",713.3,2,karlmorg37
5283,16654491,"Amedeo Biolatti","2026-09-25 19:08:34",713.1,2,abiolatti
5284,16668995,"MD.Firoj Khondokar","2026-08-06 11:05:13",712.8,2,mdfirojkhondokar
5285,16659761,cheng-han,"2026-08-06 08:16:10",712.7,2,neoshie
5286,16662730,Operator-X,"2026-08-08 10:06:04",712.6,2,"jpexee,lavlinjaisonme23b250"
5287,16722112,nyori,"2026-09-23 16:27:08",712.5,2,nyoriworks
5288,16679155,jeziorop,"2026-08-06 20:34:53",712.4,1,jeziorop
5289,16847548,"Abhinav Sai Podugu","2026-09-10 06:59:09",712.4,2,abhinavsaipodugu
5290,16770454,"Nawaf Almutairi","2026-09-12 19:23:12",712.3,2,nawafbalmutairi
5291,16668060,"Spiros Skarmoutsos","2026-08-08 12:48:07",712.0,2,spirosskarmoutsos
5292,16659883,"Ahmad Hfdx5","2026-08-05 03:33:48",711.9,2,ahmadhfdx5
5293,16639606,Peach2587,"2026-08-12 03:19:13",711.6,2,momokayoshioka
5294,16654209,"Nirav Mehta 1612","2026-08-10 15:41:47",711.6,2,niravmehta1612
5295,16699699,rudykane,"2026-08-11 16:06:34",711.4,2,rudykane
5296,16631016,木下陽平,"2026-08-06 14:52:20",711.3,2,yoheikaggle
5297,16655114,"Hippo Farming Ltd.","2026-09-21 15:22:01",710.8,1,felixmneumann
5298,16664775,DoubleZs,"2026-08-06 02:55:02",710.5,2,zhang051018
5299,16635159,Abdulsamad,"2026-08-06 11:48:04",710.0,2,abdulsamadjod1234
5300,16745450,GusNicho,"2026-08-24 03:30:55",709.8,2,pineapplepencil
5301,16740633,zhangtingyu11,"2026-08-20 04:34:32",709.7,2,zhangtingyu11
5302,16650181,victorvv,"2026-09-26 13:13:38",709.4,1,whs66666666666
5303,16732022,Mosamosa,"2026-09-03 00:42:06",709.4,1,mosamosa
5304,16632446,"Abdul Wahab Khan","2026-08-06 04:53:37",709.4,1,abdulwahab2321
5305,16713291,Lperalt,"2026-09-20 02:20:12",709.4,2,lucianobastidas
5306,16656345,sunchang71,"2026-08-05 14:05:13",709.1,2,sunchang71
5307,16802341,"Yousef Turk","2026-09-08 04:00:16",709.0,2,yousefturk
5308,16722341,"Pham Huu Bao Chung","2026-09-16 08:57:18",708.9,2,phamhuubaochung
5309,16666163,"Muthuraman Raman 7","2026-08-06 05:25:09",708.8,2,muthuramanraman7
5310,16655828,ack07,"2026-08-06 04:52:07",708.8,2,its07amit10
5311,16654743,"Jaume Batlle i Ferrer","2026-09-25 06:18:38",708.7,2,jaumebatlleiferrer
5312,16866097,"Pradeep Kumar Mahato","2026-09-16 14:21:29",708.6,2,pradeepkr12
5313,16652900,cjen07,"2026-08-07 23:33:05",708.4,2,cjen07
5314,16724556,"Yixiang Wu","2026-09-23 03:00:15",708.1,2,yixiang964
5315,16624600,ariacat,"2026-08-06 07:16:44",707.8,2,ariacat
5316,16641326,IY,"2026-08-05 19:27:31",707.7,2,irotrader
5317,16643922,Konstantin03,"2026-09-07 17:03:30",707.6,2,konstantin03
5318,16722117,"Zhou Zhengyu","2026-09-25 14:47:07",707.6,2,"yanwenwang921,zhouzhengyu118"
5319,16681065,SYC,"2026-08-07 03:22:25",707.4,1,yichengs
5320,16667503,Yuzuki,"2026-08-05 12:19:45",707.4,1,yuzukiohya
5321,16858849,"Mark Diamond","2026-09-13 22:11:38",707.1,2,ponkle
5322,16677965,felipe9695,"2026-08-12 21:23:05",707.0,1,felipe9695
5323,16639241,"Alissa King","2026-08-04 05:05:30",707.0,2,alissaking
5324,16634752,"Praise the SHOVEL","2026-08-03 16:16:28",706.8,2,barnobarno
5325,16635612,Julian,"2026-09-19 07:12:08",706.7,2,mob404
5326,16633240,Igor,"2026-09-20 01:59:30",706.7,2,igor14497
5327,16642207,"Nerijus Areska","2026-08-04 00:01:32",706.6,2,nerijusareska
5328,16684470,"Soumi Ghosh","2026-08-11 10:59:07",706.6,2,soumighosh911
5329,16818086,wwewwt,"2026-09-08 05:44:07",706.6,2,wwewwt
5330,16635890,Poojan,"2026-08-06 09:44:47",706.5,2,poojankumartandel
5331,16753826,"Jai Mata Di","2026-08-31 10:09:11",706.2,2,mrigshira
5332,16770724,Louras,"2026-08-26 09:49:05",706.1,2,louras
5333,16698045,"Vikhas S G","2026-09-07 06:12:25",706.1,2,vikhassg
5334,16659217,Dynamic_fire07,"2026-08-05 18:51:51",706.1,2,"dynamicfire07,tryingmybest123"
5335,16668039,NotEnoughTokens,"2026-08-06 13:04:52",706.0,2,"adofai,jonghyun7777,taglink"
5336,16665256,zhoujqi,"2026-08-06 18:31:31",706.0,2,zhoujqi
5337,16690889,"B A S E L #","2026-08-08 14:47:22",705.9,2,basselll
5338,16638909,mbscgi,"2026-08-04 22:48:03",705.9,2,mbscgi
5339,16653855,"Klgv Klgv","2026-08-06 11:54:38",705.9,2,klgvklgv
5340,16674367,"zongze Yan","2026-09-22 05:31:47",705.8,2,aaayan
5341,16764081,"Demir Durbakayım","2026-08-29 21:21:56",705.6,2,sixcode
5342,16656009,"Steven Liu","2026-08-31 06:25:02",705.5,2,thornkey
5343,16783131,Hawkeye,"2026-09-03 07:15:17",705.3,2,pragneshbagary
5344,16866109,AAA-建材批发旭哥,"2026-09-12 03:44:40",705.3,2,aaawenxu
5345,16766274,"Satwato Dey","2026-09-24 20:50:22",704.5,2,satwato
5346,16762634,"Clement Ling","2026-09-11 08:49:26",704.3,2,clementling
5347,16712577,"nattapon nakakong","2026-09-22 02:49:39",704.0,2,nattaponnakakhong
5348,16673682,MJ.LIU.T,"2026-08-06 08:14:05",703.9,1,mjliut
5349,16666242,"Lalwani Palash","2026-08-08 07:45:46",703.9,2,lalwanipalash
5350,16664170,SpookyHippo,"2026-08-06 02:44:29",703.9,2,spookyhippo
5351,16728345,ron,"2026-09-19 21:49:15",703.9,2,romart
5352,16663052,gh,"2026-09-13 21:30:08",703.6,2,grzegorz
5353,16943704,"Qutaiba Kaleem","2026-09-26 04:12:44",703.6,2,qutaibakaleem
5354,16841816,JasonDTao,"2026-09-14 06:38:01",703.5,2,jasondtao
5355,16848841,Spacejam,"2026-09-07 16:15:52",703.5,1,spacejam1221
5356,16823144,"AARAV JADAV","2026-09-25 15:49:10",703.4,2,aaravjadav
5357,16675203,HK,"2026-08-06 11:38:05",703.3,1,hizurukonishi
5358,16825081,huohuaya,"2026-09-09 06:09:50",703.2,2,huohuaya
5359,16629983,Amundsen,"2026-08-05 06:51:46",702.9,2,amundsen
5360,16636148,SanggeunParrk,"2026-08-05 04:04:32",702.9,2,sanggeunparrk
5361,16652896,"R^2 negative","2026-08-04 23:14:38",702.8,2,rktqwe
5362,16623448,HoJoonYun,"2026-08-09 13:43:43",702.7,2,hojoonyun
5363,16717448,getalife();,"2026-09-20 08:55:13",702.6,2,"byteknight28,dhairyapandya24,rounakagrwl"
5364,16659676,Light,"2026-08-05 03:07:39",702.3,2,aadarshashrestha007
5365,16727696,Milkman,"2026-08-19 15:05:17",702.2,2,talhasahi
5366,16662496,KhalidKhan,"2026-08-05 05:31:07",702.1,2,feedfeed
5367,16668357,"B.Pardha Manoj Reddy","2026-08-24 16:57:25",702.1,2,pardhamanojreddy
5368,16658723,"Waleed Alkhateeb","2026-08-05 13:31:44",702.0,2,waleedalkhateeb
5369,16943185,VarchaswaV,"2026-09-22 21:48:07",701.8,2,varchaswav
5370,16657294,"Ragul M","2026-08-04 07:08:51",701.6,2,ragul7002
5371,16729564,"Eirik Tveiten","2026-08-19 13:04:02",701.3,2,eiriktveiten
5372,16832844,aliREZA,"2026-09-17 23:55:15",701.2,2,afazlik1
5373,16659565,Tekin24,"2026-08-13 21:25:21",700.9,2,tekin24
5374,16702796,Yavuz.YILMAZ,"2026-09-07 12:22:45",700.9,2,yvztpe
5375,16683764,bf01,"2026-08-21 21:19:05",700.9,2,jalperov
5376,16669282,sky233,"2026-08-06 17:06:04",700.5,2,sky233
5377,16658709,"Kaggler Albafica","2026-08-06 10:05:39",700.4,2,kaggleralan
5378,16655534,"Charles Mills","2026-08-06 16:40:27",700.4,2,charlesqmills
5379,16659435,Zerabyte_X,"2026-08-04 09:52:16",700.3,1,zerabytex
5380,16839782,"mou chen111","2026-09-05 15:00:04",700.3,2,mouchen111
5381,16939844,YH,"2026-09-23 00:23:49",700.2,2,febyeji
5382,16797785,"Vivek Verma","2026-08-31 20:36:45",699.8,2,cosmicescape
5383,16664300,"swajay nandanwade","2026-08-05 04:57:10",699.8,2,swajaynandanwade
5384,16713463,"Dillen Perumal","2026-08-29 16:39:37",699.5,2,dxllen
5385,16669400,"Martin Konôpka","2026-08-06 12:16:13",699.1,2,rumburakk
5386,16644390,"Manan Gupta","2026-08-05 17:08:32",699.0,2,obirdy
5387,16670304,"Daniel Tomaro1","2026-08-09 03:03:06",699.0,2,danieltomaro1
5388,16655294,Mobzya,"2026-08-26 23:11:15",699.0,2,mobzya
5389,16663099,"Md. Abdullah Al Mamun","2026-08-05 02:16:43",698.8,2,mamun18
5390,16667101,SundharSteyn,"2026-09-23 16:27:30",698.7,2,sundharsteyn
5391,16623798,RuiKimura4,"2026-08-27 00:30:45",698.7,2,ruikimura4
5392,16706523,"Aussie lover","2026-09-24 23:38:00",698.6,2,aussielover
5393,16886420,infoproje,"2026-09-13 12:58:25",698.5,2,infoproje
5394,16643095,ckyasb,"2026-08-05 14:39:42",698.4,2,ckyasb
5395,16675027,namanbnsl,"2026-08-06 13:02:52",698.4,2,namanbnsl
5396,16687135,"Kavya Bhandari","2026-08-22 17:20:43",698.2,2,kavyabhandari1998
5397,16665399,"Shivam Shrivastava","2026-08-13 15:32:37",698.1,2,shivamshrivastava180
5398,16939419,"vinh đặng","2026-09-26 11:22:24",698.1,2,vinhdang2006
5399,16623665,Giba,"2026-08-05 22:44:41",698.1,2,titericz
5400,16656444,"christopher athans crow","2026-08-05 00:08:13",698.0,2,cchrisaa
5401,16656420,"Aditya Raj #2","2026-08-18 16:37:49",698.0,2,optimus2005
5402,16656304,"Gururaj Athani","2026-09-12 02:26:55",697.7,2,gururajathani
5403,16729515,"Emmanuel Tolani","2026-08-29 15:03:36",697.7,2,emmanueltolani
5404,16938353,"Damilola Oladapo","2026-09-22 04:52:47",697.6,2,wizardskull
5405,16621557,"Vijay Krishna Lanka","2026-09-24 02:48:16",697.4,2,vijaykrishnalanka
5406,16929792,"Ganesh K","2026-09-22 19:25:02",697.4,2,ganeshk2846
5407,16644861,"kanzaler ensemble","2026-08-11 14:30:36",697.2,2,kanzalerensemble
5408,16631261,Monster,"2026-08-04 15:46:32",697.1,2,tmtngtrng
5409,16664291,"William Dennis","2026-08-11 07:57:27",697.1,2,williamdennis
5410,16693164,nuggettttt,"2026-08-09 02:14:22",697.1,2,nuggettttt
5411,16726025,"Yanrun Chen","2026-09-07 12:15:23",697.0,2,yrchen98
5412,16658684,"Takayuki Michishita","2026-09-13 11:00:03",696.9,2,takayukimichishita
5413,16698538,"Haozhe Wang 2022","2026-08-24 00:50:02",696.9,2,haozhewang2022
5414,16699080,"Karthikeya Thatipamula","2026-09-12 04:52:19",696.9,2,karthikeya18
5415,16658265,kraken,"2026-09-05 15:23:26",696.6,2,krn0209
5416,16630760,dkzmn,"2026-09-04 08:59:03",696.5,2,dmkzmn
5417,16658384,UwU,"2026-08-10 04:20:44",696.1,2,claudesewitz
5418,16772626,"Dr. Mikholae Hutchinson","2026-09-05 19:48:53",695.7,2,drmikholaehutchinson
5419,16656934,"Aleks Kolesnik","2026-09-25 08:58:27",695.6,2,aleksandrkolesnik
5420,16664400,Boruiyang21,"2026-08-05 14:56:03",695.5,2,boruiyang21
5421,16659351,"Hamna Kaleem","2026-09-25 23:02:46",695.2,2,hk3296
5422,16657817,"rohith sai midigudla","2026-08-05 12:36:40",695.1,2,rohithsaimidigudla
5423,16658048,"Joel jaison 391","2026-08-05 02:31:57",695.0,2,joeljaison391
5424,16625013,sash,"2026-08-05 01:00:10",694.9,2,sash2104
5425,16656170,"Chakrabhuana V  Deva","2026-08-05 06:54:50",694.9,2,chakrabhuanavdeva
5426,16840641,"Yukar Fu","2026-09-26 07:31:34",694.8,2,yukarfu
5427,16807575,Rf28,"2026-09-03 10:29:55",694.8,2,rehyyy
5428,16765743,page0526,"2026-08-26 02:08:11",694.8,2,page0526
5429,16667205,"Andrew Lee","2026-08-06 11:16:52",694.8,1,andrewlee23023
5430,16655339,harmo-miu,"2026-08-23 05:57:37",694.5,2,harmomiu
5431,16663273,"Mason Frias","2026-08-06 22:57:08",694.4,2,masonfrias
5432,16655396,Tesla1AC,"2026-08-08 08:18:09",694.3,2,mathornton
5433,16641093,"Satish ","2026-08-20 04:18:42",694.0,2,satishkommanaboina
5434,16666245,"Cagatay Morcicek","2026-08-13 06:53:40",693.9,2,thisismylabs
5435,16881685,"Vladislav Mlechko","2026-09-12 16:41:48",693.3,1,vladislavmlechko
5436,16662872,"Artem Garbart","2026-08-05 09:41:29",693.1,2,artyomgarbart
5437,16688884,"As Wasti","2026-08-14 01:34:26",692.9,2,aswasti
5438,16655712,"Smart Manoj","2026-08-04 01:55:13",692.9,2,smartmanoj
5439,16849443,"Abhishek Kumar Gupta","2026-09-08 17:27:49",692.8,2,guptabhishekumar
5440,16676054,"Vladislav Konstantinov","2026-08-08 09:33:35",692.8,2,vladkonstantinov
5441,16654726,"James Mancillas","2026-08-07 15:46:12",692.7,2,jamesmancillas
5442,16632694,8ct10nz,"2026-08-04 12:02:49",692.6,2,act10nz
5443,16654006,"Harish Dhanarajan","2026-08-03 17:23:50",692.5,1,harishdhanarajan
5444,16835371,"Eli Ziv","2026-09-06 00:11:52",692.3,2,eliziv027
5445,16650018,EiMengLove,"2026-08-05 10:27:31",692.3,2,konicty
5446,16628727,dominyellow,"2026-08-04 11:44:21",691.7,2,dominyellow
5447,16664653,Adir,"2026-08-26 00:49:46",691.2,2,adiradam
5448,16661410,tmxdlr,"2026-08-05 12:40:54",691.2,2,tmxdlr
5449,16757741,"Malte Bories","2026-08-25 20:08:35",691.1,2,maltebories
5450,16632250,"Mesut Gözdemir","2026-08-05 17:54:14",690.8,2,gfkfu123
5451,16941830,"Yasin Baykal","2026-09-23 09:27:10",690.6,2,godmethium
5452,16655530,AlivRick,"2026-08-05 16:18:54",690.6,2,alivrick
5453,16765310,"Aria Muse","2026-09-26 05:13:37",690.6,2,ariamuse
5454,16654705,"Abu Saleh","2026-09-09 17:01:47",690.3,2,salehjunior
5455,16823948,"Alexey Stepanov","2026-09-04 21:57:25",690.0,2,alexey0508
5456,16623969,"Akira Imae","2026-09-21 07:19:19",689.9,2,imaeakira
5457,16667547,"miaoqing long","2026-08-06 03:31:43",689.6,2,miaoqinglong
5458,16898029,"Leonid Kononenko","2026-09-18 04:47:05",689.4,1,"aleksandraavetisova,leonidkononenko"
5459,16623540,TheDuck,"2026-08-22 15:50:49",689.3,2,jaxroth
5460,16661019,lmq,"2026-08-04 14:47:23",688.8,2,lmminhquang
5461,16632536,"Aleksander Sachuk","2026-08-02 21:33:27",688.8,2,alexsssachuk
5462,16770912,IsonaEi,"2026-08-26 12:48:48",688.8,1,isonaei
5463,16663591,"Joseph Franck","2026-08-25 10:07:56",688.7,2,josephfranck
5464,16665293,"ADITYA BEECHA","2026-08-10 05:16:38",688.6,2,bechaaditya
5465,16644774,lungjyuanz,"2026-08-07 01:03:20",688.6,2,lungjyuanz
5466,16715255,"xiaocai liu","2026-09-13 19:19:43",688.5,2,xiaocailiu
5467,16758383,"Tong Jing Yen","2026-09-03 20:42:50",688.3,2,tongjingyen
5468,16659033,"Farzana Shaju","2026-08-05 07:18:29",688.2,2,"farzanashaju,shaikhharisjamal"
5469,16786115,"Andy Phan","2026-09-07 01:10:28",688.2,2,andyphan
5470,16694399,"Sujith Kumar Sashikanth","2026-08-10 00:01:32",688.0,2,sujithsashi
5471,16623389,"Mominul Islam Hemal","2026-08-02 11:23:03",688.0,2,mominulislamhemal
5472,16664819,"SUBHASRI  S","2026-09-20 04:45:35",688.0,2,subhasri2007
5473,16639330,"Dead Signal Works","2026-08-02 12:40:32",687.9,2,brooklynhalmstad
5474,16650396,RaymondZhao0304,"2026-08-04 00:39:30",687.8,2,raymondzhao0304
5475,16637519,Temprao,"2026-08-03 12:16:43",687.7,1,maruimono928
5476,16651613,"Devin Zhou","2026-08-05 02:27:36",687.3,2,devinzhou
5477,16650701,"Oliver Wang","2026-08-03 16:17:36",687.3,2,oliverwang15
5478,16935335,"Joshua Attridge","2026-09-22 07:07:14",687.3,2,joshuaattridge
5479,16633808,mmath2,"2026-08-07 10:52:38",687.2,2,mmath2
5480,16716522,"Lavanya Bacche","2026-08-17 08:43:40",687.1,1,lavanyabacche
5481,16804863,JezzLynn,"2026-09-26 13:18:52",687.0,2,"fresnellll,jezzlin,zemengzero"
5482,16644221,"Guzha Panashe H","2026-08-22 15:34:41",686.7,2,guzhapanasheh
5483,16659045,Rai1,"2026-08-08 11:53:28",686.6,2,rai2003
5484,16675981,"Luca R","2026-09-24 19:58:06",686.4,2,luck058
5485,16861102,walnut11,"2026-09-26 12:18:41",686.4,2,walnut11
5486,16669052,"Md. Asif Hossain","2026-09-18 05:29:41",686.0,2,sabuktagin
5487,16655588,"The Devil's World 678","2026-08-07 10:39:23",686.0,2,thedevilsworld678
5488,16677188,Nicooni,"2026-08-06 16:35:01",686.0,1,nicooni
5489,16775250,Junrong,"2026-08-30 00:00:13",685.9,2,fjhgjf
5490,16735488,"arhaan rai","2026-09-01 19:18:46",685.8,2,arhaanrai
5491,16796145,Qian,"2026-09-01 15:04:00",685.7,2,"aurelianz,qianyuchaoni"
5492,16719793,dhuruvapriyan,"2026-08-14 16:06:42",685.6,2,dhuruvapriyan
5493,16706993,Celibistrial,"2026-09-03 20:28:20",685.5,2,celibistrial
5494,16661010,"Dante Dyches-Chandler","2026-08-05 04:36:09",685.1,2,dantedycheschandler
5495,16656171,ishu,"2026-08-04 03:27:45",684.7,2,ishhverma
5496,16625663,sota1111,"2026-09-03 01:43:41",684.6,2,sota1111
5497,16798401,"Hunter Mimaroglu","2026-09-02 22:00:37",684.5,2,huntermimaroglu
5498,16662904,Bharathms1902,"2026-08-08 11:41:54",684.5,2,bharathms1902
5499,16660824,"Stitch Clarity","2026-08-04 15:27:53",684.4,2,stevenanctil
5500,16653122,Wei_Chance,"2026-08-23 10:25:14",684.3,2,bystanderq
5501,16711556,"Avvy Lavoienne","2026-08-18 04:44:16",684.1,2,avvylavoienne
5502,16678250,"RMS Danaraj","2026-09-08 19:52:43",684.1,2,salorajan
5503,16691938,"PRASHANT SUTHAR11","2026-09-25 12:12:57",683.9,2,prashantsuthar11
5504,16698822,JJN8825,"2026-09-26 09:48:48",683.8,2,jjn8825
5505,16939130,BenRed1,"2026-09-24 08:09:06",683.8,2,benred1
5506,16656709,"Anh-Vu Mai-Nguyen","2026-09-21 21:06:46",683.8,2,mainguyenanhvu
5507,16748741,"pt ptao","2026-08-26 12:50:45",683.7,2,ptptao
5508,16622940,"Enrico Ambrosio","2026-08-06 19:56:30",683.6,2,enricoambrosio
5509,16658569,"Danu A.","2026-08-05 13:12:09",683.5,2,eu1234
5510,16658562,mashBrian254,"2026-08-04 10:48:33",683.5,2,mash1990
5511,16721639,"Ankit Sain","2026-08-25 01:14:02",683.3,2,thisankitsain
5512,16734672,"Artom  Wade","2026-09-18 19:01:18",683.1,2,artomwade
5513,16651180,yangyefd,"2026-08-03 08:42:57",683.0,1,yangyefd
5514,16654419,kreiack,"2026-08-09 23:47:00",682.5,2,kreiack
5515,16654271,"Sophie and Yanna","2026-08-19 17:08:47",682.0,2,"morty3500,sophanie"
5516,16622760,yunus_bayram_kagle,"2026-08-04 07:49:00",681.8,2,yunusbayramkagle
5517,16709136,ryanocm,"2026-08-13 15:08:49",681.8,2,ryanong
5518,16744640,"Marcin Skalski","2026-09-01 18:25:08",681.6,2,marcinskalski
5519,16654946,AliLucky,"2026-08-05 15:07:59",681.4,2,alilucky
5520,16914081,"Ashmit Janjirkar","2026-09-25 07:33:21",680.9,2,ashmitjanjirkar
5521,16767453,IterumVici,"2026-09-06 19:28:10",680.9,2,iterumvici
5522,16660819,nya654nya,"2026-09-14 08:30:21",680.9,2,nya654nya
5523,16661670,sansm1,"2026-08-04 16:54:59",680.7,2,sansm1
5524,16792155,abc,"2026-09-03 06:45:13",680.7,2,"datqg0,quangnguyn132"
5525,16669227,"Tom Dufresne","2026-08-07 11:17:39",680.5,2,tadufre
5526,16665994,Rakhansyah,"2026-08-25 13:08:20",680.3,2,rakhansyah
5527,16663407,Denis,"2026-08-11 17:42:21",680.1,2,matsiusheuski
5528,16670099,"Jon Snyder","2026-08-06 00:27:21",680.1,2,snyderj1515
5529,16925283,"Carlos Gallego Menor","2026-09-19 19:19:37",679.9,2,carlosgallegomenor
5530,16658616,"Amitesh Chaudhary","2026-08-11 10:04:02",679.9,2,amiteshchaudhary
5531,16654153,"Mateus Cruz, Msc.","2026-08-03 17:44:02",679.8,1,matteuscruz
5532,16664439,"Tony T","2026-09-10 12:16:04",679.6,2,thekke
5533,16794125,"Xero Scythe","2026-09-02 18:57:39",679.6,2,xeroscythe
5534,16770972,"Victoria Makarskaia","2026-08-27 12:28:53",679.3,2,victoriamakarskaia
5535,16690050,PersistentLife,"2026-08-08 17:16:17",679.2,2,persistentlife
5536,16658852,"Chhaya Awasthi","2026-08-04 09:37:05",679.0,2,chhayaawasthi
5537,16637797,"Xiangchen Li","2026-08-04 09:47:59",678.9,2,xiangchenli07
5538,16700265,Reesav,"2026-08-10 14:15:06",678.8,2,reez08
5539,16679144,つるげーねふ,"2026-09-25 05:59:08",678.7,2,atom7666
5540,16923258,nono00,"2026-09-20 16:43:09",678.6,2,nono00
5541,16657077,_LT_zyc,"2026-08-05 01:01:42",678.6,1,zyczyc
5542,16881370,"xianhao Lin6077","2026-09-15 12:39:40",678.5,2,xianhaolin6077
5543,16945354,"Aakriti Rao","2026-09-23 06:57:11",678.4,2,aakriti0110
5544,16661532,"Fedor Baart","2026-08-05 12:34:21",678.3,1,fedorbaart
5545,16758889,bomboclat,"2026-08-30 08:52:08",678.0,2,sstprk
5546,16652560,"Ahmed Samir","2026-08-03 12:15:01",677.9,2,ahmedsamir1598
5547,16774787,wpk1122,"2026-08-29 01:54:49",677.3,2,wpk1122
5548,16653958,seowoohyeon,"2026-08-06 11:48:06",676.9,2,seowoohyeon
5549,16655603,"Veeranuch Leelalai","2026-08-11 12:55:29",676.9,2,veeranuchleelalai
5550,16663096,Agola_dasacic,"2026-08-04 20:07:50",676.7,2,mnu303
5551,16621709,smlcr,"2026-08-04 19:35:19",676.6,2,simulacri
5552,16875989,NapolianAdmin,"2026-09-26 11:28:22",676.5,2,ninadrai
5553,16654235,"Mwanza Wambua","2026-08-06 10:16:13",676.1,2,mwanzawambua
5554,16755398,takataok_42,"2026-09-25 18:19:32",676.0,2,takataok42
5555,16632055,Bugra0,"2026-08-03 22:44:42",675.9,2,bugra0
5556,16656503,"Thiago Munhoz da Nóbrega","2026-08-04 20:47:37",675.9,2,thiagommtmn
5557,16695555,S4K50M,"2026-08-12 14:39:41",675.8,2,setiasaksham
5558,16798334,"Gabriel othávio","2026-09-02 22:08:55",675.5,2,gabrielothvio
5559,16655493,TheDigitalCK,"2026-08-07 12:31:58",675.4,2,thedigitalck
5560,16682353,"counter puncher","2026-09-16 13:38:14",675.4,2,ahmadabdoumalickdiop
5561,16660939,"Quenux Studio","2026-09-03 17:07:26",675.3,2,dieguis1976
5562,16659874,"ding yumeng","2026-08-26 11:59:06",675.3,2,dingyumeng
5563,16926108,"Pavan G","2026-09-26 08:26:53",675.2,2,exemplar
5564,16661685,"Lê Ngọc Lâm","2026-08-13 15:29:40",675.2,2,lengoclam
5565,16668633,peien5,"2026-08-06 14:44:47",675.1,2,peien5
5566,16672672,Koiiiiiopen,"2026-08-08 06:25:21",675.0,2,koiiiiiopen
5567,16730180,zshandy,"2026-09-08 04:57:54",675.0,2,zshandy
5568,16738506,"Rok Sechs","2026-09-16 21:43:58",674.5,2,rokshimiz
5569,16644882,"SAMOILOV MIKHAIL","2026-08-03 02:10:04",674.5,1,samoilovmikhail
5570,16664565,"Wayne Chou","2026-08-05 12:30:14",674.3,2,ambientz
5571,16655596,Bela,"2026-08-04 01:18:06",674.1,1,istribaik
5572,16885658,Mio,"2026-09-25 03:05:40",673.9,2,mio114
5573,16666900,sooflee,"2026-08-12 14:19:50",673.7,2,sooflee
5574,16775353,"YK Pan","2026-09-14 11:19:52",673.5,2,vansher
5575,16663187,"Teddy McBride","2026-08-07 03:59:53",673.3,2,tedcr100
5576,16774682,"Tatsuhito Yoshikawa","2026-09-04 02:14:45",673.2,2,tatsuhitoyoshikawa
5577,16635680,starclan,"2026-08-14 17:50:55",673.1,2,starclan
5578,16644415,Ztrk,"2026-09-03 17:04:24",673.0,2,ztrk123
5579,16632686,strike,"2026-08-06 06:21:38",672.9,2,nicolia
5580,16658571,"Yusuke Sato","2026-08-27 03:06:42",672.9,2,wanko123
5581,16660853,"lxh unbound","2026-08-05 00:02:02",672.8,2,lxhunbound
5582,16677752,"Senya Ka","2026-08-08 19:16:00",672.8,2,m1greatcool
5583,16907246,VROPEXT,"2026-09-16 18:46:53",672.5,2,vropext
5584,16709304,"Aleksey SCHUKIN","2026-09-26 08:25:38",672.5,2,alekseyschukin
5585,16627023,Farrmer,"2026-08-05 08:02:35",672.3,2,noahfarr
5586,16882072,"Ahmed Isa Zaweel","2026-09-13 09:57:29",672.0,2,ahmedisazaweel
5587,16734321,SubratP85,"2026-08-25 21:03:35",671.9,2,subratp85
5588,16660376,"Ahmed Sedky 0100","2026-08-06 20:56:37",671.7,1,ahmedsedky0100
5589,16894008,"Marcus Jamieson","2026-09-25 10:34:42",671.7,2,marcusjamieson
5590,16739551,arao,"2026-08-28 21:24:55",671.7,2,anjanarao
5591,16763865,SydneyC666,"2026-08-26 08:50:40",671.5,2,sydneyc666
5592,16679861,Pandabueno,"2026-08-12 15:51:48",671.4,2,ronaldomonzn
5593,16658264,XiweiZhou,"2026-09-06 23:35:58",671.0,2,xiweizhou
5594,16734511,"Marcin Salaterski","2026-09-16 23:18:31",670.7,2,marcinsalaterski
5595,16672264,iiTz_AK,"2026-08-15 12:18:44",670.5,2,iitzak
5596,16845284,KD0G22,"2026-09-07 20:07:47",670.5,2,kd0g22
5597,16949731,"Engel Ai Labs","2026-09-24 00:56:37",670.5,2,joshuaziese
5598,16876275,"JOP OK","2026-09-18 18:09:43",670.3,2,fuveo24
5599,16693903,"Alief Randiansyah","2026-08-09 09:37:39",670.2,1,"aliefrandiansyah,salsaaghnia"
5600,16876448,"Max Harvestappen","2026-09-23 05:18:56",669.8,2,ryosukefujita
5601,16634036,"Emanuel Lázaro","2026-08-02 14:55:30",669.6,2,emanuellcs
5602,16805598,"I'm just trying out here QQ","2026-09-02 22:31:17",669.4,2,zadatt
5603,16718579,"Nazariy Karpov","2026-08-18 07:28:29",669.2,2,nazariykarpov
5604,16667730,"Surya Vijjeswarapu","2026-09-03 18:49:07",669.2,2,suryavijjeswarapu
5605,16935826,Ayush,"2026-09-26 12:01:35",669.0,2,"aniketchonu,ayush20081303"
5606,16944040,guarva,"2026-09-25 10:27:00",669.0,2,guarva
5607,16644566,"Guangjian Dong","2026-08-02 23:59:18",668.9,1,guangjiandong
5608,16664221,Anish,"2026-08-14 00:53:48",668.8,2,anishmunje
5609,16875907,"Yash Mathur","2026-09-18 16:13:00",668.7,2,yashmathur03102001
5610,16670424,"Josep Audenis","2026-08-11 17:52:07",668.4,2,josepaudenis
5611,16762494,西松大祐,"2026-09-26 11:46:07",668.1,2,wep212
5612,16738239,"Yaseen Shah7897","2026-09-08 05:57:15",668.0,2,yaseenshah7897
5613,16709800,nubx,"2026-08-20 17:12:04",667.8,2,manrajjitsidhu
5614,16846490,MazharShaikh,"2026-09-12 04:53:27",667.6,2,mazharshaikh
5615,16819277,"Enshi Zhang","2026-09-05 16:26:29",667.6,2,enshizhang31
5616,16680239,"Marinto Richee J","2026-08-12 08:21:02",667.2,2,marintoricheej
5617,16714894,"Mitsuaki Inoue","2026-09-26 12:46:06",667.0,2,mitsuakiinoue
5618,16641489,suminshim,"2026-08-03 06:24:39",666.9,2,suminshim
5619,16764445,sukesuke012,"2026-09-03 01:40:16",666.8,2,sukesuke012
5620,16919251,"Eric Fan","2026-09-19 19:04:44",666.8,2,ericfan1110
5621,16863492,"Andrew Kalita","2026-09-10 03:32:25",666.5,2,andrewkalita
5622,16641068,"Rahul Ray","2026-08-05 14:27:07",666.4,2,rahulray5
5623,16637489,"Gopal Krishna Gundumalla","2026-08-02 12:39:17",665.9,2,gopalkrishnag
5624,16850098,"Bob Gerry","2026-09-09 05:35:31",665.8,2,bobgerry
5625,16670365,"Konstantin Alekseev","2026-08-10 10:58:09",665.6,2,alekskst
5626,16637340,the_vinci_coder,"2026-08-03 16:27:16",665.1,2,lokijt
5627,16667516,Rosastella,"2026-08-05 16:00:48",664.9,2,rosastella
5628,16883264,"João Felipe Aguiar","2026-09-13 15:32:14",664.7,2,joofelipeaguiar
5629,16656308,"Srishanth Sriramula","2026-08-08 09:02:13",664.7,2,srishanthsriramula
5630,16640877,Yorix.um,"2026-08-02 13:31:28",664.6,1,yorixum
5631,16639473,"Jeff Borschowa","2026-08-02 00:39:11",664.5,2,jeffborschowa
5632,16634022,"Cihan Atak","2026-08-02 16:00:43",664.1,2,cihanatak
5633,16736314,"wuret henr","2026-08-20 09:10:48",664.1,2,wurethenr
5634,16669164,コノウイ,"2026-09-23 16:51:48",664.0,2,nickhu0414
5635,16718039,Uman_n3l,"2026-08-31 14:40:32",664.0,2,umann3l
5636,16658261,"Manan Khanna","2026-08-04 07:41:27",663.7,1,manankhanna0
5637,16665764,"izh yng","2026-08-21 06:16:21",663.7,2,izhyng
5638,16888646,tinaztepec,"2026-09-19 16:21:38",663.5,2,tinaztepec
5639,16716089,wuzixiao,"2026-09-08 03:36:02",663.3,2,wuzixiao
5640,16661376,"YERMES AMINE","2026-08-04 14:13:45",663.2,1,yermes
5641,16644185,"Mimic Mohsin","2026-08-02 18:38:46",663.1,1,mimicmohsin
5642,16633083,bsenst,"2026-08-07 12:38:47",663.1,2,bnzn261029
5643,16885421,"Lee Minseung","2026-09-26 03:48:04",662.7,2,leeminseung
5644,16707034,"Muhammed Ali Kul","2026-09-15 14:52:53",662.6,2,muhammedalikul
5645,16747914,"Token's Expired","2026-08-22 16:25:39",662.1,2,"adeebshekh,akratisingh0101,shaankapoor21"
5646,16943936,"Wessel van Dijke","2026-09-24 21:23:34",662.0,2,wesselvandijke
5647,16632571,"nishchal jain","2026-08-03 07:27:14",661.7,2,nishchaljainds
5648,16639567,YassY_The_AlchemYst,"2026-08-11 15:07:03",661.6,2,yassineelhallaoui
5649,16804027,ceir-ceir,"2026-09-03 19:11:09",661.1,2,ceirceir
5650,16688868,AlbanMaurel7,"2026-08-14 01:34:07",660.7,2,albanmaurel7
5651,16661276,Middle,"2026-09-25 15:55:00",660.6,2,aydagul
5652,16809515,"Александр Трифонов","2026-09-12 20:13:15",660.5,2,cybrvibe
5653,16660470,"Oğuz Kaan Mavice","2026-08-28 09:39:58",660.4,2,oguzkaanmavice
5654,16916717,Rubén,"2026-09-18 18:44:49",660.2,2,rucamaba
5655,16682908,"Masha Mashallah","2026-09-12 09:32:09",659.9,2,mashamashallah
5656,16775210,"Daniel LPD","2026-09-10 14:44:52",659.3,2,daniellpd
5657,16634213,kkunizaw,"2026-08-03 20:47:58",659.1,2,kkunizaw
5658,16661353,mithi,"2026-08-11 20:04:07",658.5,2,singhaleo
5659,16646360,"Asrith Singampalli","2026-08-03 08:46:59",657.0,2,asrithsingampalli
5660,16639471,CaminoLSY,"2026-08-05 01:22:09",657.0,2,lsy37521
5661,16639719,JASONSLIMWONG,"2026-08-02 08:11:22",656.8,2,jasonslimwong
5662,16672035,diet1236364,"2026-08-09 23:37:45",656.6,2,kosuke123
5663,16663444,Thomas,"2026-08-11 04:21:42",656.6,2,tartieret
5664,16717414,"Akshit Sivaraman","2026-08-13 14:43:40",656.3,2,akshitsivaraman
5665,16882001,"Satyam Pote","2026-09-13 00:00:04",656.3,2,satyampote
5666,16652339,"Mohamed Amine Rebhi","2026-08-03 16:03:07",656.3,2,mohamedaminerebhi
5667,16678666,"Rudranarayan Pradhan","2026-08-09 12:28:32",656.2,2,itzrnp
5668,16809371,"Aashir Noman","2026-09-18 10:03:45",656.2,2,aashirnoman
5669,16669466,"vuppuluri sriramsubhash","2026-08-06 08:42:50",656.2,2,vuppulurisriram
5670,16749524,zzholo,"2026-09-06 00:16:17",656.2,1,zzholo
5671,16634876,MakiMakiAi,"2026-08-02 07:52:40",655.7,2,makimakiai
5672,16677514,mayoristaNLP,"2026-08-09 16:33:23",655.6,2,mayoristanlp
5673,16658252,"Krishnan CS","2026-08-20 05:28:14",655.4,2,krishnanchathadi
5674,16671980,601918_กิตติพงศ์,"2026-08-08 08:28:12",655.4,2,bluexg5502
5675,16661585,"Fully Liquidated","2026-09-01 01:57:16",655.1,2,kriskilgroe
5676,16703203,"Hamza Shafik ","2026-08-17 23:48:06",654.8,2,hamzashafik12
5677,16849153,"Zackary Loevseth","2026-09-08 06:14:48",654.7,2,zackaryloevseth
5678,16697844,Noobykiller16,"2026-08-15 06:08:27",654.7,2,noobykiller16
5679,16659996,Schwifty,"2026-08-12 20:01:01",654.7,2,schwiftyc137
5680,16656379,"Jay Gautam","2026-08-12 12:19:40",654.7,2,jaygautam007
5681,16884517,"Fizie Fulumaka","2026-09-14 07:46:31",654.7,2,fiziefulumaka
5682,16640811,cyberia,"2026-08-02 09:12:23",654.3,1,cyberia
5683,16678044,BJFC,"2026-09-20 16:07:06",654.2,2,"harshithharithsa,svsumanth"
5684,16655217,"Jiawei Zhao","2026-09-25 01:27:28",654.2,2,c789a123
5685,16872090,DanielAarhus,"2026-09-17 07:10:37",653.9,1,danielaarhus
5686,16715399,"Julia Chien","2026-09-05 08:21:06",653.7,2,juliachien
5687,16652334,"Aldibek [dsmlkz]","2026-08-27 19:33:18",653.7,2,aldibek
5688,16670759,"Lemmes Yad","2026-08-09 04:37:37",653.7,2,"austinsemmel,jonallday"
5689,16891184,rbjp557,"2026-09-24 10:35:20",653.5,2,rbjp557
5690,16622312,"Malak Reda","2026-08-03 09:02:41",653.5,2,malak457
5691,16842527,ko_fusion_JPN,"2026-09-26 03:34:34",653.2,2,kofusionjpn
5692,16784599,"Engineer Lisa","2026-09-25 23:56:44",653.1,2,lisamhines
5693,16726617,"Chase Lebarv","2026-08-19 01:07:58",653.1,2,chaselebarv
5694,16660548,"Viraj Bakshi","2026-08-08 18:50:11",652.8,2,virajbakshi
5695,16804094,faheem,"2026-09-22 15:33:10",652.8,2,faheemkhaskheli9
5696,16947217,"Chikkam Sandeep Munna","2026-09-25 20:26:45",652.7,2,chikkamsandeepmunna
5697,16640619,"Sơn Nguyễn","2026-08-28 08:19:19",652.7,2,sonnguyen10
5698,16659749,"Kavsik YVS","2026-08-22 19:30:45",652.3,2,kavsiku0512
5699,16759229,"Samuel Kurabachew","2026-08-28 22:17:20",652.2,2,samuelkurabachew
5700,16923101,Kimodii,"2026-09-20 05:30:33",652.1,2,kimodii
5701,16668021,"bali rasem","2026-08-07 16:15:13",652.1,2,balirasem
5702,16657095,"Prashant Kumar","2026-08-20 12:59:11",652.0,2,praskr
5703,16684436,Simon-the-sorcerer,"2026-09-25 22:12:06",651.9,2,simonwiller
5704,16739640,TeamBanzaiSL,"2026-08-27 17:13:26",651.7,2,teambanzaisl
5705,16663933,AnshV1,"2026-08-06 03:03:35",651.6,2,anshv1
5706,16691481,"Aditi Salvi","2026-08-18 15:24:53",651.3,2,aditisalvi04
5707,16668361,NinhNguyen,"2026-09-12 12:55:39",651.0,2,ninhnt110695
5708,16855147,Kao0207,"2026-09-12 12:32:12",650.9,2,kao0207
5709,16674532,"shoaib khan","2026-08-08 01:57:11",650.6,2,manifoldinfo
5710,16692350,"Emerson Suarez","2026-08-16 05:09:13",650.6,2,jericksystem32
5711,16691310,"Ganesh ","2026-09-24 21:34:39",650.5,2,hotshot1798
5712,16760087,Slizzle,"2026-08-30 04:37:40",650.4,2,sloan98
5713,16770154,Florian,"2026-09-11 07:52:00",650.3,2,ftusek
5714,16927400,HaY0801,"2026-09-26 01:56:57",650.2,2,hay0801
5715,16654579,"anagha kv","2026-09-23 06:30:22",649.0,1,anaghakv6801
5716,16853417,"Aditya Prasetyo Budiarso","2026-09-11 11:59:34",649.0,2,artsodeva
5717,16626217,"Stanislav Chistyakov","2026-08-05 18:52:47",648.9,2,chistyakov
5718,16688429,"Omrani Rabah","2026-08-11 22:19:21",648.8,2,omranirabah
5719,16640461,"Shigeru Kondou","2026-09-17 19:12:22",648.6,2,shigerukondou
5720,16718539,"Divyansh Agrawal","2026-08-14 06:58:46",648.4,2,spartan1925
5721,16758298,"Jack p","2026-08-30 07:36:22",648.2,2,jtv199
5722,16662633,"Shekhar Suman","2026-08-15 19:17:49",648.2,2,shekharvc
5723,16924892,"cheng chen","2026-09-26 02:32:48",648.1,2,icebruce
5724,16730199,kawanot,"2026-08-24 09:15:18",648.0,2,kawano
5725,16670842,Cole,"2026-08-15 19:50:43",648.0,2,colechristensen
5726,16623732,A.S.TENSHU,"2026-08-17 16:25:35",647.8,2,kirvk013
5727,16675452,Vladislav,"2026-08-12 13:58:35",647.8,2,simmeringoverstep
5728,16793626,"KO LIH HAN","2026-09-11 01:29:18",647.5,2,kolihhan
5729,16762719,"Ahmet Bilginoglu","2026-09-02 20:34:49",647.3,2,ahmetbilginoglu
5730,16667874,Vidushiii,"2026-08-10 12:25:42",647.2,2,vidushianand09
5731,16636105,"Md. Mehedi Hasan","2026-08-01 14:03:03",646.9,2,mehedi052
5732,16678246,"Mark Holloway","2026-09-05 22:23:35",646.8,2,markholloway
5733,16622015,"Ioannis M","2026-08-06 08:12:21",646.7,2,imeintanis
5734,16639973,akky,"2026-08-03 15:39:41",646.6,2,tellxxx
5735,16656167,"Minh Quang Do","2026-09-11 04:05:53",646.3,2,mrfreddy0209
5736,16659174,Soulwood,"2026-09-06 04:56:32",646.2,2,soulwood
5737,16664249,"Rohan Jain","2026-08-17 20:26:14",646.2,2,rohanjain2312
5738,16699578,kakanekoka,"2026-09-04 17:45:15",646.1,2,kakanekoka
5739,16639810,gytdrop,"2026-08-14 12:47:28",645.6,2,"kartikeyrajbhar,shaikaktharali"
5740,16657419,"Saivedant Hava","2026-08-05 06:36:39",645.4,2,saivedanthava
5741,16844092,Johana01,"2026-09-15 08:10:42",645.1,2,johana01
5742,16815488,"crothety liu","2026-09-05 06:27:35",645.1,2,crothetyliu
5743,16652984,hxaxd,"2026-08-05 15:09:49",644.8,2,hxaxdcs
5744,16692954,"Adam Nhan","2026-08-16 19:10:48",644.4,2,asnhan
5745,16733131,Rad,"2026-09-23 09:12:43",643.9,2,vnt174
5746,16925442,"Stef Sempels","2026-09-22 08:29:38",643.7,2,stefsempels
5747,16713877,FunnyBishop,"2026-08-16 03:19:24",643.5,2,funnybishop
5748,16903652,LokeshGiri,"2026-09-23 19:34:18",643.5,2,"lokeshjasrotia,vengatagirig"
5749,16655187,cmxu,"2026-08-05 05:31:07",643.2,2,cmxu77
5750,16698596,ymok,"2026-09-12 02:00:52",643.1,2,iromao
5751,16712321,"Elias Schecke","2026-09-11 15:00:14",642.7,2,eliasschecke
5752,16669392,cobrapigeon,"2026-08-20 18:43:25",642.7,2,cobrapigeon
5753,16859900,ZZZ234234234,"2026-09-25 10:49:35",642.6,2,zzz234234234
5754,16623555,yindujuxi,"2026-08-01 10:11:35",642.6,2,yindujuxi123
5755,16728069,Taisei7,"2026-09-09 06:27:49",642.5,2,taisei7
5756,16667058,"Lê Quốc Duy","2026-08-08 01:03:08",642.5,2,lqucduy
5757,16719081,数学の山田,"2026-09-15 10:28:05",642.5,2,b612sum1
5758,16923772,"Aidan Edward Lawson","2026-09-21 05:55:34",642.5,2,modalpathethics
5759,16725150,"Nicolae Drabcinski","2026-09-01 11:45:51",642.5,2,nickdrabcinski
5760,16665301,EricYang03,"2026-08-13 15:49:11",642.1,2,ericyang03
5761,16659125,"Meet Parekh","2026-08-19 10:31:09",642.1,2,meetparekh1
5762,16728204,Meshwa,"2026-09-04 11:17:12",642.0,2,meshwapatel4287
5763,16638667,"Sarvesh Nikas","2026-09-23 11:44:21",642.0,2,sarveshnikas
5764,16663356,Farm-ops,"2026-08-06 23:27:37",641.6,2,"dakotavannauker,tsho01"
5765,16713236,kingofeverything,"2026-09-21 16:27:45",641.5,2,"kingofeverything,skyyyang"
5766,16881453,"fahim magsi","2026-09-13 15:18:43",641.4,2,fahimmagsi
5767,16635127,"Sergey Bryansky","2026-08-26 20:39:37",641.3,2,sggpls
5768,16623645,"ayutin tin","2026-08-14 07:48:31",641.2,2,ayutintin
5769,16756176,"Unsh Rawal","2026-09-06 20:29:16",641.1,2,unshrawal
5770,16662066,"Yug Savalia","2026-09-25 19:48:56",641.0,2,"priyankagarg19,yugsavalia"
5771,16701036,"Tiandong Wang","2026-08-19 11:45:32",640.9,1,condone
5772,16912690,"Tegh Bindra","2026-09-20 04:55:09",640.9,2,teghbindra
5773,16759162,sgsuh,"2026-09-23 14:41:49",640.8,2,seukgyo
5774,16854339,"ML Underdogs","2026-09-22 06:19:48",640.6,2,mdjubairhasan
5775,16891179,feng222666888,"2026-09-24 10:49:47",640.6,2,feng222666888
5776,16675997,"Rintaro Moriwaki","2026-09-16 16:03:10",640.4,2,rintaromoriwaki
5777,16635848,KartoplyanePure,"2026-08-31 20:43:34",640.4,2,"danylotovp,wizardmp"
5778,16811210,"Matt Dowis","2026-09-04 14:41:36",640.2,2,mattdowis
5779,16898276,SergioMoras,"2026-09-18 10:49:37",640.0,2,sergiomoras
5780,16634582,"Tarun Chaudhary","2026-08-12 06:36:33",639.9,2,tarunchdev
5781,16675475,"Andrey Aristov","2026-08-10 22:02:24",639.7,2,andreyaristov
5782,16934906,"sou yamaguchi","2026-09-21 09:59:04",639.5,2,souyamaguchi
5783,16665654,"Anurag H H","2026-09-10 15:05:26",639.4,2,anur4ghh
5784,16822523,bvgr,"2026-09-15 19:17:50",639.4,2,vbeeram
5785,16716300,"Julian Kerignard","2026-09-07 10:12:31",639.1,2,juliankerignard
5786,16759443,"Ayman machhidan","2026-09-25 08:22:39",638.9,2,aymanmachhidan
5787,16675661,June_mk,"2026-09-06 00:08:47",638.3,2,jungoto
5788,16741892,astro,"2026-08-20 20:49:49",638.3,2,mayursamrutwar
5789,16669330,"Panagiotis Charalabopoulos","2026-08-26 18:49:46",638.1,2,panagiotischaral
5790,16663343,"Abdullah M. Haque","2026-09-13 18:41:14",638.1,2,abdullahmhaque
5791,16635049,rooklift,"2026-08-16 06:27:36",638.0,2,rooklift
5792,16772394,TNWL,"2026-09-26 11:29:44",637.7,2,vuminh
5793,16640933,"Bhanu prasad","2026-09-21 03:21:24",637.7,2,restlesseagle
5794,16763977,"Jong Park","2026-08-26 09:21:40",637.6,2,papercat318
5795,16832474,"Isaac D. Hérnandez G.","2026-09-15 23:52:34",637.4,2,isaacdhrnandezg
5796,16750864,Ymori,"2026-09-26 03:08:49",637.4,2,yasunorim
5797,16663515,HamsterSashka,"2026-08-20 14:40:55",637.1,2,hamstersashka
5798,16674543,"Sujal Agarwal2301","2026-08-09 13:37:43",637.0,2,sujalagarwal2301
5799,16662138,"Luan He","2026-09-05 21:53:24",636.9,2,luanhe
5800,16799014,"Vaibhav singh kaira","2026-09-12 04:49:54",636.9,2,vaibhavsinghkaira
5801,16663238,"Francesco Zaccaria","2026-08-21 07:28:57",636.9,2,francescozaccaria
5802,16685412,Praveen8775,"2026-09-22 15:48:40",636.7,2,praveen8775
5803,16668868,tawashi,"2026-08-13 06:51:45",636.4,2,tawashi
5804,16643692,Samsay24,"2026-08-02 17:22:45",636.3,1,samsay23
5805,16635177,Zacchaeus,"2026-08-07 07:04:15",636.2,2,zacchaeus
5806,16655062,KKS,"2026-08-08 07:36:03",635.8,2,sachisgod
5807,16818110,Kactus,"2026-09-16 00:15:43",635.2,2,kactus
5808,16708369,JairSanchez151270,"2026-08-11 16:30:55",635.2,2,jairsanchez151270
5809,16840735,"Heavy Drivers 2.0","2026-09-16 22:40:25",635.1,2,"cranjuice,pgggggggggggg,sudhanvaed25b055"
5810,16665816,Vikas1306,"2026-08-10 05:53:19",635.0,2,vikas1306
5811,16838855,"Sze Yu Sim","2026-09-09 01:37:05",635.0,2,szeyusim
5812,16939742,"Shivang Modi","2026-09-26 08:52:23",634.9,2,shivang22
5813,16875690,jwboost,"2026-09-16 04:31:31",634.8,2,kiritocui
5814,16661467,sh_sub97,"2026-08-12 15:20:25",634.7,2,shsub97
5815,16797025,"Jonathan Glinton","2026-09-11 17:11:01",634.6,2,jonathanglinton
5816,16636954,"Jeff Horon","2026-09-13 16:30:41",634.5,2,jeffhoron
5817,16926305,"Ιωάννης Μπερτολης","2026-09-23 16:15:30",634.4,2,"absor97,bertolis"
5818,16662050,HandsOffMyBigMelons,"2026-08-13 22:00:12",634.2,2,scrattle
5819,16712567,PatWid,"2026-08-18 17:17:20",634.1,2,patwid
5820,16654193,fvong,"2026-09-04 07:15:22",633.9,2,fvong35963
5821,16636725,shichi,"2026-08-11 12:47:35",633.8,2,shichi
5822,16658430,bruyantq,"2026-09-23 08:33:16",633.7,2,bruyantq
5823,16718202,"Abhi Kumar Agrawal","2026-08-18 09:52:24",633.5,2,abhikumaragrawal
5824,16786485,"Sam Jenkins","2026-09-01 03:50:16",633.5,2,samjenkinsuk
5825,16663659,"Omer Rehman","2026-09-02 11:05:02",633.4,2,omerrehman97
5826,16932197,SamarthPD-21,"2026-09-25 13:57:11",633.4,2,samarthpd21
5827,16668923,"duy tran","2026-08-10 18:38:49",633.3,2,duytran23
5828,16685069,derek_kuang0213,"2026-08-22 10:33:21",633.1,2,derekkuang0213
5829,16663361,protoLabs.studio,"2026-08-06 18:39:50",633.1,2,protolabsstudio
5830,16899024,Whooriiiaaaaa,"2026-09-24 23:24:57",633.0,2,"nickazaria,woupyie"
5831,16662338,jaepyeocho,"2026-09-13 11:39:37",632.5,2,jaepyeocho
5832,16822111,hikarimaru,"2026-09-10 14:07:36",632.3,2,hikarimaru
5833,16755681,nic001,"2026-08-28 08:06:19",632.3,2,mimamura
5834,16656501,"Thái Phạm Công","2026-08-05 03:59:47",632.2,2,thaipc
5835,16741188,"Adarsh Samanu","2026-08-20 00:01:33",632.2,2,adarshsamanu
5836,16655744,"Ademola Arigbabuwo","2026-09-03 21:44:49",632.2,2,princedemo
5837,16688929,"Kangqiao LIU","2026-08-18 07:44:55",632.0,2,kangqiaoliu
5838,16862913,MLEDV,"2026-09-11 18:13:10",632.0,2,edwardvaines
5839,16694269,Aftxb,"2026-08-11 14:58:08",631.8,2,aftxb07
5840,16879477,liuzewen123,"2026-09-26 08:00:58",631.6,2,liuzewen123
5841,16724522,"stathis maurog","2026-08-26 07:01:48",631.4,2,stathismaurog
5842,16887820,"Radosław Czajkowski","2026-09-21 17:59:25",630.9,2,radoslaw
5843,16661943,"Cow Wizard","2026-08-14 02:14:58",630.8,2,cowwizard321
5844,16687883,CherylStoned,"2026-08-11 22:53:28",630.8,2,cherylstoned
5845,16699488,"Kelvin Lai","2026-09-25 02:56:40",630.5,2,kelvin84hk
5846,16662486,"KOTHAPALLI DILEEP","2026-08-10 12:06:14",630.5,2,kothapallidileep
5847,16942760,"V Manmohan","2026-09-25 10:31:12",630.4,2,vmanmohan
5848,16715251,SoraGinko,"2026-08-28 18:52:17",630.3,2,terrywuu
5849,16702932,kyconf,"2026-09-12 14:10:46",630.3,2,kyconf
5850,16798268,KAEOS,"2026-09-06 20:09:49",630.2,2,hitesh221
5851,16865982,"Orest Myth","2026-09-23 13:26:01",630.1,2,orestmyth
5852,16733195,"Zukas F.","2026-09-23 02:44:03",630.1,2,zukasf
5853,16705345,"DEMON JI","2026-08-14 15:02:11",630.0,2,demonji04
5854,16662375,"Yunusa Hussein Adeiza","2026-08-14 22:12:49",629.9,2,yunusahusseinadeiza
5855,16773966,"Ronel Abraham Mathew","2026-08-26 16:05:26",629.7,2,ronelm
5856,16690852,"Naveen Venu Bagadi","2026-08-30 04:38:13",629.6,2,naveenvenubagadi
5857,16857130,"Joao Araujo","2026-09-09 01:11:50",629.6,2,jhcaextra
5858,16664219,JosephGuhlin,"2026-08-10 08:46:16",629.4,2,jguhlin
5859,16666391,"Harshpreet Singh","2026-08-06 10:32:51",629.4,2,harshpreet931
5860,16663200,BONES,"2026-09-19 14:03:54",629.1,2,tusharkumar23321032
5861,16740404,BarrelAged,"2026-09-13 11:27:04",629.0,2,johnhosack
5862,16624277,"D S S Kumar","2026-08-10 03:22:55",628.9,2,satrusskumar
5863,16664103,izack2666,"2026-08-07 14:41:10",628.9,2,izack2666
5864,16692569,"Mark Kirwan","2026-08-26 08:05:16",628.6,2,markkirwan1990
5865,16694779,JacobKooi,"2026-08-10 09:16:35",628.1,2,jacobkooi
5866,16710621,(´･_･`),"2026-08-16 07:14:53",628.0,2,tanakh
5867,16726093,CocoTeam,"2026-08-18 14:22:45",627.3,2,"albaasca,ceemeese"
5868,16696267,"yu lesui","2026-08-10 05:41:40",627.3,2,yulesui
5869,16698007,"Juanma Serrano","2026-08-23 15:49:31",627.1,2,juanmaserrano
5870,16758204,kkKaan,"2026-08-24 07:56:58",627.0,2,kkkaan
5871,16684710,"Pratik Singh","2026-08-11 11:34:48",626.9,2,pratikks11
5872,16702713,"Rob Sartin","2026-09-24 21:59:26",626.8,2,robsartin
5873,16743617,Dancing_Chaos,"2026-08-31 15:42:35",626.8,2,"bailynlove4ever,ripplecddc"
5874,16635796,MugaBros,"2026-08-04 05:27:02",626.8,2,"drrocktotpalkonwarh,monjyotid"
5875,16672687,Liz,"2026-09-25 23:08:33",626.7,2,lizgarcia3
5876,16630519,"Mehmet Özer","2026-08-01 16:51:55",626.6,2,ozermehmet
5877,16669856,StrugglerK,"2026-09-22 17:10:09",626.2,2,muhammedkaanlker
5878,16719065,"Aldo Rizona","2026-08-17 15:32:26",626.0,2,aldorizona
5879,16708189,Facouse,"2026-08-11 16:09:17",626.0,2,facouse
5880,16631090,yoikoarmor,"2026-08-09 07:01:44",625.8,2,yoikoarmor
5881,16668089,Goller,"2026-08-26 15:05:53",625.7,2,goller
5882,16784960,i-yuki23,"2026-08-30 01:13:11",625.5,2,iyuki23
5883,16639223,"SIDHAARTH SHREE","2026-08-19 15:03:55",625.5,2,sidhaarthshree
5884,16924397,ngzeonwang,"2026-09-24 08:57:26",625.2,2,ngzeonwang
5885,16693137,"Ich Benavides","2026-09-06 18:24:52",624.5,2,jabeichbenavides123
5886,16807281,sansh0u0,"2026-09-04 02:16:09",624.4,2,sansh0u0
5887,16664149,"Bushel Seed","2026-08-12 17:10:56",624.4,2,"dmyung,nicholasmschwartz"
5888,16673346,gabrielep09,"2026-08-11 01:52:41",624.2,2,gabrielep09
5889,16757447,soyukke,"2026-09-13 17:38:12",624.2,2,soyukke
5890,16658050,"changwei shi","2026-08-18 02:45:47",624.2,2,changweishi
5891,16623886,onepunch999,"2026-08-01 07:30:37",624.1,2,onepunch999
5892,16658272,"Yash Katiyar","2026-08-08 20:17:05",624.0,2,yashkatiyar409
5893,16759351,"Shinsaku Haruta","2026-09-21 12:22:17",623.4,2,shinsakuharuta
5894,16687808,GorillaGhost,"2026-08-13 23:23:10",623.2,2,gorillaghost
5895,16672103,"fred mahinay","2026-08-24 23:34:48",623.2,2,fredmahinay
5896,16664024,"Juan David Bolanos","2026-08-13 17:06:00",623.1,2,juandavidbolanos
5897,16667762,KucingGanteng,"2026-09-12 20:04:37",623.0,2,dhiyaussalam
5898,16780969,"Ewa Suknarowska","2026-08-30 15:53:25",623.0,2,ewasuknarowska
5899,16666452,"victor souza","2026-08-09 17:07:51",622.8,2,victorcaio
5900,16665120,nobody,"2026-08-13 14:48:45",622.5,2,rajesh1729
5901,16658083,"Gunjan Solanki","2026-09-03 10:39:28",622.0,2,blackhatv1
5902,16764605,"Bandito Gangesterito","2026-09-22 18:06:53",622.0,2,"mrtrueteller,restovrator"
5903,16639492,"Vishnu R Mohan","2026-08-08 20:36:19",621.9,2,vishnurmohan
5904,16802675,manishcs076,"2026-09-16 21:13:06",621.3,2,manishcs076
5905,16677402,"Hıdır Demir","2026-09-10 22:35:54",621.3,2,hdrdmr
5906,16750175,"Quentin Pr","2026-08-27 18:08:14",621.2,2,quentinpr
5907,16690988,"Aditya Bharadwaj","2026-08-20 10:02:32",620.4,2,adityabharadwaj26
5908,16654855,"Pedro Rezende Gomes","2026-08-06 00:41:30",620.4,2,pedrorzgomes
5909,16633175,"Umut Kıvanç Sipahioğlu","2026-08-04 15:51:56",620.3,2,umutkvansipahiolu
5910,16772673,"Alejandro Rendon B.","2026-09-22 22:21:04",620.2,2,alejandrorendonblan
5911,16679079,"cedric stephan ","2026-08-25 20:39:15",620.1,2,cedricstephan
5912,16658334,"Roy Wei","2026-09-26 05:24:33",620.0,2,renyiwei
5913,16852963,LingLingToshite,"2026-09-24 09:32:57",619.9,2,lingtoshitehiroki
5914,16670214,"Louis @ tradeInsight.ai","2026-08-21 15:18:11",619.4,2,louisquart
5915,16755568,KHuShIMaHajan,"2026-08-21 18:55:05",618.8,2,bymista4578
5916,16884815,"Idrees Asghar","2026-09-26 04:54:41",618.6,2,adiladil1275
5917,16856888,"Md Mehrab Hossain Opi","2026-09-10 07:16:45",618.5,2,iamopi
5918,16698164,"Ruizhang Zhi","2026-09-25 22:59:36",618.3,2,ruizhangzhi
5919,16664828,Leon,"2026-08-09 09:00:09",618.2,2,leonmyl
5920,16784154,JoshJML,"2026-09-03 05:39:26",617.4,2,joshjml
5921,16656072,Vespidae,"2026-08-14 03:30:03",617.4,2,ianapis
5922,16666341,"Ege Güvener","2026-09-11 17:20:35",617.3,2,egegvener
5923,16674324,"luca fregona","2026-08-08 13:37:49",617.2,2,lucafregona
5924,16694575,"Aloise Mutune","2026-09-17 13:48:22",617.0,2,aloisemutune
5925,16845664,fabio5050,"2026-09-16 04:04:27",616.8,2,fabio5050
5926,16918826,NOTSUREKITTY,"2026-09-19 03:56:04",616.8,2,notsurekitty
5927,16699292,"Siddharth Kumar Gopal","2026-08-14 16:35:03",616.8,2,siddharthkumargopal
5928,16725010,jenninglim,"2026-08-23 08:38:47",616.7,2,jenningl
5929,16852559,永井こうたろう,"2026-09-09 04:01:11",616.5,2,kotakota914
5930,16746151,"Nicolas Gomasjaya","2026-08-26 16:57:08",616.2,2,nicolasgomasjaya
5931,16696724,arkmid,"2026-09-09 13:11:46",616.0,2,arkmid
5932,16808956,"Denis Zerov","2026-09-03 10:59:46",615.8,2,dinoden
5933,16717483,Caerno,"2026-09-25 19:38:44",615.8,2,caerno
5934,16671217,"Akshay V","2026-08-21 04:01:22",615.7,2,akshayv1001
5935,16658602,aldoktvns,"2026-08-04 15:51:08",615.5,2,alrette
5936,16766888,"Alex #4","2026-08-24 14:42:19",615.5,1,alxndrvara
5937,16893361,lemonjuice2312,"2026-09-19 07:36:26",615.4,2,lemonjuice2312
5938,16659817,"Viet Anh Ngo ","2026-08-31 09:41:08",615.3,2,vietngogm
5939,16678773,"Steve Probst","2026-09-09 01:51:39",615.3,2,steveprobst
5940,16724364,Sh4ron,"2026-09-11 15:48:11",615.2,2,sh4ron
5941,16860088,Lockers,"2026-09-09 11:32:59",615.1,1,lockers123
5942,16635021,RiLi,"2026-09-25 13:57:51",615.1,2,hisatosenda
5943,16670420,"Mihir Argulkar","2026-08-07 20:03:15",615.0,2,mihirargulkar
5944,16676308,DC,"2026-08-19 17:34:02",614.9,2,choudahchiun
5945,16633923,JackyFan123,"2026-08-01 15:22:04",614.9,2,jackyfan123
5946,16810807,Cordiz,"2026-09-03 22:42:51",614.8,2,cordiz
5947,16660955,"Nihal l.suvarna","2026-09-17 14:24:23",614.6,2,nihallsuvarna
5948,16767802,"Luis Fernando Faria","2026-08-31 20:57:29",614.3,2,luisfernandofaria
5949,16669489,"Yichi Zhang","2026-08-28 19:31:07",614.3,2,yichizhang12
5950,16684957,"Lucas Ferreira","2026-08-11 18:20:43",614.0,2,lucasdeoferreira
5951,16640816,pawaraman,"2026-08-02 19:46:52",613.6,2,pawaraman
5952,16664241,payoon,"2026-08-07 08:24:05",613.4,2,payoon1234
5953,16695822,"Ahmad Elawady","2026-08-18 20:06:59",613.4,2,aielawady
5954,16841397,"Petro Tarnavskyi","2026-09-06 12:36:05",613.4,2,petrotarnavskyi
5955,16658043,"Tran Huy Hoang1312","2026-08-05 01:58:39",613.0,2,tranhuyhoang1312
5956,16796509,"Taha Alselwi","2026-09-26 13:02:23",612.9,2,tahaalselwii
5957,16738538,ZHANG_WuHua,"2026-08-18 16:21:19",612.8,2,zhangwuhua
5958,16724002,Yahia717,"2026-08-20 20:48:31",612.6,2,yahia717
5959,16809762,"Ryan Wong","2026-09-04 14:47:39",612.6,2,taggatle
5960,16663784,Aniketh2k7,"2026-08-10 06:02:02",612.2,2,aniketh2k7
5961,16939445,Dylan,"2026-09-26 07:57:04",612.0,2,dylan2778
5962,16905608,ChrisVas123,"2026-09-16 09:44:56",611.9,2,chrisvas123
5963,16688108,Special_octo20,"2026-09-14 19:16:13",611.9,2,specialocto20
5964,16797969,probability,"2026-09-07 09:44:49",611.8,2,probabilitywavepeak
5965,16657570,"Guruprasad Parasnis","2026-08-10 12:04:57",611.8,2,guruprasadparasnis
5966,16686715,"Adrien Secondaire","2026-08-08 15:54:58",611.5,2,adriensecondaire
5967,16635670,"Mr.S hanakosan","2026-08-09 00:31:34",611.5,2,earlgreytea15
5968,16665942,"Satvik R Shetty","2026-08-09 03:59:52",611.4,2,satvikrshetty
5969,16735298,Watary0927,"2026-08-22 23:25:11",611.3,2,watary0927
5970,16635004,"jacob OKOTH O","2026-08-02 05:57:05",611.2,1,jacobokotho
5971,16665984,hepialidae,"2026-08-10 16:05:19",611.2,2,hepialidae
5972,16665517,"RUEI-HSIANG. CHANG","2026-08-17 15:23:55",610.9,2,rueihsiangchang
5973,16650160,nori8774,"2026-08-10 06:26:21",610.9,2,norimasayamamoto
5974,16847275,"Giovanni Marco Dall'Olio","2026-09-09 20:43:20",610.8,2,dalloliogm
5975,16657332,"Amit Malakar","2026-09-26 10:58:40",610.7,2,amitmalakarjoy
5976,16664457,yaohongfu,"2026-08-10 12:30:43",610.7,2,yhfwww
5977,16675952,bazinga,"2026-09-22 23:21:10",610.5,2,stephanhahn16
5978,16734712,"Jamshid Ganiev","2026-08-19 06:03:31",610.5,2,jamshidganiev
5979,16780019,"hamza khokhar890","2026-09-20 16:35:58",610.2,2,hamzakhokhar890
5980,16668354,"ashraf saiyed","2026-08-13 13:44:31",609.7,2,ashrafsaiyed58
5981,16636808,"Kaito Ichikawa","2026-09-18 10:15:37",609.6,2,kaitoichikawa
5982,16669561,"Nikunj Pahwa","2026-08-15 20:04:36",609.6,2,nikunjpahwa
5983,16795802,Kk,"2026-09-21 10:03:04",609.5,2,cudamax
5984,16750036,"Kiệt Lưu","2026-09-05 03:41:19",609.4,2,jaxyss
5985,16736579,rk777848,"2026-09-25 07:51:29",609.4,2,rk777848
5986,16792512,ckd999,"2026-09-26 12:44:04",609.2,2,ckd999
5987,16623580,matsu997,"2026-09-22 15:27:14",609.2,2,mastu997
5988,16679295,Mk26,"2026-09-04 13:52:05",609.2,2,"manishk26,mans31"
5989,16673477,ArtFix,"2026-08-11 00:51:09",609.1,2,artfix
5990,16756113,"George Megre","2026-09-16 07:04:00",609.0,2,georgemegre
5991,16658224,"Daniel Gallardo Gómez","2026-08-07 08:17:24",608.3,2,danielgallardogmez
5992,16630501,"Haris Ahmed","2026-08-14 10:08:51",608.2,2,harisahmedgenai
5993,16719745,"Masih Pemula Beneran","2026-08-31 02:14:53",608.0,2,mikhaeldhika
5994,16695633,"Kiran Kumar","2026-09-12 16:57:52",608.0,2,iamrkk
5995,16805340,"Md. Rafiul Islam","2026-09-25 16:04:37",607.8,2,rafiulislamrafi
5996,16929645,"GeneralShizha ","2026-09-20 10:27:45",607.6,2,generalshizha
5997,16630559,khan,"2026-08-02 12:18:56",607.6,2,khansolov
5998,16668720,"etienne duplessix","2026-08-10 22:48:53",607.6,2,etienneduplessix
5999,16709481,"Gerbilles Saucières","2026-08-22 10:38:44",607.2,2,"benjaminhrt30,volbox1902"
6000,16699838,"Harry Taylor","2026-08-21 10:38:18",607.1,2,harryphysics
6001,16655595,ashsah,"2026-08-31 08:37:35",607.1,2,ashsah
6002,16752324,"yunchuan liu","2026-09-06 22:21:06",606.9,2,hoteye
6003,16885575,"Kotaro Imamura","2026-09-18 00:47:04",606.8,2,kotaroimamura
6004,16693949,"Eric Worrall","2026-09-24 12:55:00",606.4,2,ericworrall
6005,16656274,googunmo,"2026-08-08 01:13:58",606.3,2,googunmo
6006,16737986,"Edris Yawar #2","2026-09-05 09:32:08",606.3,2,edrisyawar
6007,16662846,"Kerem Ercin","2026-09-26 11:24:02",606.3,2,keremercin
6008,16655142,"Stanislav Kuznetsov","2026-09-03 12:58:20",606.2,2,drtduck
6009,16663736,"Life Is Roblox","2026-08-17 18:58:37",606.2,2,alexlisenko
6010,16736856,misaki,"2026-09-26 00:42:12",606.2,2,"dicenull,iroharyo,jinnsou0219,misakima"
6011,16655340,LGarcia10,"2026-08-17 13:17:31",605.8,2,leonardogarcia10
6012,16721960,"Lê Khang","2026-08-18 19:42:43",605.6,1,kobtdatten
6013,16675888,"Rob Gonzalez","2026-08-08 14:58:43",605.6,2,robg475
6014,16699415,"Dohwan Kwak","2026-08-31 01:05:28",605.4,2,dohwankwak
6015,16649344,BeyondAnalytics,"2026-08-28 12:00:36",605.4,2,radumarinion
6016,16876642,Gruberx,"2026-09-25 17:53:44",605.3,2,gruberx
6017,16653222,StevenYuan7788,"2026-08-17 17:38:44",605.2,2,stevenyuan7788
6018,16668298,"Riki Garcia","2026-08-26 15:36:14",605.2,2,rikigarcia
6019,16766732,"Maziyar Abyari","2026-09-19 08:14:10",605.0,2,maziyarabyari
6020,16664096,"Charles Coonce","2026-09-24 15:16:06",604.9,2,charlescoonce
6021,16685649,YUYUTA,"2026-09-25 10:57:15",604.9,2,yuyuta
6022,16748955,micchy,"2026-09-23 22:17:27",604.5,2,micchy326
6023,16654456,"Tristan Peng","2026-08-09 17:00:48",604.4,2,tristanpeng
6024,16666204,"David Nana Kofi Ofosu-Arko","2026-08-05 11:04:42",604.2,2,davidnanak
6025,16759381,"Subhan Hussain","2026-09-20 09:00:54",604.1,2,subhanhussain0205
6026,16718133,KaranjeetSingh1110,"2026-09-16 15:31:45",604.1,2,karanjeetsingh1110
6027,16738805,"Sergey Panasenko","2026-08-31 23:14:50",603.8,2,spanasenko
6028,16670834,romin_123,"2026-08-14 01:25:19",603.7,2,romin123
6029,16665042,Neo_0x3f,"2026-08-10 21:36:56",603.4,2,neo0x3f
6030,16914138,"Amritesh Anand","2026-09-25 09:38:53",603.1,2,amriteshananad
6031,16657172,Honkazu,"2026-08-28 16:55:46",602.8,2,janposlusny
6032,16814805,Muzhi11,"2026-09-21 02:41:31",602.7,2,muzhi11
6033,16757614,"Eduardo Molina","2026-09-06 04:04:22",602.7,2,eduardomolinaai
6034,16789898,"Trung Phạm Đức","2026-09-23 03:12:41",602.7,2,arscil
6035,16855646,Seshu,"2026-09-09 14:49:33",602.6,2,seshuthota
6036,16667258,"Firman Imam","2026-08-09 02:36:56",602.5,2,piririp
6037,16699856,yukio,"2026-09-26 09:16:16",602.4,2,yukioseki
6038,16713061,Yuk!,"2026-09-26 05:55:25",602.4,2,mitsuyukiokamura
6039,16660805,"Ramon van Dijk","2026-08-05 05:48:21",602.4,2,ramonvandijk
6040,16630741,mrk,"2026-08-05 09:49:44",602.3,2,matsubaratakuji
6041,16633269,op_star_platinum,"2026-08-09 17:52:52",602.3,2,opstarplatinum
6042,16685938,"Gautier Fauchart","2026-08-12 05:57:21",602.2,2,gautierfauchart
6043,16633772,ayuma,"2026-08-03 06:01:01",602.2,2,onthoze
6044,16739128,"Praneeth Paikray","2026-09-07 11:18:26",602.1,2,paiky1995
6045,16635421,"Lennart Haupts","2026-09-25 16:28:34",602.1,2,lennarthaupts
6046,16763838,"L. Barriga","2026-09-09 10:57:18",601.6,2,lbarriga
6047,16659294,"Muhammad Rafzan","2026-09-05 18:30:44",601.5,2,revianalfariz
6048,16660270,Ziel_Lux,"2026-09-22 14:36:05",601.3,2,nahbilafaith
6049,16648215,"Terrence Chuwe","2026-08-03 13:32:15",601.2,2,terrencechuwe
6050,16727059,ksankeerth1,"2026-09-03 02:28:22",601.1,2,ksankeerth1
6051,16665476,"Zhanghao Chen69","2026-08-19 12:42:33",601.1,2,zhanghaochen69
6052,16797395,"LCNN JJ","2026-09-17 16:38:59",601.0,2,supremebeast08
6053,16846149,"Arnav Salkade","2026-09-07 15:00:23",600.9,2,arnavsalkade
6054,16781242,"Bobby Clare","2026-09-03 17:04:16",600.9,2,bobbyclare
6055,16950015,"Jacob Stultz1","2026-09-23 22:49:13",600.6,1,jacobstultz1
6056,16669298,"Dinesh Naveen Kumar Samudrala","2026-09-26 10:51:21",600.4,2,dnkumars
6057,16666833,DenisKoronchik,"2026-09-14 21:19:27",600.3,2,deniskoronchik
6058,16939496,"Haotian Niu","2026-09-26 06:35:52",600.2,2,haotianniu
6059,16911847,LGC,"2026-09-17 08:21:20",600.2,1,victorlingc
6060,16668269,"Rashi Jain07","2026-08-05 17:46:37",600.1,1,rashijain07
6061,16764089,UtaAzu,"2026-09-26 13:25:32",600.0,2,utaazu
6062,16664154,dwdwdwsdedwd,"2026-08-11 06:29:24",599.9,2,dwdwdwsdedwd
6063,16776928,aiexpert1120,"2026-09-01 16:48:18",599.9,2,aiexpert1120
6064,16741660,Dhruv_Goyal990,"2026-09-03 16:20:31",599.8,2,"dhruvgoyal990,prathameshbelavagi"
6065,16660491,"Ryan Hancock","2026-08-08 09:56:54",599.8,2,rychanfox
6066,16659974,"anthony sinchi","2026-08-18 00:01:08",599.5,2,anthonysinchi
6067,16777222,"José Daniel Ara","2026-08-27 00:12:53",599.4,2,josdanielara
6068,16775652,"Dat Dinh","2026-09-14 02:48:43",599.4,2,dathbdinh
6069,16747390,SawadaTsurumai,"2026-08-24 09:48:07",599.1,2,sawadatsurumai
6070,16665395,"bachi idriss","2026-08-10 15:23:30",599.0,2,bachiidriss
6071,16724747,"Md.Mahfujul Karim","2026-09-26 07:07:31",599.0,2,mdmahfujulkarim
6072,16705348,"Howard lin","2026-08-20 23:01:36",599.0,2,howardlin007
6073,16656013,Asuran,"2026-09-04 04:43:56",598.9,2,zkasuran
6074,16687788,"Me and the Geese","2026-08-26 15:57:41",598.7,2,skalermo
6075,16726941,CJ103CJ,"2026-08-23 12:52:07",598.6,2,cj103cj
6076,16664804,ryanovovo,"2026-08-05 18:02:38",598.3,2,ryanovovo
6077,16777746,"Daniel Bandy","2026-08-29 02:04:01",598.3,2,goddangitboby
6078,16645297,Mark_RowSet,"2026-08-09 05:25:39",598.2,2,markrowset
6079,16692857,AbeLincoln1865,"2026-08-11 00:10:16",598.1,2,abelincoln1865
6080,16738994,"Hem Viramgama","2026-08-21 00:34:48",598.0,2,hemviramgama
6081,16798478,"Vinicius Pupin","2026-09-02 21:29:51",597.9,2,viniciuspupin
6082,16741121,"Vignesh Nehru","2026-09-22 07:58:54",597.8,2,vigneshnehru
6083,16731516,Sumit0694,"2026-09-15 21:17:01",597.8,2,sumit0694
6084,16661898,Farfadet,"2026-08-12 06:04:18",597.8,2,farfadet
6085,16677105,"Chaitanya Yadav","2026-08-16 10:36:07",597.6,2,xhaitanya
6086,16687714,nabilux,"2026-08-09 13:27:11",597.4,2,eminesnabil
6087,16895824,"Dhruv lele","2026-09-20 05:41:57",597.3,2,dhruvlele
6088,16665342,Prothos,"2026-08-23 13:44:29",597.2,2,vjuenemann
6089,16790257,"Shivam Kushwaha","2026-08-30 11:55:08",596.9,2,shivamk21
6090,16924484,"Sadiq Ali","2026-09-20 07:51:11",596.8,2,sadiqali55
6091,16786043,Palimpsesto,"2026-09-08 23:44:50",596.5,2,denzelfuentes
6092,16664072,"victor aguilera","2026-09-24 23:34:18",596.3,2,viaguilera
6093,16657397,"QSS Technosoft AI Team","2026-08-05 07:47:00",596.2,2,"kunalthedev,nishantkumarabes,prathamydvv,prishagdev,shreyakchakraborty"
6094,16658660,"Leo Lai","2026-08-13 08:14:45",596.1,2,junweilai
6095,16676254,"Lazy Lagoon","2026-09-17 16:26:05",596.1,2,"mokshoswal137,taniyasankhe"
6096,16702411,"Aryuemaan Chowdhury","2026-08-21 07:05:31",596.0,1,aryuemaanchowdhury
6097,16624888,okome_niigata,"2026-08-06 06:47:17",595.9,2,okomeniigata
6098,16876021,"Jeff Law #2","2026-09-17 23:31:28",595.7,2,jlaw99
6099,16656912,"Sami Ali","2026-08-07 00:48:33",595.6,2,mrsamiali
6100,16680342,Game_khó_vkl,"2026-08-13 19:28:01",595.2,2,maruusha
6101,16631573,uesi,"2026-08-01 12:04:04",595.1,1,uemura687
6102,16730028,"Ken Qian","2026-08-17 03:10:15",595.1,2,kenqian
6103,16691580,"Toni Blanco","2026-08-11 13:10:45",594.7,2,toniblanco
6104,16927491,Adilkhan1275,"2026-09-26 03:29:26",594.7,2,adilkhan1275
6105,16760439,XLX,"2026-09-06 03:20:58",594.7,2,lonelygleaner
6106,16888546,"Skskj Sskm","2026-09-16 03:06:12",594.7,2,skskjsskm
6107,16781447,"Cody Schrank","2026-08-31 04:38:57",594.7,2,codyschrank
6108,16702270,"Jonas Jaku","2026-09-09 06:37:15",594.7,2,jonasjaku
6109,16819872,"Shi Van","2026-09-03 16:50:46",594.7,1,shivanufo
6110,16769767,bruhbruh,"2026-08-28 08:51:26",594.3,2,nguyendinhbach69
6111,16679887,ScriptRed,"2026-08-09 00:36:30",594.3,2,scriptred
6112,16656107,Aotokitsuruya,"2026-09-02 14:35:20",594.1,2,elct9620
6113,16663922,MoongladeAI,"2026-09-14 03:49:11",593.8,2,moongladeai
6114,16633928,ghostiee11,"2026-08-01 01:33:25",593.7,1,ghostiee11
6115,16700546,"Nightshade Family","2026-09-07 13:24:48",593.7,2,"gihanchamod17,vishmithasamarakoon"
6116,16664112,"Ethan Hung","2026-08-08 21:44:57",593.5,2,chinesegorilla99
6117,16659828,"Lebansty Valan","2026-08-21 14:14:56",593.5,2,lebanstyvalan
6118,16654267,maniginam,"2026-09-26 03:00:05",593.4,2,maniginam
6119,16639970,Gowtham2962s,"2026-09-20 17:35:06",593.3,2,gowtham2962s
6120,16656460,dlutwzh,"2026-08-08 06:48:33",593.0,2,dlutwzh
6121,16665759,"Shawn Zhang","2026-08-21 10:18:20",593.0,2,shawnzhang0318
6122,16636454,epigene,"2026-08-02 10:14:52",592.9,2,nadhu59648
6123,16732537,Rapha,"2026-08-27 12:08:17",592.9,2,raphaabels
6124,16664709,kai,"2026-08-18 23:29:11",592.8,2,sungwo101
6125,16660310,KOLONEX.NET,"2026-08-10 12:40:46",592.6,2,danielandresmiranda
6126,16844262,"S Aishvarya","2026-09-25 19:23:59",592.2,2,saishvarya
6127,16706192,rustlers42,"2026-09-02 15:24:05",592.0,2,"lkshrsch,powerofcreation"
6128,16658655,HbjaHbja,"2026-08-12 12:18:51",591.8,2,hbjahbja
6129,16686787,"Lars Kammeijer","2026-08-07 21:31:11",591.7,2,larskammeijer
6130,16735408,"Evan S","2026-08-18 20:06:05",591.5,2,evansc123
6131,16869617,"Denis Chernyshov","2026-09-18 22:32:19",591.5,2,denischernyshov
6132,16664159,"james nazareth","2026-08-19 02:13:23",591.5,2,jamesnazareth
6133,16661225,"Monibee Fudgekins","2026-09-16 18:18:38",591.1,2,monibeefudgekins
6134,16660600,"Beria Kalpelbe","2026-08-07 13:46:47",591.1,2,beriakalpelbe
6135,16671646,Luche,"2026-08-08 04:23:32",591.0,2,henrylucky
6136,16768058,"Ibrahim Anaz","2026-09-26 06:38:46",591.0,2,ibrahimanaz
6137,16698034,Anatoliy_Fomin,"2026-08-12 12:57:18",590.9,2,anatoliyfomin
6138,16655013,"Adrian Martinez 1111","2026-08-12 00:52:14",590.9,2,adrianmartinez1111
6139,16823204,"Adilson Eduardo Tostes Carmo","2026-09-25 23:30:32",590.9,2,eduardotostess
6140,16662015,"ryan panda","2026-09-23 20:03:28",590.8,2,hollowpurple
6141,16796625,Nepsirhc,"2026-09-12 11:15:35",590.7,2,nepsirhc
6142,16653534,"Mohamed Amine Ettaki","2026-09-14 20:52:45",590.7,2,amine159
6143,16645705,wataru420,"2026-09-26 01:31:22",590.6,2,wataru420
6144,16723528,"Singaraj B","2026-09-05 15:33:26",590.4,2,singarajb
6145,16764149,"Manish Rai","2026-09-26 12:12:15",590.2,2,magiuscain
6146,16888900,"Koh Endru","2026-09-19 12:08:24",589.8,2,kohendru
6147,16672493,ChloeeeeY,"2026-08-23 06:17:03",589.6,2,chloeeeey
6148,16685785,KSAI,"2026-09-07 14:42:54",589.6,2,kishan2112004
6149,16937197,men-of-culture,"2026-09-24 06:52:33",589.4,2,leejianrong
6150,16803726,Yaromir_Ko,"2026-09-08 13:25:00",589.3,2,ronanndex
6151,16775770,"Ashish Kumar","2026-08-27 17:18:58",589.1,1,whoashish115
6152,16718838,"josh mathers","2026-08-14 09:26:33",589.1,2,joshmathers
6153,16947797,"Chris Croft","2026-09-25 12:42:53",588.7,2,chriscroft
6154,16666188,"XueFeng Chen","2026-09-18 00:46:41",588.7,2,chxfmcs
6155,16703310,"israel ntumba","2026-09-14 17:42:47",588.7,2,israelntumba
6156,16767934,"taha berk","2026-08-26 15:21:51",588.7,2,tahaberkterekli
6157,16677597,InformaBook2,"2026-09-10 05:38:23",588.6,2,informabook2
6158,16641141,"Yuri Barbashov","2026-09-23 19:14:57",588.5,2,yuribarbashov
6159,16662128,BenPalmer59,"2026-08-11 19:16:24",588.5,2,benpalmer59
6160,16670356,"Dziriyin wa9il","2026-08-25 19:56:56",588.4,2,"akumanomu,alioualaeddine"
6161,16795923,KaluzaKlein,"2026-09-14 10:50:35",588.3,2,kaluzaklein
6162,16692401,"Abdurehman Iqbal","2026-08-14 09:13:08",588.2,2,abdurehmaniqbal
6163,16668711,"David Leati","2026-08-28 00:47:39",588.2,2,davidleati
6164,16644456,Agbe,"2026-09-25 11:08:28",588.1,2,timmecom
6165,16734595,"Abhimanyu Singh","2026-08-20 12:52:38",588.0,2,abhimanyusingh170702
6166,16655629,Mai_Konare,"2026-08-17 06:20:49",587.6,2,maikonare
6167,16700785,"VIVEK JAMI","2026-08-19 13:57:57",587.5,2,vivekjami
6168,16763886,"Jackson Sauls","2026-09-04 22:59:51",587.3,2,jacksonsauls
6169,16657654,TemperaryT,"2026-09-20 00:21:54",587.3,2,temperaryt
6170,16742073,"nguyễn huệ anh","2026-09-15 15:55:00",587.2,2,akapatu
6171,16657290,lol-hiker,"2026-09-08 07:32:03",587.2,2,lolhiker
6172,16904550,ukiyois,"2026-09-16 19:54:20",587.0,1,ukiyois
6173,16699689,"David Sedláček","2026-08-10 08:38:38",587.0,2,sibicek
6174,16631353,"Shivam Shinde","2026-08-01 15:29:24",586.9,2,shindeshivam
6175,16694610,Kshitiz2002,"2026-08-11 15:44:41",586.6,2,kshitiz2002
6176,16891689,"Jiawei Xi","2026-09-14 19:46:39",586.1,2,jiaweixi56
6177,16660090,"Kaggriculture @ Farmageddon","2026-09-21 02:23:55",586.1,2,gary08phillios
6178,16638031,vlad101,"2026-08-21 15:10:27",585.7,2,vlad101
6179,16759623,"zhenglu wen","2026-08-26 06:24:09",585.7,2,zhengluwen
6180,16855755,"Jack Yap","2026-09-10 19:43:36",585.7,2,jackyap
6181,16665230,"Jack Burley","2026-09-26 04:28:08",585.5,2,jackburley
6182,16911383,PurpleNightmare,"2026-09-26 07:35:39",585.3,2,purplenightmare
6183,16793895,"Moh Notif","2026-09-26 00:04:55",585.1,2,mohnotif
6184,16780484,"Edmond Kirsch","2026-09-01 17:30:28",585.1,2,edmondkirsch
6185,16633466,"Aarush pandey","2026-08-25 19:17:14",585.0,2,aarushpandey
6186,16675708,"Mahder Tesfaye Abebe","2026-08-08 08:46:36",584.9,2,mahdertesfayeabebe
6187,16854582,BlackWizard00,"2026-09-08 15:32:36",584.8,2,blackwizard00
6188,16695662,"Ollie Lowe2","2026-08-16 16:47:01",584.7,2,ollielowe2
6189,16661318,"Zeel Kadvani","2026-08-25 11:17:53",584.5,2,zeelkadvani
6190,16655521,"Hemadri Rajyaguru","2026-08-04 02:12:55",584.5,2,hemadrirajyaguru
6191,16724202,"Sooriya Senthilkumar","2026-08-23 05:25:47",584.4,2,sooriyasenthilkumar
6192,16809800,XYZ-Siddhartha,"2026-09-19 15:57:03",584.2,2,siddharthaganguly26
6193,16682915,"igeo kK","2026-09-12 23:10:17",584.2,2,igeokk
6194,16926090,"Amr Fadhilah Abiyyu Alif Basysyar","2026-09-21 00:35:25",584.2,2,amrfadhilah
6195,16664003,"Nakul Rajpal","2026-08-05 06:29:24",584.1,2,nakulrajpal
6196,16655044,"Darius Kolycius","2026-08-04 09:49:01",584.1,2,dariuskolycius
6197,16655578,"Ahmed Merie","2026-08-13 00:11:40",584.0,2,aa7767
6198,16687925,BillDoser,"2026-09-11 21:54:35",584.0,2,billdoser
6199,16866712,Ddm_demo,"2026-09-20 14:16:05",583.9,2,ddmdemo
6200,16851573,NaNomin,"2026-09-08 01:55:42",583.7,1,nanomin
6201,16879958,Sash.a,"2026-09-26 07:10:05",583.6,2,smashaza
6202,16826098,Nomushin,"2026-09-11 13:22:26",583.6,2,nomushin
6203,16745571,"Yifan Xie","2026-09-03 13:55:15",583.5,2,yifanxie
6204,16672095,"Friaseus ","2026-09-26 08:19:39",583.2,2,friaseus
6205,16833040,"Vadim Demchuk","2026-09-05 06:07:54",583.0,2,vadimdemchuk
6206,16808492,"beginner's luck","2026-09-26 11:49:01",582.7,2,"naohs01,tropicalbanana"
6207,16833063,"Fidel Escalona","2026-09-25 23:48:15",582.7,2,fbescalo
6208,16905679,xaxipiruli,"2026-09-26 13:11:42",582.6,2,xaxipirulazo
6209,16768466,BenJung,"2026-09-16 09:44:23",582.4,2,"benjung2512,hyeonglvl,hyeonho028,limjoonsoo"
6210,16759427,Dhruv,"2026-08-23 12:20:16",582.2,2,dtalati1
6211,16722502,Abyss,"2026-08-27 11:26:49",582.1,2,sahiltks
6212,16882160,"John Doe #2","2026-09-12 18:04:56",582.1,1,realgrape
6213,16675780,susutem,"2026-09-24 12:14:06",582.0,2,susutem
6214,16655027,"Artem Zenkevich","2026-08-16 13:09:58",582.0,2,artemzen
6215,16654328,"QQ Farm","2026-08-28 12:59:12",581.8,2,"huiiyu,titirmt"
6216,16658377,Masaya,"2026-09-04 15:10:14",581.7,2,irrohas
6217,16791960,Boladi,"2026-09-10 00:53:38",581.7,2,boladi
6218,16808242,keowpwpwkeo,"2026-09-07 18:23:50",581.7,2,keowpwpwkeo
6219,16679018,"Kushpreet Singh","2026-09-03 23:23:41",581.5,2,kush639
6220,16787200,"HayDay Protestors","2026-09-23 16:59:25",581.5,2,"aaronjoshuaemmanuel,anjulasankalpa,chamathjayashanka,ghostd,prabhashanmadurawala"
6221,16748979,"Venkata Madhu Sai D ","2026-08-21 19:49:08",581.4,1,venkatamadhusaid
6222,16935929,"Bhavesh Kolhe","2026-09-23 08:47:28",581.2,2,bhaveshkolhe
6223,16918421,"Joseph Kosednar","2026-09-26 06:18:44",581.2,2,josephkosednar
6224,16777740,hoangnnh67,"2026-08-28 22:12:22",581.0,2,hoangnnh67
6225,16663884,DevilQ,"2026-08-23 22:08:52",580.9,2,"parhamesm,samuelescarfone12"
6226,16880672,"Bennett Hellman","2026-09-18 12:59:02",580.7,2,bennetthellman
6227,16667630,Sparsh389,"2026-08-06 15:46:09",580.6,2,sparsh389
6228,16715473,cmrfrd,"2026-08-14 04:58:15",580.6,2,thecmrfrd
6229,16796810,JosephErikRibeiro,"2026-09-21 21:23:50",580.6,2,josepherikribeiro
6230,16732504,"porsche zheng","2026-08-18 08:19:41",580.4,2,porschezheng
6231,16712410,aysfshn,"2026-09-09 15:09:08",580.3,2,aysfshn
6232,16755529,"Rafea Almejrab2025","2026-08-29 16:06:34",580.2,2,rafeaalmejrab2025
6233,16664313,CompilingCoder,"2026-08-06 09:38:17",580.2,2,compilingcoder
6234,16724355,hansama.qht,"2026-09-19 15:23:36",580.1,2,hansamaqht
6235,16755111,ingemarieke,"2026-08-21 15:04:53",580.0,1,ingemarieke
6236,16671438,"Aot Chanthorn","2026-08-15 16:16:25",580.0,2,aotchanthorn
6237,16717671,Jeremy,"2026-09-22 22:01:27",579.9,2,lukeenness
6238,16671680,"Joe Hall","2026-08-10 19:02:30",579.9,2,halljr
6239,16757211,dacho,"2026-09-24 16:15:08",579.8,2,slothcafe
6240,16858948,"Nizar Fathurohman","2026-09-26 10:17:47",579.7,1,nizarfathurohman
6241,16665154,"Omkar Pawar","2026-08-23 12:22:56",579.6,2,omkarrr7
6242,16677701,"Coşkun Bağrıaçık","2026-08-10 00:02:25",579.5,2,cbagriacik
6243,16867608,"Paul M","2026-09-25 21:16:56",579.4,1,pillow5
6244,16739167,Yeyuqing0913,"2026-09-07 00:36:15",579.3,2,yeyuqing0913
6245,16916387,Nathan,"2026-09-18 14:01:04",579.3,2,nathanpradostapia
6246,16665692,Straw_hats,"2026-09-01 07:40:19",579.0,2,"charanno,tvigneshreddy"
6247,16660005,DreamX5678,"2026-08-06 07:55:06",579.0,2,dreamx5678
6248,16738336,"Guo Xuehan","2026-09-02 05:44:05",578.9,2,zmllls
6249,16760604,"Thananut Phiboonbanakit","2026-08-25 14:04:44",578.9,2,tphiboonbanakit
6250,16716365,Murphy,"2026-08-21 14:00:29",578.8,2,taeyounglimdt
6251,16692994,turneja,"2026-08-08 23:50:13",578.7,2,turneja
6252,16661529,"AL Najafi","2026-08-08 03:39:39",578.7,2,alnajafi
6253,16665932,"Fabian Birringer","2026-08-21 18:31:41",578.5,2,fabianbirringer
6254,16854414,handsomeHBS,"2026-09-26 12:58:53",578.5,2,handsomehbs
6255,16797356,"Thalía Cantero","2026-09-15 15:41:27",578.5,2,thalicantero
6256,16714100,SuperMercat,"2026-09-09 15:13:08",578.5,2,supermercat
6257,16651593,"huanxian chen","2026-08-11 11:13:05",578.4,2,huanxiachen
6258,16752362,"Shashank Jangid (G25AIT2100)","2026-09-25 12:43:50",578.4,2,shashankjangid
6259,16651661,"Quyền Thịnh","2026-08-07 06:27:45",578.2,2,quynthnh
6260,16793189,"Akash Mohan Chaudhary","2026-09-01 18:29:57",578.1,2,akashmohanchaudhary
6261,16655449,tcvieira,"2026-08-06 18:20:34",577.9,2,tcvieira
6262,16716941,林木子吖,"2026-08-24 09:28:59",577.8,2,linmuzi0108
6263,16941519,Dr.Hazbulla,"2026-09-24 14:05:45",577.8,2,drhazbulla
6264,16706456,"Michael van Mill","2026-08-12 09:58:40",577.7,2,michaelvanmill
6265,16657347,"Hibiki M","2026-08-20 15:30:40",577.7,2,hibikibrise
6266,16677366,Gmmastermind,"2026-08-07 01:19:13",577.7,2,gmmastermind
6267,16668211,"Alejandro Hernández Mairal","2026-09-03 13:28:29",577.6,2,alherma7
6268,16699140,St.Valentine,"2026-08-18 09:49:04",577.6,2,stvalentin3
6269,16717614,Dhanyashree1028,"2026-08-16 15:00:37",577.5,2,dhanyashree1028
6270,16714208,TirumalaMarri,"2026-08-29 00:04:15",577.4,2,mtreddy
6271,16848416,"Mayank Bhatia","2026-09-07 15:09:19",577.4,2,mikemayankb
6272,16671421,"Gryffin Wang","2026-08-08 23:08:40",577.4,2,gryffindoraf
6273,16659341,Aryan88097,"2026-08-05 17:26:57",577.3,2,aryan88097
6274,16659939,"Mouafak Dakhlaoui","2026-09-21 02:34:52",577.2,2,sharmoul
6275,16655663,"Farmland Destroyer","2026-08-19 13:43:22",577.1,2,minghaopang
6276,16786437,"Kiran Narayana K","2026-08-30 06:45:20",577.1,2,kirannarayanak
6277,16777065,"dani yemane","2026-09-17 20:43:13",577.0,2,daniyemane
6278,16622993,"Yaroslav Tanko","2026-08-18 04:34:12",577.0,2,yaroslavtanko
6279,16664267,"Alan T. Andrea","2026-08-09 03:22:40",576.7,2,alantandrea
6280,16668439,Lugas024,"2026-08-08 05:33:51",576.7,2,lugas024
6281,16723729,"Lucas Cimiano","2026-08-29 17:21:55",576.5,2,lucascimiano
6282,16661650,"Docker container","2026-08-15 18:52:39",576.4,2,yossefaymanzedan
6283,16897403,"Abel Markose","2026-09-18 03:08:38",576.4,2,"abelmarkose,sreehari3301"
6284,16657798,"Ian Kim","2026-08-06 05:07:10",576.4,2,ianpkim
6285,16850246,"Makarand Gokhale","2026-09-24 01:08:26",576.2,2,makarandgokhale
6286,16661210,vizyourdata,"2026-08-07 11:05:08",576.2,2,vizyourdata
6287,16671940,LJazya,"2026-09-05 02:54:37",576.1,2,jihanelek
6288,16668819,"ahmedou sidi med","2026-08-19 00:05:55",575.7,2,ahmedousidimed
6289,16660345,"Aadhithya Ramesh","2026-08-06 08:49:10",575.7,2,aadhithyaramesh
6290,16725913,StarStone_233,"2026-08-16 07:22:12",575.5,2,starstone233
6291,16755548,"Manuel Ramos","2026-08-27 19:06:26",575.5,2,aizpask13
6292,16675457,"Ramana Prabhu Sana","2026-09-21 11:05:54",575.3,2,ramanaprabhusana
6293,16719696,"Spencer Farrand","2026-08-17 18:40:28",575.3,2,spencerfarrand
6294,16732529,"lixinglong ye","2026-09-09 07:46:16",575.3,2,lixinglongye
6295,16711567,"Finn Brooks","2026-08-15 04:40:11",575.2,2,finnbr
6296,16888433,SINKO1,"2026-09-25 20:49:06",575.1,2,sinko1
6297,16655039,"Andrew Yip","2026-08-06 20:14:49",574.8,2,yipcma
6298,16926064,"amit shulstein","2026-09-25 12:06:45",574.8,2,amitshulstein
6299,16662094,"moncef elm","2026-09-23 09:09:03",574.8,2,moncefelm
6300,16881624,RetrainMap,"2026-09-12 20:08:45",574.8,2,retrainmap
6301,16654099,"Bhupin Thapa magar","2026-08-10 09:22:06",574.7,2,vupeenthapamagar
6302,16683282,ayushk_empire,"2026-08-14 11:50:15",574.5,2,ayushkempire
6303,16747180,KaiKogure,"2026-09-03 12:46:04",574.4,1,kaikogure
6304,16735476,"Matthew Liew","2026-08-18 08:02:11",574.4,2,matthewliew
6305,16701034,notnorm,"2026-08-11 10:31:23",574.3,1,notnorm
6306,16745109,deflexor,"2026-08-27 21:35:07",574.3,2,deflexor050
6307,16632757,taopy2,"2026-09-26 08:02:34",574.1,2,taopy2
6308,16793802,"Andrew Lam","2026-09-01 09:07:56",574.0,2,andrewlam23
6309,16632994,primal,"2026-08-12 16:02:29",573.9,2,primalhost
6310,16763113,sowhatwillwelearn,"2026-09-01 11:03:47",573.6,2,sowhatwillwelearn
6311,16670313,HamzZZzzZZa,"2026-08-06 22:01:28",573.6,2,memesalot
6312,16664884,Abhijeetgg,"2026-08-12 08:53:50",573.6,2,abhijeetgg
6313,16777228,"Zach Locke","2026-09-18 10:25:06",573.6,2,zachlocke
6314,16733763,Gaurav,"2026-09-04 00:54:37",573.4,2,gauravahlawat
6315,16639867,vibecoder,"2026-08-08 05:34:55",573.4,2,kunal808
6316,16753353,"Aayush Kumar","2026-09-23 14:16:00",573.3,2,devaayushkumar
6317,16767932,"Mark #3","2026-09-24 12:07:36",573.1,2,markdjadchenko
6318,16774890,SkoopSkoop,"2026-08-31 16:08:04",573.0,2,skoopskoop
6319,16809158,"Kaito Sada","2026-09-08 05:17:26",572.9,2,kaitosada
6320,16666648,"Sriram Reddy19","2026-08-06 08:40:07",572.8,2,sriramreddy19
6321,16658042,"Giampietro Pregnolato","2026-08-13 09:17:36",572.8,2,giampietropregnolato
6322,16689391,"Tejas Rajput","2026-08-08 17:21:18",572.7,2,tejasrajput123
6323,16925564,"shikigami yao","2026-09-25 13:52:11",572.7,2,shikigamiyao
6324,16730231,chandler14362,"2026-08-29 03:04:49",572.5,2,chandler14362
6325,16825667,"Lê Minh Dương","2026-09-08 05:45:07",572.5,2,minhduonq
6326,16743382,"Pavan Rangisetti","2026-09-15 03:42:00",572.5,2,pavanrangisetti
6327,16731616,"Mohamed Aashik 24","2026-09-14 19:24:28",572.4,2,mohamedaashik24
6328,16880707,Joy_22@1,"2026-09-25 18:15:40",572.4,2,joy221
6329,16811935,"Bhargavaram Gajula","2026-09-05 18:08:56",572.2,2,bhargavaramgajula007
6330,16756677,"Pyzh Vladislav","2026-08-24 10:19:44",572.1,2,pyzhvladislav
6331,16623644,Accer_sz,"2026-08-02 00:27:32",572.0,2,accersz
6332,16665471,"Dennis Navamani","2026-08-25 11:10:08",571.9,2,dennisnavamani
6333,16699091,Umkaaa,"2026-09-15 14:04:55",571.8,2,umkaaa
6334,16771001,"0x1369 T-Farm","2026-08-31 04:38:04",571.7,2,xcryst
6335,16926026,"Michael Pamurahardjo","2026-09-24 17:40:08",571.6,2,michaelpamurahardjo
6336,16713249,"vedant patnala","2026-08-27 22:38:03",571.6,2,vedantpatnala
6337,16733046,Afordancja,"2026-08-24 18:22:42",571.5,2,afordancja
6338,16634204,"m-toshi desu","2026-08-01 06:20:37",571.5,2,mtoshidesu
6339,16757280,"manos papagiannidis","2026-09-09 08:30:46",571.4,2,manospapagiannidis
6340,16728799,JulianHahn28,"2026-08-17 21:26:57",571.2,2,julianhahn28
6341,16686222,"Nika Chaduneli","2026-08-10 01:21:09",571.1,2,nikachaduneli
6342,16663998,"Harith Al-Ani","2026-08-24 00:09:54",571.0,2,abo3losh
6343,16708824,"Tanaka Chiromo","2026-08-20 11:12:22",570.8,2,tanakachiromo
6344,16689398,Reesh,"2026-08-11 08:55:10",570.8,2,rishileung
6345,16629844,IsaacJinyu,"2026-08-01 15:39:55",570.8,2,isaacjinyu
6346,16717952,Aydar,"2026-08-29 21:28:35",570.7,2,aydara
6347,16731447,"Rúben Martins","2026-08-19 20:55:42",570.7,2,rubenmartins10
6348,16668648,"Mason R. Brito","2026-09-10 16:58:25",570.7,2,masonrbrito
6349,16655140,Efthimios,"2026-09-04 08:28:52",570.6,2,efthimiosfousekis
6350,16662120,"Harpal Gujral","2026-08-25 18:07:07",570.4,2,harpalgujral
6351,16687548,"Shubham Tibrewal","2026-09-22 07:13:23",570.1,2,researchai2026
6352,16713366,BANKAI,"2026-09-21 18:36:08",570.1,2,igors97
6353,16673151,skyblue01,"2026-08-27 07:56:10",570.1,2,skyblue01
6354,16671942,"JIVRAJ SINGH","2026-09-05 02:33:23",570.0,2,jivrajsingh
6355,16767632,"robin baldeo","2026-09-24 22:26:00",569.9,2,robinbaldeo
6356,16756564,"Nicolas Defossé","2026-08-25 21:10:58",569.9,2,nicolasdefoss
6357,16674950,Davide,"2026-09-03 09:22:38",569.9,2,quanttony
6358,16791701,"Tired Dad Data","2026-09-12 21:37:23",569.5,2,alexmaggard
6359,16692896,"Guy Lev","2026-08-20 19:18:52",569.5,2,sarthobi
6360,16666099,"Marcben James Samuel","2026-09-17 05:52:20",569.3,2,marcbenjamessamuel
6361,16659444,"ANKIT AGARWAL","2026-09-26 11:42:35",569.3,2,ankwall223
6362,16654640,"Halil Akbas","2026-08-28 00:32:12",569.3,2,halilbrahimakbas
6363,16663210,"Marco Nasuelli","2026-09-13 15:58:07",569.1,2,marconasuelli
6364,16654746,"Michael Mullen","2026-08-06 11:08:31",569.1,2,mmullen200
6365,16810497,Garuda,"2026-09-07 06:32:01",569.1,2,santhoshreddypasnoor
6366,16793489,hendracos,"2026-09-02 03:10:03",569.1,2,hendracos
6367,16711868,"Mark Cooper","2026-08-16 13:09:02",569.1,2,markjcooper
6368,16731260,"Jeel Gajera","2026-08-18 07:44:44",568.8,2,jeelog
6369,16755344,"Alizen James","2026-08-23 18:34:30",568.3,2,alizenjames
6370,16750447,Morpheus0303003,"2026-08-24 16:58:42",568.2,2,morpheus0303003
6371,16806165,"Kaige Wei","2026-09-21 03:07:06",568.1,2,kaigewei0403
6372,16663909,HDPark,"2026-08-17 04:48:41",568.1,2,hdpark
6373,16927406,wmar,"2026-09-25 17:51:43",568.0,2,wmar38334
6374,16823681,Yielder,"2026-09-10 16:59:40",567.8,2,georgepapasideris
6375,16652635,panacea9320,"2026-08-05 10:45:06",567.6,2,panacea9320
6376,16639679,"Felix Allistar","2026-09-23 09:14:32",567.5,2,felixallistar
6377,16892971,BeachedRobot,"2026-09-26 02:46:44",567.2,2,beachedrobot
6378,16937434,iit24m1520,"2026-09-23 06:17:13",567.2,2,iit24m1520
6379,16943628,"Michael Liu","2026-09-23 04:19:13",567.2,2,mliu1204
6380,16731009,"Joseph Paris","2026-08-24 05:32:21",567.2,2,josephkparis
6381,16749236,"Michael Müller","2026-09-07 15:57:15",566.9,2,michaelmller
6382,16635377,het2554,"2026-09-13 07:55:05",566.4,2,crazy2554
6383,16864562,otaniyu,"2026-09-15 00:53:18",566.1,2,otaniyu
6384,16674504,"Arunabh Gupta","2026-08-18 11:10:33",566.0,2,"arunabhsgupt4,eggsysy"
6385,16664134,"Pelayo Fernández","2026-08-07 10:36:48",565.9,2,pelayofdez
6386,16670615,Ahornsirup,"2026-09-06 21:03:14",565.7,2,ahornsirup
6387,16659663,Chintakrinda_Naveen,"2026-09-22 04:04:37",565.7,2,naveen998
6388,16655527,"Saurabh Kumar","2026-08-06 08:14:52",565.6,2,sk25oct
6389,16731173,AynRmio,"2026-09-17 08:48:38",565.3,2,aynrmio
6390,16715225,"Someswararao Tellakula","2026-08-17 01:15:37",565.2,2,someshtellakula
6391,16847801,"Joachim Oliver Mampouya","2026-09-08 14:54:14",565.2,2,olivermam
6392,16796445,"Md Aminul Islam","2026-09-23 23:47:12",565.1,2,aminulabir
6393,16670698,"Tamerlan Dadashov","2026-08-09 10:36:12",565.1,2,tamerlandadashov
6394,16793892,cjc0013,"2026-08-31 18:27:50",565.0,2,cjc0013
6395,16686743,charmander,"2026-09-11 15:44:15",564.9,2,rahuladhi
6396,16851330,umar,"2026-09-16 03:04:16",564.9,2,umar4md
6397,16735624,"Marc Rippee","2026-08-24 05:03:34",564.8,2,marcrippee
6398,16658686,"Alpesh Kumar","2026-08-08 06:12:31",564.8,2,alpeshkumar
6399,16841559,dal7,"2026-09-09 04:32:12",564.8,2,purelyconceptual
6400,16725871,"Patrice Santiago","2026-09-03 22:19:56",564.5,2,patricesantiago
6401,16665133,"Abhishek Dubey","2026-08-10 13:28:57",564.4,2,abhishekdubey911
6402,16727241,Yogesh2850,"2026-08-17 09:55:08",564.4,2,yogesh2850
6403,16759265,AI老爸,"2026-09-06 15:42:27",564.0,2,tsengchienchih
6404,16771283,taroyan-vamos,"2026-09-08 15:31:54",563.9,2,taroyanvamos
6405,16709318,"Jana Hagen","2026-08-26 18:00:16",563.9,2,janahagen
6406,16665990,daffaharil,"2026-08-11 07:56:55",563.8,2,"daffaharil,farhansiddiq"
6407,16853993,"Christie Lam","2026-09-16 03:13:27",563.8,2,christielam
6408,16664790,"soumic 1088","2026-08-19 08:34:34",563.8,2,soumic1088
6409,16621407,Kh0a,"2026-09-15 06:55:26",563.8,2,llkh0a
6410,16745972,yamy893,"2026-08-22 02:14:20",563.7,2,yamy893
6411,16795256,"N Nelson","2026-09-05 14:29:25",563.3,2,napoliyannelson
6412,16690869,"Yudai Hayashi","2026-08-23 09:14:30",563.3,2,yuhaya9
6413,16689033,arman1o1,"2026-09-01 05:01:27",563.2,2,arman1o1
6414,16632510,shi_koyo,"2026-08-04 08:58:56",563.2,2,shikoyo
6415,16734822,Zcy,"2026-09-20 12:04:41",563.0,2,laura831
6416,16687390,"Mark Calvert","2026-08-08 09:51:55",563.0,2,markycalvert
6417,16663656,"Andrii Kavetskyi","2026-08-20 21:48:20",562.9,2,andriykavetsky
6418,16654454,"Haoxiang Li","2026-09-06 09:24:47",562.8,2,haoxiangli789
6419,16748603,qianzhonhao,"2026-09-03 08:20:45",562.7,2,qianzhonhao
6420,16697941,"Raphael Coelho","2026-08-16 15:24:28",562.6,2,raphaelrrcoelho
6421,16696916,Sundar,"2026-08-11 13:04:59",562.6,2,vsundar17697
6422,16666084,"Andaç Demirdelen","2026-08-09 19:18:08",562.5,2,andacdemirdelen
6423,16892496,"Alif Mahmud 1993","2026-09-15 16:35:27",562.5,2,alifmahmud1993
6424,16667514,"Kakarott 10","2026-08-06 09:05:43",562.5,2,kakarott10
6425,16799391,"Mehdi El M.","2026-09-07 14:08:22",562.5,2,mehdielm
6426,16744133,"levr hang","2026-09-08 16:39:27",562.4,1,levrhang
6427,16730236,加麻不加辣,"2026-09-17 13:03:48",562.4,2,"shiyuanhe123,zihaokang"
6428,16669393,"ÖMER FARUK YILMAZ","2026-08-07 19:54:59",562.3,2,ofyzero
6429,16947326,"Sachin Sachdeva","2026-09-23 12:55:56",562.1,2,sachinsachdeva
6430,16739449,SelvapriyankaRam,"2026-08-24 18:44:21",562.0,2,selvapriyankaram
6431,16694134,"Sophia Leng","2026-08-24 20:04:10",561.9,1,sophialeng9
6432,16697261,nbauerle,"2026-08-14 15:10:38",561.8,2,nbauerle
6433,16706455,"John Andrei Martinez","2026-08-18 18:55:04",561.7,2,johnandreimartinez
6434,16730030,"Jared Wilder","2026-08-17 14:23:15",561.6,2,jaredwilder
6435,16717245,bernard558,"2026-08-24 22:18:16",561.5,2,bernard558
6436,16660138,"Sanchit Handa","2026-09-12 18:45:23",561.5,2,"harmanjotsingh8,sanchithanda182006"
6437,16637776,MarvelousXun,"2026-08-03 09:33:38",561.4,2,marvelousxun
6438,16675832,"Dean Shalev","2026-08-09 04:12:47",561.2,2,deanshalev
6439,16623213,zulfikar.khalwaniev,"2026-08-23 09:08:56",561.0,1,khalwaniev
6440,16731996,Chloe,"2026-08-18 02:58:05",560.9,2,chenchloehaimo
6441,16792449,SKYisSKYisSKY,"2026-08-31 04:16:07",560.7,2,skyisskyissky
6442,16774524,ShinYingChua,"2026-09-13 15:35:15",560.5,2,shinyingchua
6443,16702993,PLM,"2026-08-30 13:58:34",560.3,2,"ileabogdan,popu23,razvaniga,rvaurs"
6444,16700885,"Malala Ramaha","2026-09-19 17:11:00",560.3,2,malalaramaha
6445,16658019,ไอติวบ้านปังมาเอาแช้มมมม,"2026-08-08 18:43:05",560.2,2,tewnabhat
6446,16877886,"Mohamed el.harery","2026-09-16 00:51:49",560.1,2,mohamedelharery
6447,16732609,"Filippo Paninforni","2026-08-19 18:30:22",560.1,2,filippopaninforni
6448,16662421,"Aparna Mantha","2026-08-06 17:23:34",559.9,2,aparnam91
6449,16694064,RRK0123,"2026-08-17 05:30:52",559.9,2,rrk0123
6450,16707767,"Lai Eu Wen","2026-08-16 16:47:50",559.9,2,laieuwen
6451,16707037,"Cedoque BAGBONON","2026-09-20 10:27:32",559.8,2,cedbag
6452,16705401,"Nguyen Hong","2026-09-26 11:41:18",559.7,2,nguyenhongbubu
6453,16658937,SebastianQbiak,"2026-08-05 06:20:18",559.6,2,sebastianqbiak
6454,16689919,"Koren Ben Ezra","2026-08-08 17:49:55",559.6,2,korenbenezra
6455,16674612,"Muhammad Dhiaz Rafilianza","2026-09-25 12:28:11",559.5,2,dhiazr
6456,16846408,"Arpit Gole","2026-09-16 02:21:23",559.3,2,connecttoarpitgole
6457,16664041,"an Expired Engineer","2026-08-17 12:02:21",559.2,2,sanggusti
6458,16670708,"Mohammad Usman Sajid","2026-09-03 18:26:11",559.1,2,mohammadusmansajid
6459,16671237,"Jose Alejandro Rivera Jaramillo","2026-08-07 18:13:13",559.0,2,alejandroriveraj
6460,16664415,"Imerson Krysthio","2026-08-12 05:37:03",558.8,2,imersonk
6461,16670070,"Kirill Molostov","2026-08-31 12:18:26",558.8,2,kirillmolostov
6462,16845009,"Nyasha Gandah","2026-09-15 06:20:21",558.8,2,nyashagandah
6463,16854535,Dragon,"2026-09-09 16:48:11",558.7,2,dragon116rus
6464,16809136,"Xander Lee","2026-09-04 13:56:48",558.6,2,xndlee
6465,16843436,ktaery,"2026-09-20 15:56:31",558.4,2,ktaery
6466,16777056,"Seb boulba","2026-08-27 21:03:26",558.2,2,sebboulba
6467,16789914,AkikJana,"2026-09-07 16:37:53",558.2,2,firewaterair
6468,16623678,"Mahog & Gerar","2026-09-25 14:01:38",558.0,2,"gerardeltoro,mahoganybuttstrings"
6469,16699711,"maxscender ","2026-08-13 14:03:35",558.0,2,maxscender
6470,16623745,chunluran,"2026-09-26 07:44:42",557.9,2,chunluran
6471,16785687,"AP SEM F STUDENTS","2026-08-31 03:52:37",557.9,2,"advaithn0518,rohanjeyavel,shrivatsamurugan,stitchsages"
6472,16805275,"Women or something","2026-09-26 04:03:19",557.8,2,"appalachianmounta1n,reneeschmidt"
6473,16697526,"Jurgen Sinjari","2026-08-10 21:21:26",557.7,2,jurgensinjari
6474,16668175,el_dedalus,"2026-08-06 14:48:01",557.7,2,eldedalus
6475,16650930,"Govind Sharma","2026-08-24 09:25:23",557.6,2,govindsarswat
6476,16750751,AarizKh,"2026-09-09 16:28:15",557.3,2,aarizkh
6477,16732048,jiangletian,"2026-09-23 08:26:10",557.3,2,jiangletian
6478,16858944,Ashish_G_A,"2026-09-26 07:32:35",556.8,2,ashishga
6479,16925954,"Ibrahim Emir Tosun","2026-09-20 10:48:22",556.8,2,tosunn
6480,16700441,"Houssem RIAHI","2026-08-27 14:54:09",556.6,2,houssemriahi
6481,16691518,"Sander Ee","2026-08-09 12:03:09",556.5,2,sanderee
6482,16692995,RafaMartinaitis,"2026-08-22 11:50:10",556.3,2,rafaelmartinaitis
6483,16855052,pk954061458,"2026-09-14 10:37:54",556.3,2,pk954061458
6484,16658009,"Lando Wang","2026-08-05 02:18:17",556.3,2,landowang
6485,16928702,UnkaiNene,"2026-09-24 18:17:23",556.1,2,unkainene
6486,16883048,"Amit Gunjan","2026-09-23 00:17:42",556.0,2,daydreamerthinks
6487,16681149,Lee14k,"2026-08-19 17:00:35",556.0,2,lee14k
6488,16732307,"Shobha Vashishtha","2026-08-17 12:32:07",555.6,1,shobhavashishtha
6489,16674841,"Syna Bedi","2026-08-15 09:57:28",555.4,2,synabedi
6490,16926169,LeoBode,"2026-09-23 14:47:18",555.2,2,lebo124
6491,16712870,"Jose Gibson","2026-08-13 20:09:11",555.2,2,josegibson
6492,16678157,"Ayush Kumawat","2026-08-14 13:10:02",555.1,2,ayushkumawat21
6493,16781377,AgriMind,"2026-09-20 23:27:15",555.1,2,slimaneguermat
6494,16671420,"Chengchen Duan","2026-08-17 15:25:09",555.1,2,chengchenduan
6495,16655426,engin_zhou,"2026-08-05 15:21:18",555.0,2,enginzhou
6496,16659367,"Tayyab Aamir","2026-08-06 10:59:49",554.9,2,duketi
6497,16743815,"Asanka Pradeep","2026-08-23 14:32:46",554.9,2,asanakapr
6498,16660319,fahimMK,"2026-09-19 16:43:05",554.8,2,fahimmk
6499,16763287,Sathishkumartheta,"2026-08-25 18:53:26",554.7,2,sathishkumartheta
6500,16924174,"Brijesh Sankhavara","2026-09-19 07:12:58",554.6,1,brijeshsankhavara1
6501,16724819,Dwij12,"2026-08-20 18:28:01",554.5,2,dwij12
6502,16762994,AdvancedRising,"2026-09-13 14:54:28",554.3,2,advancedrising
6503,16659951,"CHRISTOPHER CRILLY","2026-09-11 12:23:20",554.3,2,christophercrilly
6504,16676360,"Chris Kang","2026-08-17 10:07:49",554.2,2,rukawa917
6505,16770891,"Oleg Shatov","2026-09-05 16:34:56",554.1,2,bishkek
6506,16890342,Bin.Han,"2026-09-21 05:17:00",553.5,2,binhan0514
6507,16677231,"Ahmed Bootaan","2026-08-06 18:08:52",553.2,2,ahmedbootaan
6508,16665894,"Pedro Wu","2026-09-03 03:40:31",553.2,2,pedropei
6509,16779539,"Dmitri Bugakov","2026-08-27 16:34:42",553.1,2,dmitrybugakov
6510,16738777,"Balwinder Singh1235","2026-08-20 10:21:34",552.8,2,balwindersingh1235
6511,16625047,BOBQWERA,"2026-08-02 06:34:18",552.8,2,bobqwera
6512,16782187,"Margo Kim","2026-08-28 19:15:18",552.7,2,margokim
6513,16677178,"YOUSSEF FAID","2026-08-11 21:10:38",552.5,2,yousseffaid
6514,16707078,"Loïc & Zach","2026-08-24 20:25:24",552.5,2,"locmmeteau,zachariedubus"
6515,16669597,农业农村部,"2026-08-10 19:11:08",552.4,2,"bingzhenghan,hrwan1,krasuszl"
6516,16660540,Minikotey,"2026-08-16 15:34:40",552.2,2,juliapatarishina
6517,16633379,"Artem Prokhorov","2026-07-31 20:53:32",552.1,1,catfield123
6518,16747345,"Alex #3","2026-09-17 08:59:07",552.1,2,alexb99
6519,16622938,"Farmville Redux","2026-08-03 18:58:04",552.0,2,daveconnor
6520,16793913,"Vrushal Patil","2026-09-06 11:13:36",551.8,2,vrushalpatil
6521,16696526,"Reda HEDDAD","2026-09-05 21:17:22",551.8,2,redaheddad
6522,16728220,Naki,"2026-09-08 11:50:44",551.7,2,nanakiohashi
6523,16904690,"yuya #2","2026-09-17 07:21:26",551.6,2,pineandtree
6524,16663551,"Germinator G-1000","2026-09-18 19:25:47",551.4,2,sinkingpoint
6525,16763088,mason.jr,"2026-08-25 04:29:36",551.3,2,haophanzx
6526,16732357,"Thales Augusto Leite de Souza","2026-08-23 23:43:38",551.3,2,thalestals
6527,16659418,"Fonge Bertin","2026-08-06 09:26:33",551.2,2,fongebertin
6528,16691398,"Time to Win","2026-09-03 04:36:52",551.2,2,yatharthdurgapal
6529,16844527,"Suyog Gund","2026-09-12 18:30:05",551.1,2,suyoggund
6530,16750666,"Mitali Yadav","2026-09-23 07:31:39",551.1,2,mitaliyadav18
6531,16663437,inversion,"2026-08-04 20:44:41",551.0,1,inversion
6532,16630837,"Vishal Sharma","2026-08-05 18:24:44",551.0,2,vishal40182
6533,16676534,AlphaBound,"2026-08-25 05:26:32",550.9,2,somsubhrometya
6534,16659598,kudston,"2026-09-15 18:38:11",550.9,2,kudston
6535,16770674,"Arpit Jain","2026-09-02 11:44:36",550.8,2,arpitjain5
6536,16728743,Miki_Nuummiu,"2026-09-16 20:54:12",550.8,2,mikinuummiu
6537,16704437,babybuffalo,"2026-08-25 16:11:16",550.8,2,babybuffalo
6538,16655651,"Kevin Cho","2026-09-14 16:40:58",550.7,2,chokevinjs
6539,16761451,gulag,"2026-08-24 03:39:54",550.6,2,moglin
6540,16671256,"Navid Zaman","2026-09-08 13:58:31",550.6,2,navidzaman01
6541,16715495,Yashi003,"2026-08-24 04:44:40",550.5,2,yashi003
6542,16673359,hasshi7965,"2026-09-23 04:34:47",550.4,2,hasshi7965
6543,16726080,"Arda Yasar","2026-08-19 06:02:10",550.4,2,ardayasar
6544,16872064,"Jimmy Erickson","2026-09-13 19:43:54",550.4,2,jimmyerickson
6545,16786140,valgrinderror,"2026-09-18 19:36:35",550.3,2,valgrinderror
6546,16665622,one,"2026-08-11 04:10:11",549.9,2,richardsplayground
6547,16708907,"[Deleted] 84526ff4-3aed-4b4b-a45f-a4486f01cb7b","2026-08-13 20:01:55",549.9,2,del=34c747d6ee8d2bd7
6548,16730104,BartHeart,"2026-08-20 18:58:23",549.8,2,bartheart
6549,16657104,"Bashar Gamal","2026-09-15 05:51:30",549.8,2,bashargamal
6550,16744534,"Leonardo Custode","2026-09-11 09:16:04",549.7,2,leocus
6551,16862124,"Lei Yang23","2026-09-16 18:09:55",549.7,2,leiyang23
6552,16886077,"Rajan Aggarwal","2026-09-17 15:19:02",549.6,2,rajanaggarwal11
6553,16789550,foundtion,"2026-08-30 13:19:22",549.3,2,foundtion
6554,16738261,"Samuel Moreira","2026-08-24 14:11:40",549.2,2,samuelmoreira420
6555,16672370,"Yash Barhanpurkar","2026-09-10 17:36:18",549.0,2,yashbarhanpurkar
6556,16658116,Emmy,"2026-09-26 08:34:35",548.8,2,emmyone
6557,16669396,Fleo98,"2026-08-10 15:43:34",548.7,2,fleo98
6558,16640504,"Recep Öztürk","2026-08-26 11:19:31",548.7,2,rcpztrrk1
6559,16743823,"Zeyu Huang_summer","2026-09-14 15:40:41",548.7,2,zeyuhuangsummer
6560,16664731,UT,"2026-08-21 15:24:42",548.7,2,"sabapunch,wasshan"
6561,16883042,"Stefan Berger","2026-09-20 21:06:25",548.7,2,stefanberger1111
6562,16851079,"Nathaniel Marshall","2026-09-08 02:04:22",548.7,2,nm4rshall
6563,16823853,Zerbytheboss,"2026-09-06 22:03:05",548.6,2,zerbytheboss
6564,16657871,Lucienne,"2026-08-05 03:13:59",548.6,2,yangnianan
6565,16669595,evanca,"2026-08-08 12:27:56",548.5,2,evanca
6566,16744898,"Tore Erdmann","2026-09-19 16:19:24",548.5,2,toreerdmann
6567,16831074,BiNar,"2026-09-18 19:13:55",548.4,2,durbinar
6568,16663766,"Anup Gautam","2026-08-08 01:29:10",548.3,2,anupanda
6569,16749104,danielx119,"2026-08-20 16:36:00",548.2,2,danielx119
6570,16720788,Anson,"2026-09-05 19:45:48",548.1,2,anson0496
6571,16655571,yuken,"2026-08-07 13:27:53",548.0,2,yukenai
6572,16697704,"Leonid Matetskiy","2026-08-09 21:39:06",547.9,2,leonidmatetskiy
6573,16662103,"Saravana Thiagarajan K","2026-08-05 21:43:42",547.8,2,saravanatk1984
6574,16721877,SuzukiTakumi,"2026-09-26 11:09:24",547.8,2,suzukitakumi
6575,16621811,"Shaun Andrade","2026-08-01 00:44:42",547.8,2,shaunandrade
6576,16702118,"cemal özdeniz","2026-08-10 20:27:17",547.7,2,cemalzdeniz
6577,16688175,aarav221w,"2026-08-25 23:40:16",547.7,2,aarav221w
6578,16684886,HTHub,"2026-08-08 00:12:47",547.7,2,adegokesaidi
6579,16665060,Pipeweed,"2026-08-27 18:14:40",547.7,2,pipeweed56
6580,16660670,"Chirag Bhatnagar","2026-08-31 09:21:45",547.7,2,chiragbhatn
6581,16774843,"Assylkhan Kerey","2026-08-30 03:16:54",547.7,2,n0nlyy
6582,16793680,prajval_p,"2026-09-01 01:03:39",547.4,2,prajvalp
6583,16660419,"Kai-Shih Chiu","2026-08-06 12:54:22",547.4,2,kaishihchiu
6584,16663677,"Aghazie David","2026-08-07 00:32:14",547.4,2,aghaziedavid
6585,16691552,"Koshtubh Singh Parihar","2026-08-09 03:19:39",547.4,2,koshtubhsinghparihar
6586,16658151,"Nguyễn Phúc Gia Bảo","2026-08-06 15:15:07",547.3,2,kevincrazy678
6587,16688220,Aadi,"2026-08-24 23:10:37",547.3,2,aadicv
6588,16844385,"Michael Leo Tan","2026-09-08 02:56:03",547.2,2,michaelleotan
6589,16661564,yang20251228,"2026-09-02 03:40:29",547.1,2,yang20251228
6590,16657016,"MD. AS-AID RAHMAN","2026-08-26 15:57:49",547.1,2,mdasaidrahman
6591,16673191,juliye,"2026-08-10 03:49:13",546.9,2,juliye
6592,16682876,"Kartik Garg","2026-08-09 05:21:34",546.6,2,kartikgarg97
6593,16837934,"Osman ILICA","2026-09-09 02:30:19",546.6,2,osmanilica
6594,16674106,Nanga_rendu_peru,"2026-09-24 16:10:18",546.4,2,"dineshak07,jaikrishna007"
6595,16762206,"mohammad khanjani2026","2026-09-06 05:17:52",546.4,2,mohammadkhanjani2026
6596,16826099,"Aykut Çağlar","2026-09-15 16:08:32",546.2,2,aykutcaglar
6597,16811603,hundun,"2026-09-04 09:48:18",546.2,2,zhongh4oyang
6598,16717850,"HeeGwan Lee","2026-09-06 11:51:49",546.1,2,heegwanlee
6599,16667143,"Noct-Tech zombie","2026-08-06 13:46:51",546.0,2,jo3thaboss
6600,16683383,Boardgamers,"2026-09-26 08:51:00",545.9,2,"cgchirag,hitishagoyal,nandneepriya,navneetprabhat"
6601,16699756,"zhang xin","2026-09-23 02:00:57",545.7,2,zhangxin300
6602,16703129,"Pratik Vadher","2026-08-10 21:08:27",545.7,1,pratikvadher
6603,16719172,"Victor Carriço","2026-08-24 03:35:14",545.6,2,kronossaurus
6604,16667565,BeeDeeR,"2026-09-23 01:13:42",545.4,2,beedeer
6605,16670544,"William Rients","2026-08-06 00:01:02",545.4,2,williamrients
6606,16891652,Cristian034,"2026-09-24 09:24:15",545.3,2,cristian034
6607,16732725,MackTen,"2026-08-19 08:14:01",545.3,2,mackten
6608,16693233,"Noah Wheeler","2026-09-22 23:13:00",545.3,2,nwheeler806
6609,16857823,"Hà Công Nga ","2026-09-10 02:49:42",545.2,2,hcngnga
6610,16718363,"Jarbas Camurça","2026-08-28 11:15:44",544.8,2,pjarbas
6611,16656792,"Gnanaprakash R","2026-08-28 15:05:38",544.6,2,gnanaprakashr
6612,16730461,"Mubin Shaikh","2026-08-19 06:09:17",544.3,2,shaikhmubin
6613,16726684,"William Lee","2026-08-19 15:35:28",544.3,2,notyouravgwilly
6614,16684674,"Ch Muhammad Umer ","2026-08-11 08:11:36",544.2,2,chmuhammadumer
6615,16687448,"Israel Burns","2026-08-12 08:41:38",543.9,2,israelburns
6616,16895374,JerryWang19,"2026-09-15 08:09:57",543.9,1,jerrywang19
6617,16762010,"Ivan Piaternev","2026-09-15 08:14:40",543.7,2,iamvanya
6618,16728195,"6 GOD","2026-08-21 15:50:28",543.7,2,tertospacko
6619,16808696,마짱MAZZANG,"2026-09-04 09:41:16",543.6,2,mazzang
6620,16736261,"Saptanshu Samal","2026-08-22 12:02:42",543.5,2,saptanshusamal
6621,16718366,RATriculture,"2026-08-28 19:15:28",543.4,2,tarasshchur
6622,16718445,"Hamza Elmorjani","2026-08-15 12:16:55",543.2,2,hamzaelmorjani03
6623,16667500,jiannebab,"2026-08-14 14:29:12",543.1,2,jiannebab
6624,16806260,"Kotaro Furuno","2026-09-03 14:36:00",543.1,2,kotarofuruno
6625,16675074,ahiokk,"2026-08-07 07:58:44",543.0,2,ahiokk
6626,16659446,zhaozy233,"2026-08-15 16:51:36",542.8,2,zhaozy233
6627,16863952,"Kuei-Hsien Chu","2026-09-10 06:14:39",542.7,2,formosa21
6628,16659138,allenbcy,"2026-09-10 14:41:18",542.6,2,allenbcy
6629,16738923,Quantum,"2026-08-29 01:40:45",542.4,2,jawadxhassan
6630,16712902,"Ethan Benjamin Cole","2026-08-13 12:19:26",542.4,2,ethanbenjamincole
6631,16669545,"Rishabh Gupta","2026-08-06 18:19:04",542.3,2,rishabhguptajs
6632,16732003,"HAO jia liu","2026-08-18 09:58:05",542.3,2,haojialiu
6633,16750614,"Shivansh Chaudhary","2026-09-05 06:17:27",542.2,2,shivanshchoo
6634,16733873,"Shirish Chinchanikar","2026-08-30 15:53:12",542.1,2,"codemastersj,shirishchinchanikar"
6635,16819076,"Keyur Gohel","2026-09-22 16:04:23",542.0,2,venuzdonoa
6636,16794491,"Sushant Pargaonkar","2026-09-02 02:59:45",541.9,2,sushantpargaonkar
6637,16660119,"Dhruva Das","2026-08-05 17:05:52",541.9,2,dhruva77
6638,16656883,KK,"2026-08-05 10:27:15",541.8,2,kkonzyb
6639,16671364,"Mike Riggs","2026-08-09 03:22:55",541.7,2,riggsasi
6640,16744752,"Dean Johnson","2026-08-27 10:26:20",541.7,2,deanjohnson202
6641,16692450,duckypants,"2026-08-23 20:36:59",541.7,2,duckypants
6642,16717742,"Ghawwjsb Vsjsjsbs","2026-08-13 22:32:49",541.6,2,ghawwjsbvsjsjsbs
6643,16896490,"Yiman Gao","2026-09-21 08:15:16",541.6,2,yimangao
6644,16693988,"Pranav Gupta","2026-08-18 03:51:41",541.5,2,kumbhakarann
6645,16666483,"Salih Erdem Kaymak","2026-08-08 17:32:38",541.5,2,saliherdemkaymak
6646,16866643,"Yan Slabodich","2026-09-15 08:02:34",541.5,2,yanskij
6647,16744239,"Diogo Gomes ","2026-08-25 09:39:28",541.4,2,diogogomes
6648,16800950,"Mani Kanta Kalluru","2026-09-09 17:17:20",541.4,2,manikantakalluru
6649,16657794,"Aromal vK","2026-08-06 15:35:11",541.4,2,aromalvk
6650,16899050,SerenaLsr,"2026-09-16 03:35:02",541.3,2,serenalsr
6651,16767800,awee,"2026-09-07 19:34:52",541.2,2,aweertw
6652,16658106,"Devam juthani","2026-08-05 08:18:14",541.1,2,devamjuthani
6653,16729531,alfphafarm,"2026-08-19 19:09:48",541.1,2,vudattumaniteja
6654,16927697,Mikiyaas,"2026-09-25 11:09:28",541.1,2,mikiyaas
6655,16675461,mins0_0,"2026-08-30 07:50:53",541.0,2,mins00
6656,16858984,Katherine_2002,"2026-09-24 07:17:45",540.9,2,katherine2002
6657,16841827,"pohang milk collector","2026-09-20 14:27:51",540.9,2,"duckhun,idearendil"
6658,16690940,NKryst,"2026-08-29 10:57:18",540.9,2,nkryst
6659,16658014,Bharath,"2026-09-25 18:49:15",540.9,2,pes2ug23cs121
6660,16692680,"Marc-Luca ","2026-08-11 12:02:15",540.9,2,marcluca
6661,16720143,"AMAN PANDEY","2026-08-16 13:57:00",540.9,2,amanapofficial
6662,16686613,Zubatch,"2026-08-15 20:11:39",540.9,2,zubatch
6663,16786297,isxinhe,"2026-09-19 16:25:26",540.8,2,isxinhe
6664,16730105,"Leonardo Palis","2026-08-17 03:35:05",540.7,2,leonardopalis
6665,16658775,"Vincent Pan","2026-08-29 12:55:20",540.6,2,"judithhong,vincentpan2005"
6666,16926699,"Juliano Batistim","2026-09-25 00:02:10",540.5,2,julianobatistim
6667,16885591,Orange,"2026-09-13 11:30:58",540.5,2,orangecoppers
6668,16654761,"Mohammed Mukthar","2026-08-05 02:06:15",540.4,2,mohammedmukthar9
6669,16752899,"Nicolò Alberti","2026-08-23 09:16:36",540.4,2,nicolalberti
6670,16642994,"Danila Galkin","2026-08-13 19:22:17",540.3,2,danilagalkin
6671,16736636,torch,"2026-08-18 10:35:29",540.3,2,rhtsingh
6672,16892008,#FeedThePuffer,"2026-09-21 02:24:32",540.0,2,"andrdalbosco,gabmaury"
6673,16839030,minedmap,"2026-09-07 20:19:52",540.0,2,minedmap
6674,16841589,加藤正樹,"2026-09-06 01:59:11",540.0,2,masaki9920
6675,16691164,"Krishna Saathwik","2026-08-13 13:50:40",540.0,2,krishnasaathwik
6676,16634316,"Cao Tùng Lâm","2026-09-01 07:16:08",540.0,2,liamislazy
6677,16654351,"Manish Kumar","2026-08-04 07:45:22",539.9,2,manishkumarphd2000
6678,16887280,"ronger zhu","2026-09-17 04:03:22",539.5,2,rongerzhu
6679,16865454,"Zhihuan Xue","2026-09-16 11:16:53",539.5,2,xuantianfengwu
6680,16640888,"Dhe Yeong","2026-09-25 03:38:43",539.3,2,dheyeong
6681,16674599,"Luka Duvanov","2026-08-19 22:03:46",539.3,2,nekkon
6682,16760025,DEBI,"2026-09-26 11:41:13",539.2,2,"mayarabdelfattah,omarelmaghraby03"
6683,16740662,宣城市机械电子职业技术学院,"2026-09-15 02:05:22",539.2,2,chenzhengy
6684,16690352,"Aled von Oppell","2026-09-24 16:04:36",539.1,2,aledgvonoppell
6685,16697346,"sayyid mogaka","2026-08-10 21:37:36",539.1,2,sayyidmogaka
6686,16639408,Invictus,"2026-08-11 22:44:04",539.1,2,nicho256
6687,16775237,"Haruki Iwase","2026-09-12 14:38:17",539.0,2,harukiiwase
6688,16773779,"Daichi Tanaka","2026-08-31 03:38:48",539.0,2,daichit64
6689,16848263,Xenongas,"2026-09-08 14:23:14",539.0,2,xenongas1
6690,16658738,Aman,"2026-08-05 11:12:10",538.9,2,amank95amank95
6691,16673981,"Aarya Jadhav","2026-09-22 15:24:49",538.9,2,aaryajadhav0310
6692,16690736,omarkami007,"2026-08-11 18:40:45",538.7,2,omarkami007
6693,16913155,DT,"2026-09-20 14:19:20",538.6,2,"bhd233,vatlegend"
6694,16660035,NoNamedeo,"2026-08-27 14:20:15",538.5,1,nonamedeo
6695,16686912,@mldsdev,"2026-08-13 02:07:44",538.4,2,lan1mel
6696,16845593,matsudaatom,"2026-09-07 14:44:59",538.4,2,matsudaatom
6697,16670779,"Aditya Dube","2026-08-06 01:41:24",538.2,2,dubeaditya
6698,16655075,"Félix Rodríguez Roble","2026-08-04 09:16:25",538.1,2,flixrodrguezroble
6699,16675264,"Alon Bar Koter","2026-08-06 16:16:43",538.1,2,alonbarkoter
6700,16811259,"Aaryan Agarwal","2026-09-03 20:21:00",538.1,1,aaryanagarwal
6701,16667818,AjayVarma555,"2026-08-09 15:14:45",538.0,2,ajayvarma555
6702,16773361,"tom yi","2026-09-24 08:56:59",537.7,1,tomyi1547
6703,16658718,"Duong Bao Duy","2026-09-15 13:31:45",537.7,2,duongbaoduy
6704,16710521,"Natpaphon Nukhunthod","2026-08-17 03:37:15",537.7,2,natpaphonnukhunthod
6705,16778145,TW_益民_li,"2026-09-03 12:28:49",537.7,2,liyimintw
6706,16657105,"Mathijs Deelen","2026-08-05 01:16:34",537.6,2,mathijsdeelen
6707,16675066,Opticulture,"2026-08-16 12:19:48",537.5,2,"bajibaburowthu,ponnuripavankumar,radhakrishnadoredla,veereshkumar1219"
6708,16686655,"Emir Baki Demirci","2026-09-26 00:48:25",537.2,2,emirbakidemirci
6709,16659309,irisV11,"2026-08-18 05:23:01",537.2,2,irisv11
6710,16752665,"Dominik Toric","2026-09-14 17:20:14",537.2,2,dominiktoric
6711,16702820,"Plorek ","2026-08-28 11:28:11",537.1,2,plorek
6712,16675900,"Pranav Advani","2026-09-26 11:23:53",537.1,2,pranavadvani
6713,16749764,Aquaflame,"2026-09-11 16:41:58",536.9,2,aquaflame
6714,16897043,"Suyog Dahal","2026-09-23 10:08:48",536.9,2,uzumakidahal
6715,16868576,DarkhanShakhan,"2026-09-15 20:17:01",536.7,2,darkhan1991
6716,16722366,"Aki Lit","2026-08-14 23:24:20",536.6,2,akilit
6717,16740646,"Darren Chung","2026-08-25 18:00:27",536.6,2,chungdarren
6718,16756029,EndCreeper,"2026-09-18 15:46:59",536.6,2,endcreeper
6719,16743438,嘎嘎滴辣晒,"2026-08-24 09:30:32",536.4,2,yuhangzhang0621
6720,16691271,"Ashler Herrick","2026-08-09 14:54:33",536.4,1,ashlerjohnherrick
6721,16669165,"IT Neko","2026-08-14 13:17:33",536.3,2,"nirvaanaa,zhexuanyecust"
6722,16670274,"dankwa wadie","2026-09-01 08:45:40",536.1,2,dankwawadie
6723,16706413,"Song Research","2026-08-18 00:39:36",536.0,2,sangbong91
6724,16668817,"Sean ODonnell","2026-08-08 03:27:47",535.8,2,sjean11
6725,16637894,"Leonardo Domingues","2026-09-25 17:28:07",535.8,2,leonardodomingues
6726,16655272,"Artur Sakhiullin","2026-08-09 14:27:52",535.7,2,artursakhiullin
6727,16735517,"Philipp k-s","2026-09-13 19:12:05",535.5,2,philippkeussenstrau
6728,16704569,"Lorenzo Grattarola","2026-08-16 22:24:15",535.2,2,lorenzograttarola
6729,16844670,"Zheng haoling","2026-09-07 04:22:40",534.8,2,zhenghaoling
6730,16657981,"Arijit Kar","2026-08-18 11:05:52",534.8,2,demonicak
6731,16712746,itsraininnnn,"2026-08-12 16:38:56",534.8,1,itsraininnnn
6732,16692246,"Pamod Jayaneth","2026-09-08 05:13:09",534.7,2,pamodjayaneth
6733,16663708,"Imran Ahamed","2026-09-23 19:36:27",534.6,2,immu4989
6734,16780513,"Hugo JOBÉ","2026-08-27 20:51:09",534.6,2,hugojob
6735,16677303,"Chase Martyn","2026-08-19 02:05:12",534.4,2,chasemartyn
6736,16671779,"Syed Jawad","2026-09-06 12:12:28",534.3,2,syedjawad11
6737,16787010,"Samir Patel","2026-09-04 02:59:28",534.3,2,mesamirpatel
6738,16733910,davidsmith42,"2026-08-19 23:59:03",534.0,2,ananthvydianath42
6739,16681660,"Parham Ghazanfari","2026-08-07 20:18:18",534.0,1,parhamghazanfari
6740,16930840,machineabao,"2026-09-22 19:18:24",534.0,2,machineabao
6741,16915731,INF2_josallo4_anpego3,"2026-09-20 16:30:53",534.0,2,josepsalvador
6742,16697800,DR_Mkelvo,"2026-08-09 20:42:15",533.9,1,drmkelvo
6743,16827864,"Tùng Dương Bùi","2026-09-04 14:31:54",533.8,2,tdbui1209
6744,16633934,Alexy,"2026-08-25 04:40:02",533.8,2,alexycactus
6745,16660295,Pentos,"2026-08-10 00:06:56",533.6,2,nishiumi
6746,16764330,"Koral Kulacoglu","2026-08-26 04:51:33",533.6,2,koralkulacoglu
6747,16644508,"Vandana Pathania","2026-08-22 21:59:37",533.6,2,vandanapathania
6748,16664119,FSzekut,"2026-08-07 00:03:04",533.5,2,fszekut
6749,16825999,"Atsushi Yoshikawa","2026-09-07 02:06:13",533.4,2,atsushiyoshikawa
6750,16917921,xxxx333,"2026-09-19 03:58:31",533.4,2,xxxx333
6751,16697681,"Mahfujur Rahman Rakib","2026-08-10 05:14:21",533.3,2,mahfujurrahmanrakib
6752,16946591,zahid11177700,"2026-09-25 05:38:44",533.3,1,zahid11177700
6753,16794797,zzzyan10,"2026-09-21 02:45:51",533.1,2,zzzyan10
6754,16676155,"Adam Carnaffan","2026-08-07 16:48:03",533.0,2,adamcarnaffan
6755,16704864,ksj00610,"2026-08-12 08:47:16",532.8,2,ksj00610
6756,16726873,@F,"2026-08-16 01:43:22",532.7,1,atefbouzid
6757,16710512,FishWotou,"2026-08-19 04:45:40",532.6,2,fishwotou
6758,16727009,B05801037,"2026-08-18 02:28:48",532.6,2,peteropop
6759,16730649,Mink,"2026-09-20 22:14:02",532.4,2,"mahendransaeyohnn,mysterious5577"
6760,16783367,hezhiqian,"2026-09-17 00:06:34",532.3,2,hezhiqian
6761,16702481,"Scott G","2026-08-13 15:19:02",532.3,2,verifiedscott
6762,16679671,Ash0666,"2026-08-09 19:28:52",532.2,2,ash0666
6763,16682815,"Saiyam Bharara","2026-08-19 15:03:06",532.1,2,saiyambharara
6764,16904318,"wofi poria","2026-09-18 01:33:18",531.9,2,wofiporia
6765,16718565,Frankyface,"2026-08-13 18:54:37",531.9,1,frankyface
6766,16840437,nick.ai007,"2026-09-10 06:36:01",531.9,2,nickai007
6767,16680108,dentalsoup,"2026-08-07 09:03:47",531.9,2,afinemonkey
6768,16658477,"chathura prasadh9817","2026-08-06 07:18:04",531.7,2,chathuraprasadh9817
6769,16743001,Nikhilasree,"2026-09-03 11:33:45",531.6,2,nikhilasree2003
6770,16673333,"Dimas Renggana","2026-08-06 23:40:39",531.6,2,dimasrenggana
6771,16673923,"Gabriele Giacometti","2026-09-10 12:15:50",531.5,2,gabrielegiacometti
6772,16702359,"Ethan Pl","2026-08-11 19:43:21",531.4,2,ethanpl
6773,16666614,"Arjun Annamalai","2026-08-18 09:23:28",531.4,2,arjunannamalai
6774,16784966,oouiaa,"2026-09-03 21:53:59",531.3,2,tomofumihata
6775,16635145,"Isaac Menard","2026-08-05 21:11:36",531.2,2,isaacmenard
6776,16669479,"Shifa Salsabiila","2026-08-09 02:56:11",531.1,1,shifasalsabiila
6777,16798918,"Toan Nguyen Mau","2026-09-07 08:39:35",531.0,2,toannguyenmau
6778,16666328,"Dornus !","2026-08-05 21:53:19",531.0,2,dornus
6779,16889017,Bigwh3el,"2026-09-23 20:52:54",530.9,2,bigwh3el
6780,16885464,"Javier Hernáez","2026-09-19 18:09:39",530.8,2,javierhernaez
6781,16666249,Kawa_pt,"2026-09-08 22:24:25",530.8,2,kawapt
6782,16686149,"Luc Mantoux","2026-08-09 20:25:33",530.8,2,lucmantoux
6783,16676259,Th_Gbay,"2026-08-19 20:42:35",530.6,2,thgbay
6784,16756388,"Sam Scott","2026-08-22 22:04:06",530.6,2,shepard5
6785,16892437,chukbert,"2026-09-26 06:29:07",530.5,2,chukbert
6786,16762831,026,"2026-09-07 00:58:19",530.4,2,thahaarsh
6787,16640845,"tang yangzhou","2026-08-04 21:36:09",530.3,1,tangyangzhou
6788,16843633,"Arbnor Grubi","2026-09-13 02:32:30",530.2,2,protocool
6789,16937883,Philip,"2026-09-21 21:27:47",530.1,2,timmi22194
6790,16793150,Comet19,"2026-08-31 10:53:04",530.1,2,comet19
6791,16675585,"Jacob Joy","2026-08-11 12:13:06",530.0,2,jac0b1
6792,16692637,"Blox Amaze","2026-08-09 09:47:42",530.0,2,bloxamaze
6793,16656690,"Sushant Kumar (xWF)","2026-08-06 04:44:38",530.0,2,sushantkumarxwf
6794,16672463,"Muzammil Baloch","2026-08-07 12:45:39",530.0,2,muzammilbaloch
6795,16679364,VicD,"2026-08-14 20:16:52",529.9,2,durandv
6796,16670596,prabalsingh_23,"2026-08-26 02:33:14",529.9,2,prabalsingh23
6797,16621523,"Victor Orihuel","2026-08-18 05:40:18",529.9,2,victororihuel
6798,16757417,otter_0714,"2026-09-21 02:42:56",529.7,2,otter0714
6799,16782993,hayashida,"2026-09-07 14:01:36",529.7,2,daichihayashi
6800,16729157,HahaTaco,"2026-09-12 17:33:16",529.6,2,hahataco
6801,16659813,"Uday Kumar R","2026-08-13 09:47:39",529.4,2,udaykumarramineni
6802,16774317,A_yuki,"2026-09-21 16:26:27",529.4,2,yukiys
6803,16730922,"Shengyuan Yin","2026-09-24 10:49:46",529.3,2,flaming0
6804,16863015,"Carlos Jaime","2026-09-24 03:14:47",529.2,2,cjaime708
6805,16690152,"The Ceris","2026-08-16 11:49:31",529.1,2,amedeopachera
6806,16892255,"Jegors Čemisovs","2026-09-23 21:02:44",529.0,2,fortemate
6807,16740534,"Gao Wenjiang","2026-09-02 09:48:37",528.9,2,gaowenjiang
6808,16665462,ZSZ,"2026-08-12 13:55:00",528.9,2,zsuzsanna2
6809,16765031,"Allen JL Li","2026-08-27 06:12:23",528.8,2,allenjlli
6810,16723045,"Albert Einstein F Muritiba","2026-09-19 02:35:02",528.8,2,spideryzarc
6811,16853582,"Qiao Ke","2026-09-09 09:44:44",528.8,1,bridgekk
6812,16742172,"Felisitas Mellania","2026-09-11 06:39:04",528.7,2,felisitasmellania
6813,16667011,"Chung Yu Jin","2026-09-21 05:44:32",528.5,1,chungyujin24
6814,16926574,"walid waccub","2026-09-19 22:12:00",528.5,2,walidwaccub
6815,16708625,"Lê Văn Pháp","2026-08-29 03:15:56",528.4,2,"linhsarah,lvnphp"
6816,16673266,Preet,"2026-08-14 05:57:17",528.3,2,hpkaur34
6817,16660364,dadandsats,"2026-08-14 11:41:04",528.2,2,continuingdev
6818,16665281,"[Deleted] 899172b8-e148-4564-ba8c-c46356105ab8","2026-08-05 09:55:11",528.2,2,del=cd7e9a4014b872ef
6819,16709494,"Aditya Dushara","2026-09-10 22:24:55",528.2,2,adityadushara
6820,16775749,Yurikada,"2026-09-03 11:13:54",528.1,2,yosukeinada
6821,16667794,knadithyavr,"2026-08-13 12:24:05",528.0,2,knadithyavr
6822,16926556,Fufig,"2026-09-20 17:31:56",528.0,2,yafufig
6823,16753887,"Hong Tang","2026-08-24 21:41:20",527.9,1,hongtang15
6824,16724904,"Carlos Eduardo De Paula Arantes","2026-08-15 15:48:43",527.7,2,carloseduardo1753
6825,16667025,"Anjitha Mekkayil Anand ","2026-08-28 05:59:46",527.7,2,anjithamekkayilanand
6826,16790206,"bogdan chirkov","2026-09-15 13:46:30",527.6,2,bogdannchirkovv
6827,16640077,larry54321zhao,"2026-09-09 08:48:32",527.6,2,larry54321zhao
6828,16741766,lrik00,"2026-09-15 13:27:32",527.5,2,lrik00
6829,16727376,"Roko Torbarina","2026-08-18 18:31:57",527.5,2,rokotorbarina
6830,16680297,"Ajay Singh","2026-08-08 04:33:24",527.5,2,ajaysinghg
6831,16623112,Tians12,"2026-08-09 19:10:24",527.5,2,tiansang12
6832,16914880,"Mohammed Afreed Pasha","2026-09-26 11:51:11",527.4,2,mohammedafreedpasha
6833,16906705,"Gaurav Vyas","2026-09-20 17:24:05",527.2,2,ctogaurav
6834,16660850,"Khoa Le","2026-08-05 13:23:55",527.2,2,bryanle2025
6835,16658820,"Jonathan Ashenaf1","2026-08-11 16:59:20",527.0,2,jonathanashenaf1
6836,16752153,zhao569,"2026-09-17 08:34:24",526.8,2,zhao569
6837,16714592,"Carey Casile","2026-08-14 18:34:16",526.8,2,ccasile
6838,16663864,RamónLópez,"2026-09-25 21:45:37",526.8,2,lopeznomar
6839,16621354,pengshy,"2026-08-06 04:54:01",526.7,2,dm15336142
6840,16918433,"Mingkang He","2026-09-22 17:18:48",526.5,2,mingkanghe
6841,16810343,"Aleksandr Borodin","2026-09-02 20:29:06",526.4,2,aleksandrbor
6842,16717817,"Nick Stoddart","2026-08-14 05:15:23",526.4,2,nickstoddart
6843,16681509,"Kethan Sai","2026-09-18 09:53:32",526.4,2,kethansaikoneru
6844,16726839,syunsuke,"2026-08-21 23:12:13",526.0,2,syunsuke1024
6845,16658074,"Qui Ngx","2026-08-05 05:57:15",526.0,2,quingx
6846,16659181,Hongjie04,"2026-08-05 04:07:04",525.9,2,hongjie04
6847,16841858,"Aadit Agrawal","2026-09-08 07:23:56",525.8,2,aaditagrawal
6848,16666597,Ramkumar4240,"2026-08-10 12:19:20",525.8,2,ramkumar4240
6849,16729202,Sven,"2026-08-27 21:55:40",525.7,2,sventleman
6850,16666055,Axit,"2026-08-06 10:16:15",525.6,2,axitslab
6851,16635746,"jeon hyeon woo","2026-08-13 15:32:43",525.3,2,jeonhyeonwoo
6852,16947214,bzttub,"2026-09-23 07:25:28",524.9,2,"bzttub,hehahakl,michaelyu99,y1jun0000"
6853,16631772,yuki,"2026-08-03 17:39:58",524.9,2,yururoi
6854,16845760,Alyosha85,"2026-09-07 05:42:01",524.9,2,alyosha85
6855,16661066,"André Kuster","2026-08-06 00:54:20",524.6,2,andrkuster
6856,16718042,"Muddassir Shah","2026-09-02 21:49:44",524.6,2,wisemanseed
6857,16840365,"Pranjal Morwal","2026-09-25 20:33:52",524.5,2,pranjalmorwal
6858,16654943,"Alexis Selorm Gbeckor - Kove","2026-08-10 11:44:58",524.4,2,advancedbeginner
6859,16867745,"Carlos Uño Magne","2026-09-13 15:09:49",524.4,2,carlosuomagne
6860,16686645,Ornaat,"2026-09-25 10:39:18",524.3,2,ornaat
6861,16727961,"Ebenezer Olumeyan","2026-08-22 15:54:00",524.3,2,eolumeyan
6862,16664143,"Lucas Henrique Mateo","2026-08-21 19:10:52",524.2,2,lucashmateo
6863,16747163,"Sarthak Patel","2026-08-21 06:36:26",523.6,2,sarthakpatel2028
6864,16767754,"Dr. T","2026-09-23 06:55:54",523.6,2,davinor
6865,16662293,"Alejandro Fonda","2026-09-25 00:56:43",523.5,2,alejandrofonda
6866,16920613,"vietnam vo dich","2026-09-18 13:38:00",523.4,2,ctun12
6867,16700484,白井孝太郎,"2026-08-15 01:08:02",523.4,2,kotaroshirai
6868,16853288,ypl0lpy,"2026-09-09 07:56:50",523.3,2,ypl0lpy
6869,16795609,2023314806_이승민,"2026-09-04 10:21:31",523.1,2,sminleeee
6870,16760190,"Florian Tigoulet","2026-08-24 12:37:14",523.0,2,floriantigoulet
6871,16823519,GarciasN,"2026-09-07 18:43:18",522.9,2,garciasn
6872,16696163,"Romain Durand","2026-08-17 19:00:46",522.9,2,romaindurand1607
6873,16662057,DeokJin,"2026-08-05 04:01:38",522.5,2,deokjin
6874,16658779,"Richard G Atkinson","2026-08-05 00:29:59",522.4,2,richardgatkinson
6875,16880022,Abdulbosid,"2026-09-26 08:05:19",522.2,2,abdulbosid
6876,16657400,indrapurnama,"2026-08-08 05:42:05",522.0,2,indr0008
6877,16669028,"Atishay Kasliwal","2026-08-11 17:54:59",521.9,2,atishaykasliwal
6878,16621657,"Nikita Batuev","2026-09-22 23:14:25",521.8,2,batuevnikita
6879,16756858,"Rushi A.","2026-08-23 18:54:03",521.7,2,rushia
6880,16759246,wangfeifei_si,"2026-08-26 14:27:19",521.7,2,wangfeifeisi
6881,16845148,"nasa Furiy","2026-09-07 08:24:40",521.7,2,nasafuriy
6882,16890221,"Kalebu Makombe","2026-09-14 10:07:31",521.7,2,kalebuomakombe
6883,16701795,Proshian,"2026-08-11 00:01:04",521.6,2,proshian
6884,16793889,zhzz,"2026-09-01 11:28:52",521.5,2,ucsdzhengzeng
6885,16661550,SeriouS_K,"2026-09-24 08:28:49",521.5,2,serious101
6886,16716632,shini47,"2026-08-22 20:30:17",521.4,2,shini47
6887,16654890,"Josh Hipps","2026-08-06 14:16:49",521.4,2,joshuahipps
6888,16722028,"Aw Ming Xuan","2026-08-16 09:24:48",521.3,2,awmingxuan
6889,16731887,"hoo aam","2026-08-21 05:37:16",521.3,2,hooaam
6890,16731013,"Abimael Firstana","2026-09-11 06:55:02",521.2,2,abimaelfirstana
6891,16849108,raypratik,"2026-09-25 10:19:40",521.0,2,raypratik
6892,16678633,"Tanishq Tayade","2026-09-14 21:39:04",520.9,2,tanishqtayade
6893,16717716,"Диас Издибаев","2026-08-15 05:32:14",520.8,2,diasiz1
6894,16791027,"Ryan Cheung","2026-09-07 04:46:47",520.6,2,doggychip
6895,16731635,懒惰的金枪鱼,"2026-09-23 06:45:21",520.6,2,jiaclv
6896,16663232,"Marco Mangan","2026-09-06 21:20:24",520.4,2,masmangan
6897,16659507,"Lokesh Lalan","2026-08-26 08:51:50",520.4,2,lokeshlalan
6898,16748774,"hakan ulucan","2026-08-25 19:19:11",520.4,2,hakanulucan
6899,16696020,"Hugo Voisin","2026-08-11 16:08:06",520.3,2,hugovoisin
6900,16735475,SunjaeLee02,"2026-08-19 08:12:41",520.0,2,sunjaelee02
6901,16756131,"Emre Atilgan","2026-08-24 20:20:06",520.0,2,emreatilgan
6902,16723125,"Shubham Dhapola","2026-08-16 13:35:23",519.7,2,shubhamdhapola24
6903,16907151,"Susana Horias","2026-09-23 14:46:43",519.5,2,"diegobarriosalonso,noelcalvoortega,robertocanrubio,rubnvalcarcelvarez"
6904,16808641,papajams,"2026-09-24 20:12:55",519.4,2,papajams
6905,16632504,"[Deleted] c2f6c5d5-ecb1-4f92-95d7-7c9f0fd3474f","2026-07-31 16:04:32",519.4,1,ryota517
6906,16674714,"Kaaleedass Manoharan","2026-08-31 19:07:47",519.4,2,kaaleedassmanoharan
6907,16740894,BetOnMe,"2026-08-19 14:40:02",519.3,2,betonme
6908,16673324,Amaranta,"2026-09-21 18:08:18",519.3,2,ulyanovantonamaranta
6909,16673034,"Milos Vlainic","2026-09-26 09:00:25",519.3,2,wlakinsson
6910,16666371,jiten_topiwala,"2026-08-08 16:51:13",519.2,2,jitentopiwala
6911,16884148,mengxc410,"2026-09-18 03:42:08",519.1,2,mengxc410
6912,16865918,yh00722,"2026-09-14 04:52:38",519.1,2,yh00722
6913,16907148,Blooriculture,"2026-09-23 15:02:43",519.0,1,"aarnsantosgonzlez,danireyna08,fernandopardoalonso,marcobarrancomoreno"
6914,16760226,"Erich Hofstötter","2026-08-24 15:49:06",519.0,2,erichhofsttter
6915,16665046,"Srish Jana","2026-08-06 18:12:59",518.9,2,srishjana
6916,16786461,"Caleb Bredlow","2026-09-07 04:17:50",518.8,2,calebbredlow
6917,16855185,ArdiaNova,"2026-09-18 11:08:04",518.8,2,ardianova
6918,16795997,"Boyu Wan","2026-09-04 04:58:57",518.7,2,pupudan
6919,16929796,"Emre Balsar","2026-09-20 11:03:09",518.6,2,emrebalasar
6920,16775001,"Maarij Aqeel","2026-08-26 14:48:03",518.6,2,maarijaqeel
6921,16654596,"khusham sheth","2026-08-13 05:28:55",518.5,2,khushamsheth
6922,16664142,"The Studio 1","2026-08-16 23:04:06",518.5,2,landonsheatsley
6923,16669470,"ASDM HUB","2026-08-12 20:13:20",518.4,2,jesushechavarria
6924,16685652,LeonDuue,"2026-09-01 06:55:54",518.1,2,leonduue
6925,16632253,nasuuuuun,"2026-08-04 13:30:11",518.0,2,hikarumatsuzaki
6926,16777150,Eduardo2c,"2026-09-06 14:23:04",517.6,2,eduardo2c
6927,16664140,Sxwat,"2026-08-23 01:13:13",517.5,2,aybatov
6928,16654085,"Bill Xu","2026-09-07 05:10:56",517.4,2,billll
6929,16709885,"Manuel Pérez","2026-08-14 01:54:02",517.4,2,manuelperezzz
6930,16624941,"KO Ho Tin","2026-08-10 03:33:47",517.4,2,b14ckc4tmr
6931,16677360,"Jatin Chawla","2026-08-08 13:45:06",517.3,2,jatin221
6932,16946099,"CupidCloris Zeus","2026-09-26 12:00:04",517.3,2,cupidcloriszeus
6933,16818405,MickyDot,"2026-09-08 08:16:06",517.2,2,mickydot
6934,16922434,Raduansm,"2026-09-24 11:25:54",517.2,2,raduansm
6935,16731729,"Sumit Bopche","2026-08-21 15:53:56",517.2,2,sumitbopche
6936,16657807,"Ragav Rida","2026-08-07 16:22:34",517.1,2,ragavrida
6937,16723037,"Red Cat","2026-09-10 19:23:50",517.0,2,severl
6938,16781545,"Jake Lin","2026-09-23 01:14:34",517.0,2,jakelinai
6939,16676320,"Khôi Trần","2026-08-29 14:14:57",516.9,2,khoitrn
6940,16799485,"Bartholomew Jordan","2026-09-19 09:48:21",516.9,2,bartholomewjordan
6941,16638645,ChrisDavis,"2026-08-03 23:29:34",516.9,2,alpacas
6942,16808750,ssssying,"2026-09-11 14:41:53",516.7,2,ssssying
6943,16738456,"Pritul Raut","2026-08-21 08:45:04",516.7,2,pritulraut
6944,16660214,ytddsyt1214,"2026-08-09 12:32:06",516.6,2,ytddsyt1214
6945,16764600,"Tanmay Shingavi","2026-09-03 05:43:57",516.5,2,decodingafterlife
6946,16774333,"Nazim Shoikot","2026-09-03 11:20:20",516.2,2,nazimshoikot71
6947,16674076,rigsutra,"2026-09-12 16:57:45",516.1,2,rigsutra
6948,16673712,"Alejandro Betato","2026-08-16 10:48:24",515.9,2,alejandrobetato
6949,16664605,"Nathaniel Shou","2026-08-05 17:51:47",515.9,2,nathanielshou
6950,16833476,"Richard Pagan","2026-09-05 03:01:54",515.9,1,richardpagan
6951,16832891,"Kana Kuroyanagi","2026-09-23 05:10:12",515.6,2,kanakuroyanagi
6952,16659645,Drakus_Julia,"2026-08-09 02:15:20",515.6,2,drakus74
6953,16669118,"yunus yavuz","2026-08-05 21:51:21",515.1,2,yunusyvz
6954,16760352,"Romain Bomba","2026-08-24 01:27:23",515.1,2,romainbomba
6955,16840445,"Danko Schroeder","2026-09-24 20:11:55",515.0,2,dankoschroeder
6956,16712921,"Come Back","2026-08-20 00:45:45",515.0,2,amirhosseinltf
6957,16740709,"Abimael Firstana #2","2026-09-11 07:19:13",515.0,2,abimaelfirstana99
6958,16660361,"Abhishek Sharma","2026-09-25 18:51:41",514.9,2,abhisheksharma425
6959,16662313,"Maximus Sambucetti","2026-08-09 15:36:46",514.8,2,maximussambucetti
6960,16655424,Fayche,"2026-08-10 16:50:28",514.8,2,fayche
6961,16854398,"VALERIY MIKHALEV","2026-09-08 16:27:24",514.7,2,valeriymikhalev
6962,16664750,"shubham kumar","2026-09-13 16:24:23",514.6,2,shubzk17
6963,16769793,"Shivam Batra","2026-08-26 14:21:49",514.6,2,shivam744
6964,16692644,"Achille Gohin","2026-08-10 00:26:26",514.6,2,achillegohin
6965,16861492,Adi_271,"2026-09-10 09:47:25",514.5,2,adi271
6966,16678644,"Kanik Aggarwal","2026-08-13 19:01:16",514.5,2,roronoazoro200
6967,16695799,Vaycheslav,"2026-09-22 08:05:40",514.5,2,vaycheslav
6968,16658031,BSam79,"2026-09-12 09:12:39",514.4,2,bsam79
6969,16685618,"Krupa Vardhan","2026-08-28 09:24:21",514.3,2,krupavardhan
6970,16926532,"Akash Shah","2026-09-19 20:13:25",514.2,2,akashshah3
6971,16663093,"Akul Sareen","2026-08-21 23:49:50",514.2,2,akulsareen
6972,16661432,"Ange Adantchede","2026-09-21 09:00:05",514.1,2,angeadantchede
6973,16693207,"Vamshi Guntupalli","2026-08-11 22:40:36",514.1,2,vamshiguntupalli
6974,16630773,"An Hoang Vo","2026-09-05 14:49:25",513.8,2,anhoangvo
6975,16932020,Syedxd,"2026-09-24 12:53:04",513.4,2,syedxd
6976,16720714,"Lithole Munangiwa","2026-08-19 11:23:49",513.3,2,litholemunangiwa
6977,16666988,"Sarthak Vedant Mohanty","2026-08-08 00:10:11",512.9,2,sarthakvedantmohanty
6978,16664348,"Rocket Zech","2026-08-29 08:23:04",512.9,2,isaactunglaw
6979,16924914,AgriPredictors,"2026-09-20 15:15:49",512.8,2,"mehakiftikhar,mnkaggler"
6980,16651167,ArmanVardanyan07,"2026-08-03 22:43:13",512.7,2,armanvardanyan07
6981,16623316,"Ondrew Zudin","2026-08-06 23:08:41",512.5,2,ondrewzudin
6982,16660173,"PAULO HENRIQUE DE LIMA","2026-08-06 02:42:20",512.4,1,paulohenriquedelima
6983,16671648,"[Deleted] 05e6ae2c-c72f-4044-b02f-dc74277e34ab","2026-08-09 07:21:22",512.4,2,del=871ca06d8c734ede
6984,16677585,Pan,"2026-08-07 13:54:22",512.2,2,mehdiacho
6985,16662201,"Saumitra Verma","2026-08-04 18:28:36",512.2,2,saumitraverma
6986,16918629,humblegod,"2026-09-20 19:49:23",512.2,1,sophatodom
6987,16769648,"Alok Kumar","2026-08-28 18:04:50",512.1,2,shadowserpent
6988,16678602,"hassan manour","2026-08-07 12:52:23",512.0,1,hassanmanour
6989,16649339,"华东 朱","2026-09-22 16:35:19",511.9,2,mgdbzny
6990,16840480,jignesh13,"2026-09-16 19:33:04",511.9,2,jignesh13
6991,16735251,AlviH47,"2026-08-19 14:25:48",511.9,2,alvih47
6992,16730740,"claude opus5🏆","2026-08-19 09:58:24",511.9,2,yinpinggao
6993,16845161,"Abate etienne","2026-09-08 00:28:04",511.6,2,abateetienne
6994,16688366,yokoikazumasa,"2026-08-08 19:25:58",511.4,1,yokoikazumasa
6995,16682076,"Igor Riegel","2026-09-02 14:49:12",511.3,2,igormriegel
6996,16806084,"DSDgsdgs SDgsdfgs","2026-09-03 05:19:11",511.2,1,dsdgsdgssdgsdfgs
6997,16652952,lackmind,"2026-09-04 18:46:11",511.2,2,lackmind
6998,16749371,"Renisa Assyifa Putri","2026-08-21 05:24:07",511.0,1,renisaassyifaputri
6999,16691807,lbs-vadar,"2026-08-26 18:29:57",510.9,2,lbsvadar
7000,16743282,"Srivishnu Charan","2026-09-03 14:06:54",510.8,2,srivishnucharan
7001,16890133,Adsterr,"2026-09-19 07:58:59",510.8,2,adsterr
7002,16648589,"Yilan Zhu","2026-08-05 11:23:23",510.6,2,yilanzhu
7003,16870372,ALİHAKANÜNAL,"2026-09-23 14:59:55",510.6,1,needdata123456
7004,16862188,KJ007123,"2026-09-10 07:02:20",510.3,2,kj007123
7005,16645446,gogo98415,"2026-08-29 06:04:15",510.2,2,gogo98415
7006,16685582,Wasaanyi,"2026-08-18 09:21:30",510.1,2,"cnakakeeto,wasaanyi"
7007,16947207,"Ayush Khandwe","2026-09-24 07:37:55",510.1,2,ayushkhandwe
7008,16868761,TboneBrown,"2026-09-11 17:14:42",510.0,2,tbonebrown
7009,16740248,KK_nut,"2026-08-25 03:26:52",509.9,2,k0k0nut
7010,16715897,shettynaisha,"2026-09-06 17:28:58",509.9,2,shettynaisha
7011,16661858,"Lukas Lee e","2026-08-18 00:58:12",509.9,2,lukasleee
7012,16674540,"Pratik Priyanshu","2026-08-07 18:28:12",509.8,2,pratikpriyanshu5
7013,16795624,"Shashwat Khare","2026-09-02 01:46:54",509.8,2,shshwtkhr
7014,16715711,"Shawon Biswas","2026-08-19 10:42:24",509.6,2,shawonbiswas11
7015,16656745,"BHARATH KOWSHIK ULLANGULA","2026-09-25 10:30:21",509.5,2,"bharathkowshik25,honeyharshith,kesanibhargavaram"
7016,16771171,Manfucci,"2026-09-12 14:08:47",509.4,2,manfucci
7017,16696460,"Enzo 7mlk","2026-09-16 15:19:51",509.4,2,enzo7mlk
7018,16664370,"Joel Arias","2026-08-06 17:29:01",509.3,1,j4rias
7019,16887274,Shakeel,"2026-09-14 09:55:20",509.0,2,shakeel787
7020,16846845,Shunsuke,"2026-09-07 15:25:38",509.0,2,shunsukeisono
7021,16658973,"not today","2026-08-05 05:57:14",508.8,2,cemhan44
7022,16915853,popwenman,"2026-09-19 08:21:09",508.8,2,popwenman
7023,16657401,korpo,"2026-08-25 20:18:13",508.6,2,krisko
7024,16757407,"Dylan Bailes","2026-08-26 07:11:56",508.6,2,dylanbailes
7025,16871854,"Tanvi Parsam","2026-09-13 16:07:41",508.5,2,tanviparsam
7026,16656871,"Pedro Henrique","2026-08-07 03:37:29",508.5,2,pedrohets
7027,16697730,JCN2365,"2026-08-13 18:06:35",508.4,2,jcn2365
7028,16669397,"Abed Kibbe","2026-09-13 06:09:10",508.3,2,abedkibbe
7029,16889005,Dino,"2026-09-23 08:43:11",508.0,2,ngohongthai
7030,16669408,"Josaphat Adjele","2026-08-31 17:26:56",508.0,2,josaphatadjele
7031,16668022,"Lady and tech","2026-08-19 04:08:50",508.0,2,ladyandtech
7032,16693033,AgriBot,"2026-08-13 23:53:10",508.0,2,prcieuxcomlan
7033,16886832,"Ayush Patel","2026-09-13 16:25:18",507.9,2,ayushpatel02
7034,16661397,"T. Scharf","2026-08-05 02:54:36",507.8,2,scharf
7035,16907592,may2223,"2026-09-21 06:31:05",507.8,2,may2223
7036,16663188,"Ethan Feng","2026-08-05 22:09:38",507.7,2,xenon111231
7037,16770440,"Tegar Putrayas Dentatama","2026-08-29 06:33:59",507.7,2,tegarputrayasd
7038,16686150,"Aek KunKub","2026-08-14 05:21:43",507.7,2,aekkunkub
7039,16905582,Movilly,"2026-09-25 15:11:36",507.6,1,movilly
7040,16659025,"Mohammed Naseef","2026-08-05 09:01:20",507.6,2,mohammednaseef
7041,16705480,Mint120,"2026-08-19 05:49:10",507.6,2,mint120
7042,16884997,"Le Huy Tuong","2026-09-17 12:55:49",507.1,2,lehuytuong
7043,16656913,"Inna Davidov","2026-08-20 04:43:47",506.9,2,innadav
7044,16779813,zitihc,"2026-08-29 14:18:49",506.8,2,zitihc
7045,16862225,"Dmitriy Ershov","2026-09-09 19:38:26",506.5,2,bejeweled
7046,16708230,"jose manuel Tinajero","2026-08-25 15:02:46",506.4,2,josemanueltinajero
7047,16658160,yunquer,"2026-08-17 07:18:53",505.9,2,yunquer
7048,16745655,巴啦啦能量,"2026-09-08 01:30:14",505.9,2,wsh10086
7049,16660360,"Joey Gonzales","2026-08-05 00:00:47",505.9,2,joeygonzales
7050,16705363,"Matt Hall","2026-08-16 01:44:32",505.8,2,matthall0
7051,16735702,opflare,"2026-09-04 23:47:49",505.8,2,opflare1144user
7052,16688646,lakranitesh,"2026-08-08 12:49:18",505.7,2,lakranitesh
7053,16713033,Contact-Nade,"2026-09-10 07:44:18",505.7,2,"masanammedha,rayofc"
7054,16761751,KrishnaKumar_AIML,"2026-09-02 14:38:24",505.7,2,krishnakumarcsr
7055,16661832,"Roberto Garcia","2026-08-08 15:09:39",505.5,2,robertogarciada
7056,16762881,Yuki0x80,"2026-09-22 14:30:53",505.5,2,saiyuki1919
7057,16877016,"Jasper Wessing","2026-09-18 14:08:07",505.5,2,jasperwessing
7058,16630903,"Hrushikesh Pawar","2026-08-09 14:44:37",505.4,2,hrushikeshpawar
7059,16756987,"Joseph Paggeot","2026-08-24 04:32:57",505.2,2,josephpaggeot
7060,16726854,"Tâm La Thành","2026-08-27 08:55:02",504.9,2,tmlathnh
7061,16722252,pwdh2026,"2026-08-14 22:16:22",504.8,2,pwdh2026
7062,16631981,"Karen Letir","2026-08-10 09:21:51",504.6,2,karenletir
7063,16661507,Siddharth1984,"2026-08-06 13:39:22",504.6,2,siddharth1984
7064,16914771,"Moritz Schobesberger","2026-09-17 15:21:34",504.4,2,moritzschobesberger
7065,16875818,Mateollqw,"2026-09-12 22:08:38",504.3,2,mateollqw
7066,16632118,nk,"2026-09-11 09:55:01",504.3,2,nagatakengo
7067,16925216,krigga,"2026-09-21 09:35:00",504.2,2,krigga
7068,16755101,"Thomas van der Meer","2026-08-26 11:19:19",504.1,2,tvdermeer
7069,16629002,Alpro,"2026-09-08 23:32:24",504.1,2,"dogaakal,egekemalkaraca"
7070,16691466,"Jeeta Nandi ","2026-09-04 09:23:34",503.9,2,jeetanandi
7071,16664502,"Alejandro Morales","2026-08-10 01:05:59",503.8,2,langley96
7072,16705183,"Tong Jiakai","2026-08-14 08:23:26",503.8,2,tongjiakai
7073,16662875,Jimmy,"2026-09-21 04:29:42",503.7,2,jiyo4476
7074,16844334,lsnm,"2026-09-07 15:02:17",503.6,2,eliasnema
7075,16700661,"Aakash Kavuru","2026-08-12 05:13:05",503.6,2,aakashkavuru
7076,16789996,"Chen Jiaqi","2026-09-02 15:48:25",503.5,2,elaemchen
7077,16687330,"Mehmet Ensar Çetin","2026-09-20 07:45:48",503.5,2,mehmetensaretin
7078,16929820,sdssJ0,"2026-09-23 09:57:21",503.4,2,sdssj0
7079,16693738,"Sonu Jha","2026-08-14 20:32:37",503.4,2,sonujha090
7080,16655072,Sonuaswar1,"2026-08-04 07:33:47",503.2,2,sonuaswar1
7081,16872190,"Zephyr Pong","2026-09-11 11:07:15",503.0,2,zephyrpong
7082,16939706,"Priyanshu Patel","2026-09-22 17:54:24",502.7,2,"abuzarkhan99,priyanshupatel007"
7083,16679771,Coolgolf,"2026-09-02 13:56:54",502.5,2,coolgolf
7084,16655630,askBillyWhatMamaDid,"2026-08-28 02:06:18",502.0,2,askbillywhatmamadid
7085,16773942,"Malhar Shah","2026-09-24 18:20:06",501.8,2,"malharshah2511,veervohra123"
7086,16845696,Huskkky,"2026-09-07 03:47:13",501.6,2,huskkky
7087,16731678,ShadowT_T,"2026-09-25 22:33:32",501.6,2,shadowtt
7088,16875479,"Debasish Gorai","2026-09-26 04:33:45",501.4,2,debasishgorai
7089,16698103,JJ,"2026-09-02 09:46:15",501.3,2,jianjinchen
7090,16926609,SunriseL,"2026-09-20 07:56:01",501.3,2,sunrisel
7091,16725847,"Shel Horta","2026-08-18 04:29:55",501.0,2,shelhorta
7092,16675060,"Xinger Gao","2026-08-31 08:52:07",500.8,2,xingergao
7093,16768178,Scarttish,"2026-08-26 22:44:26",500.8,2,scarttish
7094,16664652,QuasarHeart,"2026-09-04 14:00:05",500.8,2,quasarheart
7095,16765380,jslee_homeofson,"2026-08-25 13:10:22",500.8,2,jsleehomeofson
7096,16658327,pocari1,"2026-08-19 07:17:28",500.7,2,pocari1
7097,16676663,"This cat is called Fumi","2026-08-11 18:21:43",500.6,2,qwer556617123
7098,16674308,"Ayush Roy","2026-08-06 20:28:57",500.6,2,ayushroy39
7099,16848498,KeiroS,"2026-09-11 07:59:01",500.6,2,keiros
7100,16668509,HarryZ,"2026-09-13 04:29:04",500.2,2,mzhumzhu
7101,16714363,guohaowen,"2026-08-13 14:25:48",500.1,2,guohaowen1910
7102,16922976,kotemendo,"2026-09-20 00:43:54",500.0,2,kotemendo
7103,16659896,TedT,"2026-08-11 19:36:14",500.0,2,fdsaur
7104,16662060,"Richard Valino","2026-08-06 16:03:36",499.9,2,richardvalino
7105,16698292,"Dallas Manning","2026-08-17 14:29:53",499.9,2,dallasmanning
7106,16661927,JHCodeQuest,"2026-08-25 11:36:46",499.8,2,josephkhassan
7107,16887642,"Dimitrios Giannoulis","2026-09-14 12:38:24",499.8,2,plagiagia
7108,16668678,"Madhur Sabherwal","2026-08-14 02:47:14",499.3,2,madhur321
7109,16725123,"Pham Quang Nghia","2026-08-22 15:00:51",499.3,2,phamquangnghia
7110,16657674,Warriors,"2026-08-29 14:12:29",499.2,2,"karthikreddykarri,kovvurisaimohanreddy,vikramadityaabhiram"
7111,16883234,Cpleasance,"2026-09-14 00:24:24",499.1,2,cpleasance
7112,16685349,Onelux,"2026-08-13 12:58:31",499.1,2,leehomhuang
7113,16628487,"Koichi HIRAOKA","2026-08-01 08:42:40",499.1,2,koichihiraoka
7114,16777132,"Soham Dave","2026-08-27 14:51:01",499.0,2,sohamdave19
7115,16672657,"Lochan Naik","2026-08-07 08:41:44",499.0,2,lochannaik
7116,16670218,"What is Coding?","2026-08-07 01:47:17",498.7,2,matthewshvarts
7117,16630438,"Aayush Bansal","2026-09-25 13:35:55",498.6,2,aayushbansal0330
7118,16665511,phoenix_merk,"2026-08-05 09:46:25",498.4,2,phoenixmerk
7119,16668562,"Anthony LOISEAU","2026-08-06 16:07:52",498.3,2,anthonyloiseau
7120,16943979,"Joshua Willie","2026-09-26 01:06:43",498.3,2,joshuawillie
7121,16637649,cameronezrajones579,"2026-08-15 15:49:12",498.2,2,cameronezrajones579
7122,16656470,Glimmeron,"2026-08-12 02:01:48",498.2,2,rishabhraushan
7123,16669699,nikesh23,"2026-08-08 01:52:56",498.1,2,nikesh23
7124,16680562,devsloppy,"2026-08-10 20:02:19",498.0,2,twu1738
7125,16786450,fujii,"2026-09-15 14:01:51",497.9,2,kojisoemi
7126,16720760,ysteh05,"2026-08-15 05:14:53",497.9,2,ysteh05
7127,16723737,HaruhiroKazami,"2026-08-21 16:12:04",497.8,2,haruhirokazami
7128,16763351,shutong114,"2026-09-20 18:38:08",497.8,2,shutong114
7129,16728014,Alpha223,"2026-09-05 15:51:24",497.7,2,alpha223
7130,16688134,"Marc Dakuginow","2026-08-13 01:40:44",497.7,2,marcdakuginow
7131,16661099,TheSven,"2026-08-06 17:05:25",497.7,2,thesven
7132,16740840,"Huchen Jiang","2026-09-02 09:18:47",497.3,2,huchenjiang
7133,16672078,vietlinhh02,"2026-08-08 07:46:53",497.1,2,vietlinhh02
7134,16795284,"Kostas Tsolis","2026-09-14 09:14:56",497.1,2,tkostas
7135,16778947,mart3104,"2026-09-05 15:31:43",497.0,2,mart3104
7136,16799797,"Zimin Zhong","2026-09-23 15:17:43",497.0,2,"dracfy,lyylyy2,zhongzinmin"
7137,16724395,"Hampton Yeh","2026-08-22 04:07:32",497.0,2,hamptonyeh
7138,16899234,vimes1984,"2026-09-17 01:19:19",497.0,2,vimes1984
7139,16829729,NoobMaster69,"2026-09-06 09:12:58",496.9,2,thelegend007
7140,16660462,"Vishwanath N Iyer","2026-08-07 07:22:17",496.8,2,vishwanathniyer
7141,16707159,"Toua Innocent TIA","2026-08-17 16:28:36",496.8,2,centino
7142,16661934,"Viacheslav Kasatkin","2026-08-10 10:48:25",496.7,2,viacheslavkasatkin
7143,16623302,"Raffi Ardhi Naufal","2026-07-31 18:31:57",496.7,1,raffiardhi
7144,16656797,"رحيم محمد","2026-08-04 20:05:45",496.6,2,darkmaxedwe
7145,16672333,"Giovanny Rodríguez","2026-09-17 16:32:24",496.6,2,giovannyrodrguez
7146,16654970,"Maycon Coutinho","2026-08-27 21:28:32",496.4,2,coutinhomaycon
7147,16885828,U-Bex,"2026-09-21 16:03:53",496.4,2,shuichiurabe
7148,16663777,"Mortis Beans","2026-08-24 05:27:44",496.3,2,mortisbeans
7149,16641009,"Marius Kirschner","2026-08-03 08:41:47",496.3,2,mariuskirschner
7150,16738640,"Tjay Burger","2026-08-18 17:35:39",496.3,2,tjayburger
7151,16826447,"Absara viswanathan","2026-09-07 06:16:20",496.2,2,viswanathanabsara
7152,16683918,Thuytien,"2026-08-07 17:20:33",496.1,2,thuytien200529
7153,16725757,AchyutKishore123,"2026-09-25 10:58:03",496.1,2,achyutkishore123
7154,16728137,mchicen,"2026-08-20 16:48:10",496.1,2,"iyaiji,mchicen"
7155,16693797,"Riyaz Ur Rehman","2026-08-17 02:21:15",495.9,2,riyazurrehman
7156,16660081,fakyyy,"2026-08-09 11:19:15",495.9,2,manideepreddyakula
7157,16802663,ipefix,"2026-09-01 17:34:35",495.8,2,nmsis91
7158,16656689,"Vansh Gupta","2026-08-11 08:56:56",495.8,2,vanshrl9ine
7159,16705149,"Allen Chun","2026-08-15 04:59:05",495.7,2,allenchun
7160,16685028,"serene ng","2026-08-13 14:53:37",495.7,2,sereneng
7161,16631480,"Kumar Abhijeet","2026-07-31 13:29:40",495.6,1,krabhijeet
7162,16658115,SantaClaws,"2026-08-10 14:50:31",495.5,2,vovikdrg
7163,16743846,"Hemanth Raja Guttikonda","2026-09-24 21:38:29",495.4,2,"hemanthrajg,poojithakatta18"
7164,16725938,"Ben Cheng","2026-09-05 16:03:36",495.3,2,benczb
7165,16664706,olivbhxf,"2026-08-06 07:10:34",495.3,2,olivbhxf
7166,16798775,Lissabon,"2026-09-07 03:36:41",495.2,2,lissabon
7167,16641622,datajanko,"2026-08-22 07:40:54",495.2,2,jankoch
7168,16857732,bzczz123,"2026-09-17 09:52:43",495.2,2,bzczz123
7169,16668461,SobanAli,"2026-08-19 15:49:03",495.0,2,soban256
7170,16823067,Francisco,"2026-09-10 18:00:57",495.0,2,cheneblanc
7171,16738145,綿鍋だよん,"2026-09-25 08:28:07",494.9,2,potrue
7172,16888000,Akhilesh,"2026-09-19 00:03:29",494.9,2,akhilkas
7173,16661443,"STEPHEN ASANTE OPOKU","2026-08-04 16:45:41",494.8,1,stephenasanteopoku
7174,16701250,T00bii,"2026-08-11 16:11:06",494.6,1,t00bii
7175,16920464,reddishregent,"2026-09-18 11:40:22",494.3,1,reddishregent
7176,16730749,"Đông Hà","2026-09-23 10:43:32",494.3,2,phapsucongu
7177,16701761,BalaVignesh,"2026-08-11 17:04:37",494.1,2,balavignesh
7178,16632100,"Mohit Shirke","2026-08-07 17:55:11",493.8,2,orcivion
7179,16878695,"Yang Lv","2026-09-25 05:41:36",493.7,2,lvyang199888
7180,16780592,sergey,"2026-08-27 19:09:25",493.5,2,sadsdfsdf
7181,16705661,"Toshiki Touda","2026-08-13 06:51:05",493.4,2,toshikitouda
7182,16697568,"Sergey Fedorov","2026-08-20 21:25:34",493.3,1,bd01ar
7183,16891695,yuruihito,"2026-09-16 14:04:22",493.3,2,yuruihito
7184,16693522,shadycoderalltime,"2026-09-21 00:01:59",493.2,2,shadycoderalltime
7185,16761589,"Eren -","2026-08-27 08:48:44",493.0,2,erenozyurek
7186,16852342,"Minh Đăng Lê","2026-09-08 17:30:17",493.0,2,minhngle
7187,16631919,"Ghinwa Allaoui","2026-08-04 16:27:17",493.0,1,ghinwaallaoui
7188,16851553,Sentinel,"2026-09-24 04:01:47",493.0,2,atlasar
7189,16665424,taaaaanq,"2026-08-17 14:23:35",492.9,1,"chuayaplong,flashtigro,huayu05,taaaaanq"
7190,16662751,ZeD,"2026-08-06 10:11:24",492.9,2,hussamcheema
7191,16685800,"Sumit Ridhal","2026-09-05 11:44:15",492.7,2,sumitridhal
7192,16914539,Kou111111,"2026-09-18 10:32:09",492.6,2,kou111111
7193,16687604,Harrislrobinson,"2026-08-11 00:25:10",492.5,2,harrislrobinson
7194,16662741,"Abhiraj Govind","2026-08-04 18:01:16",492.5,1,abhirajgovind
7195,16890884,"Michael Swartz","2026-09-14 17:50:04",492.3,2,michaelbruwerswartz
7196,16925815,"[Deleted] c3923c6e-1011-4da1-9c40-584a2fcbcc36","2026-09-20 01:04:14",492.3,1,del=0e85502e1e45d7da
7197,16857013,Dote,"2026-09-25 01:48:04",492.2,2,"shriramgunasekar,valid22"
7198,16711812,"zhan renyi","2026-08-31 05:24:39",492.0,2,zhanrenyi
7199,16666709,JSQL,"2026-09-02 18:52:37",492.0,2,jeffreyschott
7200,16726445,"James Patounas","2026-08-19 08:37:06",491.9,2,jamespatounas
7201,16662043,"Hengcong Zhu","2026-08-05 14:46:24",491.7,2,hengcongzhu
7202,16658391,"Jack #2","2026-09-23 17:30:45",491.6,2,jack1233
7203,16639244,"Romone Dunlop","2026-08-11 10:19:49",491.6,2,romonedunlop
7204,16684024,"Work From Home 3.0","2026-08-14 12:33:30",491.5,2,"direct1,gongyiqian,jovansee,maxtankialok,n00bcak"
7205,16843316,"Felipe Chiarini","2026-09-12 12:03:15",491.4,2,felipechiarini
7206,16714335,"Jake Mordan","2026-09-24 08:39:37",491.4,2,jakemordan
7207,16694171,"guanran wang","2026-08-11 05:57:12",491.3,2,guanranwang
7208,16691007,"Nhật Khoa Phạm","2026-08-14 16:15:43",491.2,2,pnk123456
7209,16947496,"lit tlemiaos","2026-09-26 07:20:08",491.1,2,littlemiaos
7210,16675477,"Joanne Yun","2026-08-07 13:40:53",490.9,2,joannejyun
7211,16627463,dnish,"2026-08-05 07:37:16",490.7,2,dnishio
7212,16688383,plong2101,"2026-08-18 06:21:34",490.7,2,plong2101
7213,16706985,Valmrnch,"2026-08-24 07:57:56",490.7,2,valmrnch
7214,16686109,"Triple Tensor","2026-08-17 08:24:26",490.5,2,"adinathjagtap777,pds178,prajwalzolage05"
7215,16655899,"Dominic Tedrow","2026-08-17 20:37:28",490.3,2,dominictedrow
7216,16692480,"Khalis Murfid","2026-08-24 07:03:02",490.2,2,khalismurfid
7217,16752191,"Wenxuan Ye","2026-09-04 07:10:28",490.0,2,akomwins
7218,16718295,doinggyu,"2026-08-18 12:56:58",490.0,2,doinggyu
7219,16726913,"T T‗Worker","2026-08-22 11:08:14",490.0,2,ttworker
7220,16870486,"Sincere Bailey","2026-09-25 01:03:44",489.8,2,sincerebailey
7221,16664913,"ABHISHEK KUMAR","2026-08-17 04:20:56",489.8,2,abhishek6545
7222,16771340,pang,"2026-09-05 16:41:51",489.7,2,pangwenfeng
7223,16798074,"Akkapop Prasompon","2026-09-09 12:17:36",489.6,2,akkapopprasompon
7224,16906032,Volkan,"2026-09-22 08:59:20",489.5,2,volkan97
7225,16668606,"Hasith Kulathilaka","2026-08-31 19:09:39",489.5,2,hasithkulathilaka
7226,16783713,Gale,"2026-09-05 02:29:43",489.4,2,na1vel
7227,16687538,aefinityaiinc,"2026-08-27 20:59:35",489.4,2,aefinityaiinc
7228,16701454,"André-Marie BEHANZIN","2026-09-15 11:42:17",489.3,2,andremariebehanzin
7229,16659183,"Leonard Yaw Mensah","2026-08-05 02:22:25",489.3,2,leonardyawmensah
7230,16895121,Timmmmmmmy,"2026-09-17 05:51:31",489.2,2,"molic1,timmmmmmmy"
7231,16755781,NaveenManwani,"2026-08-28 05:37:31",489.0,2,naveenmanwani
7232,16774958,"Charles Wuytack","2026-08-27 14:58:07",488.9,2,charleswuytack
7233,16664841,vohi01,"2026-09-26 06:42:32",488.8,2,vohi01
7234,16724842,"Mikaela Gkolemi","2026-08-21 19:04:38",488.7,2,mikaelagkolemi
7235,16665257,"Ken Li","2026-08-09 12:59:32",488.7,2,kenliwt
7236,16729152,Antoine,"2026-08-17 10:12:04",488.6,2,a11t01n3
7237,16658627,"Osman Can ÇETLENBİK","2026-08-05 15:25:30",488.4,2,osmancancet
7238,16661402,"Abin Biju","2026-08-11 18:00:35",488.3,2,abinbiju1
7239,16687293,"Aurelie Jodelle Kemme","2026-08-20 00:25:43",488.3,2,"audreydemafo,aureliejodellekemme"
7240,16736951,giacomovin,"2026-08-25 20:14:52",488.2,2,giacomovin
7241,16683309,"Zealous Sebastian","2026-08-09 12:45:32",487.9,2,zealoussebastian
7242,16769170,"Hardik Savaliya211","2026-08-25 11:07:10",487.9,2,hardiksavaliya211
7243,16683837,"Blessed Ngorima","2026-08-18 09:40:53",487.7,2,blessedngorima
7244,16658344,SOONHANKWON,"2026-08-28 02:00:59",487.5,2,soonabletv
7245,16733644,Gavilán,"2026-08-23 19:41:22",487.5,2,gaviln
7246,16717601,"Mariem Fersi","2026-08-24 23:22:14",487.5,2,"mariemfersi,yassinebrahem2"
7247,16662722,"Ajeet Jain","2026-08-07 06:32:10",487.4,2,jainajeet29
7248,16654174,"Dharmeswar Basumatary","2026-09-09 11:09:15",487.4,2,dharmeswarbasumatary
7249,16682984,"Rishikesh Bharat Koli","2026-08-08 04:18:06",487.0,2,rishikeshbharatkoli
7250,16778579,"Jiajia Zhang","2026-08-29 18:19:12",487.0,2,jiajiazhang01
7251,16733948,novodude,"2026-09-06 18:41:26",486.9,2,novomont
7252,16774134,kokdonbaq,"2026-08-30 14:07:52",486.9,2,darkhan14
7253,16645870,"Barathan Aslan","2026-08-03 08:21:55",486.9,2,barathanaslan
7254,16931219,AzureYu,"2026-09-21 10:44:17",486.9,2,azureyu
7255,16656317,"Manu Rahi","2026-08-06 16:43:55",486.7,2,manurathi
7256,16885124,"LABHESH YAWALKAR","2026-09-25 16:40:50",486.7,2,labheshyawalkar
7257,16635481,Jamaisvu,"2026-08-20 15:39:29",486.6,2,jamaisvu
7258,16705415,"Mauro Najera","2026-08-11 05:30:13",486.6,2,mauronajera
7259,16799023,"Alkava Ind","2026-09-21 14:40:10",486.5,2,alkavaind
7260,16644577,"Arthur Merritt","2026-08-04 07:11:11",486.3,2,jarthuph
7261,16689908,Hyun777,"2026-08-14 01:11:17",486.0,2,hyun777
7262,16809898,wodDAOdun,"2026-09-14 07:14:35",485.9,2,kylaucode
7263,16886012,smartkdy7,"2026-09-13 11:37:51",485.9,1,smartkdy7
7264,16657929,Robert-zwr,"2026-08-05 11:15:48",485.7,1,robertzwr
7265,16685722,"Jiahan Cao","2026-08-12 09:01:22",485.6,2,jiahancao
7266,16654485,"Mahbub Alam","2026-08-04 02:08:23",485.5,2,mahbubalam214
7267,16692263,"ADITYA CHAVAN","2026-08-09 17:44:15",485.5,2,adityasnr7
7268,16775131,"Re Son","2026-08-27 14:29:31",485.3,2,lemelson
7269,16715769,Ethereallll1,"2026-08-14 15:21:12",485.2,2,ethereallll1
7270,16896566,Bleriot11,"2026-09-15 15:08:27",485.1,2,bleriot11
7271,16663618,Anthaus,"2026-08-09 17:06:35",485.0,2,anthaus
7272,16682707,"AJAY KUMAR","2026-08-07 19:13:08",484.9,2,worldsslayer
7273,16662643,Mohit_Singh,"2026-09-26 06:30:36",484.9,2,mohitsingh955
7274,16744572,DivyanshAgg,"2026-08-31 19:30:49",484.7,2,divyanshagg
7275,16814952,"Ngọc Huyền","2026-09-15 03:55:18",484.6,2,ngchuynss
7276,16660089,ChristosGrigoras,"2026-08-07 22:41:49",484.6,2,cgrigoras
7277,16695400,"Karam Khasawneh","2026-08-10 20:29:16",484.5,2,karamkhasawneh
7278,16810019,M&S,"2026-09-02 17:19:11",484.3,2,"martinhma,yishusheng"
7279,16661596,t@got@go,"2026-08-10 06:24:24",484.3,2,kamdaanahessod
7280,16772455,dextrecity,"2026-08-30 11:37:56",484.2,2,"dextrecity,leo0pa"
7281,16680799,zixma13,"2026-08-25 13:12:44",484.1,2,zixma13
7282,16825996,"Alex Li","2026-09-04 08:02:19",484.1,2,alexli1998
7283,16645841,Lucien,"2026-09-24 07:55:19",483.8,2,lucienhu6775765
7284,16888050,"Ayoub Fliless","2026-09-14 17:56:12",483.8,2,ayoubfliless
7285,16636973,"Ali Ali G","2026-08-03 18:36:40",483.8,2,alialig
7286,16709880,"Javier Pérez Robles","2026-08-15 02:21:07",483.7,2,javierprezrobles
7287,16657601,Simon,"2026-08-05 15:59:44",483.7,2,benten10
7288,16744610,"Safiullah Baig","2026-08-20 13:16:58",483.6,1,safm1rza
7289,16666637,"Uttam Limbani","2026-08-07 13:41:14",483.5,2,uttamlimbani
7290,16725955,"Aditya Pandey","2026-08-17 00:10:10",483.5,2,adipandey777
7291,16640399,Hubbahub,"2026-08-04 20:40:39",483.5,2,hubbahub
7292,16796164,harsh,"2026-09-22 16:02:23",483.4,2,harshdeshwar
7293,16687942,"Arya Arun","2026-08-16 08:52:26",483.3,2,aryaarun07
7294,16725483,PQ_Marz,"2026-08-15 16:25:50",483.0,2,pqmarz
7295,16771972,"Vansh Ahlawat","2026-09-22 15:35:39",482.7,2,vansh5126
7296,16664252,"Huy Hoang","2026-08-15 03:59:40",482.6,2,themeend
7297,16630163,"SEREENA JERRY","2026-08-06 08:59:17",482.6,2,serenajerry
7298,16692168,"Kinshuk Aggarwal","2026-08-09 04:23:32",482.6,1,kinshukaggarwal
7299,16871538,freesoso,"2026-09-15 13:11:39",482.5,2,freesoso
7300,16858250,"ayush kumar","2026-09-14 10:35:32",482.5,2,ayushkumar1610
7301,16633577,Boxy,"2026-08-15 18:55:40",482.5,2,boxyml
7302,16773195,"Pham Nguyen Thanh Huy","2026-08-27 05:25:55",482.4,2,huyphmnguyenthanh
7303,16659505,"Duleeka Mevan","2026-08-06 09:32:46",482.4,2,duleekamevan
7304,16718338,"Oladimeji Adeyemi","2026-08-17 15:33:50",482.4,2,adeyemioladimeji
7305,16691628,"Gavin Walsh (N1DGE11)","2026-08-08 16:07:24",482.2,2,gavinwalshn1dge11
7306,16709487,Kohei,"2026-08-19 20:54:42",482.1,2,kshintani
7307,16818158,Noza,"2026-09-16 04:36:09",482.1,2,harukanozato
7308,16737362,"moushun chen","2026-08-20 06:45:46",481.9,2,moushunchen
7309,16715126,준환,"2026-09-10 11:28:25",481.9,2,paulguilbert
7310,16672798,yaphanqiii,"2026-08-27 07:55:23",481.8,2,yaphanqiii
7311,16756561,"Eren Tekin","2026-09-14 23:41:50",481.7,2,erennntkn
7312,16656410,Sam,"2026-08-14 01:58:04",481.4,2,beartrader
7313,16668612,"raffael prem","2026-08-06 08:02:13",481.3,2,raffaelprem
7314,16764751,"Abhishek Parmar","2026-08-26 04:06:39",481.2,2,abhisheknparmar
7315,16665364,"Shien Zhang","2026-08-06 06:50:46",481.1,1,shienzhang
7316,16843921,Ruijiehe1213,"2026-09-13 03:40:30",481.1,2,ruijiehe1213
7317,16731636,関西人,"2026-08-24 06:23:14",481.1,2,m1333666888
7318,16672105,"Natural Stupidity","2026-08-10 19:39:53",481.0,2,"parthb21,sujaygolla"
7319,16920641,"Tailee Kim_7","2026-09-19 11:52:02",481.0,2,emilykim01
7320,16653118,"Elmira Yekani","2026-08-18 17:05:20",480.8,2,elmirayekani
7321,16722561,Asia214,"2026-08-30 02:26:16",480.7,2,asia214
7322,16694146,"JIlong Zhou","2026-08-26 15:04:38",480.6,2,acemaker
7323,16762427,Raj_craj,"2026-08-30 20:27:00",480.5,2,rajcraj
7324,16676613,LCZ1996,"2026-08-29 02:02:59",480.3,2,lcz1996
7325,16627009,c0sm1c,"2026-08-01 11:06:14",480.3,1,tanghao111
7326,16694314,"Ali Abbas Baig","2026-08-28 19:55:16",480.2,2,aliabbasbaig
7327,16947257,"Hassan Bazzoun-dev","2026-09-25 21:31:46",480.1,2,hassanbazzoundev
7328,16774035,"Shengfeng Wang","2026-08-26 07:28:46",480.1,1,shengfengwang
7329,16773194,NgNhan3110,"2026-08-27 09:36:17",480.0,2,ngnhan3110
7330,16775214,"Sambhav R","2026-08-27 15:34:44",480.0,2,sambhavr
7331,16668324,"Alden Jenish S","2026-08-06 14:02:09",479.9,2,aldenjenishs
7332,16666652,"Mohamed Fanni","2026-08-17 00:51:38",479.9,2,"arachid,mohamedfanni,soukaynamokhtari"
7333,16719257,"Alexander Morozov","2026-08-14 23:53:53",479.9,2,scanhex
7334,16658925,CYBWithFlourish,"2026-08-06 15:56:28",479.9,2,cybwithflourish
7335,16871722,agenlu,"2026-09-26 08:11:07",479.7,2,agenlu
7336,16686972,"Ankit Maurya","2026-08-23 07:05:44",479.6,2,"ankitmaurya16,rudraprasadsah"
7337,16791550,Team21,"2026-09-08 12:53:38",479.6,2,"fchen121,muktharam"
7338,16673214,Boiga7,"2026-08-06 14:03:53",479.2,2,lewiselliot
7339,16658702,sherlockwatson007,"2026-08-29 08:48:53",479.1,2,sherlockwatson007
7340,16688873,cancel,"2026-08-18 06:50:33",478.7,1,rugaru
7341,16717679,mureee,"2026-09-26 06:28:10",478.6,2,"hosyan3279,mureee54"
7342,16895340,Prakhareshwar,"2026-09-22 15:22:36",478.6,2,prakharpathak12
7343,16679958,Bum_Fy_Mz,"2026-08-13 20:31:44",478.6,2,bumfymz
7344,16729510,ARM,"2026-09-08 13:01:17",478.6,2,"midhun4126,mrohithjohn"
7345,16688296,"Michael Pollind","2026-08-28 13:30:32",478.5,2,mpollind
7346,16626105,sasaki,"2026-08-24 02:34:55",478.4,2,rsasaki
7347,16935530,"[RU] Evgeniy Kamyshan (sharing)","2026-09-26 05:24:25",478.4,2,svo1488zov
7348,16659261,PromptEngineer48,"2026-08-04 16:44:46",478.2,2,promptengineer48
7349,16846143,germanyum,"2026-09-13 14:32:05",478.2,2,germanyum
7350,16649077,"Yifan Yang 135","2026-08-11 06:22:40",478.1,2,yifanyang135
7351,16630335,"Solve Langseth","2026-08-05 06:48:57",477.9,2,solvelangseth
7352,16796273,"Kiplangat Vincent","2026-09-22 13:52:17",477.9,2,balvins
7353,16880953,IAMNAMNAM,"2026-09-23 14:12:56",477.9,2,iamnamnam
7354,16745574,"Yadunandan Raman","2026-08-22 12:20:06",477.7,2,yadunandanraman
7355,16638883,LeiYang,"2026-08-03 15:04:07",477.4,2,leiyangcq
7356,16880843,"Triều Đinh Hải","2026-09-12 19:41:11",477.4,2,triuinhhi
7357,16632368,"Yuelin Bai","2026-08-03 08:15:12",477.3,2,paralym
7358,16645302,LuCcc,"2026-08-03 09:45:35",477.3,2,luuuuccccc
7359,16634790,"Steven Lui","2026-08-03 12:22:08",477.2,2,stevenlui
7360,16693795,kurt,"2026-08-30 15:22:47",477.0,2,syarht
7361,16887058,"Michael Eberhard","2026-09-15 20:29:09",476.7,2,michaebe
7362,16774849,RiyadhLakadimu123,"2026-08-31 19:51:17",476.7,2,riyadhlakadimu123
7363,16742059,dafei2025,"2026-09-03 09:19:34",476.7,2,dafei2025
7364,16947693,"Mohammad Rashid Pathan","2026-09-26 13:18:32",476.7,2,pathanmohammadrashid
7365,16662715,"Great Okwuma","2026-08-17 00:10:46",476.6,2,greatokwuma2
7366,16649421,Eltormtace,"2026-08-14 04:35:15",476.5,2,eltormtace
7367,16933345,"Sourin Rakshit","2026-09-21 09:32:28",476.4,2,sourinrakshit01
7368,16679096,WilliamXylean,"2026-09-26 00:33:23",476.3,2,williamxylean
7369,16664211,"Ben Wilson","2026-08-06 23:57:29",476.3,2,crispyryse
7370,16819549,APEX101,"2026-09-06 06:16:51",476.2,2,"akshitasrivastava1,irongm"
7371,16701046,"Thanakorn Kaewwiang","2026-08-14 17:13:39",476.1,2,deweytng
7372,16726155,miyawakiayaka,"2026-08-15 18:50:10",476.1,2,kanatakon
7373,16678613,iBooNDK,"2026-08-09 19:03:37",476.0,2,iboondk
7374,16702281,"Dhruv Patel #2","2026-08-10 21:25:08",475.9,2,dhruvpatel1972
7375,16668589,"Gleb Naumkin","2026-08-05 22:46:26",475.8,1,glebnaumkin
7376,16665080,"RAVI KUMAR696996","2026-08-05 06:14:29",475.8,2,ravikumar696996
7377,16843511,"JiaHui Ni ","2026-09-13 14:59:35",475.7,2,jiahuini
7378,16883859,"Carlos Daniel Polanco","2026-09-19 18:45:16",475.3,2,carlospolanco00
7379,16678083,"Abdeljalil Idalahaj","2026-09-05 04:28:08",475.3,2,abdeljalilidalahaj
7380,16886765,LZWang,"2026-09-13 22:00:47",475.1,2,wlzwlz
7381,16639814,"Nikhil Krishna A","2026-09-07 07:37:56",475.1,2,techmasternikhil
7382,16709522,"Sanjay Dilip","2026-09-23 23:11:27",475.0,2,sanjaydilip
7383,16726044,"Lena Traczuk","2026-08-22 12:03:58",474.8,2,lenatraczuk
7384,16729081,"Venkata Y","2026-08-19 00:45:13",474.3,2,venkatayerrapothu
7385,16663327,Gnr8tr,"2026-08-13 14:16:44",474.2,2,wilburjpereira
7386,16831839,404_Brains_Not_Found,"2026-09-20 12:36:19",474.2,2,"manavtejani,rohangadhiya1911,sakshamdubeynew,trushankvaghasiya"
7387,16661930,zzangsunghyeon,"2026-08-08 16:22:21",474.1,2,zzangsunghyeon
7388,16675468,"atakan akgün","2026-08-13 15:32:32",474.1,2,atakanakg
7389,16745065,MrEvidentYew,"2026-08-24 18:36:02",474.1,2,mrevidentyew
7390,16724470,"Mahdi Rafati","2026-08-24 15:32:51",473.9,2,mahdirafati
7391,16645936,"Abhy Rejikumar","2026-08-22 19:26:23",473.9,1,abhyrejikumar
7392,16884418,xuechengzou,"2026-09-13 12:22:43",473.9,2,xuechengzouinkaggle
7393,16852845,quantumgeek,"2026-09-12 06:54:58",473.8,2,yk1598
7394,16804924,"Kevin L.","2026-09-09 07:04:46",473.8,2,zorgis
7395,16811454,"Zakaria Taouil","2026-09-07 16:11:13",473.8,2,ztaouil
7396,16733961,"Julia Fredo","2026-09-25 21:46:14",473.6,2,juliafredo
7397,16940953,"Bob Liu","2026-09-26 10:39:56",473.5,2,bobliu02041302
7398,16655069,"Jason Harrison","2026-08-05 20:56:59",473.5,2,jasonharrisonco
7399,16784417,"Dallas Odem","2026-08-29 13:14:30",473.3,2,dallasodem
7400,16880689,yasmine0809,"2026-09-12 16:19:37",473.2,2,yasmine0809
7401,16941927,想想偶像怎么做,"2026-09-24 08:47:33",473.1,2,fjt12138
7402,16797002,ZhixinLuo,"2026-09-01 14:16:09",473.1,2,zhixinluo
7403,16733785,"Stuart Gilbert","2026-08-30 01:52:41",473.0,2,stuartgilbert
7404,16862542,"Mitchelle's Team","2026-09-23 20:10:55",473.0,2,mitchellluciana
7405,16664608,sid,"2026-08-07 18:18:04",472.9,2,sidshastri04
7406,16662938,CarlitrosParra,"2026-08-05 21:34:52",472.9,2,carlitrosparra
7407,16699707,"Afana Khalit putra","2026-08-11 08:57:25",472.7,2,afanakhalitputra
7408,16867680,Asuka,"2026-09-11 05:45:46",472.6,2,asuka0langley0soryu
7409,16721814,"DOAMBA Jean Edouard Odilon","2026-08-24 14:48:43",472.4,2,doamba
7410,16768939,"Pratham Sonawane","2026-08-30 17:37:23",472.4,2,prathamsonawane1
7411,16674943,feyZERO,"2026-08-16 10:48:50",472.0,2,faezamora
7412,16729914,Christina,"2026-09-14 11:16:46",471.9,2,geekycb
7413,16889822,CornReform,"2026-09-21 01:01:52",471.8,2,cornreform
7414,16805196,"Sebastian Griesbach","2026-09-22 11:47:22",471.8,2,sebastiangriesbach
7415,16672473,goldfish,"2026-08-13 03:34:21",471.7,2,dolgfish
7416,16659681,"Aditya Seth","2026-09-04 13:12:36",471.6,2,adityaseth777
7417,16695102,whitelok,"2026-08-11 12:54:41",471.6,2,whitelok
7418,16659558,Ayuroshbo,"2026-09-23 09:28:54",471.6,2,ayuroshbo
7419,16743494,"ROHAN Exploit","2026-09-08 11:13:08",471.5,2,rohanexploit
7420,16662995,"carlos mario de oro aguado","2026-08-06 21:08:28",470.8,2,cdeoroaguado
7421,16893233,"Garrick Lai","2026-09-15 08:44:07",470.8,2,garricklai
7422,16762168,Lewbei,"2026-09-10 04:58:43",470.7,2,lewbei
7423,16775190,bianfu,"2026-09-26 04:45:37",470.7,2,bianfu
7424,16707951,K_ChanHo,"2026-09-17 11:40:29",470.7,2,kchanho
7425,16755677,"Rutwik Kumar M","2026-08-26 16:31:00",470.7,2,rutwikkumarm
7426,16747670,"Luis Molina","2026-09-21 14:34:46",470.6,2,micuentadecasa
7427,16737532,lsystudyhard,"2026-08-22 12:16:47",470.1,2,lsystudyhard
7428,16932257,"Joumier Loick","2026-09-25 05:25:04",470.1,2,loickjoumier
7429,16668137,"Thomas De Sousa","2026-08-06 06:34:48",470.0,2,thomasdesousa
7430,16700080,Kaushik,"2026-08-10 11:11:18",469.9,2,kgarumugam
7431,16720049,"aditya emmadishetty","2026-08-14 13:20:54",469.9,2,adityaemmadishetty
7432,16663258,sawe,"2026-09-16 09:10:13",469.8,2,boiihhh
7433,16646286,"C Aravindhan","2026-08-04 05:03:22",469.5,2,caravindhan
7434,16667042,"Adarsh Mukundan","2026-09-20 14:16:32",469.2,2,aadarshmukundan
7435,16688662,"Faz Forward","2026-08-08 09:03:10",469.2,2,fazforward
7436,16663267,"Sravya Isukapatla","2026-08-11 10:14:54",469.2,2,sravyaisukapatla
7437,16661154,"gronky goobers","2026-08-15 14:39:05",469.1,2,"viktoriusontop,yoshisurjuise"
7438,16783677,"Đặng Anh Thịnh","2026-08-28 08:31:12",468.8,1,nganhthnh
7439,16717018,"Urvashi Bansal","2026-08-17 09:12:29",468.7,2,urvashibansal123
7440,16661950,moonmelonpizza,"2026-08-09 12:25:23",468.7,2,moonmelonpizza
7441,16726211,RepeatAfterMe,"2026-08-17 08:21:41",468.6,2,bekirsciftler
7442,16713179,"Enise Zengin","2026-09-15 02:53:02",468.6,2,enisezengin
7443,16840130,tkm_ktn,"2026-09-05 15:48:40",468.4,2,takumikotani
7444,16668698,Addie,"2026-08-08 05:21:08",468.4,1,addie999
7445,16678154,"Hashim Far","2026-08-08 04:20:32",468.4,2,hashimfar
7446,16760191,"Kushal Shiva1","2026-08-26 20:19:36",468.3,1,kushalshiva1
7447,16693003,ShirrleyChen,"2026-08-15 12:54:58",468.3,2,shirrleychen
7448,16752081,"Ahmad Dehaini","2026-08-30 06:04:54",468.2,2,ahmaddehaini
7449,16632105,"shreyas sangalad","2026-08-02 12:01:08",468.1,2,spoortisangalad
7450,16661460,Lucky,"2026-09-03 07:49:58",468.1,2,tmiya0107
7451,16689372,"Kiran Yerpude","2026-08-12 05:39:43",468.0,2,kiranyerpude
7452,16779152,"taijiu int","2026-09-04 22:22:20",468.0,2,taijiuint
7453,16926614,"Mike Codispoti","2026-09-19 18:17:10",468.0,1,mikecodispoti
7454,16670719,SimoImane,"2026-08-05 23:36:09",467.8,2,simoimane
7455,16831819,"Roy Lampe","2026-09-24 11:46:45",467.8,2,roylampe
7456,16794309,"Sanyam Jain","2026-09-25 22:15:39",467.8,2,sjain03
7457,16794052,"Sarthak Mishra","2026-09-24 18:06:07",467.7,2,"aarushverma04,pg541425,sarthak25b15310182,yadavup50"
7458,16889078,"Md Waquar Ahmad","2026-09-16 02:52:56",467.7,2,mohdwaquarahmad
7459,16914972,cdwswb,"2026-09-19 02:25:22",467.7,2,cdwswb
7460,16741053,"Bui Minh Thanh","2026-09-07 18:50:23",467.7,2,buiminhthanh
7461,16885999,"Vansh #2","2026-09-20 14:22:18",467.6,1,vanshnavi
7462,16792069,"Yen Hung1021","2026-09-03 16:09:33",467.4,2,yenhung1021
7463,16778127,Nimmokumar,"2026-09-20 18:45:50",467.3,2,nimmokumar
7464,16621437,AdamBelniak,"2026-08-03 18:15:21",467.2,2,adamos581
7465,16761979,"Chaitany Patel","2026-09-17 14:59:29",467.2,2,chaitanypatel
7466,16890155,GSD,"2026-09-20 06:42:42",467.1,2,gsdeepakkumar
7467,16658476,"goksel yesiller","2026-08-04 11:07:53",467.1,2,gokselyesiller
7468,16758526,"sudo give_me_the_prize","2026-08-24 16:34:02",467.1,2,ibrahimab2
7469,16876700,"Omar Mukhtar","2026-09-18 10:05:32",467.0,2,omarmukhtar3
7470,16660060,AnkitGoyal,"2026-08-05 15:33:29",466.9,2,goyalankit
7471,16665436,Aeternum,"2026-08-15 18:31:32",466.8,2,"donbinoy2004,surajkumarks"
7472,16623006,"Aaradhy Singhvi","2026-09-08 12:48:10",466.7,2,aaradhysinghvi
7473,16760480,yat0i811,"2026-09-13 14:13:59",466.6,2,yat0i811
7474,16749038,Seuz,"2026-09-23 08:08:39",466.4,2,kohdawei
7475,16765194,henry,"2026-08-24 13:39:29",466.4,2,zchenry
7476,16695692,Saadii2279,"2026-08-11 16:44:39",466.0,2,saadii2279
7477,16656573,"Ashiq Firoz","2026-08-17 18:20:11",466.0,2,ashiqfiroz
7478,16778703,kamaras,"2026-08-30 11:58:07",465.7,2,kamaras
7479,16786351,"Pradeep P","2026-09-14 16:39:50",465.7,2,pradeeppuranam
7480,16631547,"Chong Xuan Ng","2026-08-08 15:38:52",465.6,2,chongxuanng
7481,16665865,"Agrippa Beaulieu","2026-08-08 19:09:28",465.6,2,agrippabeaulieu
7482,16916293,Hun731r,"2026-09-17 20:49:12",465.5,2,hun731rkooki
7483,16683934,"Teja Madala","2026-08-10 14:46:07",465.5,2,tejamadala
7484,16681655,"Tae seong Gim","2026-08-14 14:14:10",465.4,2,taeseonggim
7485,16727920,"Youssef Yacoup","2026-09-04 16:50:53",465.3,2,youssefyacoup
7486,16675000,"Carl Bell","2026-09-16 20:55:33",465.1,2,allegedcarlbell
7487,16707986,Pones_kaggle,"2026-09-01 22:08:32",465.0,2,pyd966
7488,16681637,nasu01,"2026-08-07 10:14:10",465.0,2,nasu01
7489,16718828,"Tejas Nisar","2026-08-23 17:04:45",464.9,2,tejasnisar
7490,16654984,"Guseinov Elvin","2026-08-08 21:44:00",464.9,2,guseinovelvin
7491,16667078,dprinzensteiner,"2026-08-05 14:06:26",464.5,2,dprinzensteiner
7492,16728933,dOvOb,"2026-09-08 14:51:10",464.4,2,waytosleep
7493,16892006,"Leul Hailemichael","2026-09-16 21:00:15",464.3,2,leulhailemichael
7494,16909602,jack1e32,"2026-09-18 02:32:58",464.3,2,jack1e32
7495,16715942,_@HimShukla23,"2026-09-19 18:14:05",464.3,2,himshukla23
7496,16732200,"Louis WhoEat","2026-08-24 12:02:40",464.0,2,louiswhoeat
7497,16915448,asdfghjklbelinda,"2026-09-26 11:59:24",464.0,2,"asdfghjklbelinda,yyyemin,zhouqingwen"
7498,16640516,"Alfandi Hassan","2026-08-08 03:41:33",463.9,2,alfandihassan
7499,16851860,"Senih Bayankulu","2026-09-08 03:13:24",463.8,2,senihbayankulu
7500,16661105,"Vignesh Murugan","2026-08-04 19:57:46",463.7,2,vigneshv1cky
7501,16719742,"Varun Dave","2026-08-31 22:56:07",463.7,2,"pranavtrivedi02,varundave95"
7502,16641948,JustForFun,"2026-08-18 08:00:36",463.6,2,thangphung215
7503,16661682,"Rishi Gupta","2026-08-05 07:46:38",463.6,2,rishigupta07
7504,16668108,"Suresh Chandra Mangena","2026-08-11 09:32:31",463.5,2,sureshchandramangena
7505,16757204,hhcjj,"2026-08-22 06:42:32",463.4,2,hhcjjkk
7506,16662690,"Pablo Gomez Perez","2026-09-04 16:45:32",463.4,2,pablogp
7507,16679872,"Kirby Won","2026-09-22 22:10:05",463.4,2,kirbywon
7508,16847740,FarmAre,"2026-09-07 17:31:01",463.3,2,abishekak
7509,16623824,zhangende02,"2026-08-01 01:15:21",463.1,2,zhangende02
7510,16623198,"Chris D'Mello (ineligible)","2026-07-31 17:32:46",463.1,1,cdmello
7511,16722109,Navneet,"2026-08-14 14:02:35",463.0,2,zxcdfg
7512,16661287,"Jacob Hanlon","2026-08-11 13:59:58",462.9,2,jacobhanlon
7513,16875460,"Safa Nasrin","2026-09-24 07:30:11",462.9,2,safanasri
7514,16644410,"Swaroop Kallakuri","2026-08-04 15:40:29",462.7,2,ksjpswaroop
7515,16773043,"Petani Baik","2026-09-03 00:56:35",462.7,2,durrahandri
7516,16661382,CBenaventte,"2026-09-02 13:35:27",462.7,2,cbenaventte
7517,16627324,"Attack on Kaggle","2026-08-06 13:27:22",462.5,2,user19394494
7518,16625216,"Emre Can","2026-08-01 17:05:51",462.4,2,seicatsu
7519,16876859,Broncat,"2026-09-15 02:27:28",462.3,2,broncat
7520,16664251,zzy123123,"2026-08-08 09:22:51",462.2,2,zzy123123
7521,16775236,hohohoZzZ,"2026-09-16 16:14:37",462.1,2,hohohozzz
7522,16636333,xiaoyang66,"2026-08-17 13:35:28",462.1,2,kennethhao8
7523,16798512,"Yuichiro Kinoshita","2026-09-26 07:22:01",462.0,2,yuichirokinoshita
7524,16654885,"Jason Kong","2026-08-04 06:52:19",462.0,2,jasonkongie
7525,16768079,Sohee087,"2026-08-24 20:21:01",462.0,1,sohee087
7526,16657681,"Prince Raj","2026-08-11 22:49:02",461.8,2,princerajmdb
7527,16699207,"Bipin Rimal","2026-08-10 07:45:21",461.7,2,bipinrimal314
7528,16655881,"Zhuoran Zhao","2026-08-07 16:50:04",461.7,2,yearcakes
7529,16681778,kzeus@003,"2026-08-12 05:12:15",461.5,2,kzeus003
7530,16665949,Rbda,"2026-08-06 14:18:03",461.4,2,brazvan
7531,16767147,"Hacker Trinity","2026-09-09 12:20:12",461.4,2,hackertrinity
7532,16685570,"Micah Fernando","2026-08-07 19:46:31",461.4,2,micahfernando
7533,16639577,Haitaks,"2026-08-16 09:42:16",461.3,2,haitaks
7534,16625808,"Etsushi Yamamoto","2026-08-09 16:50:41",461.0,2,etsushiyamamoto
7535,16668154,JuanEspana,"2026-08-09 11:38:32",460.8,2,juanespana
7536,16722793,Murphyzz,"2026-09-19 23:32:31",460.5,2,theophileperez
7537,16666716,"Fanis Alexakis","2026-08-17 11:59:15",460.5,2,fanisalexakis
7538,16882021,"lucas honoratodesouza","2026-09-14 05:21:58",460.5,2,lucashonoratodesouza
7539,16651872,Evgen21,"2026-08-05 14:03:50",460.2,2,evgen21
7540,16663822,BhavyaSaini001,"2026-08-29 23:10:34",460.2,2,bhavyasaini001
7541,16758970,"Jason Wong","2026-09-16 16:00:15",460.1,2,jsin27
7542,16765688,jihunai,"2026-08-26 23:15:54",460.1,2,jihunai
7543,16666071,"Arda Yıldız","2026-08-20 09:33:54",459.9,2,xreina8
7544,16853371,JIAWEILI0001,"2026-09-23 15:42:25",459.8,2,jiaweili0001
7545,16809022,CheeseFunction,"2026-09-05 06:58:36",459.8,2,cheesefunction
7546,16728318,T3jas06,"2026-08-22 19:45:13",459.8,2,t3jas06
7547,16847224,Kfarmer,"2026-09-19 12:51:27",459.5,2,"cwy0904,jasonchao89,jaspersooks,makomek,peiyingtok"
7548,16662790,"Derek Earnhart","2026-08-04 18:04:01",459.4,1,derekearnhart
7549,16739711,SBC,"2026-08-20 10:16:10",459.3,2,"anusasaha2406,harshkumar3014,rahulmaity"
7550,16719857,"Howey do it","2026-08-14 23:06:06",459.2,2,ronincoppins
7551,16655600,"VYSHAKH G NAIR","2026-08-04 21:31:24",459.1,2,vyshakhgnair
7552,16675916,Lorenzo176ITA,"2026-08-14 11:02:15",459.1,2,"alessiopap,lorenzo176ita"
7553,16928039,"Hideki Fujiwara","2026-09-26 11:15:53",459.1,2,hidekifujiwara
7554,16657664,"Nguyễn Anh Kiệt 28","2026-08-06 04:17:40",458.7,2,nguynanhkit28
7555,16776824,"Manuel Santiago Atencio","2026-09-23 00:46:42",458.5,2,manuelsatencio
7556,16676803,"Josue Villao","2026-08-14 05:20:13",458.4,2,josuevillao
7557,16838981,"Adil Shamim","2026-09-09 13:55:52",458.2,2,adilshamim8
7558,16665374,UmangDobhal03,"2026-08-06 03:46:29",458.2,2,umangdobhal03
7559,16667517,"Recep Barkın Topcu","2026-08-31 05:30:02",458.1,2,recepbarkntopcu
7560,16654974,"ACd Rooy","2026-08-11 06:35:28",457.8,2,acdrooy
7561,16663707,DotBix,"2026-08-12 21:45:54",457.8,2,dotbix
7562,16794499,smileMAN13912339850,"2026-09-07 10:01:07",457.7,2,smileman13912339850
7563,16903680,"marwan na","2026-09-19 09:27:52",457.6,2,marwanna
7564,16757135,Agrihand,"2026-09-02 15:00:23",457.5,2,mayur756
7565,16709918,GUI666,"2026-08-26 16:17:40",457.3,2,gui666
7566,16842936,"Sreejit Pradhan","2026-09-12 19:11:37",457.3,2,sreejitpradhan
7567,16706277,"ratat Zheng","2026-08-12 10:25:38",457.3,2,ratatzheng
7568,16668068,"Neural Harvest","2026-08-27 19:23:44",457.2,2,meghashyampawar
7569,16677524,"Phúc Phạm","2026-08-07 20:16:24",457.1,2,phucpham77
7570,16930490,freesunp,"2026-09-21 02:48:31",456.9,2,freesunp
7571,16636719,"Naman Durve","2026-09-12 16:14:56",456.6,2,namancdurve
7572,16696061,Mingyuan2002,"2026-09-22 04:17:12",456.6,2,mingyuan2002
7573,16756900,Kome_Sh,"2026-08-30 13:40:56",456.4,2,komeshun
7574,16655080,"Mohamed Judi","2026-09-07 19:18:31",456.3,2,mhjudi
7575,16881765,"aakriti & tanya","2026-09-18 11:53:42",456.0,2,"aakritiinchaos,tanyac1"
7576,16757366,"Sean Connolly","2026-09-05 04:10:21",456.0,2,seanconnolly
7577,16654347,"aarav maheshwari1","2026-08-26 05:57:03",455.8,2,aaravmaheshwari1
7578,16794598,"Andrew Yu","2026-09-02 04:51:57",455.8,1,andnyu
7579,16719521,xarquin,"2026-08-25 03:16:23",455.6,2,xarquin
7580,16671670,"Karla Ziegler","2026-09-24 00:26:42",455.6,2,karlaziegler
7581,16653049,"Umut Doruk Öztürk","2026-09-02 09:52:16",455.5,2,umutdorukztrk
7582,16621572,"Abdulazeez AbdulMumeen","2026-08-05 10:59:27",455.4,2,ayobeen
7583,16793465,"Farming Sols","2026-09-03 23:40:36",455.3,2,rishitreddypalle
7584,16656431,"Venetta Smithen","2026-08-20 02:19:45",455.2,2,venettasmithen
7585,16888067,Van,"2026-09-21 01:29:39",455.2,2,lanxirye
7586,16656641,AndrewEly8,"2026-08-05 00:56:32",455.2,2,andrewely8
7587,16915747,xiao,"2026-09-17 17:03:40",455.0,2,xiao789
7588,16706143,Adityaupadhyay0805,"2026-08-20 04:28:06",454.7,1,adityaupadhyay0805
7589,16663368,"Laurence Dale","2026-08-12 18:00:07",454.7,2,laurencedale
7590,16658521,"Vishal Dhariwal","2026-08-08 11:43:36",454.7,2,user412
7591,16674605,Versilogic,"2026-08-16 07:54:48",454.6,2,versilogic
7592,16667722,Radhouen911,"2026-08-06 21:37:37",454.2,2,radhouen911
7593,16704597,"Wallace Switzer","2026-08-12 01:09:49",454.2,2,wallaceswitzer
7594,16670651,Echare,"2026-09-15 23:28:38",453.9,1,echare
7595,16802580,WarlockCode,"2026-09-03 14:07:58",453.8,2,maktub83
7596,16908418,Ayush_1319,"2026-09-17 11:59:04",453.8,2,ayush1319
7597,16658149,X,"2026-09-21 13:42:54",453.8,2,lohithhb
7598,16661449,"Samarjeet Singh","2026-08-23 04:32:19",453.7,2,samarjeet010
7599,16893255,"Amal Raj Singh","2026-09-19 08:37:00",453.6,2,amalrajsingh
7600,16669117,"Shrikant Lambe","2026-08-10 23:31:50",453.5,2,shrikantlambe
7601,16687959,"Destin Nedjou","2026-08-27 05:45:33",453.5,2,destinnedjou
7602,16681924,WEcoS,"2026-08-10 04:32:03",453.4,2,aungkhainghtun
7603,16870864,"Overfitting Is All You Need","2026-09-18 09:25:23",453.3,2,ryylll
7604,16751058,"Henrique Loyola ","2026-08-21 05:29:59",453.2,2,henriqueloyola
7605,16656568,"FARIATHTHEEN F","2026-08-04 11:44:49",453.1,2,fariaththeenf
7606,16682386,"Charbel Nehme","2026-09-24 07:58:33",452.9,2,charbelnehme
7607,16804902,"aitahmed amina","2026-09-08 16:15:15",452.8,2,aitahmedamina
7608,16694330,"Jack Way","2026-08-10 11:48:42",452.8,2,jackway05
7609,16664558,"Praneeth Annapureddy","2026-08-05 04:52:45",452.8,2,praneethannapureddy
7610,16675686,"PRERIT MAURYA","2026-08-14 06:37:51",452.8,2,preritmaurya
7611,16659919,"SILVISTON EMMANUEL","2026-08-06 06:51:55",452.7,2,silvistonemmanuel
7612,16885346,"Michael Handal","2026-09-13 16:23:03",452.6,1,michaelhandal
7613,16829367,"quant park","2026-09-15 10:29:07",452.6,2,quantpark
7614,16755394,"Ruben Lucas","2026-08-21 21:50:16",452.4,2,rubenlucas
7615,16701871,"Raj Nandan","2026-08-10 15:13:30",452.4,1,imrajnandan
7616,16847947,"Phongwit Sri","2026-09-22 04:30:08",452.3,2,phongwitsri
7617,16658678,"Manav Aghera","2026-09-06 18:16:28",452.1,2,manavaghera
7618,16780783,pri,"2026-08-28 15:10:15",452.1,2,priscilamaria5363
7619,16721940,DarkLayer,"2026-08-22 02:07:13",452.0,2,nnpaopao
7620,16663040,"BARBARA GASKINS","2026-08-12 01:08:47",452.0,2,barbaragaskins
7621,16711823,Abi_e,"2026-09-07 09:47:37",451.9,2,abidjacquelineanadi
7622,16652661,"Petru-Mihai Craciun","2026-08-05 14:55:07",451.9,2,petrumihaicraciun
7623,16660413,Ritesh-2006,"2026-09-24 05:25:22",451.8,2,ritesh2006
7624,16717051,"Chirag Hosdurga","2026-08-13 13:38:41",451.6,2,chiraghosdurga
7625,16687237,Khalibryler,"2026-08-11 09:17:03",451.5,2,khalibryler
7626,16763898,"Tarık Sarıcı","2026-08-24 09:54:31",451.5,2,ssarici
7627,16668810,ZZZZGOD,"2026-08-07 19:11:09",451.4,2,zzzzgod
7628,16663594,"NGU BLACK SANTA","2026-08-05 15:23:10",451.3,2,ngublacksanta
7629,16690793,"MOHAMMAD ALRASHED","2026-08-08 18:33:34",451.3,2,mohammadalrashed
7630,16714488,"HusseinNadem Nadem","2026-08-26 01:53:13",451.1,2,husseinnademnadem
7631,16676482,GitLyf,"2026-08-16 12:47:59",451.0,2,"jaideva30,rohithkrishnaak"
7632,16654312,Xmeeeee,"2026-08-05 00:11:29",450.7,2,xmeeeee
7633,16809985,"ADOLE Edache","2026-09-25 11:47:46",450.4,2,adoleedache
7634,16757806,Richardwe,"2026-09-08 08:43:12",450.4,1,richardwe
7635,16785352,"joão Vitor","2026-09-05 20:19:12",450.3,2,jaov30718
7636,16670155,Kiznaiver,"2026-08-23 14:27:19",450.1,2,kiznaiver
7637,16628268,toxic_2499,"2026-09-14 13:39:02",450.1,2,toxic2499
7638,16662111,"Mood Vikram","2026-09-05 23:15:35",450.0,2,"moodvikram,sidhantchauhan"
7639,16687602,"jithin manoj","2026-08-12 13:00:23",450.0,2,jithingmanoj
7640,16623712,Dapp,"2026-08-03 23:09:19",449.9,2,lgloria
7641,16938142,"Pavel Krotkov","2026-09-23 20:23:34",449.8,2,pashkal
7642,16655415,"Ivan Jarp","2026-08-29 17:07:03",449.7,2,ivanjarp
7643,16799224,"Tian Yan666","2026-09-03 14:48:42",449.7,2,tianyan666
7644,16936983,"hanlin zhu","2026-09-22 13:06:50",449.7,2,dhanlinzhud
7645,16661786,Nagaraju,"2026-08-10 01:53:04",449.6,2,orugantn
7646,16840624,Deepakexplores,"2026-09-11 17:51:43",449.5,2,deepakexplores
7647,16879532,kiwamizamurai,"2026-09-14 20:27:53",449.0,2,kiwamizamurai
7648,16922524,"Aleksandar Belic","2026-09-24 20:48:44",448.8,2,aleksandarbelic
7649,16838929,Charlesm85,"2026-09-06 05:56:26",448.6,2,charlesm85
7650,16925447,"Peter Tinashe Mundowa","2026-09-20 09:37:57",448.5,2,petermundowa
7651,16713723,"Jyot Buch","2026-08-12 23:09:41",448.5,2,jyotbuch
7652,16897899,templar7245,"2026-09-22 16:56:46",448.5,2,templar7245
7653,16700596,"Markel Iru","2026-08-13 15:52:53",448.5,2,markeliru
7654,16665184,woorym,"2026-08-10 03:04:12",447.7,2,woorym
7655,16667601,"Audrius Molis","2026-08-27 19:30:39",447.6,2,vienas
7656,16756812,"Alex Amirkhanyan","2026-08-24 05:51:16",447.3,2,aleksamirkhanyan
7657,16855836,"Srinivasan Raghavan","2026-09-08 18:07:38",447.2,1,srinivasan1812
7658,16888455,Erin,"2026-09-14 02:55:17",447.1,2,eringobyte
7659,16795330,"Alejandro Villacampa","2026-09-02 17:32:11",447.0,2,avillacampa
7660,16663622,sammuq1,"2026-08-10 23:56:19",446.9,2,sammuq1
7661,16661751,"Shailaja J","2026-08-12 14:51:15",446.5,1,shailajaj
7662,16916625,"Dhoni Theja007","2026-09-25 19:34:04",446.4,2,dhonitheja007
7663,16718517,"Jessica Yin","2026-08-17 00:10:31",446.2,2,jeqyin
7664,16844010,"Nori Miya","2026-09-06 15:17:38",446.2,2,norimiya
7665,16670634,"Narayan Sharan","2026-09-12 06:55:27",446.1,2,narayansharan
7666,16762154,lli,"2026-09-07 19:04:26",446.0,2,colesuoseue
7667,16730870,"Jiang Ryan","2026-09-03 03:37:12",445.9,2,jiangryan
7668,16657528,"Symekah Shadrack Basweti","2026-08-05 10:17:09",445.9,2,symekah99
7669,16664327,"Maged Hegazy","2026-08-06 13:13:28",445.8,2,magedhegazy
7670,16724984,anish711,"2026-08-22 17:54:18",445.7,2,anish711
7671,16668813,zhaowang,"2026-08-06 05:19:52",445.7,2,zhaowangwang
7672,16793145,KarlNUrban,"2026-09-05 12:19:50",445.6,2,karlnurban
7673,16661233,"Uriel Johnson","2026-08-05 08:45:24",445.6,2,urieljohnson
7674,16716636,"Mahamane Lawaly","2026-08-13 10:22:51",445.4,1,mahamanelawaly
7675,16707331,"Simon Ziegs","2026-08-23 22:54:11",445.3,2,simonziegs
7676,16657502,Jasmeen,"2026-08-16 08:59:05",445.3,2,jasmeen0207
7677,16792630,Vipluv1,"2026-09-04 20:32:56",445.3,2,vipluv1
7678,16698141,Zippo,"2026-08-16 05:44:18",445.3,2,gagemerrick
7679,16653809,acbabc123,"2026-08-04 13:53:53",445.3,2,acbabc123
7680,16691761,"Evie Barker","2026-08-15 13:40:05",445.1,2,eviebarker
7681,16697448,"Mykola Mazniuk","2026-08-15 17:57:39",445.1,1,mykolamazniuk
7682,16621402,Maxim,"2026-08-13 07:01:03",444.9,2,ektarr
7683,16651042,Mira_332,"2026-08-27 04:58:29",444.9,2,ichiiohno
7684,16657383,"Shih Hua Chou","2026-08-18 03:51:08",444.7,2,shihhuachou
7685,16621367,Numari,"2026-07-31 16:30:01",444.7,2,numaritaisei
7686,16791617,"Neil Li","2026-08-30 00:10:32",444.4,1,neilliroub
7687,16708348,"Edilaine Arceno","2026-09-25 16:16:44",444.1,2,edilainearceno
7688,16630520,dimitris_x94,"2026-08-23 21:10:57",444.0,2,dimitrisx94
7689,16661360,"Jasper Jiss","2026-08-13 18:45:37",443.9,2,jasperjiss
7690,16699633,Nafmo,"2026-08-11 17:10:53",443.9,2,nafmo2
7691,16670986,"Anas Erami","2026-08-08 01:38:43",443.9,2,anaserami
7692,16867305,Prikat,"2026-09-24 19:38:03",443.8,2,prikat
7693,16786280,Shambhavi21,"2026-09-24 18:04:34",443.7,2,shambhavi21
7694,16728845,"Mohamed Kaleel","2026-08-22 16:12:58",443.7,2,mdkaleel
7695,16738218,kiyo,"2026-09-10 13:01:37",443.6,2,kiyohiro
7696,16684031,"Phillip Kamundia","2026-08-14 20:35:15",443.3,2,phillipkamundia
7697,16773032,fecrescencio22,"2026-09-02 21:07:10",443.2,2,fecrescencio22
7698,16671602,"Nithin Nambi","2026-08-07 00:09:31",443.2,2,nitthewit
7699,16690698,posty_melek,"2026-08-15 05:06:40",443.0,2,srisaraswati
7700,16773020,HyperNeonByte,"2026-09-23 00:23:03",443.0,2,hyperneonbyte
7701,16838619,HeroGod,"2026-09-05 12:25:27",443.0,2,herogod
7702,16713218,"Julien Baumgartner","2026-08-14 08:36:27",442.9,2,julienbaumgartner
7703,16705276,layr0,"2026-08-14 00:53:11",442.7,2,layr0dotdev
7704,16654394,sserges,"2026-08-08 20:46:14",442.6,2,sserges
7705,16668267,Saran,"2026-08-27 14:18:05",442.6,2,saran2
7706,16659658,"Tim Wong","2026-08-06 02:02:30",442.4,2,wai0186
7707,16711918,"Pavel Filin","2026-08-13 05:23:28",442.4,2,pavelfilin
7708,16696271,"Neeta Sanjay Gajabi","2026-08-09 14:48:42",442.3,2,neeta2574
7709,16785568,"Sneha Bhargava4","2026-09-16 17:56:17",442.3,2,snehabhargava4
7710,16661576,"Yash Jumde","2026-08-15 20:09:59",442.2,2,yashjumde
7711,16641501,Sonal,"2026-08-08 22:07:46",442.0,2,sonalm13
7712,16838460,"Yash Vardhan","2026-09-08 07:39:50",442.0,2,poruskapil1
7713,16664205,"shr Wei","2026-09-03 06:00:47",442.0,2,shrwei
7714,16660330,wangyikai,"2026-08-09 07:59:45",441.9,2,wangyik
7715,16853895,sailohith07,"2026-09-08 10:49:11",441.8,2,sailohith07
7716,16686093,"Muhammad Usman Butt","2026-08-07 22:00:04",441.8,2,debugdemon
7717,16767585,Hyena,"2026-08-25 22:17:26",441.7,1,hemant0
7718,16771725,"Rijusmit Biswas","2026-09-18 10:55:33",441.6,2,rijusmitbiswas
7719,16683316,moonriver0922,"2026-08-11 07:04:11",441.1,2,moonriver0922
7720,16921938,"Hikaru Kambe","2026-09-19 04:34:43",441.1,2,hikarukambe
7721,16841679,Chafuuu,"2026-09-09 16:26:02",441.0,2,chafuuu
7722,16731790,"A random farmer","2026-08-18 02:19:53",440.9,1,hinatatokuda
7723,16644053,Rafiozoo,"2026-08-03 19:26:40",440.7,2,rafiozoo
7724,16659080,VENKY,"2026-08-07 17:22:03",440.7,2,venkateshthatha
7725,16692128,gibocx,"2026-08-10 18:10:34",440.6,2,gibocx
7726,16668331,"Maitreya Mohapatra","2026-09-23 22:26:09",440.5,2,maitreyamohapatra
7727,16786281,"Saumya Prasad","2026-09-24 19:16:29",440.4,2,saumyaprasad2004
7728,16925537,pballurkar,"2026-09-19 13:08:26",440.2,1,pballurkar
7729,16670090,"Gianpaolo Nettis","2026-08-24 08:42:07",440.1,2,rakes7
7730,16725065,"Maxim Smirnov","2026-08-15 13:21:05",440.0,2,smirnoffmg
7731,16723072,Arthurt1,"2026-09-23 22:09:27",439.9,1,arthurt1
7732,16719679,ZhiruiLuo,"2026-08-25 15:52:57",439.7,1,zhirluo
7733,16919693,Maham1199,"2026-09-25 13:08:46",439.6,2,maham1199
7734,16761148,Deku,"2026-08-23 13:36:57",439.4,1,piyushsharma5654
7735,16861019,CloriTeam,"2026-09-09 15:34:28",439.4,2,lorenzocomis
7736,16661323,mzyktkhs,"2026-08-10 13:21:59",438.9,2,mzyktkhs
7737,16660899,"Clarence Trinidad","2026-09-16 18:28:20",438.7,2,claree007
7738,16644765,MoeCode,"2026-09-12 16:46:28",438.6,2,syrianeagle
7739,16726882,"Albert Yu","2026-08-17 00:01:53",438.5,2,yukinying
7740,16657312,"baolood herid","2026-08-06 13:13:48",438.4,2,baoloodherid
7741,16912864,zhzhang,"2026-09-19 12:54:48",438.3,2,lililizh11
7742,16631609,dlougen,"2026-08-04 16:40:03",438.3,2,dlougen
7743,16640965,jidaoluckey,"2026-08-08 07:10:45",438.3,2,jidaoluckey
7744,16786101,Cai0Emanuel,"2026-08-29 01:11:51",438.1,1,cai0emanuel
7745,16676497,"Non-veg plants","2026-08-07 09:54:00",438.1,2,mohammadshadabshaikh
7746,16634060,"Chí Thành Đỗ","2026-08-02 05:11:58",437.8,2,chithanhdeptrai
7747,16659520,"Play Code","2026-08-05 14:28:00",437.7,2,codenya
7748,16701367,CryptoQuant1992,"2026-08-11 13:04:12",437.6,2,cryptoquant1992
7749,16940818,Laiba,"2026-09-24 11:45:36",437.3,1,laibasm01
7750,16728394,"Aisultan Davletkan","2026-08-16 13:01:38",437.3,1,aisdav
7751,16674266,HamYad,"2026-08-06 18:19:46",437.2,2,hamyadlab
7752,16723490,"Panashe Arthur Mhonde","2026-08-22 11:41:19",437.1,2,panashearthurmhonde
7753,16706790,"Stas Chereshkevich","2026-08-19 12:23:33",437.0,2,staschereshkevich
7754,16729214,kisamaki0815,"2026-08-28 01:21:57",437.0,2,kisamaki0815
7755,16877297,"Aaryan Gole","2026-09-15 09:37:08",437.0,2,aaryangole
7756,16666132,andres555,"2026-08-28 14:36:21",436.9,2,"andres555,violalin"
7757,16660484,"Waiswa Geoffrey","2026-08-31 08:29:58",436.8,2,waiswageoffrey
7758,16658520,drownedsnake,"2026-08-05 01:03:22",436.7,2,makerplay
7759,16726285,Dhananjay,"2026-08-15 18:48:20",436.3,2,dhananjaylakkawar
7760,16662079,"Farrukh Hussain","2026-09-08 11:36:07",436.2,2,farrukhhussai
7761,16766803,"Kanishk Sharma","2026-09-01 23:52:42",436.1,2,kan1shq198
7762,16759239,SunYaoXi,"2026-08-27 09:32:42",436.1,2,sunyaoxi
7763,16729086,samanyu,"2026-08-23 10:13:11",435.9,2,samanyu1808
7764,16845679,"Wenhai Tang (raisin)","2026-09-07 03:33:14",435.8,1,wenhaitangraisin
7765,16709512,Rustamdurdyyev,"2026-08-31 19:59:56",435.8,2,rustamdurdyyev
7766,16692782,"Andres Regino","2026-08-23 20:26:03",435.6,2,andresregino
7767,16663871,"Iyed Djebbi","2026-08-07 09:25:07",435.4,2,iyeddjebbi
7768,16625149,Rubylicious,"2026-07-31 07:53:00",435.3,2,labibahalya
7769,16728821,"Alen Maria Nirmal","2026-08-17 21:51:03",435.1,1,alenmarianirmal
7770,16773264,LA28,"2026-09-03 19:44:02",435.1,2,saisreelasyaappali
7771,16683761,"Chiefmen749 Aris","2026-08-10 07:42:42",434.9,2,saysplayz
7772,16662133,"Ding Lifeng","2026-08-29 08:20:49",434.8,2,dinglifeng
7773,16755159,"Kay Gijzen","2026-08-23 11:51:31",434.7,2,kaygijzen
7774,16666878,aaronykchen,"2026-08-17 15:06:13",434.7,2,aaronyukuchen
7775,16633984,"Mongkhon Hatit","2026-08-04 11:58:56",434.6,2,mongkolhatit
7776,16683390,Christopher34,"2026-08-08 00:20:59",434.6,2,christopher34
7777,16862497,DefiAudit,"2026-09-26 00:07:46",434.5,2,defiaudit
7778,16671033,"Alexandr Shustikov","2026-09-17 22:35:17",434.5,2,alexandrshustikov
7779,16792685,李明,"2026-09-22 08:03:47",434.4,2,liming2026good
7780,16654401,ChronoForensics,"2026-08-08 17:26:11",434.4,2,ryanwollmuth
7781,16775069,JWlKIM,"2026-08-26 23:22:43",434.3,2,jwlkim
7782,16719460,"Amon #2","2026-08-15 12:40:41",434.2,2,ezjameng
7783,16938771,"Daniel Peng","2026-09-22 03:53:05",434.2,2,codewithdaniel1
7784,16633786,tuannm3812,"2026-08-28 08:00:42",434.1,2,tuannm3812
7785,16890511,"Alex Solonsky","2026-09-14 08:57:30",434.0,1,alexsolonsky
7786,16632503,"Wei Hsiang Lin111","2026-08-01 07:42:33",433.7,2,weihsianglin111
7787,16632855,Shreyash_Automation,"2026-08-21 00:06:49",433.6,2,shreyashautomation
7788,16892719,"Sandeep Guttavalli","2026-09-21 11:33:21",433.3,2,sandeepguttavalli
7789,16820596,Karina,"2026-09-16 11:36:45",433.3,1,karinajoey
7790,16735206,"Shiyal Kishan","2026-08-20 04:01:28",433.2,2,shiyalkishan01
7791,16695095,"Jayanth Chowdary","2026-08-22 17:50:39",433.1,2,jayanthchowdary24
7792,16745980,"Arif Amijoyo","2026-08-30 07:54:40",433.1,2,arifamijoyo
7793,16623271,"William Morley","2026-07-31 10:09:16",433.0,2,williamkmorley
7794,16713557,kaggri-kal-chal,"2026-09-16 18:53:51",432.6,2,"nainikaanish,shrivastavaaryan"
7795,16764151,Jpadilla987@gmail.com,"2026-08-25 21:00:27",432.6,2,jpadilla987gmailcom
7796,16661628,PradipBanerjee,"2026-08-05 21:03:11",432.6,2,pradipbanerjee
7797,16726441,Enrique.rfm,"2026-09-14 16:40:46",432.4,2,enriquerfm
7798,16624414,"Chaitanya Jamble","2026-07-31 05:42:10",432.4,1,chaitanyajamble
7799,16854332,kotaross,"2026-09-09 15:18:06",432.2,2,kotaross
7800,16690221,"HISOKY DEV","2026-08-10 09:42:03",431.7,2,omarfahid
7801,16660697,"Dannis Wong11","2026-09-09 10:07:46",431.5,2,danniswong11
7802,16656627,"Soykot Podder","2026-08-14 05:39:06",431.4,2,diptopodder
7803,16692618,"Ali Zakaee","2026-08-09 10:13:02",431.3,1,itheequalizer
7804,16926880,KarthikeyaAnna,"2026-09-20 13:40:19",430.9,2,karthikeyaanna
7805,16668095,Menna_Allah_Samy12,"2026-08-15 15:04:56",430.9,2,mennaallahsamy12
7806,16686796,"Harinath Reddy A","2026-08-23 21:23:45",430.8,2,harynath
7807,16726765,"Ali Al-Killidar","2026-08-16 09:47:37",430.6,1,alialkillidar
7808,16859368,"Emmanuel King Christopher","2026-09-09 23:31:24",430.4,1,emmanuelkingchris
7809,16892644,ElKnilcho,"2026-09-14 19:01:37",430.3,2,elknilcho
7810,16785932,"Thomas Yi","2026-09-04 00:33:06",430.3,2,tyyslashd
7811,16778939,"Stepan Antonov","2026-08-27 07:59:30",430.2,1,stepanantonov
7812,16657201,ShayML,"2026-08-08 09:02:05",430.1,2,shayml
7813,16815817,haiy_qq,"2026-09-04 01:41:26",430.0,2,haiyqq
7814,16735177,shilpa.rpns,"2026-08-22 04:57:10",430.0,2,shilparpns
7815,16858543,"Fakhar Mustafa","2026-09-10 05:07:39",429.7,2,fakhar90
7816,16651939,"Yogesh Jadhav","2026-09-17 06:54:06",429.1,2,dynamo14324
7817,16641513,"Sameer Chakravedi","2026-08-15 16:06:11",429.1,2,sameerchakravedi
7818,16786264,"THISHA S","2026-09-06 06:53:09",429.0,2,thishas
7819,16625434,"Chirapathleo Saelim","2026-09-08 08:40:06",428.7,2,chirapathleosaelim
7820,16659414,TTGP_TEAM,"2026-08-06 15:33:09",428.2,2,phttrntrnggia
7821,16675631,"Aswini Gowda","2026-08-10 05:37:33",428.2,2,aswinigowda
7822,16668185,"Swayam Chavan","2026-08-09 01:12:23",428.2,2,swamboy
7823,16790603,xinbao,"2026-09-22 05:21:16",428.2,2,zww123456
7824,16917703,"Tommy Mac Bird","2026-09-18 02:14:59",428.1,1,tommymacbird
7825,16663104,Sohan,"2026-08-23 14:42:40",428.0,2,sohansinghrawat
7826,16655783,KonaKonaz,"2026-08-04 09:36:57",428.0,2,konakonaz
7827,16654175,abhiv142,"2026-08-11 13:22:03",428.0,2,abhiv142
7828,16707437,"Ivan Plekhanov","2026-08-11 12:03:11",428.0,1,nnob0dy
7829,16627313,"Zafer Liu","2026-08-03 05:13:39",427.9,2,zaferliu
7830,16760377,"Yuxuan Qian","2026-08-29 23:45:28",427.7,2,yuxuanqian
7831,16677047,LINOXYR,"2026-08-15 13:13:58",427.6,2,linoxyr
7832,16722819,Anna,"2026-08-21 15:01:26",427.5,2,annatmp
7833,16664044,IntentionalSayshara,"2026-09-05 14:45:02",427.5,2,jaelle
7834,16654458,"Likith Narakala","2026-09-10 20:27:03",427.3,2,likith17052004
7835,16623528,"Faijur Rahaman","2026-08-20 09:40:07",427.3,2,faijurrahaman
7836,16682906,Masiki,"2026-09-05 13:55:54",427.1,2,blackseed
7837,16734601,sweetlesson,"2026-08-18 00:40:55",427.1,2,sweetlesson
7838,16932760,"Ian Hsu I guess","2026-09-23 01:09:40",427.0,2,ianhsuiguess
7839,16638967,"Jenny Luo","2026-08-01 23:55:07",426.9,2,"jennyluo96,kyeoh92"
7840,16751796,"Leo Pallorina","2026-08-23 14:06:17",426.8,2,lelelsp
7841,16778886,"Sandeep Das","2026-08-31 09:48:37",426.8,2,sandypos
7842,16885547,L0k1xd,"2026-09-13 10:04:10",426.8,2,l0k1xd
7843,16706843,"yh z","2026-08-11 09:32:56",426.7,1,yhz123456
7844,16705510,"Palak Choudhary","2026-08-11 07:12:44",426.7,2,palak2564
7845,16653429,mktdev,"2026-08-10 12:19:54",426.6,2,mktdev
7846,16666873,"linli duan","2026-08-12 15:06:42",426.6,2,linliduan
7847,16677166,Spectrobot,"2026-08-08 11:11:46",426.6,2,spectrobot
7848,16809943,"A Rook","2026-09-03 19:06:08",426.6,2,rookcastle
7849,16665470,KanakoS,"2026-08-18 13:13:58",426.6,2,kanakos
7850,16659269,"Bedirhan Dinçer","2026-08-10 20:26:46",426.6,2,bedirhandiner
7851,16715456,"wilson LUNG","2026-08-17 23:54:10",426.4,2,wilsonlung
7852,16670464,halfpintcider,"2026-09-16 08:50:31",426.3,2,"amoghdeshpande2021,visspric7"
7853,16892976,"Tony He","2026-09-19 17:41:31",426.1,2,tonyyang0504
7854,16748500,stimmie,"2026-08-30 16:11:56",426.1,2,stimmie
7855,16656989,Crunchex,"2026-08-29 10:52:11",425.9,2,"asmo04,chinmaysoni48,codencry"
7856,16666066,Khush3e,"2026-09-16 23:20:51",425.8,2,khush3e
7857,16676256,"Kotaro Nakamura","2026-08-11 22:18:41",425.6,2,kotaroma
7858,16696993,healer2408,"2026-08-15 07:10:57",425.4,2,healer2408
7859,16706054,"ErrorX Info","2026-08-20 11:30:03",425.3,2,"errorxinfo,shyampatel47"
7860,16716002,"Preethi Gnanaprakasam","2026-08-14 09:10:46",425.3,2,preethignanaprakasam
7861,16663976,"wangyang denis","2026-08-12 06:26:08",425.1,2,wangyangdenis
7862,16728839,Mharfe,"2026-09-06 23:26:08",424.9,2,mharfe
7863,16796102,yiliang,"2026-08-31 12:55:20",424.9,2,yilianglv
7864,16663804,"Fredy Meyer","2026-08-05 20:19:51",424.9,2,alexmeyerm
7865,16805621,"DIVYANSH KUMAR SINGH CHAUHAN","2026-09-02 04:04:53",424.7,2,capdiv
7866,16792392,pansya,"2026-09-20 10:00:15",424.7,2,pansya
7867,16665152,"Ahmed Karim","2026-08-17 11:32:15",424.7,2,versusic
7868,16661194,"Sandeep Vanapalli","2026-08-04 15:37:06",424.6,2,mrleaf
7869,16714240,"The Shovel","2026-08-26 03:21:18",424.5,2,"astapasta0,qotqat"
7870,16729522,all-coder,"2026-08-16 17:55:08",424.3,2,allcoder
7871,16728414,"Pedro Caycho","2026-08-16 12:40:26",424.3,1,pjcc1123
7872,16743032,"Sabarishvar S S","2026-09-03 17:49:08",424.0,1,sabarishvarss
7873,16698029,"Meet Vachhani","2026-08-10 18:34:55",423.9,2,meetvachhani7
7874,16660990,"Bunny Tang","2026-09-10 14:33:23",423.9,2,tanghung64
7875,16897148,"Ikrame Ibn Hayoun","2026-09-15 14:26:06",423.8,2,ikrameibnhayoun
7876,16698570,MurphyIIVan,"2026-08-10 03:35:41",423.7,2,murphyiivan
7877,16802750,"[Deleted] fafa60dd-8026-43cc-b656-34ca4625ef7d","2026-09-01 12:22:13",423.7,1,del=e2a734cecd171934
7878,16665647,hr15de,"2026-09-25 08:52:49",423.7,2,hr15de
7879,16662167,"Tara Singh Kharwad","2026-08-05 17:13:10",423.6,2,tarasi7261
7880,16671665,"Kobata Sota","2026-08-06 07:17:03",423.5,1,kobatasota
7881,16717912,"Anu Kumari","2026-08-13 18:03:07",423.5,1,anuk16020
7882,16785010,"Victor Wangles","2026-08-28 16:01:17",423.3,1,victorwangles
7883,16729996,"Michael Roust","2026-08-18 16:09:56",423.3,2,michaelroust
7884,16684776,"D Rithika","2026-08-10 18:36:30",423.1,2,drithika
7885,16776990,"Yash Kumar #2","2026-09-26 12:43:51",422.9,2,yashkumargunnersshot
7886,16675215,"Viljen Apalset Vassbø","2026-08-06 22:24:44",422.7,2,viljenapalsetvassb
7887,16623631,SeaEag1e,"2026-07-31 06:26:17",422.1,1,seaeag1e
7888,16699436,"Oluwaseun O Adeya","2026-08-23 01:22:24",421.9,2,oluwaseunoadeya
7889,16761319,Yuvraj,"2026-08-23 07:29:44",421.7,1,yuvrajkr01
7890,16638953,"Joe Young","2026-08-03 19:23:13",421.6,2,jsphyg
7891,16637342,SupremeWarrior108,"2026-09-20 19:21:39",421.4,2,supremewarrior108
7892,16675340,"SHAURYA SHARMA","2026-09-03 00:57:48",421.4,2,shauryas555
7893,16784400,K_DHEERAJ_11,"2026-08-31 02:58:38",421.3,2,kdheeraj11
7894,16664512,oggyiu,"2026-09-01 07:46:10",420.9,1,oggyiu
7895,16742009,"Mutyam kavyanjali","2026-08-19 10:25:06",420.9,1,mutyamkavyanjali
7896,16669703,AnubhavBhadani142,"2026-08-15 06:32:19",420.7,2,anubhavbhadani142
7897,16668093,Sai_Dattu,"2026-08-07 07:35:01",420.7,2,saidattu2003
7898,16919106,Jocelyn--JY03,"2026-09-23 05:45:05",420.5,2,jocelynjy03
7899,16732513,Taogege,"2026-09-22 09:17:12",420.5,2,"liyiyiyi6,taogege520"
7900,16630896,OpenBuilder,"2026-08-08 12:09:06",420.4,2,weijunguo
7901,16891504,"Taha N Kaya","2026-09-14 14:03:21",420.3,1,tahankaya
7902,16660455,"Alex Kapend","2026-08-05 08:42:26",420.3,2,alexkapend
7903,16750435,"Oleksandr Zalievskyi","2026-08-23 18:34:59",420.2,2,sashaworker
7904,16702200,"ANGAD JANGIR","2026-08-11 02:01:38",420.2,2,angadjangir
7905,16709299,"Divyanshu Choudhary","2026-09-04 13:13:32",419.8,2,divyanshuchoudhary25
7906,16729155,WangZihao5649,"2026-08-24 02:32:08",419.7,2,wangzihao5649
7907,16664004,"Me, Myself, and I","2026-08-11 03:57:46",419.6,2,notlunarxd
7908,16918087,Kenyo8,"2026-09-21 07:47:02",419.6,2,kenyo8
7909,16880350,喜欢逢坂大河,"2026-09-16 08:36:54",419.5,2,yhsno69
7910,16666447,"Shuaib ayad Jasim Jasim","2026-08-06 20:51:47",419.5,2,shuaibayadjasimjasim
7911,16734096,"Cem Ali Görmez","2026-09-06 10:48:37",419.5,2,cemaligrmez
7912,16700627,"Benedict Ebito Boyubie","2026-08-10 11:03:38",419.4,1,bboyubie
7913,16669434,"Saugat Kannojia","2026-08-07 11:45:47",419.1,2,saugatkannojia
7914,16725957,"Ayman Tarig Mohammedosman Elgadi","2026-08-24 02:57:16",419.0,2,aymantarig17
7915,16664352,"Shreyash Asati","2026-08-06 10:40:56",418.9,1,shreyashasati
7916,16689256,"Pavan Pusapati","2026-09-17 11:26:52",418.7,1,pavanpusapati
7917,16926757,MengXun326,"2026-09-20 21:55:59",418.6,2,mengxun326
7918,16689017,"Mounica Challa","2026-09-17 19:39:39",418.6,2,mounicachalla
7919,16807636,"Liu Panfeng","2026-09-05 00:30:20",418.6,2,liupanfeng
7920,16640814,"Kritika Adhikari","2026-08-07 09:25:26",418.5,2,kritikaadhikari
7921,16721942,"Daniel Rodriguez Bothe","2026-08-18 16:57:00",418.5,2,danielrodriguezbothe
7922,16723614,"James Atteh","2026-09-12 06:28:17",418.5,2,jamesatteh
7923,16664129,"Mr M 8641","2026-08-06 18:57:45",418.5,2,mrm8641
7924,16661014,manu,"2026-08-16 04:45:12",418.4,2,manupandit
7925,16623503,"D Mohith","2026-08-01 01:06:22",418.3,2,dmohith
7926,16883044,"Muhammad Olamide","2026-09-16 10:59:44",418.0,2,muhammadolamide
7927,16809998,chzCharbs,"2026-09-15 08:14:49",418.0,2,chzcharbel
7928,16735012,"Shuvam Swapnil Dash","2026-08-28 19:56:48",418.0,2,"shashwatmandal,shuvamswapnildash"
7929,16848309,"Angela Wu","2026-09-09 03:56:03",417.8,1,angelawurx
7930,16623582,yunsuxiaozi,"2026-08-01 13:59:57",417.7,2,yunsuxiaozi
7931,16793657,Xin_T,"2026-08-30 16:48:11",417.7,1,xint666
7932,16697396,"Collective Win","2026-08-18 05:10:12",417.6,2,collectivewin
7933,16623135,mohduwaishchaudhary,"2026-07-30 22:05:45",417.4,2,muwaish5
7934,16661717,"Yaswanth Ippili","2026-08-06 11:32:13",417.4,2,yaswanthippili
7935,16660343,"Mert Olgun899","2026-08-05 13:05:07",417.3,2,mertolgun899
7936,16751979,"Sasha Sam","2026-08-27 20:02:46",417.2,2,sashasam
7937,16624935,"Anjana mohan","2026-08-01 06:06:39",417.2,2,anjanamohan13
7938,16768262,"Brayan Miranda G","2026-08-26 19:40:15",417.1,2,brayanmirandag
7939,16692373,"Ornevis Montero","2026-08-20 01:59:43",417.0,2,ornevisbolaosmontero
7940,16845067,"Vineet Gupta","2026-09-14 09:08:20",416.9,1,"graceydugar,vineetgupta2023"
7941,16668522,"Moatez Litaiem","2026-08-06 16:57:54",416.9,2,moatezlitaiem04
7942,16911283,"Apratim Bajpai","2026-09-18 17:19:51",416.8,2,apratimbajpai
7943,16633097,"Matheus Bonjour Laviola da Silva","2026-08-02 11:08:21",416.7,2,matheusbonjour
7944,16745485,"Thamires dos Santos ","2026-09-25 01:42:25",416.4,2,thasantos
7945,16656608,"Jeffrey Dilley","2026-08-04 15:40:08",416.2,1,jeffreydilley
7946,16669168,"Kingsley Jide","2026-08-31 21:30:18",416.0,2,kingsleyjide
7947,16653998,www1727,"2026-09-15 16:45:05",416.0,2,www1727
7948,16765863,MADUPU.SRINIDHI,"2026-09-05 10:31:08",415.9,2,madupusrinidhi
7949,16665040,"Arnav Yashlaha","2026-08-05 05:44:26",415.9,2,arnavyashlaha
7950,16658051,SethuMadhavan004,"2026-08-09 09:38:27",415.8,2,sethumadhavan004
7951,16890098,"Binief Ta","2026-09-14 14:08:36",415.7,2,biniefta
7952,16708409,toshiconner,"2026-08-12 06:30:06",415.7,2,toshiconner
7953,16660923,naganikshith,"2026-08-06 08:01:09",415.7,2,naganikshith
7954,16746562,"The Learning loop","2026-09-24 10:32:16",415.6,2,"jananikasenthilkumar,ssjaswanth"
7955,16630020,"Piotr Gabrys","2026-08-09 16:53:59",415.6,2,piotrekga
7956,16674278,"Niels de Gier","2026-08-07 15:57:04",415.5,2,nielsdegier
7957,16825489,"Monishwar S","2026-09-24 18:56:22",415.5,2,monishwar2718
7958,16827781,c1626343198,"2026-09-04 14:50:37",415.2,2,c1626343198
7959,16657545,"Deepak Singh","2026-08-11 13:50:31",415.0,2,vihaannegi
7960,16728945,"Suryansh Kulshreshtha","2026-09-26 05:57:16",415.0,2,"busyfellow,suryanshkulshreshtha"
7961,16735934,"Uday Kiran003","2026-08-18 06:23:18",414.9,1,udaykiran003
7962,16656579,"Riad Rayhan","2026-08-15 06:40:35",414.8,2,riadrayhan
7963,16662985,DanTheDataScienceMan,"2026-08-05 17:40:06",414.8,1,danthedatascienceman
7964,16712488,"Vansh Bhura","2026-08-12 14:23:18",414.7,2,vanshbhura
7965,16668241,"Shreyansh Kanotra","2026-08-08 19:56:15",414.7,2,shreyanshkanotra
7966,16723411,CaZen,"2026-08-15 10:48:16",414.6,2,cathzwah
7967,16758987,"Irtaza Ahmed Khan","2026-09-08 06:38:25",414.5,2,yrrebeere
7968,16907577,"Дмитрий Витальевич","2026-09-17 07:59:28",414.0,2,mtkrqt
7969,16678819,"Digant Kathiriya","2026-08-07 02:07:51",414.0,2,digantkathiriya
7970,16927170,"çağrı okan","2026-09-19 23:33:54",414.0,2,cagrokan
7971,16705640,"Dongre Laxman","2026-08-12 12:36:29",414.0,2,dongrelaxman
7972,16768578,"Patrick Lzz","2026-08-25 02:56:30",413.7,2,patricklzz
7973,16676327,shu10038,"2026-09-14 12:07:16",413.7,2,shu10038
7974,16793391,"Muhammad Ussman","2026-09-24 20:18:29",413.6,2,muhammadussman
7975,16666944,"Meghnath S","2026-08-11 01:56:22",413.5,2,meghnaths
7976,16809931,"john crick","2026-09-16 02:07:20",413.5,2,johncrick
7977,16634911,onlytimeknows,"2026-08-22 12:31:11",413.5,2,onlytimeknows
7978,16896794,Cidoai,"2026-09-18 08:45:45",413.3,2,cidoai
7979,16840668,"Aratrika Ruhal","2026-09-13 23:35:13",413.2,2,aratrikaruhal
7980,16669170,AsadUsmanFAST,"2026-08-05 22:37:33",413.2,2,asadusmanfast
7981,16768174,lambdap,"2026-09-06 13:25:29",413.1,2,lambdap
7982,16732395,"Nikita Antonov","2026-08-23 08:33:03",413.0,2,nantonov
7983,16629201,"GUILLERMO REY PANIAGUA","2026-08-01 16:41:58",412.9,2,guillermoreypaniagua
7984,16715416,"Md. Adnan","2026-09-20 08:53:58",412.8,2,mdadnan96
7985,16872182,yxxchh,"2026-09-11 13:18:38",412.7,1,yxxchh
7986,16671773,"Sawyer Lundberg","2026-08-07 03:33:23",412.7,2,sawyerlundberg
7987,16694497,Kawai,"2026-09-25 17:21:01",412.5,2,"lavendermoon19,sumitwod"
7988,16808233,"Yash Hingane","2026-09-04 12:53:43",412.5,2,yashhingane
7989,16670475,Adib,"2026-08-06 02:02:27",412.4,2,adibemohamed
7990,16644023,"Yiğit Efe Albaş","2026-08-02 18:34:39",412.3,1,yiitefealba
7991,16908873,KelOliHar,"2026-09-18 20:02:58",412.3,2,kelolihar
7992,16854266,もふもふ神,"2026-09-12 16:26:42",412.2,2,mohumohukami
7993,16660073,"Mahad Kakooza","2026-09-06 20:30:18",412.1,2,mahadkakooza
7994,16763523,"Nam Khánh Lê","2026-09-02 06:28:44",411.8,2,"khanhss,khimbodoi"
7995,16702980,GCSudarshanReddy,"2026-08-15 17:32:06",411.3,2,gcsudarshanreddy
7996,16660318,"Aiman Al-Shalfi","2026-09-14 12:39:08",411.2,2,aimanalshalfi
7997,16944547,アライグマ,"2026-09-23 12:54:39",411.1,1,alaiguma
7998,16696959,"Joe Filfli","2026-08-11 10:47:03",410.7,2,joefilfli
7999,16719296,Mr.TtT_Games,"2026-08-14 04:58:39",410.3,2,mrtttgames
8000,16669945,"Turab Zaidi","2026-08-07 13:27:44",409.9,2,turabzaidi
8001,16655820,"Cory Tortorici","2026-08-08 15:20:42",409.6,2,corytortorici
8002,16655997,tanatet8,"2026-09-05 11:00:05",409.2,2,tanatet8
8003,16716299,Biwaaa67,"2026-08-13 19:57:06",409.0,1,biwaaa67
8004,16759916,"Jeevith G","2026-08-23 06:58:50",409.0,2,jeevithg090
8005,16668368,"Waleed Hasan","2026-08-12 01:42:22",408.9,2,whasan
8006,16663259,erush,"2026-09-08 03:16:44",408.9,2,erushia
8007,16638704,"Lee Yen Fei","2026-09-01 03:31:45",408.7,2,leeyenfei
8008,16657520,"Joel De la Cruz Fuertes","2026-08-12 16:33:48",408.6,2,joeldcf
8009,16941853,"Prem Raga1809","2026-09-23 18:27:49",408.6,2,premraga1809
8010,16671913,res67,"2026-08-07 16:22:30",408.5,2,junyeanyap
8011,16666596,"Daumas Benjamin","2026-09-03 10:05:38",408.5,2,daumasbenjamin
8012,16668141,"Soichiro Mochizuki","2026-08-07 22:13:36",408.4,2,soichiromochizuki
8013,16706184,"Lingaraju Saikumar","2026-08-16 11:51:34",408.2,2,lingarajusaikumar
8014,16802866,"Antonio Di Cecco","2026-09-01 18:37:02",408.2,1,antdic
8015,16840626,"Christopher Márquez","2026-09-12 22:23:02",408.2,2,christophermrqz1174
8016,16934824,Ken,"2026-09-21 09:28:50",408.0,2,kensuke77
8017,16890562,Names231,"2026-09-14 16:08:48",408.0,2,names231
8018,16732340,"BJ Kim","2026-08-19 15:17:16",407.8,2,doitdoit80
8019,16662095,"Buzz shocker","2026-09-13 20:28:48",407.7,2,buzzshocker
8020,16664406,"MURDER GOOSE","2026-08-05 09:45:33",407.6,2,ujjwalar
8021,16691704,"Rahman Aliyev","2026-09-10 17:59:57",407.5,2,rahman4li
8022,16712259,geqiulin,"2026-08-13 04:46:11",407.5,2,geqiulin
8023,16693255,"Carlos Hideo Yamaguchi","2026-08-10 00:59:12",407.4,2,carloshy
8024,16757336,Stevejustin,"2026-08-31 04:18:31",407.2,2,stevejustin
8025,16659018,"Ramziddin Toxirov","2026-08-11 04:58:03",407.1,2,ramziddintoxirov
8026,16621518,jaccobian,"2026-08-29 08:11:50",407.0,2,harshraj22
8027,16675232,"Rafif Ariq Rabbani","2026-08-27 19:37:32",406.9,2,rafifariqrabbani
8028,16736432,"Sarthak #2","2026-08-18 12:33:53",406.8,2,srthkdixit
8029,16757351,SaiVenkatesh,"2026-09-05 10:30:00",406.8,2,nothingnew
8030,16695828,rihiRule,"2026-08-11 13:40:24",406.8,2,rihirule
8031,16795877,"Marco Polo","2026-09-16 00:02:55",406.6,2,zhesong1
8032,16689877,Amr_Said1233,"2026-08-08 08:48:28",406.5,1,amrsaid1233
8033,16944152,JanGO,"2026-09-24 00:35:44",406.4,2,jankoai
8034,16662896,"Adrian Dubois","2026-09-21 03:33:43",406.3,2,adriandubois
8035,16856112,"Thomas White","2026-09-08 19:39:13",406.1,1,leopardguy
8036,16717420,"Muhammad Yasir Sarwar","2026-08-13 14:40:09",406.0,2,muhammadyasirsarwar
8037,16660317,esgranja,"2026-08-04 18:58:48",405.8,1,esgranja
8038,16663815,"Tetsuya Sasaki","2026-09-05 00:00:30",405.6,2,sasakitetsuya
8039,16666479,"Prajwal Nivangune","2026-08-09 18:33:51",405.6,2,prajwalnivangune
8040,16686954,"Davie Mdumuka","2026-08-09 19:40:56",405.6,1,daviemdumuka
8041,16811013,"Sara Vahidestakhri","2026-09-03 00:32:07",405.4,1,saravahidestakhri
8042,16716488,"Will Henderson290","2026-09-21 13:11:11",405.3,2,willhenderson290
8043,16632841,AGG,"2026-09-05 18:33:20",405.2,2,aleixgim
8044,16679904,"Joshua Bensemann","2026-09-12 12:08:09",405.1,2,qazcat
8045,16711374,Jascha,"2026-08-13 11:22:30",405.0,2,lippja
8046,16658535,khanna.rohit5,"2026-08-10 05:00:31",404.9,2,khannarohit5
8047,16804231,illegalplumbing,"2026-09-16 02:55:22",404.8,2,illegalplumbing
8048,16931956,Aari101,"2026-09-20 19:23:51",404.7,2,aari101
8049,16913940,"Mustafa Rehman","2026-09-21 09:33:59",404.6,2,mustafar34
8050,16622809,"German Vdovin","2026-08-03 00:38:01",404.6,2,ertrerhtytmnbdsefdw
8051,16738441,"Moritz Huber","2026-08-30 21:00:10",404.6,2,moritzhuber
8052,16671911,"Dwi Eflatino","2026-08-16 10:44:17",404.6,2,eflatino
8053,16662646,"Jay Parsana","2026-08-09 18:07:10",404.4,2,jay051
8054,16786328,"DanishGW School","2026-09-02 03:50:19",404.3,2,danishgwschool
8055,16660420,tipofyzik,"2026-09-05 14:34:30",404.2,2,tipofyzik
8056,16681209,AgenticBuilder,"2026-08-13 18:44:29",404.2,2,gau2112
8057,16925224,Raosaheb,"2026-09-20 08:17:04",404.1,2,raosahebmore
8058,16796474,"Chaitanya Mundhe ","2026-09-13 12:27:10",404.0,2,chaitanyamundhe
8059,16931682,"Vijay kumar Gandem","2026-09-20 18:04:40",403.9,2,vijaykumargandem
8060,16690299,"EL GORRIM MOHAMED","2026-09-01 10:59:10",403.9,2,elgorrimmohamed
8061,16728017,"medkhalil hawachi","2026-09-25 10:02:52",403.8,2,medkhalilhawachi
8062,16689286,"Telman Yusifov","2026-08-09 07:08:46",403.8,2,yusifovtelman
8063,16849620,rgbweston,"2026-09-07 18:00:17",403.7,1,rgbweston
8064,16660531,greySnow,"2026-09-10 23:39:09",403.6,2,shlomoron
8065,16661966,Rocket,"2026-08-29 18:05:35",403.5,2,"aarchie4,nick16541,siddharthdongardive"
8066,16715404,"karthik reddy","2026-09-04 01:34:50",403.4,2,karthikreddyp
8067,16661453,"Disleve Kanku","2026-08-14 15:32:51",403.3,2,dislevekanku
8068,16700685,"Preeti Dhotmal","2026-08-27 11:25:29",403.2,2,preetidhotmal
8069,16657574,harikrishnacs,"2026-08-04 12:28:53",403.2,2,harikrishnacs
8070,16804803,"01000110 01010101 01000011 01001011 00100000 01011001 01001111 01010101 00100001","2026-09-14 16:38:59",403.1,1,f01010101
8071,16659659,"michael J king","2026-09-22 02:24:45",402.9,2,michaeljking
8072,16655891,"Yukihito Ikoma","2026-08-27 03:55:41",402.8,2,yikoma
8073,16658202,"SNAEHATH P","2026-08-06 13:51:15",402.8,2,snaehath
8074,16701847,"Xi Li","2026-09-25 11:56:14",402.5,2,bruhuh
8075,16659588,"Priya J","2026-08-14 05:57:46",402.3,2,priyaj21
8076,16725349,"Saj Patel","2026-08-15 21:55:42",402.2,2,sajpatel15
8077,16657712,"samuel job Adeola ","2026-09-20 22:25:10",401.6,2,samueljobadeola
8078,16695627,"Xu Lou","2026-08-09 13:01:23",401.6,2,xuxiaozhou666
8079,16798347,"Mr Michael Chung","2026-09-14 19:39:17",401.6,2,mrmichaelchung
8080,16662726,"Juan Carlos González Aguilar","2026-08-14 19:54:48",401.6,2,juancg
8081,16919222,"Lakshmi Sayyapureddy","2026-09-20 12:41:09",401.5,2,lakshmisayyapureddy
8082,16818498,"AARYAN VISHAL","2026-09-07 11:53:23",401.5,2,aaryanvishal
8083,16930439,wessa0,"2026-09-22 13:42:39",401.4,2,wessa0
8084,16721530,revv0o,"2026-08-15 13:58:34",401.3,2,revv0o
8085,16681441,"Lamiaa Al-bdrani","2026-08-07 04:25:50",401.3,1,lamiaaalbdrani
8086,16808646,"Yimeng Wang","2026-09-08 06:33:38",401.2,2,yimengwang0814
8087,16723779,Matheubern,"2026-09-07 02:24:32",401.0,2,matheubern
8088,16941095,"P. Sewmuthu Abewickrama Singhe","2026-09-23 12:34:39",400.9,2,psewmuthu
8089,16716702,"majjati khalid ","2026-08-19 14:12:32",400.9,2,khalidma
8090,16690197,"Ankit Kushwaha_06","2026-08-18 08:10:12",400.9,2,ankitkushwaha06
8091,16753895,Andrew98,"2026-08-22 13:10:58",400.4,2,vitem98
8092,16665988,"Ronel maamoc","2026-08-31 09:37:13",400.3,2,ronelmaamoc
8093,16666216,missss,"2026-08-06 06:49:00",400.3,2,missssb
8094,16639916,BloomBerry,"2026-08-12 12:38:31",400.2,2,kagglepalandata
8095,16653006,"anthony mbadiwe ikeme","2026-08-18 09:08:02",400.1,2,anthonymbadiweikeme
8096,16726052,"Peter Mugoya","2026-09-17 08:35:32",400.1,2,petermugoya
8097,16663055,jainish_d24ce180,"2026-08-10 13:54:40",400.1,2,jainishshah35
8098,16693307,"Vlad Gavrilov","2026-08-09 04:00:29",400.0,2,vladgavrilov
8099,16664401,"Pranav Premchand","2026-08-05 03:07:24",399.9,1,pranavpremchand
8100,16658366,kuroneko,"2026-08-04 10:43:29",399.9,2,kurorosuke
8101,16779823,"Jean Dem","2026-08-31 12:38:41",399.9,2,jeandem
8102,16685615,Spectra,"2026-08-07 16:14:32",399.8,2,thomaskressig
8103,16719603,"sravan Tirumala","2026-08-14 03:05:43",399.7,1,sravantirumala
8104,16675462,bkcoban,"2026-08-07 18:22:48",399.7,2,bkcoban
8105,16712633,"Andy Andy","2026-08-13 08:11:38",399.7,2,andy3373
8106,16675043,malibu_orange,"2026-09-05 13:27:13",399.6,2,malibuorange
8107,16701713,"Максим Хованский","2026-08-10 14:35:38",399.5,1,yeezynaizi
8108,16864670,"Takahiro Cho","2026-09-10 04:55:10",399.4,1,takahirocho
8109,16738351,"Haidar Faruqi","2026-08-25 05:00:00",399.3,2,haidarfaruqi
8110,16708896,"Alberto Scinetti","2026-08-13 19:18:11",399.2,2,albertoscinetti
8111,16759225,"Andrea Jordan Paro","2026-08-24 11:24:14",399.2,2,andreajordanparo
8112,16666958,TinkerBotics,"2026-08-05 20:29:19",399.1,2,salosojaedwin
8113,16817520,shreyansh0103,"2026-09-15 09:18:38",398.9,2,shreyansh0103
8114,16730589,山谷知輝,"2026-09-02 02:03:05",398.8,2,tomokiyamaya
8115,16665228,Jason_Qian,"2026-08-05 16:00:43",398.6,2,jasonqia
8116,16658498,cheesama,"2026-08-04 23:36:18",398.6,2,cheesama
8117,16732355,"Nagesh gite","2026-09-06 07:44:05",398.5,2,"kuberb,nageshgite,vasugupta1121"
8118,16763938,"joel paul","2026-08-26 02:05:07",398.5,2,joelpaulf
8119,16662089,"Alonso Gallego Pacho","2026-08-27 13:27:36",398.4,2,alonsogallegopacho
8120,16876529,"Νικόλαος Μπριάκος","2026-09-17 09:06:24",398.4,2,bnikos
8121,16898808,katoue,"2026-09-16 21:47:46",398.3,2,katoue
8122,16670387,"Oracle69 AI","2026-09-17 19:17:17",398.3,2,princeadewaleadewumi
8123,16657054,"ömer umut güngör","2026-08-05 06:10:22",398.2,2,merumutgngr
8124,16716589,"Shaik Adilazeez","2026-08-13 09:29:44",398.2,1,shaikadilazeez
8125,16658304,"KETHAVATH Aadarsh","2026-08-05 21:00:45",398.1,2,kethavathaadarsh
8126,16857747,ru-shao,"2026-09-24 15:30:00",398.1,2,"shaoxw,souwaka"
8127,16716657,"Jasti Phani","2026-08-19 08:38:00",398.0,1,jastiphani
8128,16777612,"zebra G","2026-08-27 15:46:59",398.0,1,zebrag
8129,16676397,Rohan_Joshi6404,"2026-08-13 13:58:56",397.9,2,rohanjoshi6404
8130,16656156,"Kshitij aucharmal","2026-08-06 04:35:27",397.8,2,narutoaucharmal
8131,16630662,Akshatjhawar777,"2026-08-05 12:18:30",397.6,2,akshatjhawar777
8132,16654947,"Ömer Hüseynov","2026-08-08 22:06:03",397.3,2,omarhuseynov
8133,16790615,"Suryansh Vashisth","2026-08-31 10:38:54",397.2,2,songoku2005
8134,16656951,"[Deleted] 6015b650-8e16-4705-8036-db40bdd2d353","2026-08-04 09:08:05",397.1,1,del=084ea76838ad756b
8135,16857871,SHP123SHP,"2026-09-10 03:20:57",397.0,2,shp123shp
8136,16784030,"Pooja Gera","2026-09-02 15:10:47",396.9,2,poojagera00
8137,16654290,"Srinivasa Ranga","2026-09-23 20:38:38",396.9,2,srinivasaranga
8138,16729708,msmsuman,"2026-09-06 11:11:45",396.9,2,msmsumanmuskan
8139,16661990,"Olaoluwa Abiodun","2026-08-05 14:57:07",396.7,2,laoluwaa
8140,16790718,"Carlos Alves","2026-09-02 04:29:42",396.7,2,carlosone
8141,16691891,"Gagan Thakur","2026-08-16 04:36:51",396.4,2,gaganthakur2006
8142,16664818,"B M Dimpu Shree","2026-08-21 10:51:22",396.4,2,bmdimpushree
8143,16758093,_student,"2026-08-23 22:21:25",395.8,2,drvtalan
8144,16669229,"Kayvan Sinha","2026-08-11 15:23:35",395.8,2,kayvansinha
8145,16759765,"Ososanwo Idris Olaitan","2026-09-11 18:38:06",395.7,2,ososanwoidrisolaitan
8146,16750743,"Nagimov Timur","2026-08-20 21:10:30",395.6,2,nagimovtimur
8147,16780101,jjjhoon,"2026-08-28 04:04:26",395.3,2,jjjhoon
8148,16860003,"Aatif Sayyad","2026-09-10 21:31:13",395.1,2,aatifsayyad
8149,16938488,Firdannn,"2026-09-22 20:12:18",395.1,2,firdannn
8150,16776777,cerceanit,"2026-08-29 14:51:48",395.0,1,uaisamangeldi
8151,16669102,Ritik,"2026-08-07 18:11:13",394.8,2,xritikx
8152,16672292,"KARTIKEY PANWAR","2026-08-06 05:46:16",394.7,2,kartikeypanwar
8153,16677804,"Pravin Takpire","2026-08-11 08:17:51",394.3,2,pravintakpire
8154,16675385,Apex🦾,"2026-08-14 18:00:17",394.2,2,"raghadabdullara,renadahmadalamri,zzainh"
8155,16664514,"Henry Adjanor tetteh","2026-08-12 00:43:41",394.2,2,henryadjanortetteh
8156,16856809,"Mateusz Kuzniar","2026-09-08 22:14:50",394.1,2,mateuszkuzniar
8157,16834632,casua132,"2026-09-05 07:56:17",394.0,1,casua132
8158,16639727,"Andres Mohali","2026-08-13 23:03:25",393.6,2,mohax3
8159,16734431,"Maxwell Herron","2026-08-19 02:06:34",393.6,2,maxwellherron
8160,16774921,"conor lowth","2026-08-28 10:46:42",393.4,2,conorlowth
8161,16726168,"Shrey Modi","2026-08-15 19:42:14",393.4,2,shreymodi2
8162,16656902,"Ram Chandra Gupta","2026-08-05 10:18:41",393.1,2,ramchandra142
8163,16701885,"Mehdi L.","2026-08-13 13:41:14",393.1,2,lmehdi
8164,16763400,"Parth Sarnobat","2026-09-24 18:54:48",392.8,2,parthsarnobat
8165,16805176,"Hritvika Tawde","2026-09-13 11:22:46",392.6,2,hritvikatawde
8166,16676205,"Alhassan Fedawy","2026-08-14 17:15:07",392.5,2,alhassanfedawy
8167,16843393,"Rizki Syawaldi","2026-09-20 08:55:34",392.4,2,rizkisyawaldi
8168,16696939,"Keaton Zang","2026-08-10 21:24:20",392.3,1,keatonzang
8169,16733318,"Anuj Bolewar","2026-08-18 11:11:01",392.3,2,anujbolewar
8170,16906688,"Qiao Ruicheng","2026-09-17 11:47:47",392.1,2,qiaoruicheng
8171,16668286,"Sabari V","2026-08-15 14:38:41",392.1,2,sabari112005
8172,16715033,"Colton Byers","2026-08-17 10:41:50",392.0,2,coltonbyers
8173,16663286,"Fan Wang","2026-08-10 21:12:40",392.0,2,wangfan420
8174,16667759,"Nafis Fuad Shahid","2026-08-05 19:21:39",391.8,2,nafisfuadshahidd
8175,16802028,Dong,"2026-09-11 03:53:23",391.8,2,protostar
8176,16701064,KMishra011,"2026-08-20 20:30:34",391.7,2,kmishra011
8177,16686411,NeoCodes.Dev,"2026-08-23 23:53:10",391.5,2,neocodesdev
8178,16656023,JD_Mello,"2026-09-06 01:41:52",391.1,2,jdmello
8179,16661659,"Ivan Zagorulko","2026-08-05 10:53:13",390.9,2,normaldaki278
8180,16839419,"Gunratna borkar","2026-09-05 23:32:33",390.5,2,gunratnaborkar
8181,16744018,"ZK Adam","2026-08-27 17:40:04",390.2,2,zkadam
8182,16685904,KavYaHD,"2026-08-10 13:02:45",390.2,2,kavyahd
8183,16881479,GG,"2026-09-13 11:27:34",390.1,2,ggroth
8184,16639764,CortexExplorer,"2026-09-20 15:15:59",390.0,2,cortexexplorer
8185,16691565,"Blu cky","2026-08-09 19:13:27",389.9,2,llmdablucky
8186,16735307,"Ayush Dhabsa_real","2026-09-10 09:13:50",389.9,1,ayushdhabsareal
8187,16673583,"Priyanshu Jha","2026-08-16 08:10:08",389.8,2,codewithjha
8188,16888334,"Ohene A","2026-09-14 17:36:00",389.8,2,pamo12
8189,16879281,"Monesh M","2026-09-25 19:41:47",389.8,2,moneshm908
8190,16686726,"Skander Neffati","2026-09-19 12:40:23",389.6,1,skanderneffati007
8191,16892509,"Konko M","2026-09-14 18:52:34",389.5,2,konkomaji
8192,16839457,HugoLee_dreamer,"2026-09-14 01:18:31",389.4,2,hugoleedreamer
8193,16673009,CruelShow,"2026-09-13 10:36:40",389.3,2,cruelshow
8194,16791546,fatimakhlid,"2026-09-10 21:00:33",389.3,2,fatimakhlid
8195,16747782,"Muhammad Agam Febryan","2026-08-29 18:22:04",389.3,2,muhammadagamfebryan
8196,16623054,"Max Bond ABE","2026-08-15 22:43:34",389.2,1,maxbondabe
8197,16710241,"Julien Serbanescu","2026-08-12 14:32:50",389.1,2,julienserbanescu
8198,16660287,BhatNasir,"2026-08-04 16:29:18",389.0,2,nasir94
8199,16783050,"Charles Chen","2026-09-07 06:24:21",389.0,2,charles2580
8200,16729351,vlad.shorodok,"2026-08-16 18:05:09",388.9,2,vladshorodok
8201,16661633,"Joseph Garcia","2026-08-19 16:28:08",388.8,2,josephpgar
8202,16707987,"Big Balls Entertainment","2026-08-12 10:18:24",388.7,2,"pavivin,semenkolesnikov"
8203,16757017,"William Green","2026-09-05 01:33:23",388.6,1,dskswu
8204,16691153,"Hafsa Rouchdi","2026-09-26 12:25:36",388.5,2,hafsarouchdi
8205,16659459,"Akandé Philippe ABIODOUN","2026-08-06 11:58:09",388.5,2,vrmelo
8206,16700294,"SWAPNEEL BANERJEE","2026-09-24 15:53:50",388.4,2,swapneelbanerjee
8207,16691790,"Akshay Sawant","2026-08-08 19:33:14",388.1,2,akshaysawant8983
8208,16664450,"Fritz Adelbertus","2026-08-10 01:13:44",388.1,1,fritzadelbertus
8209,16663674,"Mason Mahar","2026-08-30 04:00:17",388.0,2,masonmahar
8210,16659720,Project_Kurukshetra,"2026-08-16 05:01:34",388.0,2,"chaitanyaterli05,lavanyayandapalli"
8211,16666334,UnderBlade,"2026-08-05 09:56:11",387.9,2,"athillazaidan,kurtmikhael"
8212,16741746,"Ahmed Harfoush","2026-08-19 09:47:45",387.7,1,ahmed1harfoush
8213,16670188,orivael,"2026-08-05 21:20:17",387.4,2,orivael
8214,16661331,"John Wessel","2026-09-25 23:42:41",387.4,2,johnwessel
8215,16659247,cindrella_18,"2026-09-22 09:10:52",387.4,2,"ankithraj30,neharaj1518"
8216,16772511,"Max Gläser","2026-08-26 23:39:34",387.3,1,maxglser
8217,16768884,z y f 007,"2026-08-31 05:39:35",387.2,2,zyf007
8218,16640810,まさやん,"2026-08-12 15:22:53",387.1,2,masayam1234
8219,16695479,Anandhasabesan,"2026-08-09 13:50:37",386.9,1,anandhasabesan
8220,16667615,"Zayd Mulani","2026-08-08 23:05:57",386.9,2,zaydmulani
8221,16794302,bettta11,"2026-09-04 23:25:27",386.8,1,bettta11
8222,16790076,Jessewudao,"2026-09-04 16:54:58",386.8,1,"jessewudao,zongruixie"
8223,16714425,sileza,"2026-08-13 12:57:35",386.8,1,azelis
8224,16712906,"Sharad Garg","2026-08-13 14:54:43",385.7,2,sharadgarg
8225,16693087,osprey2k,"2026-09-09 02:34:27",385.6,2,osprey2k
8226,16661095,"AAYUSHMAAN PATEL","2026-08-09 08:16:53",385.5,2,aayushmaanpatel
8227,16716670,"Aremanda Yasaswini","2026-08-13 09:27:46",385.4,1,aremandayasaswini
8228,16851939,"Naoya Mieno","2026-09-11 06:19:02",385.3,2,naoyamieno
8229,16664064,lookapmaka,"2026-08-10 17:19:05",385.0,2,lookapmaka
8230,16671532,"Yuri Nakayama","2026-08-13 11:34:55",385.0,2,yurinakayama
8231,16663981,"Steven Pun","2026-08-07 01:59:52",385.0,2,stevenpunn
8232,16709179,"SATENDRA SINGH","2026-09-17 03:39:22",384.7,2,satendrasingh9876
8233,16761784,"Ghaith Kammoun","2026-08-24 21:19:54",384.7,2,ghaithkammoun
8234,16668268,"Kunal Rout","2026-08-06 05:48:25",384.6,2,charlotte26
8235,16660489,"Luca Lullo","2026-09-24 06:56:17",384.5,2,lucalullo
8236,16793944,"Grupo 808","2026-08-30 22:36:59",384.5,1,grupo808
8237,16850232,"Kharchenko Bogdan","2026-09-09 18:57:16",384.2,2,kharchenkobogdan
8238,16681638,aadi_065_,"2026-09-25 13:39:52",384.1,2,aadi065
8239,16709337,"Chris Turnbull","2026-08-11 22:15:57",384.0,2,christurnbull
8240,16689349,"Adunola Abdulrahman","2026-08-10 17:38:47",383.8,2,adunolaabdulrahman
8241,16706257,dlv,"2026-08-13 11:11:14",383.6,2,ducott1
8242,16657063,"those how","2026-08-04 07:50:57",383.5,2,thosehow
8243,16668479,"Muneera Mahjabeen","2026-09-15 03:45:05",383.3,2,muneeramahjabeen
8244,16708723,zaltark,"2026-09-25 12:29:49",383.3,1,zaltark
8245,16660852,"K VISHALINI","2026-08-13 06:59:27",383.3,2,kvishalini
8246,16662081,Ayush_Bhaskar_25323010,"2026-08-08 19:49:56",383.2,2,ayushbhaskar25323010
8247,16735580,"Dhiya Nachimuthu","2026-08-30 06:13:38",383.2,2,dhiyanachimuthu
8248,16679392,Dickie,"2026-08-09 09:05:10",382.7,2,dickieho
8249,16665449,AgroVisionAI,"2026-08-11 19:52:49",382.7,2,"aishwaryvarshney,bhuppisharma,kirtisharmaphd,pragyasingh59,priyasingh0590"
8250,16808705,Danielaijdkx,"2026-09-03 11:29:34",382.4,1,danielaijdkx
8251,16660929,ttkk,"2026-08-12 16:39:58",382.4,1,optimavia
8252,16664454,"Naga Vinay Avvaru","2026-08-05 07:04:44",382.2,2,anagavinay
8253,16662162,"THE predict","2026-08-13 21:18:25",382.1,2,vikaspal505
8254,16727480,MSAM,"2026-09-07 13:43:02",382.1,2,arashdeepsinghmaan
8255,16664617,BarkeviousBingo,"2026-08-19 04:34:59",382.0,2,barkeviousbingo
8256,16660228,"Ochuwa Pearl Isa","2026-08-06 09:29:36",381.9,2,pearlisa
8257,16643278,"Giovani Moresco","2026-08-06 05:30:45",381.6,2,giovanimoresco
8258,16625770,"Đức Trung Trần","2026-08-24 11:01:33",381.4,2,ctrungtrn
8259,16622943,"Erwin Huizenga","2026-09-06 15:04:57",381.2,2,erwinh
8260,16794153,"harshita harshita","2026-08-31 17:47:11",381.2,2,harshitaharshitaaaa
8261,16667987,"Kunj Kansara","2026-08-05 13:41:26",381.2,1,kunjkansara
8262,16625418,"Hariprasanth Paranjothy","2026-08-01 05:52:19",380.8,2,hariprasanth8
8263,16662267,"Fahim Montasir","2026-08-10 16:15:10",380.3,2,fahimmontasir
8264,16658227,Gugu888,"2026-08-14 04:27:57",380.1,2,gugu888
8265,16628404,theken,"2026-08-09 12:19:19",380.1,2,theken
8266,16662854,"NISCHAY SANJAY JIWANKAR 23115098","2026-08-13 05:38:18",379.7,2,nischay2908
8267,16669516,GorgeousCookie,"2026-08-06 09:17:13",379.5,2,axellindqvist
8268,16809202,amano,"2026-09-03 13:44:49",379.1,2,amanoshotaro
8269,16894517,kuchinwei,"2026-09-17 14:52:52",378.9,2,kuchinwei
8270,16774592,"Oliad Dandana","2026-08-27 09:28:20",378.7,2,olidan
8271,16779805,"Ákos Blaschek","2026-09-01 17:21:44",378.6,2,kosblaschek
8272,16888733,"Sébastien Callegari","2026-09-14 03:49:42",378.6,1,sbastiencallegari
8273,16654758,f--n,"2026-09-06 13:37:43",378.5,1,a17442473
8274,16663990,"OURNO PAPA SALIF","2026-08-07 23:18:43",378.4,2,belfiremine
8275,16655372,abobakrosman87,"2026-09-26 04:03:07",378.0,2,abobakrosman87
8276,16794088,"Felipe Colombarolli","2026-08-31 00:46:32",378.0,2,felipecolombarolli
8277,16897491,"Santipab Tongchan","2026-09-15 14:39:58",377.8,1,santipabtongchan
8278,16727326,AhmedMousaHassan2510,"2026-08-17 12:56:01",377.7,2,ahmedmousahassan2510
8279,16624879,indira,"2026-07-31 06:52:02",377.5,2,inansia
8280,16689344,"Shalini Gangrade","2026-08-09 13:17:30",377.4,2,shalinig1
8281,16749503,ally,"2026-08-23 11:48:49",377.4,2,phamngoclinh
8282,16732041,"Vallapu Nandini","2026-08-17 10:22:47",377.3,1,nandinivallapu
8283,16801437,"Koh Saito","2026-09-05 06:01:20",377.2,1,kohsaito
8284,16690947,"Veiled Star","2026-08-10 13:36:49",377.0,2,veiledstar
8285,16704985,"Ethan Marchisano","2026-08-24 21:36:54",376.9,2,ethanmarchisano
8286,16692710,"Baran Haydar","2026-08-12 06:56:50",376.7,2,baranhaydar
8287,16855738,"Anuj Gupta","2026-09-09 07:38:48",376.6,2,anuj6540
8288,16662319,ethan.ai,"2026-08-13 18:16:35",376.6,2,ethanai
8289,16898258,"Eugene Blackman","2026-09-22 22:46:05",376.6,2,eugeneblackman
8290,16660294,"Mohamed Amadu Bangura","2026-08-04 16:14:07",376.5,1,mohamedamadubangura
8291,16891519,SongShijieCC305,"2026-09-14 16:03:59",376.4,2,songshijiecc305
8292,16654788,bumbum,"2026-08-14 12:59:51",376.3,2,krzysztoff1
8293,16731108,"Vipparla Nandini","2026-08-17 06:29:48",376.3,1,vipparlanandini
8294,16658286,"Jatin Gujarathi","2026-09-20 08:36:06",376.2,2,jatingujarathi
8295,16717447,zhiyue666,"2026-09-10 09:01:07",376.1,2,zhiyue666
8296,16726569,"Andrey Balvaneda","2026-08-17 20:59:45",375.7,2,andreybalvaneda
8297,16764608,messibeatgravity,"2026-08-24 05:34:05",375.7,1,messibeatgravity
8298,16757236,"Erlanda Miko P","2026-08-23 07:02:01",375.7,2,snneva
8299,16896207,"Bùi Cao Trí","2026-09-15 16:17:43",375.6,1,bicaotr
8300,16677761,"Rithuraj Nambiar","2026-08-06 18:11:41",375.4,2,rithurajnambiar
8301,16792567,"Karan Rai","2026-09-24 22:40:06",375.3,2,karanrai248
8302,16685625,"silvan ion","2026-08-08 13:05:39",375.3,2,john1one
8303,16685207,"Koushik Thummu","2026-08-07 18:15:47",375.1,2,koushikthummu
8304,16738335,"Xuzhou Dong","2026-08-20 14:39:16",375.1,2,xuzhoudong
8305,16729669,HYPEREUCLIDEAN,"2026-08-19 07:47:48",375.0,2,hypereuclidean
8306,16638938,Light&Thunder,"2026-08-09 06:39:19",375.0,2,yerne39
8307,16936198,"Greedy Acres","2026-09-25 06:32:24",374.8,2,axelmd
8308,16690812,zhangkai_0121,"2026-08-09 01:40:21",374.7,2,zhangkai0121
8309,16652230,BorisSpider,"2026-08-13 11:34:46",374.7,2,borisspider
8310,16710244,Bytemindd,"2026-08-26 10:20:45",374.6,2,"daisy023,sruthikanv,thasneemj,uthayanandhini,vajraparameswari"
8311,16915490,"Rounak Mukherjee","2026-09-26 09:11:58",374.4,2,zade799
8312,16875657,"Валерия Захарова","2026-09-12 23:53:56",374.3,2,melomanpanda
8313,16895317,MrUserm,"2026-09-25 18:18:10",374.2,2,mruserm
8314,16690029,Nitesh_Prajapati2569,"2026-09-15 07:04:17",374.0,2,niteshprajapati2569
8315,16747544,OliverYip,"2026-08-25 06:01:07",373.9,2,oliveryip
8316,16693098,broken_gpu,"2026-08-30 10:07:27",373.9,2,brokengpu
8317,16828390,Yuhuping,"2026-09-04 11:22:14",373.6,1,yuhuping
8318,16894573,VISHWAPRIYAI,"2026-09-26 05:20:43",373.6,2,vishwapriyai
8319,16796468,suin7328,"2026-09-05 02:05:08",373.5,2,suin7328
8320,16658367,"Prachii Sonii","2026-08-31 17:28:45",373.5,2,prachiisonii
8321,16671512,"Darren Grendi","2026-08-10 00:38:51",373.3,1,darrengrendi
8322,16758681,"Sahil suman","2026-08-26 16:26:13",373.2,2,gruntingtorch
8323,16747683,"Jianyu Lin","2026-08-27 13:05:05",373.2,1,jianyulin1999
8324,16758192,"Dev Monk","2026-08-29 14:03:22",373.0,2,devmonk63
8325,16758663,"Light In","2026-08-22 19:18:51",373.0,2,lightin45
8326,16689970,"Константин Паращук","2026-08-08 09:15:08",372.8,1,kangchenxi
8327,16678298,"RITIK CHAUDHRY","2026-08-10 13:34:35",372.5,2,ritikchaudhry13
8328,16867501,aueurm,"2026-09-11 05:07:13",372.4,2,aueurm
8329,16670565,"Grant Biellak","2026-08-05 22:52:01",372.3,2,grantbiellak
8330,16634720,Thiyo,"2026-08-18 11:51:04",371.9,2,thimirajayasekara
8331,16657438,"Udit Aggarwal1","2026-08-08 19:09:27",371.7,2,uditaggarwal1
8332,16673201,"Sanjay Varma Malladi","2026-09-18 07:00:17",371.7,2,sanjayvarmamalladi
8333,16668431,"Harshpreet Singh #2","2026-08-06 01:06:28",371.6,1,harshpreetsingh45
8334,16666257,"Shijian Wen","2026-08-06 09:40:44",371.6,2,shijianwen
8335,16702935,"Defne Demir","2026-08-11 18:27:36",371.5,2,defnedemir
8336,16779769,"Pravin jeyavel","2026-09-14 05:39:48",371.3,2,pravinjeyavel
8337,16710417,"Aryant Jadhav","2026-08-15 18:57:18",371.2,2,aryantjadhav
8338,16706516,"Mohit Khade13","2026-08-26 16:03:22",371.1,2,mohitkhade13
8339,16727022,Saharkh99,"2026-09-01 00:18:26",371.1,2,saharkh99
8340,16670724,"Neel Patel","2026-08-14 19:33:43",370.8,2,n33lpat3l
8341,16670257,RonitKhanna333,"2026-08-12 12:22:11",370.7,2,ronitkhanna333
8342,16896549,"Nived P A","2026-09-15 16:39:35",370.5,2,nivedpa
8343,16660515,"pooja sandali","2026-08-08 05:51:03",370.5,2,poojasandali
8344,16684225,"Aum Savaliya","2026-08-10 20:10:02",370.4,2,aumsavaliya
8345,16677747,"Yuvraj Bhatt","2026-08-10 08:38:11",370.4,2,bhattyuvraj22
8346,16661476,slowpoke,"2026-08-29 16:33:07",370.4,2,banboyechristains
8347,16658219,"Deepesh Pankaj","2026-08-15 05:58:07",370.3,2,deepeshpankaj
8348,16682869,"Sepideh Rahmati","2026-09-14 09:43:57",370.3,2,sepidehrahmati
8349,16848262,Philedo,"2026-09-12 14:33:59",370.2,2,philedo
8350,16658512,fatariq,"2026-08-10 21:18:35",370.1,2,fatariq
8351,16905792,"Omar Tarek Fahmy","2026-09-16 10:59:04",370.1,1,omartarekfahmy
8352,16629742,yun,"2026-08-15 09:10:21",370.0,2,yuyumarupython
8353,16662791,"Shiva Neshan yuva","2026-08-15 18:39:16",369.9,2,shivaneshanyuva
8354,16927652,"Mukilan A.R.","2026-09-20 22:33:33",369.6,2,mukilanar
8355,16662964,"Tim Ogilvie","2026-08-13 13:18:59",369.6,2,timogilvie
8356,16867865,"ADITYA RAJ","2026-09-20 17:14:43",369.5,2,adityaraj2026yp
8357,16715097,"Yusuf Yavuz","2026-08-13 00:25:40",369.4,1,yusufyavuzz
8358,16665400,FieldOps,"2026-08-10 16:16:03",369.3,2,sycpr1me
8359,16655257,"Afia Animah Fosu","2026-08-04 18:21:50",368.8,2,afiaanimahfosu
8360,16654258,"Ashray Bagde","2026-08-13 08:13:00",368.7,2,ashrayaaaaa
8361,16624102,Khadersha.sk,"2026-08-03 02:45:03",368.5,2,khadershask
8362,16771187,FernandoRB,"2026-08-26 15:53:49",368.4,2,fernandorb
8363,16890976,zyh222,"2026-09-24 04:52:22",368.4,2,"eason0407,hrj314,tanghuan2005,zyh222"
8364,16906238,Naaz,"2026-09-17 06:33:26",368.1,2,naaz03
8365,16676726,"Manaswi Bansal","2026-08-16 06:28:05",368.0,2,manaswibansal
8366,16717797,"patan hashmi","2026-08-13 15:02:52",367.7,1,patanhashmi
8367,16698188,"Smartex Dan","2026-09-25 22:13:17",367.7,2,smartexdan
8368,16674012,ahankesumah,"2026-08-16 07:34:05",367.5,2,ahankesumah
8369,16692825,"Saad Arain","2026-08-09 12:27:08",367.3,2,saad451
8370,16657883,jps,"2026-08-06 08:36:04",367.2,2,jahaziel
8371,16907754,Shenghan,"2026-09-22 16:17:41",367.2,2,shenghanxie
8372,16722757,"Sebastian Adamatzky","2026-08-14 19:10:23",366.8,2,sebastianadamatzky
8373,16634219,"Michael J Hammel","2026-08-01 11:37:10",366.6,2,michaeljhammel
8374,16890222,"Borisov Emilian","2026-09-18 05:14:34",366.6,2,emili123
8375,16658519,"David kinyanjui","2026-08-31 07:10:00",366.5,2,davidkinyanjui
8376,16668673,"kyran sinha","2026-08-14 14:21:34",366.4,2,kyransinha
8377,16668523,Bumblerrr,"2026-08-06 19:46:02",366.4,2,bumblerrr
8378,16941652,里奥梅东,"2026-09-25 10:55:28",366.3,2,lionalmedong
8379,16638383,"Yunus Emre Sarıduman","2026-08-12 12:57:08",366.2,2,emresariduman
8380,16844246,"CS Abhinay","2026-09-17 08:56:32",366.2,2,csabhinay
8381,16633133,Holeneckles,"2026-09-25 05:06:07",366.2,2,holeneckles
8382,16695177,"Ajith Bagali","2026-08-15 12:23:37",366.2,2,ajithbagali
8383,16658960,"Amit Kumar","2026-08-06 05:44:30",366.1,2,anmitkumar
8384,16691753,"Jan Moilanen","2026-08-09 12:02:17",366.1,2,janmoilanen
8385,16665959,"Lourenz Baliber","2026-08-18 00:34:06",366.0,1,lourenz
8386,16641330,"Takuya Yoshimi","2026-08-04 05:16:22",365.8,2,tkyysm
8387,16656860,SamReiswig,"2026-09-02 04:04:09",365.7,1,sreiswig
8388,16852606,Hallucinators,"2026-09-26 08:59:16",365.6,2,samikshakamdi
8389,16799743,"Luc Tellier","2026-09-05 08:31:17",365.5,1,luctellier
8390,16667177,"Raunak Phull","2026-08-10 11:14:44",365.5,2,raunakphull4
8391,16721529,"Danny De Bree","2026-08-20 09:46:36",365.5,1,dannydebree
8392,16655737,Dharshini,"2026-08-08 15:00:05",365.4,2,dharshini1812
8393,16675324,"Attempt Seven","2026-08-10 10:13:50",365.3,2,attemptseven
8394,16796572,"Phan Van Hieu ","2026-08-31 14:23:03",365.1,2,phnvnh
8395,16702771,n_samii,"2026-08-14 01:20:08",364.7,2,nsamii
8396,16796834,"Harsh Gupta #2","2026-09-09 19:20:48",364.6,2,harshgupta0415
8397,16784379,超级陆战队,"2026-08-29 14:43:33",364.2,2,luyi61227
8398,16659394,"יוסף בש","2026-08-09 15:11:23",364.2,2,josiii123212
8399,16673825,h_jun,"2026-08-10 06:21:12",364.2,1,lhjoon77
8400,16689718,HumsAuraTech,"2026-08-21 17:11:42",364.0,2,humaima03
8401,16679850,AryaGarg23,"2026-08-09 03:33:14",363.8,2,aryagarg23
8402,16721615,"Dai Dai","2026-09-08 07:59:14",363.8,2,jumpingdaidai
8403,16747403,"Kanchan Chavan","2026-09-12 17:46:56",363.8,2,momovedant
8404,16638343,"Phong Khoi","2026-08-04 12:20:52",363.7,2,phongkhoi
8405,16705300,T3485D5T,"2026-09-03 08:20:18",363.3,2,"danijelbilalli,t3485d5t"
8406,16903827,"joy lul","2026-09-24 06:52:11",363.3,1,joylul
8407,16891781,"mohamed saafan","2026-09-14 14:54:04",363.0,2,mohamedsaafan
8408,16681188,"Tresor Mufalme.","2026-08-08 09:29:05",362.8,2,tresormufalme
8409,16634352,"sovit karki","2026-08-12 17:21:13",362.5,2,sovitkarki
8410,16662967,"Amalio Gomez","2026-08-04 22:07:16",362.5,1,amaliogomez
8411,16765643,canwind,"2026-09-25 14:19:51",362.2,2,canwind
8412,16773370,"Nishant #1","2026-08-26 06:11:42",362.1,1,nishanttomar110
8413,16656932,"Thivvin Raj","2026-08-13 03:53:35",362.1,2,thivvinraj
8414,16924761,"Chang Loukas","2026-09-24 06:22:27",362.0,2,changloukas
8415,16641665,huangjunjia,"2026-08-04 14:12:26",362.0,2,huangjunjia777
8416,16882081,Aabualella,"2026-09-13 00:58:37",361.9,1,aabualella
8417,16757615,"Muhammad Umer Khan","2026-09-26 09:01:02",361.9,2,mehmedumer0028
8418,16780915,"Aravind S","2026-09-22 14:16:59",361.6,2,aravind20061981
8419,16668696,Fabian,"2026-09-03 15:52:06",361.4,1,fabiantoh98
8420,16723569,"Trishanth Mellimi","2026-08-15 07:09:55",361.1,2,trishanthmellimi
8421,16635130,Pongsaky,"2026-08-01 12:56:02",360.9,2,gantanch
8422,16664671,Acteus,"2026-08-06 00:01:12",360.8,2,acteus
8423,16701060,"Paula Jimenez","2026-08-22 16:18:37",360.8,2,paulajimenez
8424,16716585,"tejaswini kakollu","2026-08-13 09:12:37",360.6,1,tejaswinikakollu
8425,16705696,"TS Farmer","2026-08-13 11:22:09",360.4,2,"shivangkainth,tusharsekhri27"
8426,16641606,"Tanisha Sahu","2026-08-02 14:39:27",360.4,2,tanisha3
8427,16881853,Sleepyman,"2026-09-15 09:22:24",360.1,2,alishakeri1
8428,16630772,"Mitsuhiro Iizuka","2026-08-04 10:31:00",360.1,2,mitsuhiroiizuka
8429,16628521,arai9953,"2026-08-24 22:46:57",360.0,2,arai9953
8430,16654213,"Hojin Jang","2026-08-20 09:59:20",359.7,2,hojinjang
8431,16890029,"Siqing Jing","2026-09-15 02:53:04",359.7,2,siqingjing
8432,16666590,"Hoàng Anh Tú","2026-08-12 23:59:58",359.6,2,anhtu9999
8433,16696384,Sisu16,"2026-08-13 20:13:27",359.5,2,sisu16
8434,16739939,crescent_star,"2026-09-09 04:42:10",359.3,2,cenzop
8435,16696419,detectivseb,"2026-08-12 10:34:45",359.0,2,detectivseb
8436,16666997,"Krishnamurthy Venkatasubramanian","2026-08-05 15:09:46",358.6,2,krishnamurthyvenkat
8437,16947575,Rekh_Sharath_Chandra,"2026-09-26 07:37:12",358.6,2,rekhsharathchandra
8438,16782192,"Marcelo Correa","2026-09-25 11:24:09",358.5,2,mvcorrea
8439,16769110,tianlululing,"2026-08-26 13:09:45",358.2,2,tianlululing
8440,16673310,dffzno1,"2026-08-14 01:44:55",358.2,2,joyzip
8441,16668592,"Ashutosh jatav","2026-08-09 13:34:45",358.1,2,ghost1412
8442,16671714,"Donnell Layne","2026-08-07 15:40:35",357.9,2,jupiter1127
8443,16831875,"Hamza Mughrabi","2026-09-06 19:10:53",357.7,2,hamzamughrabi
8444,16682108,"Shadow Monarch","2026-08-17 06:45:10",357.5,2,avinashk01
8445,16710564,"Clarice Harijanto","2026-08-14 04:28:13",357.4,2,clariceting
8446,16633475,betagammashtrit,"2026-08-29 16:24:03",357.1,2,betagammashtrit
8447,16755264,wsdsby,"2026-08-21 15:16:42",357.0,2,wsdsby
8448,16662197,"Zehra Basaral","2026-08-07 10:42:57",356.7,2,zehrabaaral
8449,16657687,"Siddardha Shayini","2026-09-15 12:52:57",356.6,2,siddardhashayini3
8450,16866482,"Sunday Ibidapo","2026-09-10 21:46:49",356.4,1,sundayibidapo
8451,16759115,chabinhwang,"2026-08-22 14:33:59",356.1,1,chabinhwang
8452,16723947,"Ariel GNANSOUNOU","2026-09-22 21:11:28",356.0,1,arielgnansounou
8453,16711573,"Sushmitha Vasantha","2026-08-13 09:08:29",355.9,1,sushmithavasantha
8454,16675093,"Nikhil Srivastava","2026-08-15 08:47:12",355.9,2,nikhilsrivastavark
8455,16688381,"Teresa Fitzgerald","2026-09-13 21:02:07",355.9,2,teresafitzgerald
8456,16658882,"toukali samir","2026-08-07 13:43:05",355.8,2,toukalisamir
8457,16730191,rRTZZZ,"2026-08-17 02:43:14",355.8,2,rrtzzz
8458,16762854,J8young,"2026-08-26 13:52:54",355.6,1,j8young
8459,16803129,hdttnk,"2026-09-02 14:13:00",355.5,2,hdttnk
8460,16689943,"NAM NGUYỄN CÔNG","2026-09-24 12:41:05",355.4,2,namnguyenhcmut
8461,16730060,"Enzo Pio","2026-08-21 16:44:03",355.3,2,enzopio
8462,16721948,ziszim,"2026-08-26 14:38:30",355.2,2,ziszim
8463,16848598,"Work 3","2026-09-12 09:26:57",355.1,2,nanisriram
8464,16870467,wentingyun,"2026-09-11 10:21:01",355.1,1,wentingyun
8465,16670988,"Pavle Skoric","2026-09-24 21:18:17",355.1,2,pavleskoric
8466,16655250,"Juan Pablo Ponce","2026-08-08 03:34:18",355.0,2,juanpabloponce28
8467,16715988,"Hsyn Kskn","2026-09-03 12:08:15",355.0,2,hsynkskn
8468,16663969,"Aarush Kute","2026-09-21 17:06:14",354.9,2,aarushkute
8469,16716649,"Meghana Busse","2026-08-13 09:33:08",354.8,1,meghanabusse
8470,16785676,Bilal11122,"2026-08-29 08:15:46",354.8,1,bilal11122
8471,16655689,花朝,"2026-08-05 04:10:02",354.7,2,xhxyyds
8472,16723273,"Bradley ZODOME","2026-08-19 07:06:18",354.5,2,bradleyzodome
8473,16669176,"Karakam Sridevi","2026-08-11 07:44:48",354.4,2,karakamsridevi
8474,16653001,"Alexey Kuleshov","2026-08-04 12:07:51",354.3,2,alexkulll
8475,16733007,"Not Found","2026-08-17 16:32:16",354.0,4,"ammarkhan05,zainabirfanansari"
8476,16628409,"yann sadowski","2026-07-31 09:39:25",354.0,1,yannsadowski
8477,16870360,"Tedi Septiana","2026-09-14 06:57:54",354.0,2,tediseptiana
8478,16671613,Tyler_026,"2026-09-26 09:44:50",353.9,2,tyler026
8479,16680015,"Khôi Trương","2026-08-10 01:11:55",353.8,1,kiykhoi
8480,16697627,abinandhan03,"2026-09-01 10:38:15",353.8,2,abinandhan03
8481,16641140,NITISH_GOYAL1,"2026-08-27 06:42:29",353.8,2,nitishgoyal1
8482,16738563,"Amrutha H","2026-09-16 13:19:31",353.6,2,amr13utha
8483,16684677,"Sean Southwick","2026-08-27 14:45:32",353.5,2,seansouthwick
8484,16771216,"Hugo Ponce","2026-08-25 17:54:30",353.4,2,hugoskn
8485,16763255,"I P Tharun Gowda","2026-09-16 17:24:11",353.4,2,iptharungowda
8486,16770085,AllenCheng329,"2026-08-25 10:05:43",353.3,1,allencheng329
8487,16669218,"Shaik Sabiya","2026-08-12 09:15:22",353.3,2,shaiksabiya55
8488,16640901,"Kian Maghsoodi","2026-08-20 23:01:51",353.2,2,kizmodo
8489,16745497,"Handsome Heretic","2026-08-21 19:14:30",353.1,2,handsomeheretic
8490,16691027,"Jelle Maas","2026-08-08 14:58:19",353.1,2,jellemaas
8491,16780268,"SAI ESHWAR S","2026-08-29 06:26:11",352.9,1,saieshwars
8492,16732936,"Kateryna Dudko","2026-08-25 12:15:40",352.8,2,dudkiina
8493,16841549,"Ayush Kumar #4","2026-09-06 03:30:02",352.7,2,akyushumar
8494,16792188,anisotropies,"2026-09-12 05:25:04",352.5,2,achan31
8495,16831170,"None #2","2026-09-05 04:16:51",352.2,2,mdmorshalinemojumder
8496,16637762,"Greek olive oil","2026-08-09 19:56:48",351.8,2,alexanderchar
8497,16909521,"Rabs Cats","2026-09-17 02:10:02",351.7,1,rabscats
8498,16666275,HeatS33ker,"2026-08-15 14:37:36",351.7,2,byronokou
8499,16659312,qwertyDmitry,"2026-08-05 13:44:24",351.6,2,qwertydmitry
8500,16656480,"Dip Biswas","2026-08-07 04:35:56",351.5,2,dipjacobiswas
8501,16656919,Sumaiya,"2026-09-09 18:09:44",351.5,2,ayeshasummaiyya
8502,16933436,"Shi Chen","2026-09-22 07:39:57",351.3,2,hjhhhk
8503,16683087,qiuchenglong,"2026-08-07 09:25:48",351.1,2,qiuchenglong
8504,16677950,"Rounak Laddha","2026-08-15 01:47:41",351.0,1,rounakladdha
8505,16770758,"Maor talker","2026-08-26 20:18:59",351.0,2,maortalker20
8506,16778526,starkhushi,"2026-08-27 07:01:28",351.0,2,starkhushi
8507,16711383,"Monika Kocianova","2026-08-14 11:01:11",350.9,2,monikakocianova
8508,16894000,"Vivek Silimkhan","2026-09-15 11:11:29",350.8,2,viveksilimkhan
8509,16662577,"Shreyash Suryawanshi","2026-09-02 19:42:31",350.8,2,shreyashsuryawanshi
8510,16794431,"Yash Apps","2026-09-08 04:12:52",350.8,2,yashwanthgajji
8511,16646644,BeyondBirthday,"2026-08-09 06:39:01",350.3,2,near07
8512,16668091,Solidscripts.io,"2026-09-24 02:14:47",350.2,2,juancamera1
8513,16624029,"Miguel Angel Rodriguez Fonseca","2026-08-07 03:55:38",349.8,2,miguelangelrodriguez
8514,16757338,Dewakaran,"2026-08-22 05:34:35",349.7,1,dewakaran
8515,16656190,"Akshaj Shandilya","2026-08-06 03:14:36",349.7,2,akshajshandilya
8516,16660397,Divyansh82Raj,"2026-08-04 15:01:28",349.6,2,divyansh82raj
8517,16693147,"Oliver Curtis1","2026-08-09 14:51:57",349.5,2,olivercurtis1
8518,16722122,Abhas20,"2026-08-19 10:02:51",349.4,2,abhas20
8519,16770270,"salthiel nishimwe","2026-08-25 10:45:23",349.4,2,salthielnishimwe
8520,16700360,"Thanush Soma","2026-08-10 09:49:02",349.1,2,thanushsoma
8521,16728881,Ch.Manvita,"2026-08-16 16:33:52",349.1,2,chmanvita
8522,16665907,"Jonathan Saina","2026-09-15 23:12:31",348.9,2,jonathansaina
8523,16937616,"ZIYU NI","2026-09-21 17:26:32",348.9,1,jacsonpercy
8524,16716497,xpxg,"2026-08-16 17:04:22",348.8,2,deepxchat
8525,16661351,"Adekojo Adeyemi","2026-08-04 15:25:52",348.8,1,adekojoadeyemi
8526,16927163,1234321,"2026-09-23 18:14:38",348.8,1,sakamoto1234
8527,16682229,"mayuri sarangi","2026-08-29 14:03:36",348.7,2,mayurisarangi
8528,16740197,Winssk,"2026-08-27 01:55:06",348.7,2,winssk
8529,16702742,"Kavyanshu Singh","2026-08-11 10:47:02",348.7,2,kavyanshusingh
8530,16688364,"Om Raval08","2026-08-21 02:57:23",348.7,2,omraval08
8531,16739447,"Jacob Stambaugh","2026-08-19 17:53:29",348.7,2,jacobstambaugh
8532,16654330,"Perumalla Pujitha","2026-08-12 18:09:24",348.6,2,perumallapoojitha
8533,16666577,"Jatin khandelwal112","2026-08-05 11:26:41",348.2,2,jatinkhandelwal112
8534,16658817,"Andrew Glez","2026-08-04 12:10:17",348.2,1,andgos
8535,16793536,yukko08,"2026-09-25 12:09:25",348.1,2,yukko08
8536,16697694,"Adithya Thiruvalluvan","2026-08-29 17:28:42",348.1,1,forestfire7
8537,16677470,"Saish Walavalkar02","2026-08-09 12:44:51",348.1,2,"harichaudhari1,kaiserjayin,meetramjiyani,nirbhaygajabi30,saishwalavalkar02"
8538,16665460,"Shubham kumar jha","2026-08-23 07:36:36",347.9,2,shubhamjhakr
8539,16668159,ABDELGHANY,"2026-08-12 11:04:36",347.8,2,abdelghanyrageh
8540,16732296,"duong nguyen","2026-08-20 14:51:38",347.6,1,duongnguyen161
8541,16831106,asd1984,"2026-09-05 17:40:01",347.6,2,asd1984
8542,16898498,"Prakash Bandi","2026-09-21 01:59:35",347.6,2,prakashbandi
8543,16656946,"Sambit Padhan","2026-08-05 10:10:10",347.4,2,sambitpadhan
8544,16858795,"Радик Владимирович Хорошев","2026-09-10 07:59:02",347.3,2,rodionkh
8545,16665996,AVATAR3905,"2026-08-06 18:14:01",347.2,2,avatar3905
8546,16735966,kyone,"2026-08-18 08:09:32",346.8,1,xtraky
8547,16709754,"Simon Preuss","2026-08-12 16:39:55",346.8,2,simonpreuss01
8548,16690077,"GOMATHI PRIYA","2026-08-13 06:38:45",346.7,2,gomathipriyaraj22
8549,16709519,"p pxl16","2026-08-19 09:49:35",346.6,2,ppxl16
8550,16649794,"Wanzhu Zhao","2026-08-04 13:04:05",346.4,2,wanzhuzhaora
8551,16794285,Penelope.pnlp,"2026-09-01 15:38:43",346.4,2,penelopepnlp
8552,16662428,"Sonu kumar","2026-08-24 05:18:49",346.3,2,sonukumar9142
8553,16912504,"Zongyi Zhou/ Joe","2026-09-22 15:24:35",346.3,1,zongyizhoujoe
8554,16933048,"Anusuya Gurusamy","2026-09-23 04:45:03",345.7,2,anusuyagurusamy
8555,16661891,BALLEN1337,"2026-08-04 19:22:30",345.7,2,ballen1337
8556,16630007,"Yuankun Liu","2026-07-31 15:48:13",345.7,2,lyk1652
8557,16683400,"wo zhe yi sheng ru lu bo bing","2026-08-10 16:53:48",345.4,2,"ivanlo103,panckck,waijai"
8558,16656472,angusdddsa,"2026-08-04 06:04:22",345.4,2,angusdddsa
8559,16785821,"Naresh Meena","2026-08-28 21:24:31",345.2,1,nareshmeena12
8560,16657142,"Vishisht Gupta","2026-08-16 16:16:54",345.2,2,vishishtgupta
8561,16770039,"Yevhen Tsyba","2026-09-23 06:25:44",345.1,2,yevtsy
8562,16622097,"Garrick C.P.","2026-08-10 18:12:06",344.9,2,garrickchinnis
8563,16739702,"Vasantha Kumar552","2026-08-19 07:22:10",344.9,2,vasanthakumar552
8564,16708194,"Amulya Kypa","2026-09-25 08:43:35",344.6,2,"aakankshakota,amulyakypa,gvvinaykrishna"
8565,16687699,jegazhu,"2026-08-13 22:25:15",344.6,2,jegazhu
8566,16690098,"Akshay Kashyap","2026-08-10 17:10:28",344.3,2,akshaykashyapakku
8567,16876167,"kjl jkl","2026-09-17 15:51:01",344.2,2,kjljkl
8568,16659410,TTH,"2026-08-07 08:21:16",344.1,2,tthungdz
8569,16685164,cleanledger,"2026-08-07 13:38:23",344.0,2,cleanledger
8570,16936809,"Caleb Ibeh","2026-09-22 08:34:43",343.9,2,calebibeh
8571,16696439,VaraPrabha,"2026-08-10 04:36:00",343.8,2,galiveetipoornima
8572,16717522,kyunyoung,"2026-08-14 07:16:00",343.6,2,kyunyoung
8573,16920572,"Mahalakshmi boga","2026-09-26 12:26:50",343.5,2,mahalakshmiboga
8574,16696800,"VEER GOMA","2026-08-14 15:42:47",343.4,2,novaxoxo
8575,16726381,"Adriana Redondo","2026-08-15 19:39:41",343.3,1,adrianaredondo
8576,16741512,Offenders,"2026-08-30 15:08:39",343.3,2,"karthicchockalingams,shakil2411,shehnaaz01"
8577,16654808,Vishwajeet-maker,"2026-08-17 21:17:02",343.1,1,vishwajeetmaker
8578,16658733,luoqiuy,"2026-08-04 10:46:04",343.0,2,luo912
8579,16661002,"Eliyas sk","2026-09-02 12:32:51",342.9,2,eliyassk
8580,16777515,Abhimanyu21,"2026-08-27 13:33:38",342.8,2,abhimanyu21
8581,16660980,"João Marcelo Curi","2026-08-05 18:31:19",342.1,2,joomarcelocuri
8582,16778327,WangYingChen,"2026-08-28 03:11:28",342.1,1,wangyingchen
8583,16735393,Dai_Research,"2026-08-18 10:40:17",342.1,2,dairesearch
8584,16681397,"Vishal Dubey","2026-08-11 08:51:13",341.9,2,visha1dubey
8585,16666171,"JD Crew","2026-08-06 12:52:58",341.8,2,"abhijnanpodder,ahsafabid"
8586,16755029,"Jashan Bajwa","2026-08-22 12:56:30",341.6,2,jashanbajwa
8587,16624235,appu2431,"2026-08-11 15:56:41",341.5,2,appu2431
8588,16735080,"SARTHAK PATIL","2026-09-02 19:23:03",341.4,2,sarthakpatil23
8589,16783322,kentaro,"2026-08-29 03:55:45",341.4,2,kentarokujo
8590,16716594,"U Anand Williams","2026-08-13 09:19:09",341.3,1,uanandwilliams
8591,16735751,"Hasan Taşkın","2026-08-24 19:36:02",341.2,2,hasantaskin
8592,16711497,"Korvi sai kumar","2026-08-13 08:02:21",341.1,1,korvisaikumar
8593,16668340,"Sibi Vishnu","2026-08-08 10:35:33",341.0,2,sibivi
8594,16674725,"rajan jha","2026-08-13 12:05:42",340.6,2,rajan1673
8595,16738581,"mr moradi1","2026-08-18 14:31:26",340.5,1,mrmoradi1
8596,16666218,"sugan Chandrasekar","2026-08-16 11:02:09",340.5,2,suganchandrasekar
8597,16656135,"JAYASURYA R","2026-08-05 15:43:01",340.5,2,suryar261
8598,16660246,taqnik,"2026-08-08 11:54:39",340.2,2,taqnik
8599,16667105,"Vikram Tiwari","2026-08-10 11:12:26",340.0,2,vikramtiwari
8600,16877927,"EFE ULKER","2026-09-12 00:13:05",340.0,2,efeulker
8601,16876354,A_Mose,"2026-09-12 08:57:15",339.6,2,mmameh
8602,16623739,SarsaShen,"2026-08-05 07:12:00",339.5,2,sarsashen
8603,16692906,CodeZee,"2026-08-09 19:50:49",339.3,2,codewithzaeem
8604,16773402,齐乐,"2026-09-26 09:08:28",339.1,2,qile200107
8605,16655555,Bharath2411,"2026-09-03 07:14:26",339.0,2,bharath2411
8606,16927761,"M Asghar Shakir","2026-09-21 04:04:32",338.9,2,masgharshakir
8607,16658319,"Huỳnh Nguyễn Trọng Tín","2026-08-06 06:23:40",338.8,2,tnhunhnguyntrng
8608,16657056,"Jacob Ross Piedad","2026-08-06 12:15:14",338.8,1,jacobrosspiedad
8609,16779505,"Prasad Ovhal","2026-09-24 13:31:06",338.6,2,prasadovhal
8610,16662589,"Arunagirinadan Sudharshan","2026-09-20 10:20:48",338.4,2,sudhanaruna
8611,16844410,ナポレオン,"2026-09-07 15:46:40",338.3,2,naporeondesu
8612,16862308,"Furkan CAT","2026-09-10 15:07:24",338.1,2,furkancat
8613,16692427,"Infy ","2026-08-09 20:48:09",338.0,2,infydes
8614,16641294,YogeshG22,"2026-08-03 17:58:51",337.9,2,yogeshg22
8615,16721675,stork8i,"2026-08-14 13:16:26",337.8,1,stork8i
8616,16662647,"Ruben Maya","2026-09-23 22:06:52",337.7,2,rubenmaya
8617,16774954,Ye_xz233,"2026-08-26 15:35:23",337.6,2,yexz233
8618,16743604,KeswaniRohit,"2026-08-22 17:19:18",337.6,2,keswanirohit
8619,16716322,zhaimh,"2026-08-14 02:43:21",337.6,2,zhaimh
8620,16657658,"Esther Usman","2026-08-25 23:45:50",337.5,2,estherusman
8621,16690775,"Prasanna Raut","2026-08-08 20:41:38",337.5,2,prasannaraut
8622,16718662,Safin,"2026-08-22 17:50:27",337.2,2,safinlynx
8623,16723047,"Matheus Finger","2026-09-11 19:15:11",337.1,2,matheusfinger
8624,16683136,"Stefano Ciaci","2026-08-16 14:47:29",336.8,2,stefanovcciaci
8625,16657145,"Shudipto Trafder","2026-08-04 19:25:24",336.7,1,iamsdt
8626,16670812,"Brian Toman","2026-08-09 15:56:22",336.6,2,briantoman
8627,16655446,"Ismael Omar Leonidas Hurtado Vargas","2026-08-04 00:07:01",336.6,1,ihurtadov
8628,16691667,jeremyllll,"2026-08-12 03:30:26",336.5,2,jeremyllll
8629,16628296,NoxMetenis,"2026-08-15 17:54:03",336.3,1,avasgaire
8630,16917267,"jean-thomas Dauchel","2026-09-18 21:41:23",336.0,1,jeanthomasdauchel
8631,16732873,"Yash Rana","2026-08-18 04:57:04",336.0,2,yashrana24
8632,16752067,neuroxaker,"2026-08-22 14:50:32",336.0,2,neuroxaker
8633,16653105,James,"2026-08-17 16:52:18",335.8,2,jamesquirk
8634,16683178,soulasin,"2026-08-07 14:32:26",335.5,2,soulasin
8635,16655652,Emergence,"2026-08-10 03:21:04",335.4,2,daylighth
8636,16656732,"Shivam Kashyap","2026-08-04 05:28:03",335.4,1,shiyan0090
8637,16690166,"Niteshwar Mishra","2026-08-08 10:02:22",335.4,2,niteshwarmishra
8638,16673167,Karam96,"2026-08-08 11:40:36",335.4,2,karam96
8639,16659533,"Pavan Desai","2026-08-10 16:29:20",335.1,2,pavancdesai
8640,16845081,"Sera Ria Gomes","2026-09-10 12:28:43",335.1,2,serariagomes
8641,16896350,"Abdelghani M'BAREK","2026-09-20 11:26:09",335.0,1,abdelghanimbarek
8642,16913989,Sanatan21,"2026-09-18 11:41:17",334.9,2,sanatan21
8643,16658011,"Arooba Hanif","2026-08-05 07:24:53",334.7,2,aroobahanif
8644,16659260,hitesh,"2026-08-05 19:29:28",334.6,2,shahhs
8645,16838913,LunaT2,"2026-09-05 09:10:21",334.6,1,lunat2
8646,16659688,Daniel,"2026-08-05 12:21:37",334.5,2,danielyazgi
8647,16639624,"Nishanth Rajan","2026-08-02 03:25:35",334.4,2,nishanthrajandev
8648,16694264,"Vansh Visariya","2026-08-10 09:00:11",334.4,2,vanshvisariya
8649,16754141,SicilyTing,"2026-09-08 14:53:25",334.3,2,sicilyting
8650,16652422,Kite,"2026-08-17 16:26:55",334.0,1,kiteyinlong
8651,16629476,NOOBS,"2026-08-09 19:58:48",333.5,2,"patelkrishna8,sakshamranawade,shravanideshpande25"
8652,16767037,"Yubraj Sigdel","2026-08-24 15:45:56",333.2,1,yubraj11
8653,16676416,"Abhishek Mishra","2026-08-10 10:09:30",333.1,2,abhishekmishra23
8654,16660099,Desireog71,"2026-08-08 15:01:19",333.0,2,desireog71
8655,16664147,JordanM10,"2026-08-05 19:54:08",332.8,1,jordanm10
8656,16715791,CustardApple47,"2026-09-06 11:34:26",332.8,2,custardapple47
8657,16661191,"Yudha Eka Saputra","2026-08-04 19:28:31",332.4,2,yudhaekasaputra
8658,16937995,"Aleksandr Rybin","2026-09-21 22:21:56",332.4,2,aleksandrrybin
8659,16632620,"[Deleted] d9d74cbb-c76e-4fbb-a4bf-35e25b48627d","2026-08-08 16:00:16",332.3,2,del=c21e6a8a03ad3b3c
8660,16661551,SimonAx,"2026-08-10 09:41:59",332.2,2,simonaxel
8661,16867163,"Harikesh Shukla","2026-09-14 05:04:51",332.1,2,harikeshshukla
8662,16662874,"Dev Shah","2026-08-08 01:52:52",331.7,2,imdevshah11
8663,16669725,chosunghwan,"2026-08-06 03:52:24",330.9,1,chosunghwan
8664,16661212,AnkitRaj4004,"2026-08-23 13:17:37",330.9,2,ankitraj4004
8665,16686332,毛治钦,"2026-09-01 05:05:37",330.4,2,maozhiqinf
8666,16654688,"Terrell Millz","2026-08-10 16:08:33",330.2,2,terrellmillz
8667,16758426,"Attique Ansari","2026-08-22 11:50:42",330.0,2,attiqueansari
8668,16716713,"T Vamsi Krishna","2026-08-13 09:37:43",329.8,1,vamsee3763
8669,16706276,MitulbhBhatia,"2026-08-18 04:02:38",329.7,2,mitulbhbhatia
8670,16682632,Sebastiaan,"2026-08-27 18:24:40",329.7,2,sebastiaanreinders
8671,16751311,JoangHZ,"2026-08-21 09:18:57",329.5,2,joanghz
8672,16795677,"Carol bright","2026-08-31 09:30:28",329.4,2,carolbright
8673,16741982,barry_Paddi,"2026-08-27 07:10:52",329.1,2,barrypaddi
8674,16652805,"Rodrigo Batista da Silva","2026-08-13 13:35:19",329.0,2,eurodrigobatista
8675,16659234,"MARY RAISA P","2026-08-27 07:06:43",329.0,2,"harinimala21,maryraisap,saha0102"
8676,16670881,"Amir Y. Sajjadi","2026-08-05 23:56:26",329.0,1,amirysajjadi
8677,16730745,"Aymerou Yaya Koné","2026-09-26 01:30:11",328.9,2,aymerouyayakon
8678,16730679,"Hoàng Trọng Hiếu","2026-09-13 08:32:32",328.8,2,hongtrnghiu
8679,16749271,"Shoki Suzuki","2026-09-26 04:53:40",328.7,2,shokisuzuki
8680,16883375,"Sam Robin Singh E","2026-09-14 22:42:51",328.5,2,samrobinsinghe
8681,16664199,SomyaSingh_07,"2026-09-26 08:39:51",328.5,2,somyasingh07
8682,16928286,sofonias201012,"2026-09-20 09:33:20",328.4,1,sofonias201012
8683,16949156,"shamaev dimon PR-3-1","2026-09-23 19:16:32",328.1,1,shamaevdimonpr31
8684,16713319,"David Tilman","2026-08-12 18:56:13",327.9,2,davidtilman
8685,16677312,"Kavuri Sravya","2026-08-19 02:33:01",327.9,2,kavurisravya
8686,16683075,"Manuel lasarte León","2026-09-04 10:27:02",327.9,2,manuellasarte
8687,16768551,"AAYUSHMAAN SINHA","2026-08-25 02:43:00",327.9,2,aayushmaansinha
8688,16795163,"Nguyễn Đỉnh","2026-09-14 05:05:43",327.8,2,nguyendinh1507
8689,16660658,Shlok_Sharma0001,"2026-08-19 09:31:48",327.7,2,shloksharma0001
8690,16633737,nrg,"2026-08-04 20:19:50",327.5,1,nargizaskarbekkyzy
8691,16735593,"timur tytrin","2026-08-18 07:37:46",327.5,2,timurtiutrin
8692,16668012,"Aleksander Iżemski","2026-08-05 20:52:54",327.4,2,aizemski
8693,16672689,"Yusuf Yemez","2026-08-06 06:51:07",327.3,1,yusufyemez
8694,16757689,YanXiaohan666,"2026-09-14 03:29:51",326.9,2,yanxiaohan666
8695,16668471,Broomva,"2026-08-05 14:57:35",326.9,1,broomva
8696,16926528,"Badri Vishal","2026-09-19 18:42:19",326.8,2,badrivishal90
8697,16940601,ShreyanshK099,"2026-09-23 07:57:43",326.6,2,shreyanshk099
8698,16739356,Renuka,"2026-09-22 11:47:53",326.5,1,alphy1603
8699,16672138,mostafa69ca,"2026-08-06 05:03:43",326.3,1,mostafa69ca
8700,16660568,Fascetta,"2026-08-07 20:48:53",326.3,2,fascetta
8701,16894314,curious007hi9387983,"2026-09-17 07:41:07",326.1,1,curious007hi9387983
8702,16783863,"Vivek Vardhan Reddy","2026-08-31 06:14:34",325.8,2,vivekvardhanreddy77
8703,16759112,songxin,"2026-09-22 04:24:51",325.8,2,likewaterandwind
8704,16654348,rkeshwani,"2026-08-07 16:17:49",325.8,2,rkeshwani
8705,16709165,"Yooraj Gole","2026-08-13 18:10:17",325.7,1,yoorajgole
8706,16639067,"ToMY F.","2026-08-11 11:34:31",325.5,1,tomyfdev
8707,16746121,Nononoi,"2026-08-21 07:18:02",325.2,1,nononoi
8708,16691936,"Adhar Chaudhari 07","2026-08-09 08:13:35",325.1,2,adharchaudhari07
8709,16724976,Soham,"2026-08-18 11:28:07",324.7,2,soham308
8710,16661390,"Raúl García Gómez","2026-08-04 17:04:39",324.6,2,corso138
8711,16759407,"Giovanni Colpani","2026-08-22 17:02:37",324.5,2,giovannicolpani
8712,16665980,cshara,"2026-08-06 08:41:16",324.5,2,cshara
8713,16728261,"Smit Deshaval","2026-08-24 17:44:12",324.4,2,smitdeshaval11
8714,16667033,"Geethika Sandireddy","2026-08-15 07:04:31",324.3,2,geethikasandireddy
8715,16677732,"Alessandro Mermali","2026-08-06 20:52:35",324.2,2,alessandromermali
8716,16671519,"Mandhati Sai ganesh","2026-08-06 06:36:45",324.1,2,mandhatisaiganesh
8717,16636643,"Babul Kumar","2026-08-02 07:46:50",323.9,2,babulkumar07
8718,16662659,"Chiziterem Eze","2026-08-11 12:20:48",323.9,2,chiziteremeze
8719,16686716,"menna hassanM","2026-08-28 21:49:51",323.6,2,mennahassanm
8720,16712257,Banarto,"2026-08-13 07:49:16",323.6,1,banarto
8721,16710906,Krunal.ix,"2026-08-12 07:06:58",323.6,1,krunalix
8722,16660369,"Dev MCP","2026-08-04 12:59:09",323.6,1,nishant2905
8723,16663738,"Handre Bezuidenhout","2026-08-04 23:27:08",323.3,2,handrebezuidenhout
8724,16676974,"Deveshwar U","2026-08-31 01:10:42",323.2,2,deveshwaru
8725,16725769,NikunjMakhija_,"2026-08-19 13:01:57",323.2,2,nikunjmak
8726,16660341,"Nefise Aybar","2026-08-04 12:37:29",323.2,2,nefiseaybar
8727,16658897,"Teja Pattem","2026-08-07 10:42:44",323.1,2,tejapattem
8728,16678653,Wzjj98,"2026-08-06 19:31:39",322.8,1,wzjj98
8729,16865101,"Hanlinh ","2026-09-11 03:58:09",322.8,2,hanlinh227
8730,16823229,aper,"2026-09-05 08:42:58",322.6,2,todaya
8731,16666719,helenkwok,"2026-09-12 06:53:13",322.5,2,helenkwok
8732,16663351,MiguelS,"2026-08-07 15:25:29",322.4,2,lordm758
8733,16784712,SIDDpat,"2026-08-30 08:13:50",322.4,2,siddpat
8734,16777489,"Yousef Elbaz","2026-08-27 11:18:54",322.3,1,yousefelbaz
8735,16654407,"Serendeep Rudraraju","2026-09-04 03:17:43",322.2,2,serendeeprudraraju
8736,16656351,"Triet Ho","2026-08-07 07:27:33",322.2,2,trietho247
8737,16706181,"Juvenal Pedro Baptista","2026-08-16 14:58:40",322.1,2,juvenalpedrobaptista
8738,16670600,"Leon Lum","2026-08-20 14:58:27",322.1,2,leonlum
8739,16802128,"vaman soni","2026-09-02 10:08:49",321.5,1,vamansoni
8740,16682342,"Jebez Oswald","2026-08-10 05:38:15",321.3,2,jebezoswald
8741,16916821,"Amjath S","2026-09-19 18:03:15",321.3,2,amjaths
8742,16667406,"Abdulrahman AlAsali","2026-08-05 13:20:41",320.9,1,abdulrahmanalasali
8743,16628190,Horizonx30,"2026-08-09 18:06:56",320.8,2,horizonx30
8744,16691813,Hyezir4,"2026-08-10 08:36:47",320.7,2,hyezir4
8745,16698739,"Sahrul Adicandra","2026-08-11 04:06:08",320.3,2,sahruladicandra
8746,16851029,john01234,"2026-09-08 04:57:12",320.2,2,john01234
8747,16689923,Dhinesh,"2026-08-09 08:39:37",320.1,2,dhineshwarrs
8748,16709910,Spinort,"2026-09-19 07:37:27",320.0,2,spinort
8749,16733886,LuisMV8,"2026-09-19 16:51:14",319.5,2,luismv8
8750,16657729,"Kandregula V S S V P Krishna Murthy","2026-08-08 15:29:35",319.5,2,kkandregula
8751,16854519,nmw,"2026-09-09 15:23:56",319.5,2,rubikkaggle
8752,16635243,MlMlDev34,"2026-08-01 11:26:52",319.4,2,mlmldev34
8753,16859646,Andy2009,"2026-09-09 12:12:02",319.3,2,andy2009
8754,16625011,"Heng Yu","2026-08-18 06:30:56",319.3,1,megalobox1
8755,16655919,"Tạ Minh Lễ","2026-08-04 06:46:45",319.1,2,tminhl
8756,16693821,"DARSHAN A","2026-08-11 18:02:26",319.1,2,ad12345kag
8757,16659453,"Ishwar Rathod","2026-08-06 03:29:27",319.1,2,ishwarrathodofficial
8758,16720606,Williamtime,"2026-08-17 03:11:34",318.9,2,williamtime
8759,16726021,"The Farm Game","2026-09-02 13:23:00",318.3,2,"tacostew,thomasbower6"
8760,16929788,"Yusuf Sanusi","2026-09-21 00:50:47",318.3,2,mindbender7
8761,16668271,"Shashank Raj","2026-08-06 14:27:00",318.2,2,ssr6156
8762,16675048,Wizard_King,"2026-08-06 19:35:41",318.2,2,anshumanrayy
8763,16624990,"Tanjim Ahmed Kingshu","2026-08-02 07:05:52",318.2,2,tanjimahmedkingshu
8764,16632558,RUI,"2026-09-18 11:34:17",318.0,2,zaiwubian
8765,16941648,ITibe88,"2026-09-22 19:04:58",317.7,2,itibe88
8766,16757557,BitxWolf,"2026-08-22 19:06:48",317.3,2,bitxwolf
8767,16662856,"Pranjal Arya","2026-09-11 09:30:08",317.0,2,pranjalaryaa
8768,16688859,"Muhammad Fayaz Khan","2026-08-08 06:36:02",316.6,2,mfayazkhan
8769,16731458,"Arthur Baygildin","2026-08-17 10:06:55",316.6,1,arthurbaygildin
8770,16661690,codefusiondu,"2026-08-06 04:53:25",316.3,2,codefusiondu
8771,16658320,"Justin Eight","2026-08-27 07:29:52",316.0,2,justineight
8772,16705798,"orhun uygun","2026-09-24 08:48:21",316.0,2,orhunuygun
8773,16666115,"Iam Intolerable","2026-08-06 07:48:28",316.0,2,iamintolerable
8774,16700876,"Oyegoke Emmanuel","2026-09-04 11:32:28",316.0,2,oyegokeemmanuel
8775,16672020,"Arum Puri ","2026-08-18 14:03:33",315.9,2,arumpuri
8776,16882973,"Omar Tarek Abdelkader Ahmed El Belbeisy","2026-09-12 22:59:07",315.7,2,patmux
8777,16672168,"Justin Rutkowski","2026-09-13 08:13:41",315.6,2,justinrutkowski
8778,16740191,"Arjun Dhillon","2026-08-19 15:15:57",315.6,2,arjundhillon07
8779,16695592,"André Luiz Pedroso","2026-08-09 11:59:19",315.5,1,andreluizpedroso
8780,16719709,Rishiii360,"2026-08-18 03:46:23",315.5,2,rishiii360
8781,16727044,"Kai Leisten","2026-08-16 10:19:42",315.1,2,kaileisten
8782,16782747,goodgreen,"2026-09-19 07:55:18",315.0,2,goodgreen
8783,16686700,"Hakkı selim Ak","2026-08-07 17:06:03",314.5,1,hakkselimak
8784,16682454," Vandanaa R","2026-09-02 09:48:24",314.5,2,vandanaar
8785,16664718,Vedika_,"2026-08-11 18:28:09",314.4,1,lighjt
8786,16665360,"Ayush Bhadauria","2026-08-19 11:11:51",314.3,2,ayushbhadauria50
8787,16868034,"Vivek Teja","2026-09-14 19:25:09",314.1,1,vivektejaraju
8788,16855459,"Shune Lae lae Khaing","2026-09-11 17:55:19",313.9,2,shunfloryn
8789,16713082,"Siyam Molla","2026-09-06 08:06:43",313.3,2,siyammolla
8790,16633330,"danielle Ange","2026-08-12 16:26:03",313.2,2,danielleange
8791,16810051,Reddi_twelve,"2026-09-03 23:26:30",313.1,1,redditwelve
8792,16701902,"Matthew Souza Chong","2026-08-11 05:58:50",312.9,2,matthewsouzachong
8793,16662491,Rudra070311,"2026-08-11 17:06:39",312.5,2,rudra070311
8794,16698591,FestusKipkoech,"2026-08-28 18:58:28",312.5,2,festuskipkoech
8795,16794729,Copperford,"2026-09-08 00:41:27",312.5,2,copperford
8796,16732315,"Filip Chladek","2026-08-17 13:37:38",312.2,2,filipchladek
8797,16749568,"Nana Hung","2026-08-23 02:17:34",312.2,2,nanahung
8798,16823858,"James Mills","2026-09-23 17:08:00",312.0,2,jamesmills1975
8799,16668453,"Kawish Hassan","2026-08-05 16:51:03",311.7,2,kawishhassan
8800,16659523,"Ahmad Khidir","2026-08-27 22:33:31",311.7,1,ahmadkhidir
8801,16681177,"Ivan Kevin Garcia Hernandez","2026-08-17 19:25:34",311.2,2,jedilgh
8802,16700187,"adrian purnama","2026-08-10 10:50:45",310.4,1,adrianpurnama
8803,16714418,AdriMonFer,"2026-09-01 12:15:21",310.0,2,adrimonfer
8804,16866140,Mantis,"2026-09-22 16:59:18",309.6,2,orchidmantis
8805,16660436,turkenm,"2026-08-06 13:03:36",309.4,2,turkenm
8806,16661157,Shenlai,"2026-09-17 14:02:50",309.4,2,shenlai
8807,16657616,"Manikumar Kundena","2026-09-20 17:25:19",309.0,1,manikumarkundena
8808,16765805,"sayyad karimun","2026-08-25 10:14:26",309.0,1,sayyadkarimun
8809,16707092,"Asharani Sahu","2026-08-11 11:19:08",308.9,1,asharanisahu
8810,16763916,"Mohamed Nchourupouo","2026-08-24 09:28:47",308.9,2,mohamednchourupouo
8811,16658457,"Uchiha Eren","2026-09-26 08:21:30",308.6,2,lucsanjay
8812,16673152,"Arijit Raj","2026-08-06 08:23:14",308.6,2,arijitraj02
8813,16659415,PincheCabrón,"2026-08-17 17:34:01",308.5,2,pinchecabrn
8814,16681801,majj,"2026-08-11 03:07:46",308.4,2,m313786372
8815,16687403,"Raja Sai Vardhan","2026-08-09 08:19:22",308.0,2,rajasaivardhan
8816,16723046,"Pedro Joás","2026-09-11 14:59:09",307.7,2,pedrojos
8817,16665252,"Harsh Katara","2026-08-05 06:51:14",307.6,1,harshkatara
8818,16755632,"Adarsh Yadav","2026-08-21 16:34:37",307.6,1,adarsh12yadav
8819,16634769,Fivingone,"2026-08-03 03:47:43",307.5,2,fivingone
8820,16660992,"Vishnu Vardhan Dumpala","2026-08-05 18:17:30",307.5,1,vishnuvardhandumpala
8821,16682345,Gordy,"2026-08-31 07:39:13",307.2,2,gordyii
8822,16660996,"Thịnh Nguyễn Chí Tiến","2026-08-08 01:49:40",307.1,2,thnhnguynchtin
8823,16664469,"Thorlapati Nikhil","2026-08-11 19:11:09",307.0,2,thorlapatinikhil
8824,16765997,"Diya Sharma","2026-09-13 18:08:07",306.8,2,diyasharmanexa
8825,16690163,"Abhay Upadhyay","2026-08-08 18:05:54",306.8,2,abhay18s
8826,16728465,"Abdurrahman Assegaf","2026-08-16 12:13:15",306.7,2,amanshop
8827,16666056,"sarthak gupta1303","2026-08-05 11:01:04",306.6,2,"sarthakgupta1303,sathviktummalapenta"
8828,16915613,MDM,"2026-09-17 16:03:54",306.5,2,themdm
8829,16623730,"Ethan Higgins","2026-07-31 02:25:21",306.3,2,ethanhigginz
8830,16674678,"Tinotenda Garikayi","2026-09-24 06:22:44",306.3,2,tinotendagarikayi
8831,16660473,"Owen M Kelley","2026-08-10 00:53:11",306.1,2,owenmkelley
8832,16777607,"je nap","2026-08-30 01:56:28",305.9,2,johnenapoles
8833,16770232,MinhTran2346,"2026-09-07 14:12:04",305.8,2,minhtran2346
8834,16655811,"Duy Trần","2026-08-04 08:23:27",305.5,1,duyqtrn
8835,16729572,"Aswin Ramanathan","2026-08-17 16:17:38",305.5,1,aswinramanathan
8836,16774471,"Seymour Schmidt","2026-09-16 10:56:11",305.4,2,angrybread
8837,16849173,"Sarvajith Adyanthaya","2026-09-07 16:51:17",305.2,1,sarvajithadyanthaya
8838,16949285,"Subham Sharma","2026-09-23 21:56:28",305.2,2,subsh2004
8839,16661639,"Jayanth Kumar D","2026-08-06 13:36:46",305.2,2,jayanthkumard
8840,16694673,"B T Chinmayi","2026-08-27 19:47:10",304.6,2,btchinmayi
8841,16689841,Pavani2325,"2026-08-08 10:00:56",304.0,2,pavani2325
8842,16784538,"mou1234568 fdsfds","2026-08-28 18:05:29",303.6,2,mou1234568fdsfds
8843,16655729,"Arnab Mallick","2026-08-04 02:41:48",303.4,2,arnabmallick24
8844,16690183,ankit8924praj,"2026-08-14 15:43:56",303.3,2,ankit8924praj
8845,16665661,Ikhbar,"2026-08-05 09:50:57",303.1,2,ikhbar
8846,16789486,TanjiahaoXX,"2026-08-29 07:47:37",302.7,1,tanjiahaoxx
8847,16711348,ticoraph,"2026-08-21 18:55:56",302.0,2,ticoraph
8848,16684308,Itsside_jay,"2026-08-07 11:46:48",301.8,1,itssidejay
8849,16766823,suikkee,"2026-09-02 05:05:50",301.6,1,suikkee
8850,16668166,Pikachu,"2026-08-05 14:52:15",301.4,2,"arpankumarsinha,phantomboy69,subhojitpaul2006"
8851,16925237,"Abdullah Ahmed saeed","2026-09-22 09:42:28",301.3,2,abdullahahmedsaeed
8852,16690055,"Prem Kumar","2026-09-02 05:56:28",301.2,2,premkumar099
8853,16706591,"Poorvi Shetty","2026-09-25 14:34:13",301.2,2,poorvishetty1
8854,16656506,"Piyush Harde","2026-08-04 12:54:26",300.9,2,piyushharde
8855,16755377,"Rishi Sutar","2026-09-23 04:18:01",300.5,2,rishisutar
8856,16830884,"Khalil hafni","2026-09-14 23:51:56",300.3,1,hafnix
8857,16660543,"BUTUH DUIT","2026-08-06 07:39:16",300.1,2,abulkahfi
8858,16652970,"Abhay sarkar","2026-08-05 14:40:05",300.1,1,abhaysarkarai
8859,16818690,"Arionchen TitanTeam","2026-09-04 08:52:16",299.7,2,arionchentitanteam
8860,16932204,"Doğuş Özel","2026-09-20 22:27:23",299.7,2,dozel7
8861,16692084,"Kaggri Farmers","2026-08-29 19:47:29",299.5,2,"jayant99acharya,satvikkolluru"
8862,16940854,AmbujSingh11294,"2026-09-26 05:48:57",299.4,1,ambujsingh11294
8863,16732280,"Akarsh kumar shukla","2026-08-18 20:38:35",299.2,1,akarshkumarshukla
8864,16659865,Rithikaaaaah,"2026-08-17 07:09:08",299.2,2,rithikaaaah
8865,16677034,gollapallysaikiraan2,"2026-09-18 21:45:24",299.1,2,gollapallysaikiraan2
8866,16659975,"Rahul Sain","2026-08-05 18:54:58",299.1,2,rahulsain2001
8867,16624553,"Abiram Bharathi S.A","2026-09-08 11:40:32",298.9,2,abirambharathisa
8868,16915237,"Greg Spitz","2026-09-25 22:26:24",298.9,2,gregspitz
8869,16705294,"zhenf Liu","2026-08-11 07:51:06",298.8,2,zhenfliu
8870,16844194,小林周人,"2026-09-17 14:57:34",298.6,2,kobashu
8871,16855181,Komal_Rani,"2026-09-08 16:39:15",298.5,2,komalvinayak
8872,16791786,BladeOffline,"2026-08-30 03:42:42",298.4,1,bladeoffline
8873,16715576,bhavnachavda21,"2026-09-24 14:07:26",297.6,2,bhavnachavda21
8874,16666639,"Dheeraj Pranav","2026-08-24 19:38:42",297.3,1,dheerajpranav
8875,16784225,sulala,"2026-08-29 08:51:26",297.2,2,sulala
8876,16721533,"Lakshya Sharma","2026-08-16 06:01:34",297.1,2,lakshyasharma007
8877,16664218,"Nguyen Vu Tue Khang","2026-08-24 03:32:10",297.0,2,nguyenvutuekhang
8878,16807668,kilariHemalatha,"2026-09-05 04:33:19",296.9,1,kilarihemalatha
8879,16623405,nbarlow,"2026-08-12 20:01:08",296.8,2,nickbarlow
8880,16653054,Khongor2424,"2026-08-03 15:32:17",296.6,2,khongorkikaik21
8881,16898267,Tannybro,"2026-09-20 09:31:41",296.6,2,tannybro
8882,16702052,"Beny Pratama Putra","2026-08-12 16:18:20",296.4,2,benypratamaputra
8883,16659493,"Ori Glisko","2026-08-09 14:27:44",296.1,2,origlisko
8884,16633982,Nikunj1375,"2026-08-07 08:40:29",296.1,2,nikunj1375
8885,16661012,"Tesfahun Feleke","2026-09-24 09:04:19",296.0,2,tesfahunfeleke
8886,16676302,Arnav,"2026-08-08 06:10:01",296.0,2,arnav03101
8887,16624246,"xu j1ayang","2026-08-11 05:12:47",295.6,2,xuj1ayang
8888,16796258,"Lanzhi Jiao","2026-09-03 08:31:13",295.0,1,lanzhijiao
8889,16655315,SL,"2026-08-13 01:50:18",294.8,2,xndr007
8890,16684168,"Roaya Saed","2026-08-10 14:36:20",294.3,1,roayasaed
8891,16882689,Soodari,"2026-09-12 21:56:31",294.0,2,soodari
8892,16757233,"Tet Toe Wai","2026-08-24 07:51:45",293.9,1,tettoewai
8893,16784605,"Iniyan M D R","2026-08-28 13:53:22",293.8,1,iniyanmdr
8894,16634016,"Adrien Thomas","2026-09-21 17:32:37",293.7,2,adrienthomas
8895,16701924,"Uma maheshwari T","2026-09-23 15:36:09",293.5,1,umamaheshwarit
8896,16662054,"phantom of shubh","2026-08-11 07:54:46",293.4,1,shubhamkumar123490
8897,16800468,Vaishnavi,"2026-09-01 11:13:30",293.3,1,vaishnavisri09
8898,16809426,"The Nafl","2026-09-10 11:20:55",293.2,2,nafalrust
8899,16666353,"Pal Savani","2026-09-14 19:01:01",293.1,2,palsavani
8900,16627796,tizawa3,"2026-09-25 20:10:08",292.9,2,tizawa
8901,16912620,"Mitul Khemani","2026-09-17 09:25:17",292.9,2,mitulkhemani
8902,16674394,"Ishant Mittal","2026-08-08 09:24:57",292.8,2,ishantmittal95
8903,16904992,abdulkader1,"2026-09-24 19:03:59",292.8,2,abdulkader1
8904,16661955,Bingos,"2026-08-05 11:43:07",292.7,2,bingos
8905,16683421,"Ruchita Yadav","2026-08-13 18:09:54",292.5,2,ruchitayadav20
8906,16650070,"jakub slavíček","2026-08-04 12:58:40",292.1,2,jakubslavicek
8907,16687648,"RSJ CorneR","2026-09-23 19:07:08",291.9,2,rsjcorner
8908,16688231,"Antoine Matemane Mahirwe","2026-08-10 19:40:15",291.9,2,antoinemah
8909,16658450,"Krish Singh","2026-08-05 16:11:00",291.8,2,krishsingh2283
8910,16728948,L3MG,"2026-08-16 21:17:06",291.7,2,lemgyy
8911,16690882,"Meet P. Shah","2026-09-05 04:32:03",291.6,2,meet47
8912,16658452,Hillclimber,"2026-09-13 01:50:22",291.5,2,driessmit1
8913,16721849,ayushai8714,"2026-08-28 09:36:41",291.4,2,ayushai8714
8914,16748410,Lemons,"2026-08-21 19:44:07",291.4,1,takahiromatoba
8915,16667773,ShashankJha,"2026-09-25 17:08:01",291.3,2,shankinfy
8916,16659696,"Lakshyaraj Singh Rathore","2026-09-05 18:47:32",291.0,2,lakshyarajrtm
8917,16643303,sigireddyBalasai,"2026-09-12 11:40:23",290.9,2,sigireddybalasai
8918,16655621,xia0910,"2026-08-08 11:03:21",290.8,2,xia0910
8919,16845556,"li Insomenia","2026-09-07 04:07:10",290.7,2,liinsomenia
8920,16668559,Goups,"2026-08-22 09:11:46",290.6,2,hervrenard
8921,16725135,"clement cg","2026-08-19 07:54:00",290.6,2,clementcg
8922,16839939,Lemonabc,"2026-09-05 12:56:42",290.6,1,lemonabc
8923,16685996,"Universal Entropy","2026-08-07 16:22:28",290.5,1,fennerjw
8924,16682262,"Pardeep Singh","2026-09-01 11:01:27",290.4,2,pardeep06
8925,16654430,"Rishoban Y","2026-08-07 13:46:37",290.2,1,rishoban
8926,16729246,"Ayodeji Akinola","2026-08-29 19:45:30",289.9,2,ayodejiakinola
8927,16655875,PLLZ,"2026-08-17 01:11:41",289.6,2,pllzzz
8928,16697373,"Sumit Bhattacharjee","2026-08-29 18:29:11",289.4,2,sumitbhattacharjee
8929,16885028,"wen yimeng","2026-09-13 09:26:04",289.3,1,wenyimeng
8930,16753817,Karmers,"2026-09-24 08:52:46",289.2,2,"prasenjittadake,swapnilpatil2737"
8931,16794647,"Michael Cahill","2026-09-01 07:46:28",289.1,2,michael1232
8932,16690514,"Aditya #3","2026-08-09 06:29:48",289.1,1,a0x1ab
8933,16662495,Earth,"2026-08-15 10:54:03",288.8,2,earthearth
8934,16671959,"Sintu Verma","2026-08-09 05:44:56",288.8,2,sintuverma
8935,16669576,"zarnab waheed","2026-08-17 19:20:34",288.8,2,zarnabwaheed
8936,16652899,Isha,"2026-08-22 05:51:50",288.8,2,aarohi20
8937,16682623,"Aditya Paul","2026-08-14 12:44:45",288.3,2,adityapaul634
8938,16805109,"иван астахов","2026-09-10 21:30:35",288.1,2,iastakhov
8939,16698920,"Rishabh Bhartiya","2026-08-12 13:48:26",288.1,2,rishabhbhartiya
8940,16669535,sakshitantak,"2026-08-08 05:16:32",287.9,2,sakshitantak
8941,16862181,"M chetin","2026-09-12 18:51:14",287.8,2,cetin95
8942,16771870,"kumi cho","2026-09-22 14:52:46",287.8,2,kumicho
8943,16858496,"Aziz Alqwm","2026-09-26 08:59:03",287.8,2,azizalqwm
8944,16686789,Hay-gent,"2026-09-07 05:37:52",287.6,2,"alagusuriyas,gayathrisrimai"
8945,16654253,"Gaius K Biju","2026-08-03 18:51:18",287.5,2,gaiuskbiju
8946,16792780,"Sreekar Reddy","2026-09-01 15:33:38",287.2,2,eshured
8947,16673753,hmmmSure,"2026-09-15 18:13:47",287.1,2,gerardnitt
8948,16662403,"ulaş özen","2026-08-05 19:49:16",287.1,2,ulazen
8949,16791680,"Surja Sarker","2026-09-04 12:12:24",286.9,2,surjasarker
8950,16919058,"Bethany Stringer","2026-09-19 10:18:38",286.5,1,bethanystringer
8951,16668333,VishalVivek,"2026-08-07 09:46:17",286.4,1,vishal14332
8952,16623161,"Charles Kalaba","2026-08-08 13:06:02",286.1,2,charleskalaba
8953,16675218,데미안과마루,"2026-08-18 14:16:13",285.6,2,siver3
8954,16712089,"yui seya","2026-08-12 12:17:02",285.6,2,yuiseya
8955,16765570,"Akhand Soni","2026-08-24 12:47:42",285.5,1,akhandsoni
8956,16682559,"Punit Pritam Mohanty","2026-08-11 06:21:03",285.4,2,punitpritammohanty
8957,16659060,Pratham3gewg,"2026-08-06 18:26:51",285.3,2,pratham3gewg
8958,16797284,Alice7371,"2026-08-31 17:58:22",285.2,1,alice7371
8959,16658990,"Muhammad Burhan SE-45-02","2026-08-07 04:26:18",285.0,2,muhammadburhanse4502
8960,16862268,"Vishal Harry","2026-09-12 21:26:48",284.8,2,vshr777
8961,16769212,"jason vetter","2026-08-25 05:48:22",284.8,1,jasonvetter
8962,16684223,"Aayush Shah","2026-08-13 17:57:28",284.7,2,aayushshah265
8963,16707118,"DEVEN BAGADE","2026-08-11 11:24:10",284.6,2,devenbagade
8964,16759726,Phoenix,"2026-08-22 19:43:10",284.3,1,seanht1
8965,16658620,"Dina Chettouh","2026-08-04 09:13:27",284.2,2,dinachettouh
8966,16838645,"Deepak #2","2026-09-06 10:20:54",284.1,2,deepakup85
8967,16672670,RonTroy,"2026-08-13 04:46:15",283.8,2,rontroy
8968,16761731,"James Hu","2026-08-23 17:50:28",283.6,1,cnjameshu
8969,16698562,Kyoko004,"2026-08-11 04:38:18",283.5,1,kyoko004
8970,16778585,Deepa,"2026-09-11 11:13:56",283.5,2,deepa42639
8971,16682422,"SABBIR HOSSAIN 2029","2026-08-16 14:23:24",283.4,2,sabbirhossain2029
8972,16716592,"Poma Mikhail","2026-09-10 09:08:04",283.0,2,ambisinistra
8973,16676305,JTHEFROG,"2026-08-08 12:09:45",283.0,2,joshyuasa
8974,16761681,"Ming Myung","2026-08-24 05:12:56",283.0,2,vanhaminhquan
8975,16690187,"Amrita Singh","2026-08-08 10:34:51",282.9,2,amrita004
8976,16653903,Manav2805,"2026-08-04 09:25:08",282.8,2,manav2805
8977,16785111,"JEFFREY KIRUBA J ","2026-08-28 18:07:41",282.4,1,jeffreykirubaj
8978,16666316,adityakr1001,"2026-08-05 09:33:41",282.3,1,adityakr1001
8979,16663600,"Adrián Flores","2026-08-05 00:38:36",282.2,2,foward2892
8980,16868524,"Chutayu Adhittayawong","2026-09-11 03:30:13",282.2,2,arteezy009
8981,16665758,"Oladipo Bashir","2026-08-31 10:23:51",282.1,1,oladipobashir
8982,16678362,"Mitiku Yohannes","2026-08-07 00:00:37",282.0,2,mitiku
8983,16660308,zhangzhenman,"2026-08-25 06:14:26",281.9,1,zhangzhenman
8984,16657891,"Joshua Kinnah","2026-08-07 23:00:45",281.9,2,joshuakinnah
8985,16707179,"Achintya Rai","2026-08-12 11:15:16",281.8,2,achintyarai
8986,16723487,RoboDavo,"2026-08-19 00:36:17",281.8,2,robertdavidson1911
8987,16730653,"Daham Dissanayake","2026-08-21 03:17:15",281.7,1,"dahamdissanayake,dinuginimnara"
8988,16920837,"Borys Koza","2026-09-18 13:00:28",281.7,1,boryskoza
8989,16707372,"zidu cheng","2026-08-11 13:30:40",281.5,1,ziducheng
8990,16814858,"Sankalp Patidar","2026-09-15 08:57:20",281.1,2,sankalppatidar
8991,16632319,Valentin,"2026-07-31 21:14:24",280.9,1,vaha94
8992,16658489,小出和見,"2026-08-13 23:23:04",280.8,2,kzmk8d
8993,16670674,"Foodle Jang","2026-08-19 22:14:34",280.4,2,foodlejang
8994,16882182,":T Eh?","2026-09-13 09:16:32",280.3,1,goulustis
8995,16631989,"VIDIT SHRIMALI","2026-07-31 17:13:46",280.2,1,viditshrimali
8996,16661290,"Kelian Esteve","2026-08-04 14:33:13",280.1,1,kelianesteve
8997,16785050,"MITHIL J URK26CS7067","2026-08-28 18:29:14",280.0,1,mithiljurk26cs7067
8998,16657159,"Amey Malpurkar","2026-08-11 07:35:27",279.8,2,"ameymalpurkar,siddheshsadarao"
8999,16736202,杨雨灿,"2026-09-08 00:51:59",279.2,2,yucanyang
9000,16691354,"Vedika Gupta","2026-08-08 14:20:25",279.1,1,vedikagupta0
9001,16660529,Imaanga,"2026-08-10 11:41:21",278.6,2,imaangababy
9002,16893131,"Jenny Dinh","2026-09-21 13:27:12",278.3,2,"jeanguo000,jenny125,keytran8850"
9003,16652397,"Aniket Kumar","2026-08-06 13:29:50",278.1,2,kalkiavatar3
9004,16697283,Puranjay02,"2026-09-10 07:09:06",277.1,2,puranjay02
9005,16657426,"M.Mukunda Reddy","2026-08-17 06:18:11",276.5,2,mmukundareddy
9006,16748092,Luckshith,"2026-08-20 12:59:43",276.4,2,luckshith
9007,16716476,lnssan,"2026-08-20 13:05:18",276.3,2,lukanilssandmayr
9008,16858604,"Ye Naing","2026-09-10 02:42:59",276.2,2,yenaing
9009,16839430,EliaSav,"2026-09-06 15:33:34",275.7,2,eliasav
9010,16773545,faithk7u,"2026-08-31 21:57:43",275.6,2,faithk7u
9011,16662913,"IYAMPAYE ribert","2026-08-04 19:01:38",275.4,1,iyampayeribert
9012,16658725,"syed jawad","2026-08-17 08:49:32",275.2,1,syedjawad663
9013,16847927,"Laiba Hameed","2026-09-12 09:00:51",274.7,2,laibahameed08
9014,16749514,"M Harini","2026-09-21 14:52:15",274.5,2,rvmharini
9015,16758856,"Ali Zaib","2026-08-27 20:12:02",274.4,2,alizaib001
9016,16641866,"Prem Gandhi","2026-08-06 19:48:18",274.2,2,gprem352
9017,16713204,Mohamedg,"2026-08-24 23:15:06",274.1,2,mohamedgcroesus
9018,16646076,"Ajeet Krishnasamy","2026-08-04 19:52:27",273.8,2,ajeetkrish
9019,16665114,"Francesco Benincasa","2026-08-05 09:56:52",273.7,2,francescobenincasa
9020,16911725,"casey blanche","2026-09-18 23:50:00",273.7,2,caseyblanche
9021,16712086,"Zubair Shafi","2026-08-16 23:23:04",273.4,2,zubairshafi5050
9022,16938753,"Kedar K0","2026-09-22 03:42:53",273.2,1,kedark0
9023,16711610,cc_z_kaggle,"2026-08-12 09:33:23",272.7,1,cczkaggle
9024,16677629,"XIE Jintao","2026-08-06 18:47:28",272.4,2,xiejintao
9025,16659581,"isah ridwan","2026-08-07 09:02:00",272.4,2,isahridwan
9026,16683284,"Haha Farming","2026-08-07 14:38:04",272.4,1,"akshitharamesh,harinir1423"
9027,16652276,Phare111,"2026-08-04 15:09:55",272.1,1,phare111
9028,16724743,"Dr. James Gambrah","2026-08-17 08:48:47",271.9,2,jamesgambrah
9029,16675037,"Stanislav Pashkov","2026-08-08 20:50:16",271.7,2,stanislavpashkov
9030,16637025,kodalien,"2026-08-10 15:21:00",271.7,2,kodalien
9031,16922872,EricWang,"2026-09-18 23:56:44",271.6,1,ericwang915
9032,16865663,GauravPramodJain,"2026-09-10 09:44:04",271.5,1,gauravpramodjain
9033,16756768,"Sayeed Ibrahim","2026-08-22 01:32:12",271.3,2,sayeedibrahim
9034,16755664,"Shivam Rajdev","2026-09-04 19:28:36",270.7,2,shivamrajdev
9035,16748712,"Amit Kumar Gupta","2026-08-21 13:33:00",269.9,2,eramitg
9036,16690161,"Sudipto Event","2026-08-11 09:25:00",269.6,2,sudiptoevent
9037,16746682,"julio cesar valencia","2026-09-24 04:19:19",269.2,2,juliocesarvalencia
9038,16811014,"Overfit and Chill","2026-09-18 12:41:38",269.2,2,toyeshchakravorty
9039,16661879,"Pham Truc","2026-08-07 07:21:46",269.1,1,genti1206
9040,16761994,"Talha Sayyad faim","2026-08-23 11:32:37",269.0,1,talhasayyadfaim
9041,16747086,Karma_350234,"2026-08-20 09:56:52",268.9,1,karma350234
9042,16754845,"LG Music","2026-08-21 22:48:01",268.8,1,lgmusic
9043,16655734,dworld,"2026-08-05 04:13:18",268.7,2,jagdishhalde
9044,16665614,MesonLabs,"2026-08-11 06:17:27",268.5,1,mesonlabs
9045,16790545,Adnane,"2026-09-01 02:18:09",268.4,2,adnaneel
9046,16684191,"Patel Aryan D","2026-08-10 07:36:13",268.4,2,patelaryand
9047,16661213,"Daniel Siersleben","2026-08-05 12:53:41",268.2,1,danielsiersleben
9048,16676007,"Lao KENAO","2026-08-15 01:15:48",268.1,2,laokenao
9049,16663253,"Albert Benjamin Asare","2026-08-06 19:29:05",267.8,2,albertbenjaminasare
9050,16677788,DorianCo,"2026-08-06 18:10:06",267.3,2,dorianco
9051,16893490,"Thales Galuchi","2026-09-26 03:01:08",267.1,2,thalesgaluchi
9052,16654306,Shubham,"2026-08-03 19:09:40",267.1,2,sanjayshubham24
9053,16790483,"ivo nahuel jasinskas","2026-08-29 14:08:28",266.8,1,ivonahueljasinskas
9054,16841154,Kinjal,"2026-09-05 22:13:51",266.7,2,kinjalparmar5009
9055,16734670,Sparsh,"2026-08-22 01:48:51",266.3,2,sparshsinha24
9056,16654568,Samiksha_Chan1022,"2026-09-20 14:26:32",265.7,2,samikshachan1022
9057,16822259,"Craig Goldswain","2026-09-07 14:52:01",265.7,2,craiggoldswain
9058,16665243,"Harshit Jha","2026-08-05 13:40:16",265.6,2,harshitjha28
9059,16687151,harshi101,"2026-08-08 06:32:37",265.5,2,harshi101
9060,16840506,"Jayanth Earla","2026-09-10 16:46:21",265.0,2,jayanthearla
9061,16656595,"Sithija Amarathunga","2026-08-04 10:09:50",264.6,2,sithijaamarathunga
9062,16662861,"Chirag Tutlani","2026-08-04 19:13:05",264.2,1,chiragtutlani
9063,16750033,davidw001,"2026-08-20 17:13:07",264.2,1,davidw001
9064,16651668,Haiku,"2026-08-05 06:28:54",263.8,2,yangjiefu
9065,16740950,Shaw,"2026-08-23 10:07:14",263.7,2,shaw06
9066,16686941,vishu,"2026-09-24 12:47:08",263.5,1,vedanthshetty
9067,16809584,"Kinnal Rutu","2026-09-02 15:01:01",263.3,2,kinnalrutu
9068,16660957,CREVATEC,"2026-08-11 09:30:33",263.0,2,"olakunleolalekan,samueloladeji"
9069,16939560,"Zhi Quan","2026-09-22 05:35:09",262.9,1,zhiquannn
9070,16748206,ArtlexYang,"2026-08-25 08:43:28",262.8,1,artlexyang
9071,16656881,"Eugene Nyondo","2026-08-30 22:33:50",262.5,2,eugenenyondo
9072,16676084,"Abir Majdi","2026-08-24 00:24:35",262.3,2,abirmajdi
9073,16765329,"Bart Woz","2026-08-31 14:18:24",262.1,2,bartwoz
9074,16706312,"shabbar taj","2026-08-11 16:35:57",262.1,2,shabbartaj
9075,16733752,Abhi,"2026-08-17 19:34:16",261.9,1,zeroday19
9076,16762045,ADV,"2026-08-23 13:28:56",261.8,1,shuntianjiang
9077,16657378,doteeee,"2026-08-14 11:43:40",261.7,2,narendra
9078,16658065,"Parul Mittal","2026-08-06 13:55:51",261.4,1,pisces83
9079,16739918,POLAROID_86,"2026-08-18 21:56:04",261.0,2,polaroid86
9080,16654293,"Jatin N. Soni","2026-08-18 09:59:05",261.0,2,jatinsoni111
9081,16661469,"Qiqi Xie","2026-08-06 20:53:32",260.9,2,qiqixie123
9082,16670185,"Odilon Yehouenou","2026-08-13 20:23:58",260.4,2,odilonyehouenou
9083,16661587,"Debashis Mohapatra","2026-08-05 09:05:50",260.2,2,debashismohapatra
9084,16724204,chestnut,"2026-08-21 02:15:17",260.0,2,yskkrbysh
9085,16725104,ManasviVarma,"2026-08-23 10:20:35",260.0,1,manasvivarma
9086,16707228,"Milind Bansal","2026-08-11 11:45:00",259.8,1,milindbansal18
9087,16809620,"Mohamed Alaa Elboraay","2026-09-02 19:11:42",259.7,2,mohamedalaa10
9088,16655003,"Paramjeet Kaur","2026-08-04 21:09:02",259.6,1,kauxp26
9089,16926905,"George Quadros","2026-09-21 21:56:55",259.6,2,georgequadros
9090,16821068,"Danila Goncharenko","2026-09-03 15:22:12",259.6,2,danilegovich
9091,16731278,"hayim lusthaus","2026-09-25 20:20:52",259.5,2,haimlust
9092,16657777,"sandeep kumar","2026-08-04 11:41:21",259.4,2,sandeep088
9093,16780106,"Mirangga Jakti","2026-09-09 20:05:22",259.3,2,miranggajakti
9094,16768453,phicis8911,"2026-09-16 00:41:21",259.3,2,phicis8911
9095,16736084,"Kaishang Zhang","2026-09-02 13:41:28",259.2,2,kaishangzhang
9096,16741555,"Rushikesh Shirwalkar","2026-08-19 11:02:46",259.1,2,rushikeshshirwalkar
9097,16669188,Sebastián,"2026-09-25 21:30:33",259.0,1,sebatl
9098,16936360,nicapotato,"2026-09-21 13:51:51",258.9,1,nicapotato
9099,16658357,heetmehta18,"2026-08-07 13:30:40",258.9,2,heetmehta0000
9100,16658676,"Abdul Roheem Abdul Warith","2026-08-04 18:59:04",258.7,1,albasoliyy
9101,16822994,"Peter Danilov","2026-09-03 18:16:23",258.6,1,pndanilov
9102,16887893,"Sridhar C","2026-09-13 20:12:56",258.5,2,sridharchinnasamy
9103,16920587,"Agnieszka Jabłońska","2026-09-18 14:17:48",258.4,1,agnieszkajaboska
9104,16842088,"Hrithik Reddy","2026-09-07 09:46:01",258.0,1,hrithik22122
9105,16889340,aryansaini1612,"2026-09-15 04:04:12",257.8,1,aryansaini1612
9106,16667691,alexanderctrl,"2026-08-18 10:10:51",257.7,2,alexanderctrl
9107,16756174,"Mateo Coelho","2026-09-02 19:10:01",257.5,2,mathsco
9108,16669523,Jackson55171,"2026-08-05 18:21:00",257.3,2,jackson55171
9109,16678647,"Zorawar Singh","2026-08-06 19:55:53",257.1,2,zorawarsingh677
9110,16667700,"Omar Mohammad","2026-08-05 15:52:54",256.4,2,omarmohammadw
9111,16695733,"Imad Zaanine","2026-08-11 02:11:15",256.3,2,imadzaanine
9112,16813582,Soham_7391,"2026-09-16 09:59:13",256.2,2,soham7391
9113,16658383,"SIVA S","2026-09-26 06:08:49",256.1,2,codingmaster24
9114,16665461,"Krishna Golwala","2026-08-24 18:39:08",255.9,2,krishnagolwala
9115,16762084,"Krishna Lokhande","2026-08-23 14:08:48",255.6,1,krishnalokhande8080
9116,16670004,Zinc-Eater,"2026-08-19 22:50:41",255.4,2,zans7331
9117,16727383,"Minchul Shin","2026-08-20 07:50:37",255.3,1,nashory
9118,16676501,"[Deleted] cf820879-5b51-45ff-9f0a-1d88833299b5","2026-08-08 08:32:10",255.1,2,kamraanmulani
9119,16703295,Yuting,"2026-08-13 20:42:16",255.0,2,yutinghanuxd
9120,16924232,Heshwa,"2026-09-19 08:08:28",254.9,2,heshwa
9121,16880785,"CHIDANANDA G L","2026-09-12 11:18:48",254.7,2,chidanandagl
9122,16668464,Mauro,"2026-08-05 15:57:27",254.7,2,ilmaurino
9123,16686950,"Kittikhun Pachana","2026-08-08 00:16:11",254.7,2,kittikhunpachana
9124,16849556,"Peter Bull","2026-09-08 12:41:45",254.4,2,peterbull
9125,16889111,"Abel Garza-Ramírez","2026-09-19 01:12:05",254.3,1,abelgarzaramrez
9126,16830761,Skarmory,"2026-09-04 13:05:56",254.2,1,syarnorke
9127,16662039,"Ajat Rosadi","2026-08-04 16:58:10",254.1,2,ajatrosadi
9128,16759675,TianKitty,"2026-08-27 04:43:06",254.1,1,tiankitty
9129,16744954,charley8,"2026-08-22 06:23:36",254.1,2,charley8
9130,16723583,"varun chindage","2026-09-25 01:13:18",254.0,2,stormy420
9131,16658795,"Case Seller","2026-08-30 06:46:45",253.9,2,caseseller
9132,16663869,CYBER_TECH99,"2026-08-05 01:40:15",253.8,2,cybertech99
9133,16929898,"Senadie Damsini Fernando","2026-09-20 10:49:49",253.7,1,senadiefernando
9134,16658941,Matts6591,"2026-08-17 07:59:36",253.7,1,mathwithmatt
9135,16649650,"Ashish Barnawal","2026-08-11 04:08:04",253.6,1,klein4
9136,16655508,bigsea,"2026-08-04 01:31:58",253.6,2,sakamakihiromi
9137,16942668,"Levreau Camille ","2026-09-22 16:30:19",253.4,2,"dechant,levreaucamille"
9138,16660144,"Léandre ELISHA","2026-08-09 12:25:44",253.4,2,landreelisha
9139,16667063,"Amiksha S","2026-08-09 15:16:49",253.0,1,amikshas
9140,16793148,"Hoàng Trung Nguyễn","2026-09-26 08:51:17",253.0,2,hongtrungnguyn
9141,16882350,akacome,"2026-09-12 18:32:37",253.0,1,akacome
9142,16632881,"Brisa Marina","2026-08-07 16:13:15",253.0,1,brisamarina
9143,16718890,"Andy Symonds","2026-08-19 23:04:11",252.7,2,andyivanhoe
9144,16740795,Yanshaoo2026,"2026-08-19 08:40:17",252.5,1,yanshaoo2026
9145,16785789,"Mateus Sousa do Carmo","2026-08-28 21:23:10",252.4,2,mateaadsaf
9146,16665719,"[Armenia] Narek Petrosyan1","2026-08-05 07:49:34",252.2,1,narekpetrosyan1
9147,16672982,"Enes Aytaç","2026-08-14 12:12:24",252.0,2,enesayta
9148,16701143,macneil,"2026-08-14 14:53:54",251.7,2,macneil
9149,16643821,"arnav chaturvedi123","2026-08-02 22:16:08",251.7,2,arnavchaturvedi123
9150,16785434,"[Deleted] 044034de-be4c-465c-ad6d-a40fcc0bf77c","2026-08-28 18:05:21",251.6,1,del=78dbd787081be305
9151,16662105,PunnatatJAY,"2026-08-04 16:22:50",251.5,1,punnatatjay
9152,16669756,AlgSaid,"2026-08-05 18:54:07",251.5,1,imabdallah
9153,16929949,"mohamed seddik sakai","2026-09-22 13:32:24",251.5,2,mohamedseddiksakai
9154,16665371,"Kevoh Mutwiri","2026-09-20 20:33:29",251.5,2,kevohmutwiri
9155,16632145,kazuki_kazukazu,"2026-07-31 14:53:13",251.3,1,kazukikazukazu
9156,16686316,"Ali mohon","2026-08-07 16:16:43",251.3,2,alimohon
9157,16679467,"Ahmed Zedan","2026-08-18 00:28:27",251.2,2,ahmedzedan11
9158,16725288,mustafasadiqi,"2026-08-15 12:26:35",250.7,1,mustafasadiqi
9159,16689903,wangbohuan,"2026-08-08 09:35:12",250.5,2,wangbohuan
9160,16772388,XiaozhenWu2002,"2026-08-29 16:21:55",250.5,2,xiaozhenwu2002
9161,16644398,Nurkan123,"2026-08-16 21:20:24",250.4,2,nurkan123
9162,16948546,MostatabiZahra,"2026-09-25 11:30:56",250.4,1,mostatabizahra
9163,16676991,"Jack Hopkins","2026-08-19 19:11:37",250.2,2,jackhopkins
9164,16737009,"Alexandre Pedrosa","2026-09-03 07:42:20",250.1,1,alexandrepedrosai
9165,16712990,shreyaaaaa9,"2026-08-12 16:17:06",250.0,1,shreyaaaaa9
9166,16707941,ニイエチカイン,"2026-08-14 15:28:42",249.6,2,j4ck99
9167,16762167,"Arkoday Roychowdhury","2026-08-24 01:29:19",249.4,2,arkodayroychowdhury
9168,16649074,nanato,"2026-08-28 04:27:29",249.3,1,nanato
9169,16740506,Growingduck,"2026-09-02 03:18:21",249.2,2,jaeminkang2021
9170,16864283,"Nguyễn Cường","2026-09-20 11:41:20",249.1,2,nguyncngo
9171,16677517,justnyoike,"2026-08-10 01:12:56",249.1,2,justnyoike
9172,16684875,"Amitrakshar Mukherjee","2026-08-07 13:21:32",249.0,2,amitraksharmukherjee
9173,16669314,"Editor Jugnu AI","2026-09-06 08:31:32",249.0,2,editorjugnuai
9174,16784952,"Adria Barreto","2026-08-28 16:06:57",249.0,1,adriabarreto
9175,16656679,"Sadiqa Bibi","2026-08-27 09:52:29",248.9,2,sadiqabibidata
9176,16894802,"phus sea","2026-09-15 16:23:01",248.9,2,phussea
9177,16660471,"Obsessed Beings","2026-08-24 16:44:48",248.8,2,"meur99,muhammedsaeed315,obsessedbeing,studentwork01"
9178,16922345,"MESK WADHAH ABDULQADER ABDULQADER","2026-09-18 19:20:58",248.7,1,meskelemin
9179,16660579,mayank,"2026-08-06 14:41:12",248.6,2,mayank921
9180,16856961,"Victor Egbo","2026-09-10 08:38:48",248.5,2,victoregbo
9181,16760903,"Derrick Lace","2026-08-23 04:23:40",248.4,2,derricklace
9182,16658888,NovaBytes,"2026-08-06 07:06:34",248.3,2,"drashtisingh14,kjjkjjk3107"
9183,16663459,"Cristian Yeanpaul Palomino Calderon","2026-08-06 04:14:17",248.3,2,dawo0t
9184,16663003,devzohaib,"2026-08-04 21:27:30",248.3,1,devzohaib
9185,16713601,"Omar spok","2026-08-19 13:27:13",248.2,2,omarspok
9186,16697712,"Daniel Hebenstreit","2026-09-06 11:53:20",248.1,2,danielhebenstreit
9187,16819370,"István Csik","2026-09-03 13:39:36",248.1,2,istvncsik
9188,16665704,"Sreesanth M S","2026-08-05 07:12:05",248.0,1,sreesanthms
9189,16806577,ShinYAM1002,"2026-09-06 17:33:20",247.9,1,shinyam1002
9190,16730086,HanaGhanem,"2026-09-20 22:15:11",247.9,2,hanaghanem
9191,16817626,"Jaya Singh","2026-09-15 13:30:37",247.6,2,jayasingh12
9192,16758090,"JOYMIE TALICUAD","2026-08-22 10:07:40",247.5,1,joymietalicuad
9193,16683970,"Zakhar Homyakov","2026-08-07 11:14:41",247.5,2,zakharhomyakov
9194,16728350,fajarnadeem808,"2026-08-16 13:07:59",247.3,2,fajarnadeem808
9195,16758007,stoicsatvik,"2026-08-22 12:37:48",247.1,1,stoicsatvik
9196,16783872,"Soupau Lev","2026-09-01 09:50:33",247.0,1,olivierauffret
9197,16663945,anyasri,"2026-09-22 18:19:28",247.0,2,anyasri
9198,16641331,ushi,"2026-08-05 13:33:18",246.5,1,yuki508
9199,16676003,franck,"2026-08-06 14:59:55",246.3,2,bakura
9200,16768507,"Dhanush Ballanki","2026-08-25 00:33:27",246.3,1,dhanushballanki
9201,16659203,"Praful Nayak","2026-08-05 08:17:06",246.0,2,prafulnayak2003
9202,16941661,Parthasaradhy,"2026-09-22 16:02:49",246.0,2,parthasaradhy
9203,16942073,nagissan,"2026-09-22 14:10:52",246.0,2,nagissan
9204,16639684,Rubel,"2026-08-05 18:49:11",245.7,2,rubel01
9205,16696266,"Pandarasamy Arjunan (Samy)","2026-08-09 14:16:03",245.7,1,samy101
9206,16769754,daguniang,"2026-08-26 00:44:59",245.7,2,daguniang
9207,16658152,MingSUN007,"2026-08-04 13:46:29",245.4,2,mingsun007
9208,16659698,"Duy Anh Nguyễn","2026-08-07 10:23:27",245.4,1,duyanhnguyn
9209,16657440,Lz7_129,"2026-08-04 15:26:01",245.4,1,lz7129
9210,16818924,"super penguin king","2026-09-03 12:35:44",245.2,1,superpenguinking
9211,16790992,"Matthew Knyazev","2026-08-29 17:53:40",244.8,1,matthewknyazev
9212,16755126,"Goosing around","2026-08-21 14:01:59",244.4,2,"annood,davidterkuile"
9213,16724512,"Diw Gupta","2026-08-21 13:45:51",244.2,1,diwgupta
9214,16708091,"Dipak Kumar Samanta","2026-08-11 15:17:04",244.0,1,dipak889
9215,16785175,SonOfNike,"2026-08-28 17:20:58",244.0,1,sonofnike
9216,16757098,"Tharun kumar Jaya kumar","2026-08-30 02:29:39",244.0,1,tharunkumarjayakumar
9217,16684535,Moonlight,"2026-09-07 14:16:17",243.8,2,rajesh1joc
9218,16708246,StudyForUse01,"2026-08-11 16:58:19",243.8,1,studyforuse01
9219,16659804,"Gashahun Demise","2026-08-04 13:23:20",243.4,2,gashahundemiset
9220,16811524,PeiyuQian,"2026-09-11 16:00:55",243.3,2,peiyuqian
9221,16733204,"Sompalli Akhil Kumar","2026-08-18 10:14:08",243.3,2,sompalliakhilkumar
9222,16670506,"Juan Andres Bravo Mejia","2026-08-05 21:40:17",243.1,1,juanandresbravomejia
9223,16756743,"Ismail Alli Adekunle","2026-08-21 22:59:18",243.1,1,ismailalliadekunle
9224,16774202,Wrs,"2026-08-26 09:21:40",242.8,1,wrsarch
9225,16633483,"benkerrouche abdelbasset","2026-08-07 16:11:50",242.8,1,bassetkerouche
9226,16795353,BlurreA,"2026-08-31 06:42:30",242.7,1,blurrea
9227,16658783,"Devesh Choudhury","2026-08-07 17:08:33",242.5,2,deveshchoudhury
9228,16637845,"Hadjmohamd Seif","2026-08-08 21:47:53",242.4,2,hadjmohamdseif
9229,16701041,"Meet Babariya","2026-08-10 14:21:06",242.4,1,meetbabariya
9230,16772089,"Ana Riquele","2026-08-26 18:11:38",242.3,2,anariquele
9231,16660450,"prashant prakash","2026-08-08 09:45:36",242.2,2,prashantprakash28
9232,16723726,"Erika Worrall","2026-08-15 23:09:17",242.1,1,erikaworrall
9233,16668654,"Zharkyn Makhanbet","2026-08-10 18:28:08",242.0,1,imadparadoxi
9234,16656198,N9uy3nPham,"2026-08-06 10:56:04",241.7,2,n9uy3npham
9235,16695937,Ryckiii,"2026-08-09 13:03:24",241.5,1,ryckiii
9236,16738539,"Sharath S","2026-08-21 05:19:45",241.4,2,akicodes
9237,16659280,"yahaya zayyan","2026-08-04 10:51:16",241.4,1,yahayazayyan
9238,16796678,ka,"2026-08-31 16:16:03",241.1,1,kandruszek
9239,16831820,"Raihan Saladin","2026-09-12 17:21:34",240.9,2,raihansaladin
9240,16932531,"Ankur Agarwal","2026-09-20 22:56:55",240.6,1,ankur98
9241,16761134,mash3gt,"2026-08-23 06:10:12",240.4,1,shiroguitar
9242,16743603,tanmoypal11,"2026-08-19 15:19:36",240.2,1,tanmoypal11
9243,16671302,"Pratish Chaudhary","2026-08-10 00:35:01",240.0,1,pratishchaudhary
9244,16633833,"mohammad javad Kamali","2026-08-19 05:13:42",239.7,1,mohammadjavadkamali
9245,16669411,"Atta Ullah","2026-08-10 13:28:30",239.6,2,attaullahqau
9246,16683998,"Mahoraga save me","2026-08-07 22:09:22",239.4,2,yqngyv
9247,16782525,"Ashish Mittal","2026-08-28 05:27:46",239.1,2,ashish1502g
9248,16655159,"Marcel Relaford","2026-08-13 01:26:26",239.0,1,marcelrelaford
9249,16654853,"Saketh Rao","2026-08-03 21:43:14",238.9,1,sakethrao
9250,16653997,"Alekya Valapushetty","2026-08-05 13:52:08",238.9,2,alekyavalapushetty
9251,16712979,"Yusuke Tsukuda","2026-08-12 14:58:39",238.7,1,yusuketsukuda
9252,16656692,"kinza aftab 714","2026-08-04 05:43:51",238.5,2,kinzaaftab714
9253,16683428,"Darsh Jilka","2026-08-19 09:03:08",238.2,2,darshjilka
9254,16659001,"Tim Wanjohi","2026-08-12 11:43:16",237.8,2,timwanjohi
9255,16687574,"Yash Raghuvanshi","2026-08-07 22:09:38",237.8,2,yashraghuvanshi25
9256,16623823,"Julieta Rubis","2026-07-31 04:45:53",237.8,2,julietarubis
9257,16949878,ZaitsevOleksandr,"2026-09-24 13:31:25",237.8,1,zaitsevoleksandr
9258,16729884,"Chaimaa Matrag","2026-09-05 19:51:34",237.5,2,chaimaamatrag
9259,16707519,"Pradnya Khanse","2026-08-11 12:52:07",237.4,1,pradnyakhanse
9260,16660321,syafanidwina,"2026-08-05 00:41:33",237.3,1,syafanidwina
9261,16699790,Aryanpal07,"2026-08-16 12:28:53",237.2,1,aryanpal07
9262,16666553,DevChheda26,"2026-08-05 09:53:22",237.0,1,devchheda26
9263,16708480,"Omar M.Moustafa","2026-08-11 18:55:58",236.1,2,omarmmoustafa
9264,16768456,清水一希,"2026-09-21 10:57:30",235.8,2,kazukishimizu0427
9265,16744221,Dizzy1829,"2026-08-29 04:15:48",235.6,1,dizzy1829
9266,16719618,Javierrcs,"2026-08-14 13:16:05",235.4,1,javierrcs
9267,16664863,zzzhhcc,"2026-08-13 06:15:42",235.3,2,zzzhhcc
9268,16666574,"hrishit prakash","2026-08-05 13:26:37",235.2,2,hrishitprakash
9269,16790137,sinchir0,"2026-08-30 12:52:05",235.1,1,sinchir0
9270,16621290,"Muhammad Ahsan","2026-07-30 17:35:00",235.0,2,ahsanneural
9271,16841277,"Luis Garza Gonzalez","2026-09-08 05:07:26",234.6,2,luisgarzagonzalez
9272,16673369,Frame,"2026-08-06 07:59:47",234.4,1,rainorwang
9273,16654067,DataForge,"2026-08-05 10:19:25",233.9,2,"chanduchandini,goriparthiramatulasi,srilakshmipanitini,suryachakradhar"
9274,16664157,"Runjie Zhu","2026-08-10 11:49:13",233.7,1,damiendesolei
9275,16725615,carside,"2026-08-29 04:49:31",233.7,1,carside118
9276,16691583,Caleb,"2026-08-09 14:32:52",233.2,2,collev
9277,16625775,liubingxin205,"2026-08-15 06:29:40",233.1,2,"hongjuw,liubingxin205"
9278,16922932,Anteee231,"2026-09-21 04:19:19",233.0,2,anteee231
9279,16751488,Klixel,"2026-08-21 03:35:28",232.9,1,klixel
9280,16767173,AgriNexus,"2026-09-12 12:58:54",232.5,2,rashmirajput0102
9281,16661231,"R Ajay Kumar12","2026-08-04 14:12:11",232.5,1,rajaykumar12
9282,16659374,"[Deleted] 8f7327b9-2576-439b-bd6e-3f5fde366ebe","2026-08-04 10:12:44",232.1,1,del=8b215115eb53cbc1
9283,16918745,Xstella,"2026-09-24 08:11:56",232.1,2,xstella
9284,16762081,VKAUL3,"2026-08-23 12:09:08",232.1,1,vkaul3
9285,16750526,"Marcel Biezunski","2026-09-05 16:44:52",231.8,1,marcelbiezunski
9286,16739908,"Asfam Parvez Kawser","2026-09-10 09:42:54",231.8,2,asfamparvezkawser
9287,16711673,losingself,"2026-08-12 09:07:45",231.7,1,level14taken
9288,16771048,"Aditya Pawar","2026-08-25 16:55:04",231.6,1,aditya22102001
9289,16653319,"Md. Rasel Meya","2026-08-06 14:42:18",231.6,2,raselmeya
9290,16685128,"Rohan Hake","2026-08-10 12:48:36",231.4,2,rohanhake
9291,16667365,"leul dereje","2026-08-08 06:54:54",231.2,2,leuldereje
9292,16659387,dharssshiniii,"2026-08-04 09:48:15",231.1,1,dharssshiniii
9293,16672767,"FasterYouChase FasterIRun","2026-08-09 13:15:12",230.9,2,icoguser
9294,16627717,da_pond,"2026-07-31 08:33:57",230.8,1,dapond
9295,16635098,"Charvi Upreti","2026-08-15 05:43:59",230.7,1,charviupreti
9296,16712844,"ray hengbo","2026-09-01 03:35:31",230.4,1,rayhengbo
9297,16740800,"Shiva Sai","2026-08-19 03:54:27",230.3,1,shivasai846
9298,16861601,aliksey,"2026-09-11 17:22:46",230.0,2,aliksey
9299,16680521,"Luis Enrique Dalmau","2026-09-04 09:45:18",229.3,2,luisenriquedalmau
9300,16663191,"Arnav Anand","2026-08-04 19:53:08",229.2,1,arnavair27
9301,16689933,"Anjali Shah","2026-08-17 09:30:28",229.1,2,anjalishah0306
9302,16809006,Ilya,"2026-09-02 13:23:05",229.1,1,zhukov
9303,16665264,Andyxie2050,"2026-09-25 00:58:20",228.6,2,andyxie2050
9304,16687891,qklent,"2026-08-09 19:44:12",228.6,1,qklent
9305,16691322,"Anita rai98765","2026-08-16 19:05:43",228.4,2,anitarai98765
9306,16698399,liuzhangzhen,"2026-08-10 09:49:23",228.2,1,liuzhangzhen
9307,16654318,"Aryan Raj Ayush","2026-08-23 08:34:14",227.9,1,aryanrajayush
9308,16681959,"shun takinami","2026-08-07 05:43:47",227.9,1,shuntakinami
9309,16723075,"Cauã Freitas","2026-08-28 17:35:54",227.9,1,cauafreitas
9310,16654329,"Aby K Prakash","2026-09-17 17:04:51",227.1,1,abykprakash
9311,16675104,"khwaja Moula'Ali","2026-08-06 11:30:49",227.0,1,khwajamoulaali
9312,16690286,imunderthetree,"2026-08-08 12:25:51",227.0,2,imunderthetree
9313,16723467,"Vladas Verkelis","2026-08-15 14:23:42",226.9,1,vlaveris
9314,16655813,minerppdy,"2026-08-04 06:06:58",225.8,1,minerppdy
9315,16690494,StevenBeyen,"2026-08-13 07:55:32",225.8,2,beyensteven
9316,16716407,"Ibrahim Adamu Anka","2026-08-13 09:01:38",225.7,2,ibrahimadamuanka
9317,16658644,"Hitarth Pandey","2026-08-09 03:04:42",225.6,1,hitarthpandey
9318,16653941,"Sachin Kumar Kushwaha","2026-08-11 08:45:11",225.5,2,sachinkumarkushwaha
9319,16659703,"Ananya #2","2026-08-04 12:00:26",225.3,1,ananyax8
9320,16937822,"Ehab Ibrahim Khalil Mohamed","2026-09-21 17:58:38",225.3,1,ehabkhalil0
9321,16728152,"Kenji Tai","2026-08-16 18:27:33",225.2,2,kenjitai
9322,16667550,"Oseni Sakariyau Oluwadamilare ","2026-08-23 10:05:56",225.2,2,sakabambam
9323,16659900,"Abu Bakr","2026-08-04 18:30:29",225.2,2,mohamed32010
9324,16698987,"Shree Ashok L","2026-09-01 05:16:16",225.0,2,"praneelbaskar,rishivarathan,santhoshkumarp24,shreeashok72"
9325,16798369,"Olabode James","2026-09-01 20:40:53",224.8,1,olabodejames
9326,16654314,Mahamudul_Hassan_8012,"2026-08-03 18:33:07",224.7,2,mahamudulhassan8012
9327,16658761,!Aman212,"2026-08-04 12:10:28",224.4,2,aman9142424
9328,16762459,GNR_network,"2026-08-23 13:59:19",224.1,1,gnrnetwork
9329,16779857,0x74,"2026-09-03 14:03:17",224.0,1,i0x74i
9330,16845903,"Tsubasa Hizono","2026-09-07 05:47:46",223.6,2,tsubasahizono
9331,16632795,"vishwottam kudekar","2026-08-05 18:19:02",223.6,1,vishwottamkudekar
9332,16680789,Marouane,"2026-08-15 02:41:18",223.6,2,marouanealahyane
9333,16635610,JeffFosterUK,"2026-08-01 17:16:52",223.4,2,jefffosteruk
9334,16666512,RexHuang936,"2026-08-07 08:51:41",223.4,2,rexhuang936
9335,16655762,"Idrisse Moundhir","2026-09-05 08:21:45",223.1,1,idrissemoundhir
9336,16655292,"Ingrid Fellah","2026-08-04 06:31:35",223.0,2,ingvor
9337,16662048,"Deekshitha Prabhakar","2026-08-06 18:15:45",223.0,2,deekshithaprabhakar
9338,16665701,ManuelWick-Eckl,"2026-08-27 16:01:18",222.9,2,manuelw
9339,16623099,"Bovard Doerschuk-Tiberi","2026-07-30 21:04:23",222.8,1,bovard
9340,16678355,"Tanuj Saxena","2026-08-07 10:10:24",222.3,2,tanujsaxena
9341,16684908,"Nidal Saleh","2026-08-08 14:08:20",222.2,2,nidalsaleh
9342,16663066,"Mithun Kore","2026-08-29 19:18:28",222.0,1,mithunkore
9343,16948168,"Анна Кондратенко","2026-09-23 16:03:20",221.9,2,"anetka2006,serhiibarsul"
9344,16675956,"Hassan Alghamoudi","2026-08-10 02:36:36",221.7,2,hassanabdulhafid
9345,16850036,Sumzali083,"2026-09-07 19:23:11",221.2,1,sumzali083
9346,16689364,"Udbhav Purwar","2026-08-11 10:12:00",220.9,1,udbhavpurwar
9347,16668032,pat999,"2026-08-08 08:30:58",220.7,2,pat999
9348,16667684,"Tim Neale","2026-08-06 13:01:12",220.3,1,timothyjneale
9349,16725537,"Ayan Bashir Sheikh","2026-08-15 18:02:07",219.8,2,ayanbashirsheikh
9350,16656900,Hxrsh09,"2026-08-10 14:39:46",219.8,2,hxrsh09
9351,16913778,"Ugwushi Chijioke","2026-09-17 12:30:36",219.5,2,ugwushichijioke
9352,16701138,superpig,"2026-08-19 09:43:31",219.3,1,geniussuperpig
9353,16714263,Lmfm24,"2026-08-12 20:38:01",219.1,2,lmfm24
9354,16903922,"Lim Ba Su","2026-09-20 04:22:33",219.0,2,limbasu
9355,16668024,"Igor Burkov","2026-08-07 04:35:37",219.0,2,igorburkov
9356,16928100,babakara,"2026-09-24 08:37:28",218.8,2,babakara
9357,16644210,"حسنين ساجد","2026-08-07 22:08:44",218.4,2,kutghngf98687er
9358,16658567,"Sharif Mohamed (1)","2026-08-04 13:16:47",218.1,1,sharifmohamed1
9359,16656633,N25H03A1028,"2026-08-05 05:18:45",218.0,1,pardhusadhu
9360,16867344,"shayan yadegaridehkordi","2026-09-12 17:05:44",217.9,1,shayanyadegari32
9361,16948529,"Daria Liubarets","2026-09-23 16:33:49",217.4,1,dariisss
9362,16684891,SARTHAK,"2026-08-14 19:07:26",217.3,1,s4rth4k01
9363,16769069,"HAL's Kaggle Dojo","2026-09-23 12:07:37",217.2,1,kafein
9364,16895750,"charles Ndemo","2026-09-23 23:20:39",217.1,2,charlesndemo
9365,16660291,"Abhijit Rajkumar","2026-08-04 13:27:44",216.9,2,abhijitrajkumar
9366,16711840,OverfitMilkCake,"2026-08-13 06:36:21",216.9,1,overfitmilkcake
9367,16666383,"Sindhi Vishal","2026-08-14 10:46:32",216.8,2,sindhivishal
9368,16659283,"DILEEP POTHULA","2026-08-08 06:43:15",216.3,2,dileeppothula
9369,16623846,"masatoshi hiraki","2026-07-31 07:52:39",215.9,2,masatoshihiraki
9370,16942701,"Tasmin Ara Chowdhury","2026-09-25 19:36:54",214.6,2,tasminarachowdhury
9371,16624000,Leneen,"2026-08-31 16:02:47",214.5,1,leneen
9372,16760920,"Román Eliezer Pérez Ríos","2026-08-31 18:07:43",214.5,2,perezrios
9373,16784360,"Suraj Kumar","2026-09-08 10:20:42",214.5,2,suraj99km
9374,16947253,"Chen Kuan-Chin","2026-09-23 22:10:38",214.3,2,chenkuanchin
9375,16698886,pied_piper,"2026-08-10 14:11:15",213.7,2,ahanhalder
9376,16921430,"Vaibhav Nhayade","2026-09-20 06:49:01",213.5,1,nhayadevaibhav
9377,16731838,"zhexun Liu","2026-09-20 01:03:46",212.7,2,zhexunliu
9378,16750285,LeEmperor,"2026-08-22 04:36:18",212.6,2,leemperor
9379,16675428,"Farhan Khairullah","2026-08-09 16:22:00",212.5,2,farhankhairullah06
9380,16745293,Harvey,"2026-08-22 04:20:10",212.4,2,celestia0113
9381,16777986,小雨姑娘,"2026-08-27 21:51:19",212.3,2,skewcy
9382,16660309,"Hazem Mahmoud Elsayd","2026-08-04 16:34:31",212.3,2,hazemmahmoudelsaid
9383,16931407,"Marcel S","2026-09-22 16:50:57",212.3,1,marcel78
9384,16723404,"Mahdi Al Hajji","2026-08-20 02:13:12",211.9,2,mhh1430hacker
9385,16655786,leavts,"2026-08-04 02:35:50",211.9,1,leavts
9386,16662603,"Shem Gikunda","2026-08-06 17:24:48",211.8,1,shemgikunda
9387,16659910,"Shraddha Kumbhar","2026-08-07 09:55:58",211.8,2,raj113
9388,16661810,AGNES33,"2026-08-16 19:09:18",211.5,2,agnes33
9389,16891082,"surya prakash Nayak2","2026-09-14 10:56:23",211.5,1,suryaprakashnayak2
9390,16674093,"Hoàng Trần Đặng Minh","2026-08-06 08:54:38",211.3,1,hongtrnngminh
9391,16717555,"Mariem GLIOUEZ","2026-09-10 15:21:07",211.3,1,mariemgliouez
9392,16668506,"Louie Tang","2026-08-08 06:56:52",211.2,2,louietang
9393,16645300,szyulian,"2026-08-04 04:42:36",211.2,1,szyulian
9394,16682051,"Noorjahan Siddiqui","2026-08-10 09:33:35",210.9,2,noorjahansiddiqui
9395,16866478,aktk,"2026-09-10 16:43:56",210.7,2,aniltk
9396,16661689,"David Rao","2026-08-04 18:27:01",210.6,1,davidrao63
9397,16687337,"sravani kamjula","2026-08-07 19:38:39",210.5,2,sravanikamjula
9398,16778545,Mizunooo,"2026-09-10 10:16:12",210.2,2,mizunooo
9399,16663525,"Eric Hilary Smith","2026-09-22 16:36:18",210.1,2,erichilarysmith
9400,16895191,"Oluwatobi Ojekanmi","2026-09-16 12:53:27",210.1,2,oluwatobiojekanmi
9401,16654256,"KONGARA PRASANTH","2026-08-04 03:40:27",209.7,2,prasanth2008
9402,16672284,"Dhruv | AI/ML Engineer in Progress","2026-08-07 06:55:13",209.1,1,dhruvdipakchudasama
9403,16663658,oriolgalceran,"2026-09-16 05:10:58",209.1,2,oriolgalceran
9404,16632724,"Sayan Dutta","2026-08-04 07:47:42",209.1,1,sayan1507
9405,16840168,"gratefully dumb","2026-09-23 03:01:31",209.0,2,gratefullydumb
9406,16659572,"ABHILASH PRAHARAJ","2026-08-04 11:24:21",208.9,1,abhilashpraharaj
9407,16633342,farm75,"2026-08-03 14:03:14",208.6,2,sakthi75
9408,16863892,brunoarpa,"2026-09-10 02:43:09",208.6,1,brunoarpa
9409,16748882,gsv,"2026-08-20 16:13:45",208.4,1,ram1o1
9410,16660930,"Chung Ching Yeh","2026-08-04 14:44:34",208.2,2,chungchingyeh
9411,16697020,"Hossam elden Mohamed","2026-08-15 01:13:51",207.7,2,hossameldenmohamed
9412,16666027,CropBOTS,"2026-08-13 16:12:42",207.3,2,"anshultickoo,itsmepooja,manuakumar,sapnajain115"
9413,16660749,"PavanK Saketh","2026-08-04 13:38:48",206.9,2,pavanksaketh
9414,16744545,"Aditya Kumar Singh 013","2026-08-19 18:45:42",206.8,1,adityakumarsingh013
9415,16811774,"Eduardo Hoffmann","2026-09-23 22:33:16",206.5,1,hoffmanna
9416,16717586,wangjialu2333,"2026-08-15 09:29:36",206.1,1,wangjialu2333
9417,16716386,"Dev Marya","2026-08-13 09:26:18",206.1,1,devmarya
9418,16623274,Mhmda81,"2026-08-03 00:10:04",206.1,2,mhmda81
9419,16688190,"Win M","2026-08-08 00:28:18",206.0,1,winmet
9420,16639692,"Nirmal Patel","2026-08-06 03:05:27",205.7,2,nirmalpatel02
9421,16749225,"Hisyam Prasetyo","2026-08-27 11:26:07",205.1,2,hisyamprasetyo
9422,16700832,Blitz,"2026-08-10 11:37:18",205.0,1,premshinde
9423,16658311,zkskhurram,"2026-08-05 07:59:40",204.7,2,zkskhurram
9424,16670747,"Aryan Kumar Chaudhary","2026-08-11 22:46:05",204.6,2,"aryankumarchaudhary,rakshitmundra"
9425,16773557,"Rudra kalyan","2026-08-26 09:08:54",204.4,2,rk1144
9426,16892144,"Ruichen Yin","2026-09-17 16:10:38",204.4,2,superaier
9427,16794720,"paola hernandez55","2026-08-31 04:19:31",203.9,1,paolahernandez55
9428,16743329,"Daniel Obioma emenike","2026-09-11 12:32:22",203.9,2,danielobiomaemenike
9429,16735735,Rishabh@1304,"2026-09-12 10:08:51",203.3,2,rishabh1304
9430,16859770,"Praful Tiwari1","2026-09-14 10:37:58",202.9,1,prafultiwari1
9431,16700992,Abhishek_1355,"2026-08-25 09:17:08",202.4,1,abhishek1355
9432,16710929,"Pooja Divekar","2026-08-16 08:22:48",202.3,1,poojadivekar123
9433,16906790,"Jean-Luc Hayes","2026-09-21 10:21:36",201.6,1,kingjuc
9434,16918569,"Ashee Softworks","2026-09-18 05:59:35",201.4,1,asheesoftworks
9435,16760392,Владимир,"2026-08-23 00:19:23",201.1,1,vgkuvshinov
9436,16657525,"Alae Lakhdar","2026-08-05 08:10:49",200.8,1,alaelakhdar
9437,16656287,sandip_shaw123,"2026-08-05 10:02:07",200.7,1,sandipshaw123
9438,16890196,hello518123,"2026-09-14 08:51:52",200.6,1,hello518123
9439,16751141,DeadJed,"2026-08-26 11:10:40",200.5,2,deadjed
9440,16663333,"Iago Moura e Moreira","2026-08-04 20:05:06",200.3,1,iagomouraemoreira
9441,16724325,Melancholian,"2026-08-15 06:43:12",199.9,1,kasaneru
9442,16762162,"Shota Hirao","2026-08-23 12:34:05",199.9,1,shotahirao
9443,16684237,Zen_0910,"2026-08-07 17:07:02",199.8,1,zendeptrai
9444,16780411,K.Satwik,"2026-08-27 16:23:04",199.7,2,ksatwik3220
9445,16653906,swaroop41,"2026-08-04 05:53:29",199.7,2,swaroop41
9446,16664315,happy_boy_2007,"2026-08-12 09:04:40",199.7,1,happyboy2007
9447,16706557,"Nurullah Gundogdu","2026-08-11 17:52:07",199.6,2,nurullahgundogdu
9448,16636540,"Burkova Nastia","2026-08-01 13:34:02",199.4,2,"burkovanastia,ellvalerie"
9449,16877079,"Saptak Banerjee","2026-09-11 19:09:58",199.1,1,saptakbanerjee123
9450,16841294,"Annu Rana1","2026-09-09 18:12:34",199.0,1,annurana1
9451,16687514,Dark_1926,"2026-08-07 20:30:33",198.4,1,dark1926
9452,16671342,"Danh Nguyen 1303","2026-08-09 14:47:52",198.2,1,danhnguyen1303
9453,16891711,"Michael Odoemelam1","2026-09-21 21:38:22",198.2,1,michaelodoemelam1
9454,16692652,"Harsith R","2026-08-08 20:26:56",197.3,1,chiefofpredicitions
9455,16915627,"Yash Pratap Singh","2026-09-17 14:59:02",197.3,1,yashpratapsingh10
9456,16773358,yogeshgoudapatil,"2026-08-27 14:59:13",197.2,2,yogeshgoudapatil
9457,16831130,"Khushar Pal","2026-09-06 15:21:15",196.9,2,khusharpal
9458,16656196,"Vishwash Golakiya","2026-08-27 01:07:00",196.9,1,vishwashgolakiya
9459,16668379,dccgps,"2026-08-08 05:44:36",196.4,1,dccgps
9460,16681610,"team maccy","2026-08-07 20:27:06",196.4,1,robertgama
9461,16663910,"Shivram Nekkanti","2026-08-07 14:38:04",196.0,1,shivramnekkanti
9462,16732342,"Viktor Antonov","2026-08-18 10:22:32",195.8,1,viktorantonov
9463,16639465,"Gabriel Aguiar Leao","2026-08-02 00:23:49",195.6,1,"gabrielaguiarleao,marcositta"
9464,16676992,NIDHIHEER01,"2026-08-16 17:09:00",195.4,1,nidhiheer01
9465,16682689,HenryRichardson1,"2026-08-07 10:00:12",195.3,1,henryrichardson1
9466,16741239,"fjf 1asd","2026-08-19 08:46:31",194.9,1,fjf1asd
9467,16685568,Secertive,"2026-08-08 17:59:52",194.9,1,secretiveplotter1863
9468,16666414,salyamq,"2026-08-05 16:41:38",194.8,1,salyamq
9469,16744461,"Adiratna Kamble","2026-08-21 22:05:13",194.7,1,adiratnakamble
9470,16838890,"Yisher Xia","2026-09-05 16:09:13",194.4,1,yisherxia
9471,16654482,SarahShams,"2026-08-14 16:36:06",194.2,2,sarahshams
9472,16663913,"Aanaa Kaliil","2026-08-05 15:15:31",193.8,2,aanaakaliil
9473,16668438,"Sahil Suman","2026-08-16 17:09:20",193.7,1,sahilmanavraunak
9474,16663438,"Varun Prajapati","2026-08-08 21:54:54",193.4,2,"krunalasari,varun2206"
9475,16669346,"Jalpesh Vasa","2026-09-24 19:02:56",193.1,2,"deep1812,jalpeshvasa"
9476,16871895,"Sahil Raval","2026-09-15 10:57:48",192.8,1,sahilraval1311
9477,16655482,Apoorv007,"2026-08-04 01:55:41",192.8,1,apoorv007
9478,16898240,jimmy5566,"2026-09-15 17:41:24",192.8,1,jimmy5566
9479,16654827,"ADITYA KUMAR MISHRA","2026-08-03 20:07:22",192.8,1,aditya1kumarmishra
9480,16639615,rickzai,"2026-09-01 05:37:21",192.0,2,rickzai
9481,16654244,"Saad Nanawala","2026-08-03 18:17:33",191.8,1,saadnanawala
9482,16728249,"Ahmet Kiraz","2026-08-17 07:23:30",191.5,1,ahmetqiraz
9483,16712395,"Zuohong Pan","2026-08-12 12:15:40",191.3,1,pshuaibi
9484,16858512,lkjmo123,"2026-09-09 06:45:18",191.2,1,lkjmo123
9485,16769470,HaHHYbYY,"2026-08-26 07:52:33",190.5,1,hahhybyy
9486,16662353,"LAYAL ALNASHMI","2026-09-12 11:37:55",190.3,2,waitups
9487,16860921,jayjayfff,"2026-09-10 01:25:36",189.5,2,jayjayfff
9488,16677786,"[Deleted] aec7dc1f-59cb-486f-998a-d2407e297536","2026-08-26 13:39:08",189.3,2,del=0fde9ba2630fee3c
9489,16727681,JanV123,"2026-09-06 05:37:07",189.3,2,janv123
9490,16883962,"Ilakk manoharan","2026-09-26 12:54:56",189.2,2,ilakkmanoharan
9491,16640914,inconnu,"2026-09-17 12:01:07",189.0,2,kajarnaklokossou
9492,16736759,"Lavesh Kadam","2026-08-18 10:55:05",189.0,1,laveshk314
9493,16669060,Twansss,"2026-08-15 04:37:59",188.8,2,twansss
9494,16723262,"Tiago OliveiraLL","2026-08-28 18:22:12",188.7,1,tiagooliveirall
9495,16657628,Hamo,"2026-08-07 12:00:21",188.7,2,mohamed2223
9496,16702060,Mcusac,"2026-08-13 19:42:54",188.4,1,mcusac
9497,16798447,"Sage Harley","2026-09-26 05:14:06",187.6,1,sageharley
9498,16734896,pattikamo,"2026-08-27 10:52:28",187.1,2,pattikamo
9499,16889817,"Om Patelxyz","2026-09-14 07:04:40",187.0,2,ompatelxyz
9500,16823341,"Agnieszka Sobala","2026-09-03 20:15:55",186.5,1,agnieszkasobala
9501,16661252,"Andrzej Walczak","2026-08-05 09:46:19",186.2,2,andrzej1983
9502,16696952,tronxz8,"2026-09-09 13:51:31",186.0,1,tronxz8
9503,16769114,angayoung,"2026-08-25 07:22:00",186.0,1,joaga0603
9504,16651507,jappanini,"2026-08-03 09:14:04",185.6,1,jappanini
9505,16665463,Seendon,"2026-08-06 19:19:25",184.8,2,informationminer
9506,16885883,"Stepan Kobaidze","2026-09-16 18:12:28",184.4,2,stepankobaidze
9507,16889852,"Abdikaliq osman","2026-09-16 00:48:05",184.1,2,abdikaliqosman
9508,16623131,"Liam Carrig Newsam","2026-08-04 00:00:03",184.1,1,liamcarrignewsam
9509,16668048,"Gazi Sayem Uddin Samir","2026-08-05 14:29:51",183.8,2,gazisayemuddinsamir
9510,16669473,"William Bickelmann","2026-08-05 17:47:13",183.6,1,williambickelmann
9511,16936959,"Anthony Moorehead","2026-09-21 14:56:40",183.5,1,anthonymoorehead
9512,16664116,"Bogdan Sburlea","2026-09-25 16:29:46",183.4,2,bogdan1405
9513,16644360,Mathous,"2026-08-02 20:28:00",183.2,1,mathisdac
9514,16752120,"Görkem Tuğ","2026-08-24 10:45:35",182.6,2,grkemtu
9515,16679470,"GamaL Mahmoud","2026-08-08 13:33:52",182.4,2,gamalmahmoudtaha
9516,16807557,coolz,"2026-09-09 06:35:51",182.2,2,cooolz
9517,16633003,"K Mukhiya ","2026-08-01 12:09:51",182.1,2,kmukhiya
9518,16881665,"Negar Hassantabar","2026-09-26 01:46:26",181.3,2,negarhassantabar
9519,16773333,"Abdullah javed Javed","2026-09-05 03:13:57",180.8,2,abdullahjavedjaved
9520,16912044,"[Deleted] 0b2c3d58-9494-483e-ad4c-1465b66166ca","2026-09-17 08:46:46",180.4,2,del=2e39a6893da554dc
9521,16869551,"Adrien ple","2026-09-11 12:48:34",178.9,2,adrienple
9522,16791131,"Maria Carolina BRAY","2026-09-26 08:08:39",178.9,2,mariacarolinabray
9523,16667238,"Srija ganguluri","2026-08-07 10:14:48",178.5,1,srijaganguluri
9524,16885565,"Shiva Rupan S","2026-09-13 11:19:14",177.8,1,shivarupan20me
9525,16663448,"Adel I.","2026-08-07 12:55:44",177.7,2,adelid
9526,16706134,NK11FC,"2026-08-25 11:30:00",177.5,2,nk11fc
9527,16777923,Sho,"2026-09-26 05:01:43",177.4,2,shoito08190904
9528,16826118,shishuyang11,"2026-09-04 06:50:04",177.2,1,shishuyang11
9529,16887039,"Angella Semu","2026-09-21 15:26:56",176.7,2,angellasemu
9530,16697628,"Yash Sharma","2026-08-17 15:33:32",176.4,2,yashsharma42
9531,16661494,"Arulmaniyan Rajavel","2026-08-22 13:46:58",176.1,2,arulmaniyanrajavel
9532,16677328,"Eng. Husnain","2026-08-08 13:13:23",176.1,2,enghusnain
9533,16889278,"Ari Kurniawan92","2026-09-14 08:32:53",175.9,1,arikurniawan92
9534,16700771,"Disuru Coba Ama Jaki","2026-09-20 16:44:11",175.5,2,reiiihel
9535,16792786,"Fusion Flux","2026-09-20 13:49:10",175.3,2,mithilleshkumar
9536,16652159,Boson328,"2026-08-04 10:06:13",175.1,1,boson328
9537,16666037,"Matheus Marques","2026-08-06 06:03:28",174.9,2,mathmarquesbr
9538,16769419,dylanaki,"2026-09-23 14:48:32",174.8,2,dylanaki
9539,16915882,BandaruLakshmi1234,"2026-09-17 16:50:15",174.4,1,bandarulakshmi1234
9540,16880938,nousername22,"2026-09-25 19:31:44",174.2,2,nousername22
9541,16759205,MartinaF95,"2026-09-22 12:55:32",173.6,1,martinaf95
9542,16662108,nhkien,"2026-08-05 06:52:18",173.5,2,nhkien
9543,16728897,kaba777,"2026-09-26 01:48:16",173.3,2,kaba777
9544,16693318,meow3301,"2026-08-09 02:33:34",173.2,2,meow3301
9545,16748554,"victor lucas","2026-09-22 23:24:38",172.6,1,lucsxd
9546,16679713,"John william Vicente 🇧🇷","2026-08-07 00:38:57",172.4,1,chrollo079
9547,16903793,"Zhongkai Shangguan","2026-09-25 23:44:13",171.8,2,leonshangguan
9548,16922154,"Olaoluwa Osho","2026-09-20 21:35:07",171.3,2,olaoluwaosho
9549,16656771,"thushara bandara","2026-08-07 04:13:43",171.1,2,dushyanthibandara
9550,16653462,"Ruchi Scott","2026-08-12 12:19:19",170.8,2,ruchiscott
9551,16629441,Sofia_Gilka,"2026-09-18 14:41:35",170.6,2,sofiagilka
9552,16768568,Nour102006,"2026-08-27 04:46:00",170.0,2,nour102006
9553,16881244,"Atharva Govind Salunke","2026-09-18 17:50:01",169.8,2,atharvagovindsalunke
9554,16685093,"Huzaifa Inam","2026-08-07 13:47:15",169.6,2,huzaifainam
9555,16858886,twispur,"2026-09-09 07:38:09",168.4,1,twispur
9556,16660146,4Solver,"2026-08-08 02:06:19",168.4,2,msfbiolinhares
9557,16680858,"Harshul Gupta","2026-08-21 04:40:05",167.9,2,harshulgupta77
9558,16795043,"SONU RAUT","2026-09-05 11:51:59",167.7,2,sonuraut
9559,16690195,"Manshi Shukla","2026-08-08 10:12:24",167.7,2,manshishukla
9560,16713002,"Adithya M","2026-08-13 15:42:17",167.7,2,adithya3907
9561,16697466,"hunain shahid","2026-08-11 06:12:38",167.0,2,hunainshahid230
9562,16660285,"Sawan Kohli","2026-08-06 13:11:44",166.8,2,sawankohli
9563,16915181,snesne123,"2026-09-25 07:14:21",166.8,1,snesne123
9564,16630041,"Devi prashad tripathi","2026-08-03 17:56:58",166.7,1,deviprashadtripathi
9565,16886819,"Rebecca Shirievo","2026-09-16 17:29:07",166.7,2,rebeccashirievo
9566,16633551,"Subarno Sen","2026-08-25 04:42:35",165.9,2,lordfiftyfive
9567,16843225,"Tobenna Okeke","2026-09-06 12:09:22",165.9,2,tobezzi
9568,16793648,Sarda___,"2026-08-30 16:51:21",165.7,2,brainnotfound3
9569,16861721,"SJ Gamsyy","2026-09-11 09:40:23",165.7,2,sjgamsyy
9570,16793392,"reda elkrouchni","2026-09-02 16:16:05",165.6,2,redaelkrouchni2
9571,16756887,"Rushika S","2026-09-13 12:26:14",165.5,1,rushikas
9572,16934489,Anushahs2026,"2026-09-21 08:28:06",165.4,2,anushahs2026
9573,16709957,"Lei Gao","2026-08-12 04:03:42",165.3,1,leigao31
9574,16657306,"Krunal Chavda","2026-08-07 21:38:11",165.2,2,krunalchavda21
9575,16662269,"KAMLESH KUMAR POKHARNA","2026-08-06 17:25:51",165.1,2,kamleshkumarpokharna
9576,16864193,"[Deleted] b3063c6b-024a-4ece-902e-6edde232fe9f","2026-09-10 06:27:50",164.8,2,del=d26e59586a26ce18
9577,16662933,"Marcelo Pereira","2026-08-19 01:14:40",164.8,2,marcekkusrp
9578,16810780,prachi.icy,"2026-09-23 13:29:25",164.5,2,prachinikalje
9579,16802035,"sanchit atre","2026-09-01 09:31:07",164.3,2,sanchitatre
9580,16632418,"Bretokce 3amich","2026-08-07 12:18:26",164.0,2,bretokce3amich
9581,16712562,"Sagar Singh","2026-08-17 09:28:26",163.9,2,acrejzz
9582,16948144,"Muhammad Ali Amir","2026-09-23 15:36:25",163.9,1,malialice
9583,16756344,"Pasindu Perera","2026-08-21 19:21:11",163.7,1,amavinperera
9584,16807010,cjsrudals,"2026-09-13 08:33:47",163.7,2,cjsrudals
9585,16664586,"Owen Lim","2026-08-05 05:42:25",163.4,2,owenlim45
9586,16657578,raushancoursework,"2026-08-05 06:54:51",163.0,1,raushancoursework
9587,16752481,"Thanh Toan","2026-08-21 08:33:13",162.9,2,tonnglthnh
9588,16668018,"DAVID CHEW HL","2026-08-06 06:36:34",162.8,2,davidchewhl
9589,16881320,allen17179869184,"2026-09-19 13:17:49",162.4,2,allen17179869184
9590,16625043,"Ivan Litvak","2026-09-16 16:36:06",162.3,2,trydotatwo
9591,16692568,"Muhammed Gulfam Toor","2026-08-13 19:04:32",162.2,2,gultoor
9592,16872073,"Positive Quark","2026-09-18 13:51:27",162.1,2,quarkliu
9593,16756868,"Anisha Maurya","2026-09-05 19:29:41",162.0,2,anishamaurya
9594,16690433,"Amar Amar Gupta","2026-08-15 10:08:37",161.9,2,amaramargupta
9595,16658969,"Yuri Maslov","2026-08-04 10:11:45",161.8,1,yurimaslov
9596,16686834,Kaabbil,"2026-08-09 16:14:49",161.6,2,"dr3aking,kaabbil"
9597,16683903,Saju,"2026-08-17 11:31:45",161.2,1,sajutr
9598,16730380,"FOKRUL ISLAM LECTURER","2026-08-19 01:56:28",161.0,2,fokrulislamlecturer
9599,16681895,Akshar,"2026-08-07 06:16:19",161.0,2,aks0625
9600,16674774,"Dine ALASSANE","2026-08-07 05:53:28",160.9,2,dinealassane
9601,16669142,"Jaclyn Agee","2026-08-07 15:21:06",160.3,2,jaclynagee
9602,16722089,"Saidjon Ramazonov","2026-08-16 05:51:50",160.3,2,saidjonramazonov
9603,16686902,"Aaditya Jain","2026-09-14 06:22:21",160.2,2,aadityajain2312
9604,16851731,"Amar 5454","2026-09-14 10:28:42",160.2,2,amar5454
9605,16674881,"Saisree Dhanasekaran","2026-09-23 11:54:42",160.2,2,saisreedhanasekaran
9606,16658693,leehuilong,"2026-08-06 12:49:22",160.0,2,leehuilong
9607,16658362,MHaurel,"2026-08-09 15:32:45",159.8,1,hetax17
9608,16698307,AnasAl7,"2026-08-10 13:08:08",159.8,2,anasal7
9609,16658401,"Aryan Lonare","2026-08-04 09:55:47",159.8,2,aryandyalullonare
9610,16714589,xinsu9898,"2026-08-16 22:26:49",159.7,1,xinsu9898
9611,16662630,"M.mohamed Muhasir","2026-08-05 18:25:39",159.5,2,mmohamedmuhasir
9612,16737641,"PATIL ATHARV VIJAYKUMAR","2026-09-07 05:35:17",159.5,2,"atharv095022,patilsarthakvilas,sonuretusharsuresh"
9613,16677081,"Brandon Gaston","2026-08-12 23:49:58",159.4,1,mushmon
9614,16671827,"Shourya Gupta","2026-09-25 16:16:36",159.3,2,siriuspotter
9615,16690199,"Lavkush Yadav","2026-08-08 10:20:55",158.9,1,lavkushyadavcse
9616,16635248,eosphor,"2026-08-01 09:46:59",158.7,2,eosphor
9617,16893966,"Nguyễn Thái Duy","2026-09-15 08:12:14",158.5,1,nguyenthaiduytgu
9618,16802348,Shergill_17,"2026-09-01 11:17:15",158.3,2,shergill17
9619,16654098,"Mohd Zaki","2026-08-26 01:46:45",158.2,2,mdzaki08
9620,16660978,"Maksym Khavil","2026-08-04 13:43:48",158.1,1,maksymkhavil
9621,16670462,"Talha Kayar","2026-08-15 15:24:03",158.0,2,talhakayar
9622,16701997,zran1t,"2026-08-15 14:10:18",157.9,2,zran1t
9623,16666018,"H vv sathwik","2026-09-24 09:27:00",157.6,2,hvvsathwik
9624,16945119,Logicolist,"2026-09-23 13:03:16",157.3,1,logicolist
9625,16811685,benhur0905,"2026-09-25 23:59:07",157.2,2,benhur0905
9626,16715354,"Alyssa Clark","2026-08-14 02:52:26",157.2,2,a1yssaclark
9627,16688288,"Ojo Oluwadamilare","2026-08-08 01:43:30",157.2,2,ojooluwadamilare
9628,16729148,"Marco M","2026-08-16 22:51:36",157.0,1,marcoms1000
9629,16640468,"Sohangkumar Patel","2026-08-26 15:00:44",156.8,2,samsamurai
9630,16780986,Azizbek,"2026-09-01 14:26:45",156.7,2,miracle88
9631,16657892,"Boonanan namna","2026-08-17 04:36:04",156.6,1,boonanannamna
9632,16712568,"Tanvi Dobariya","2026-08-14 17:39:52",156.5,1,tanvidobariya
9633,16785085,"THEEPAN S.S","2026-08-28 16:35:39",156.5,2,theepanss
9634,16630725,"vaibhav vyas","2026-08-06 10:56:52",156.5,2,vaibhavvyas0
9635,16657344,"Ombayo fredrick","2026-08-04 14:04:04",156.5,2,ombayofredrick
9636,16724995,dice1494,"2026-08-16 08:51:34",156.3,1,dice1494
9637,16634761,"CHARHBILI Moad","2026-08-07 13:44:23",156.2,1,charhbilimoad
9638,16851038,"Ivan Danut","2026-09-26 12:47:36",156.2,2,ivandanut
9639,16729010,"karan sankhe","2026-08-16 15:15:45",156.0,2,karansankhe1356
9640,16670777,"Aman Yitbark","2026-08-13 05:43:27",155.9,1,amanyitbark
9641,16670662,"Gina Lee","2026-08-11 22:45:21",155.8,2,ginaleegdm
9642,16672322,"khalil ur Rehman","2026-08-13 05:10:03",155.8,2,khalilurehman
9643,16875898,"Sai Krishna Pakkir","2026-09-11 17:30:49",155.7,2,saikrishnapakkir
9644,16681056,"Aryan Jhingan","2026-08-11 18:53:48",155.3,2,aryanjhingan
9645,16658635,"Deepak Kumar ","2026-08-05 02:38:29",155.3,2,deepak2026ml
9646,16785398,"Vitória Freitas","2026-08-28 20:07:12",155.2,1,vitoriafreitas13
9647,16701106,moshito,"2026-08-10 14:13:58",155.2,2,"danamaulana123,moshito,naufaldhiaulhaq01"
9648,16718605,"صفاء عبد الرقيب","2026-09-06 19:27:10",155.1,2,bssgirl
9649,16623563,"Jocelyn Dumlao","2026-09-01 02:35:54",154.9,2,jocelyndumlao
9650,16882682,"BALQEES GHWANMEH","2026-09-18 20:24:43",154.7,2,balqeesghwanmeh
9651,16705360,Elahi,"2026-08-18 05:49:00",154.7,2,mmelahi
9652,16750391,"Batuhan Yerebasmaz","2026-08-20 18:34:21",154.2,2,batuhanyerebasmaz
9653,16709468,"Andrey Chankin","2026-09-25 20:33:49",153.8,2,bluepill
9654,16656164,"Justin Schomer","2026-08-09 09:05:59",153.7,2,fathersecurity
9655,16674390,yangluo1,"2026-08-08 01:31:08",153.5,2,yangluo1
9656,16677403,bababoy,"2026-08-15 14:55:17",153.4,2,adrienrenard
9657,16902494,FoodieJam,"2026-09-21 01:38:58",153.3,2,foodiejam
9658,16664458,"Prantik Chandra","2026-08-05 05:47:10",153.3,1,prantikchandra
9659,16725990,"Parth Tomar","2026-08-24 12:35:45",153.2,2,parthtomar193
9660,16655573,"Probablyaphilosopher ","2026-08-16 00:01:40",153.2,2,probablyaphilosopher
9661,16662859,"Mohamed Zahran","2026-08-05 04:41:56",153.0,1,zrnking2012
9662,16656278,"Bhuvaneshwari Rebba","2026-08-04 09:20:36",152.9,1,bhuvaneshwarirebba
9663,16841612,"Jordan #2","2026-09-10 16:51:25",152.9,2,jordantay
9664,16659036,"Mohammed Kaif","2026-08-04 10:41:22",152.9,2,mkaif001
9665,16690188,Anurag,"2026-08-08 10:20:42",152.9,2,kumaranu2007
9666,16658033,"sanjay Ghalagi","2026-08-27 15:29:34",152.8,2,sanjayghalagi
9667,16680419,"Tech Changer","2026-08-17 12:31:58",152.7,1,johnbibin
9668,16664875,SaiSujitPunukollu,"2026-08-05 05:46:11",152.6,1,saisujitpunukollu
9669,16743630,TRP,"2026-09-01 17:06:48",152.5,2,tejratanpaulrocky
9670,16654124,"Aditya Kumar Singh","2026-08-05 09:57:29",152.4,2,adityq121608
9671,16661500,"yagnit sutariya","2026-08-04 15:34:39",152.4,1,yagnitsutariya
9672,16738778,"DILIP BAVISKAR","2026-09-13 09:12:49",152.4,2,dilipbdilipb
9673,16663265,"Darlington Ayakazi","2026-08-04 20:26:08",152.3,1,darlingtonayakazi
9674,16756875,"Meryem Kevser Keskin","2026-09-01 21:30:35",152.2,2,meryemkevserkeskin
9675,16721941,"Rita Ohabuenyi","2026-08-14 12:57:37",152.0,2,ritaohabuenyi
9676,16656954,"Marwan Elmetwally","2026-08-04 05:56:29",151.9,2,marwanelmetwally
9677,16691502,"DILANE FOGUE KAMGA","2026-08-08 15:20:05",151.9,1,dilanekamga
9678,16775493,"JOE DEVA JERRY D ","2026-08-26 15:41:55",151.7,1,joedevajerryd
9679,16690112,"Ayush Tripathi","2026-08-17 09:03:03",151.7,2,ayushtripathi112
9680,16658522,"Amna khanii23","2026-08-07 05:15:47",151.6,2,amnakhanii23
9681,16657227,"Anusha Marla","2026-08-04 07:05:53",151.6,2,anushamarla
9682,16943467,"Goose Gang","2026-09-26 11:43:48",151.5,2,"itzpk16,mohamedfarih,radeshl"
9683,16697143,"Jeisa Mathew","2026-09-06 13:04:00",151.0,2,jeisamathew
9684,16658440,"Gloria Lourelynn S","2026-08-04 15:16:09",150.9,1,glorialourelynn
9685,16658577,farmercode261,"2026-09-12 03:26:38",150.8,2,hifnikhakim
9686,16629426,"Abdullah Qureshi","2026-07-31 10:00:44",150.8,2,abdullahqureshi120
9687,16688165,"David @ Koantek","2026-08-25 23:53:17",150.8,2,artificialbrilliance
9688,16661969,"Raja T","2026-09-26 12:33:24",150.7,2,rajathiagaraj
9689,16717600,"Collistus Kibe","2026-08-21 22:13:38",150.4,2,collistuskibe
9690,16662803,"Ashish Gawade","2026-08-04 19:11:19",150.1,2,ashishgawade
9691,16713329,qrcodeTH,"2026-08-13 08:22:40",149.6,2,thanaphumsaywonin
9692,16659929,"MAMADOU LY (LY BOUSSO 45)","2026-08-13 11:43:25",149.5,2,mamadoulylybousso45
9693,16715896,新木,"2026-08-18 05:25:46",149.1,1,sunchief
9694,16671232,"sms tcil","2026-08-07 13:03:30",148.8,1,smstcil
9695,16657462,"CROP CODERS","2026-08-10 18:00:28",148.8,2,"dhanvanthraj,raghavan9944,shanmugam666,sitha2345,sumaiyahibrahim"
9696,16667886,"Ubaid ur rehman 0345","2026-08-05 15:23:12",148.8,2,ubaidurrehman0345
9697,16662099,"The Algorithmist","2026-08-04 23:41:59",148.5,2,riyagheewala
9698,16913975,"Tom Dooley","2026-09-17 11:48:20",148.3,2,tomdooley123
9699,16668495,Herisitraka,"2026-08-05 17:16:28",147.9,2,herisitraka
9700,16854169,"[Deleted] fe7af88d-d80f-4441-a8c5-3cca6b980e41","2026-09-09 12:41:02",147.9,2,del=0749851e202390c3
9701,16625029,Hilarus,"2026-08-01 15:59:02",147.6,2,hilagbag
9702,16683577,"Ankush Kumar M","2026-08-07 13:19:05",147.5,2,ankushkumarm
9703,16656210,"Sanjay Suthraye","2026-08-04 14:55:13",147.4,2,sanjaysuthraye96
9704,16757671,xxxxc47,"2026-08-22 08:25:52",147.2,1,xxxxc47
9705,16667968,ChronosData,"2026-08-18 14:25:43",147.0,2,codex5843
9706,16777407,"Fahrur Rozzi","2026-08-26 23:01:52",146.9,1,frozzi18
9707,16662662,"Joaquim Jose1","2026-08-04 17:57:03",146.9,1,joaquimjose1
9708,16665223,"Sawon Mitra","2026-09-06 17:13:28",146.7,2,sawonmitra
9709,16632111,"Arda Çiftçi","2026-08-04 20:03:37",146.4,2,ardaciftci
9710,16654384,"Alladi Sai Kalyan Raman 24BCE1509","2026-08-30 09:33:11",146.1,2,alladisaikalyanraman
9711,16784932,"Shefali Pradhan","2026-08-29 10:03:30",146.0,2,shefalipradhan
9712,16814946,"Bekama Regasa Negewo","2026-09-03 07:30:36",145.8,1,bekamaregasanegewo
9713,16663334,"sameer mughal","2026-08-29 20:12:57",145.7,2,sameermughal109
9714,16676026,"Bedashree Swarupa Das","2026-08-06 14:14:21",145.5,1,ashokkumardasbedashr
9715,16740144,Salmon,"2026-08-21 12:55:13",145.0,2,shin3110
9716,16907555,"Pandidurai E","2026-09-17 16:08:13",145.0,2,pandiduraie
9717,16697339,"Muhammad Safwan Ahmad Saffi","2026-08-15 00:28:21",145.0,2,safwanahmadsaffi
9718,16661447,"Sibel Özbek","2026-08-04 20:50:27",145.0,1,sibelzbek
9719,16641277,Zenieverse,"2026-08-30 05:09:04",144.8,2,zenieverse
9720,16832928,"Ilgar Gurbanov","2026-09-10 12:41:23",144.8,2,ilgargurbanov57
9721,16662557,"Naman Sudershan","2026-08-05 13:21:08",144.6,2,namansudershan
9722,16789570,wyananwyanan,"2026-09-16 03:05:19",144.1,2,wyananwyanan
9723,16784431,"Régis Meyssonnier","2026-08-28 14:47:27",143.4,1,rgismeyssonnier
9724,16713896,"Quantum Fusion","2026-08-14 12:12:34",143.3,1,gugurobotics
9725,16669311,Schoki,"2026-08-17 22:26:49",143.1,2,jensdnisch
9726,16667231,bettsy,"2026-08-05 12:12:35",143.1,2,bettsy
9727,16778908,"PATIL ADITYA PANDURANG","2026-09-01 17:34:33",142.8,1,"jagdalepranavsagar,patiladityapandurang,pavankadam7005"
9728,16777666,Lithops1112,"2026-09-05 08:20:21",142.8,2,lithops1112
9729,16723065,"Kaio Castro","2026-09-25 14:32:09",142.2,2,kaiocastro
9730,16707062,"G DOLANARASIMHA","2026-08-11 12:18:02",142.2,2,gdolanarasimha
9731,16671985,"vishal waghchaure","2026-08-07 09:25:36",142.2,2,vishalwaghchaure
9732,16654556,anjipoo,"2026-08-05 15:33:04",141.8,2,anjana0812
9733,16658189,"Zale John","2026-08-26 00:48:24",141.3,2,zalejohn
9734,16621770,"Rudraksh Zodage","2026-07-30 20:07:49",140.6,2,rudrakshzodage
9735,16659271,Hamish,"2026-08-12 12:48:51",139.7,2,hamishdickson
9736,16632458,"RAMAN BANSAL","2026-08-24 04:35:56",139.0,1,ramanbansal
9737,16772354,"Gleidistony Mendes","2026-09-18 12:01:25",138.5,2,gleidistonymendes
9738,16660342,"Adapa Gopireddy","2026-08-04 12:49:43",138.4,1,adapagopireddy
9739,16780057,"Njabulo Hope Makana","2026-09-23 17:55:48",138.2,2,njabulohopemakana
9740,16689389,Chukunder,"2026-09-24 12:38:14",138.0,2,"farbricated,sarikajivrajika"
9741,16653934,"Ayomide Abdulrahmon","2026-08-03 19:22:32",137.8,2,ayomideabdulrahmon
9742,16748453,LINJINYAN,"2026-09-06 14:25:23",137.6,2,linjinyan
9743,16631592,ktr,"2026-09-26 12:18:12",137.4,1,kcotton21
9744,16624973,"Mrunmayee Kulkarni","2026-07-31 06:16:46",137.4,1,kulmrun
9745,16657322,"Ashwani Mahajan","2026-09-26 04:50:35",136.5,1,ashwanimahajan
9746,16697716,ZEO,"2026-08-09 19:43:41",135.8,1,anuppatil29
9747,16849230,"Md. Mahim Babu","2026-09-18 11:27:55",135.7,2,mdmahimbabu
9748,16692750,"Hoya need job","2026-09-26 09:18:09",135.0,2,pranavwankhade
9749,16756264,query_stop,"2026-08-27 00:24:14",134.8,2,jaared
9750,16631135,"Fernando Liazar Luemba Salvador","2026-09-18 21:41:27",132.8,1,fernandollsalvador
9751,16656643,"Willetta Dettore","2026-08-05 15:33:52",131.4,2,willettadettore
9752,16737040,"Joseph Djian","2026-09-09 10:30:17",131.2,2,djian55
9753,16739102,"Mithulya Kumarapeli","2026-08-30 03:53:39",131.2,1,sandalim
9754,16666706,baijiachang,"2026-08-05 11:04:21",131.1,1,baijiachang
9755,16731986,Vugar3,"2026-08-17 10:51:29",131.0,2,vuqarxudvrdyev001342
9756,16775483,"Parv Malav","2026-08-26 16:20:27",130.9,2,parvmalav
9757,16662083,ihabkaggle,"2026-08-07 00:42:33",130.7,2,ihabkaggle
9758,16705490,"KASTHURI DEVI M","2026-08-13 10:42:42",130.4,2,kasthuridevim
9759,16659062,"MOHAMMAD SUBHAN PASHA","2026-08-17 07:14:09",130.1,1,mohammadsubhanpasha
9760,16827437,kaedehs33-max,"2026-09-08 03:06:50",129.8,1,kaedehs33max
9761,16662230,"Angus Mc Gregor","2026-08-13 21:25:46",128.9,2,angusmcgregor
9762,16723289,"Caio Saboia","2026-08-28 18:24:29",128.8,1,caiosaboia
9763,16770924,rohit,"2026-09-12 05:08:35",128.8,2,rohitsrinivasan31
9764,16718139,"shah jatin","2026-09-25 01:37:35",128.7,2,shahjatin
9765,16659097,noril09,"2026-08-04 11:56:35",128.6,2,noril09
9766,16662142,"Adnan Khan","2026-08-30 06:22:52",128.0,2,iamadnankhan313
9767,16707146,kaganou,"2026-08-11 13:19:53",127.3,1,kaganou
9768,16904721,"Creeper Thánh","2026-09-16 06:35:52",126.7,1,creeperthnh
9769,16662334,"Andres Beltran","2026-08-04 22:58:11",126.5,2,andresbeltran05
9770,16716402,"Shashvat Singham","2026-08-13 10:56:39",125.4,1,shashvatsingham
9771,16754111,"Kalpana Patki","2026-08-22 16:05:10",125.2,1,kalpanapatki
9772,16656235,"Zain Ul Abideen Samo","2026-08-06 15:22:02",124.6,2,zainulabideensamo
9773,16660494,"Hòa Phùng Ngọc GIa","2026-09-22 08:11:18",124.0,2,haphngngcgia
9774,16654363,"NIKHIL YADAV","2026-08-17 21:20:32",121.9,2,nikhilyadav232223
9775,16722827,Prathyyyyy,"2026-09-19 03:10:21",121.0,1,prathyyyyy
9776,16943142,"ravi AK","2026-09-26 07:57:28",120.2,2,raviak
9777,16640323,"KOUSHIK KUMAR DINDA","2026-08-29 01:55:31",120.1,2,koushikkumardinda
9778,16691729,"ADOLF FAUSTINE","2026-08-18 02:42:39",119.9,2,adolffaustine
9779,16855448,MaryKEREN,"2026-09-25 16:00:05",119.2,1,marykeren
9780,16713435,"Visruti Patidar","2026-08-16 11:18:23",119.1,2,visrutipatidar
9781,16920156,RoboSAL,"2026-09-25 09:07:10",118.3,2,salouaouarhlent
9782,16945034,divinesouljoy,"2026-09-23 04:59:46",118.2,1,divinesouljoy
9783,16727876,"Harrison Wachira","2026-08-16 08:50:03",118.0,1,harrisonwachira254
9784,16771841,"Panagiotis Alimisis","2026-09-14 19:04:58",117.8,2,palimisis6
9785,16868591,"Lucas A. Rizzieri","2026-09-11 00:22:41",116.7,2,lucasarizzieri
9786,16690499,SuperAI@2615,"2026-08-11 16:42:48",116.3,2,superai2615
9787,16765566,DIYANSH_JAIN7,"2026-09-03 10:56:38",115.4,1,diyanshjain7
9788,16636855,"Wynn Koo","2026-08-01 14:03:04",115.4,1,yongfenggg
9789,16797105,"Rahul vats","2026-09-25 02:06:31",114.5,2,rahulvats20
9790,16794281,"adilio freitas","2026-08-30 22:25:36",114.4,1,adiliofreitas
9791,16712406,"L Sangeetha","2026-08-18 01:56:24",113.5,2,lsangeetha
9792,16659871,"Abel Kpoton","2026-08-04 20:41:20",113.5,2,abelkpoton
9793,16919907,"Álvaro Martínez González","2026-09-23 13:59:06",113.4,2,lvaromartnezgonzlez
9794,16679979,Pranav6657,"2026-08-07 02:40:48",113.0,1,pranav6657
9795,16662123,hannhu40022,"2026-08-04 18:45:07",112.2,2,hannhu40022
9796,16662809,"Chukwu Excellent","2026-08-08 22:06:34",111.7,2,chukwuexcellent
9797,16735064,"Harshada Thorat 129","2026-08-18 03:58:34",111.7,1,harshadathorat129
9798,16674328,daniel,"2026-08-06 09:34:23",111.4,1,dkamgamegasoft
9799,16755329,SBedrosian123@,"2026-08-21 15:07:41",110.8,1,sbedrosian123
9800,16658695,"Muskan Zahid","2026-08-04 14:14:02",110.7,2,artificial52
9801,16841368,lware5829,"2026-09-05 20:57:52",110.0,1,lware5829
9802,16662455,"Nenavath Shashi","2026-08-04 18:04:52",110.0,2,nenavathshashi
9803,16719809,"Milanto FR","2026-08-14 05:37:48",109.6,2,milantofr
9804,16623953,"Denuwan Wijesinghe","2026-08-01 07:57:04",109.6,2,denuwanwijesinghe
9805,16683220,Kongali,"2026-08-10 01:24:37",109.4,2,kongali
9806,16626218,"Srishti Gauraha","2026-08-08 05:40:23",109.1,1,srishtigauraha
9807,16799001,"Trịnh Quang Minh","2026-09-01 05:16:32",108.8,1,trnhquangminh140
9808,16657486,"Turhan TAS","2026-08-10 09:21:40",108.5,1,turhantas
9809,16656815,"Atharva S. Naladkar","2026-08-06 06:46:40",108.1,2,atharvasnaladkar
9810,16657561,Roshdibenrojo83,"2026-08-04 07:19:05",107.8,2,roshdibenrojo83
9811,16659308,Attaerabi,"2026-08-05 07:52:52",107.4,2,attaerabi
9812,16623660,"Taylor S. Amarel","2026-07-31 23:36:48",106.4,1,taylorsamarel
9813,16662714,"Amilcar Rodriguez","2026-09-01 04:22:39",106.1,2,amilcarskt
9814,16726311,"Prince Diwakar","2026-08-16 12:55:18",106.0,2,princediwaker
9815,16746655,"Charan Reddy321","2026-08-25 06:27:38",105.7,1,charanreddy321
9816,16633511,"joshan gladston","2026-08-01 01:19:57",105.4,2,joshangladston
9817,16621565,"salih chindo","2026-08-12 19:45:58",104.8,1,salihchindo
9818,16848578,"Tuấn Anh","2026-09-09 04:28:16",104.2,2,tuananhdata
9819,16632375,"Vivien Jiaqian Zhu 朱嘉倩","2026-09-24 07:28:48",103.3,2,vivienjz
9820,16659840,"Dasari Giri Gabrelu","2026-08-05 13:41:11",102.6,2,giridasari
9821,16657303,"Tejas Tiwari","2026-08-04 07:32:17",102.4,1,tejaat
9822,16659582,"Srikanth Adivanna","2026-08-04 11:25:45",102.2,1,srikanthadivanna
9823,16658297,"Charishma Pillapalem","2026-08-11 12:46:56",102.0,2,charishmapillapalem
9824,16811547,Merlin,"2026-09-24 14:33:04",101.9,1,huntergrey
9825,16670547,"Maduako Prince","2026-08-05 22:53:03",101.7,2,maduakoprince
9826,16857111,tfcygv,"2026-09-09 00:09:00",101.7,2,tfcygv
9827,16723091,"Naiely Silva","2026-08-28 00:53:34",101.7,1,naielysilva
9828,16717094,"[Deleted] 3efc3b54-b875-4c05-8e11-1214498e2853","2026-08-13 12:30:26",101.0,1,del=386289f87b91311f
9829,16661160,"Roobhasridevi P","2026-08-04 14:31:22",100.7,1,roobhasridevi
9830,16679847,"Julio Contreras","2026-08-21 20:29:09",100.5,2,juliocontreras
9831,16658299,"Bakar Prabowo!","2026-09-05 08:14:32",100.2,2,"galihrattn,kingki19,ranggacarkawan"
9832,16659041,"uma mahesh23","2026-08-04 11:50:03",99.3,2,umamahesh23
9833,16680165,"Radwa ALkalifa","2026-08-23 08:39:37",98.8,2,radwahamada
9834,16891699,Sriram102,"2026-09-19 05:31:23",97.8,2,sriram102
9835,16800124,"Atharv Hirve","2026-09-20 08:44:54",97.3,2,atharvhirve14
9836,16840189,"Sneha yadav","2026-09-25 04:21:12",97.1,2,sneha463
9837,16731873,"Abhishek Singh Solanki","2026-08-19 07:24:47",96.2,1,realabhi5hek
9838,16654559,"Kerem Ali AVCIOĞLU","2026-08-03 19:28:49",95.7,2,keremaliavciolu
9839,16847667,"Tushar Barman","2026-09-12 20:30:34",94.1,2,tusharbarman
9840,16662295,"benja cooper","2026-08-04 17:41:28",93.7,2,benjacooper
9841,16662547,"hiteshsinh solanki","2026-08-05 07:59:16",93.0,2,hiteshsinhsolanki2
9842,16728931,Sathwik2006,"2026-08-16 14:25:36",92.5,2,sathwik2006
9843,16748612,"Priyadharshini B","2026-08-24 12:06:18",91.4,1,priyadh29
9844,16661098,"Muhammad aufa azmi","2026-08-04 15:18:35",91.2,2,muhammadaufaazmi
9845,16626159,"Cảnh Đinh Tiến","2026-08-02 09:17:36",91.2,2,tourist110406
9846,16654509,"Shruti Kondabathula","2026-08-07 18:17:56",91.0,2,shrutikondabathula
9847,16676977,"Akash Babu","2026-09-04 06:45:03",91.0,2,akashbabu17
9848,16668691,BeltusTebid,"2026-08-05 16:01:45",90.7,1,beltustebid
9849,16723068,Kaggricultors,"2026-08-27 16:33:10",90.6,2,"claralimasilva,roberthdouglasufc"
9850,16762458,"Promise Matorofa","2026-08-24 10:00:04",90.0,2,promisematorofa
9851,16656685,"Shravani Hibare","2026-08-05 10:15:36",89.9,2,shrahib4725
9852,16924962,XavierB5,"2026-09-19 10:26:33",89.7,1,xavierb5
9853,16743822,Surya,"2026-08-19 16:21:21",89.3,1,suryapandian
9854,16924593,"Aarav Bajya","2026-09-26 07:51:02",89.1,2,aaravbajya
9855,16662243,"Cepeda Braxton","2026-08-04 19:31:54",88.8,2,cepedabraxton
9856,16798631,dzlabs,"2026-09-01 09:57:10",88.4,2,dzlabs
9857,16660340,"pawan sondhiya","2026-08-07 06:22:38",88.1,2,pawansondhiya
9858,16932358,"Ilfat Hismatullin","2026-09-20 21:41:28",87.5,1,izek123
9859,16691542,Tushar_SVC,"2026-08-11 04:12:09",86.1,2,tusharsvc
9860,16731142,yshinok,"2026-09-16 23:32:47",85.9,2,yukishinohara0114
9861,16913466,abc1zzz,"2026-09-25 09:06:00",85.7,2,abc1zzz
9862,16912163,"Umar Tabbsum","2026-09-17 14:36:46",85.3,2,umartabbsum
9863,16743241,"Adhvaith KS","2026-09-02 14:30:35",85.2,1,adhvaithks
9864,16656485,stunningvn,"2026-09-08 07:40:44",82.5,2,dedquoc
9865,16677441,"ERREGUI YOUSSEF","2026-08-06 18:02:39",82.5,2,erreguiyoussef
9866,16663897,jayaBhavagan,"2026-08-05 19:34:36",81.7,1,jayabhavagan
9867,16641109,zzgtylors,"2026-08-06 06:21:50",79.9,2,zzgtylors
9868,16670552,"Harsh Chaudhary ml","2026-08-05 22:16:25",79.3,1,harshchaudharyml
9869,16656240,"SACHIN KUMAR","2026-08-10 03:13:24",77.9,2,sackm123
9870,16707468,"SBJ 2205","2026-08-12 09:59:33",77.7,1,sbj2205
9871,16670368,"Gary Gitton","2026-08-19 17:03:04",77.2,2,garygitton
9872,16785477,"ASHMIL P URK25CS7129","2026-08-28 18:26:11",77.1,1,ashmilpurk25cs7129
9873,16693819,"Hossein Shad Manaman","2026-08-12 03:14:58",77.1,2,hosseinshadmanaman
9874,16657055,RedKiwi,"2026-08-05 05:57:34",76.7,2,tnmthai
9875,16621519,Ᏸ𐍂Ꭷ,"2026-07-30 17:30:30",74.3,2,dheerajkannaujiya
9876,16661419,"Shivansh Soni","2026-08-04 15:08:01",74.0,2,shivanshsonii
9877,16659451,anero98,"2026-08-22 20:47:29",73.9,2,anero98
9878,16858278,"Sukma Ramadhan A","2026-09-12 13:22:49",73.8,2,sukmaramadhana
9879,16654711,"Rupam Bhattacharjee1","2026-08-14 16:43:07",73.0,1,rupambhattacharjee1
9880,16700316,"Pranav Waghmare","2026-08-11 16:29:05",72.5,1,waghmarepranav6
9881,16735323,"Souvik Routh","2026-08-18 04:30:21",71.4,1,souvikrouth
9882,16659675,"M.Athallah Rafif Aldera","2026-08-06 12:40:14",71.2,2,mathallahrafifaldera
9883,16666072,Abinash,"2026-08-05 15:07:52",70.9,2,abinashsinha1726
9884,16655748,revathip,"2026-08-06 06:00:14",69.8,2,revathiprakash
9885,16656777,"Salam Alqerem","2026-08-31 10:59:33",69.6,2,salamalqerem
9886,16803074,"fumihito mori","2026-09-01 14:00:16",69.3,1,fumihitomori
9887,16925909,"Hopefrey Mosingi","2026-09-19 15:30:15",68.7,2,hopefreymosingi
9888,16663161,"Pial Mahmud","2026-08-17 10:38:21",68.1,2,pialgroup
9889,16735237,"YASH CHIMAN","2026-08-18 04:20:24",67.6,1,yashchiman
9890,16808545,"Qinyong Wang","2026-09-02 11:53:03",66.6,2,magicwqy
9891,16832231,lst1923,"2026-09-25 19:50:33",66.5,2,lst1923
9892,16658666,"VMax Agents","2026-08-04 10:57:49",66.5,1,"akhiildheep,mithun5353"
9893,16823197,Cowabunga,"2026-09-20 21:55:58",66.4,2,ameripreye
9894,16663277,"Mariana Mejía","2026-08-24 23:58:54",64.1,2,marianameja
9895,16665079,"Maguluri Keerthi","2026-08-05 06:16:03",64.1,2,magulurikeerthi
9896,16736939,"Flandre 29","2026-08-26 08:23:01",64.1,2,flandre29
9897,16886704,"mohammed alshokry","2026-09-15 14:06:43",63.4,2,mohammedalshokry
9898,16678283,"Ajinkya Digurkar","2026-08-21 10:56:03",63.1,2,"ajinkyadigurkar,sakshiagrawal8818"
9899,16623094,"Claudia Arias Gonzalez","2026-09-24 21:54:03",62.8,2,claudiaariasgonzalez
9900,16666273,"Wondu Zerihun","2026-09-08 07:55:57",62.7,2,zerihun369
9901,16665345,saurabh10june,"2026-08-05 11:53:47",62.7,2,saurabh10june
9902,16687628,ruchit,"2026-08-28 11:22:16",61.4,1,ruchitkhade
9903,16794173,"Kamran Arshad","2026-08-31 07:19:49",61.4,2,kamranarshad
9904,16668599,"Hafsa Anwaar","2026-08-05 17:43:21",61.0,2,hafsaanwaar
9905,16667339,"Victor Chege","2026-09-01 13:56:51",60.7,2,victorchege0
9906,16867026,"Aashish Bagmar","2026-09-11 05:14:45",60.6,2,aashishbagmar
9907,16867360,kagg24293,"2026-09-11 08:19:36",60.3,2,kagg24293
9908,16848280,"Oladipupo Olapoju","2026-09-08 00:24:32",59.6,2,pupoolapoju
9909,16667489,"Cornol Lieto","2026-08-05 12:31:14",59.5,1,lietocornol
9910,16658100,"Nanda Riansyah","2026-08-04 08:55:54",59.0,2,nandariansyah
9911,16666836,"Emir Ayvaz","2026-08-07 05:57:00",58.6,2,emirayvaz
9912,16661068,ZeViX,"2026-09-25 16:23:22",57.7,2,"codinggeek101,vedantkhete"
9913,16867334,"Connor Tran","2026-09-21 22:05:52",57.0,1,thlphero
9914,16784650,LukasM1,"2026-08-28 14:15:24",55.3,1,lukasm1
9915,16660886,"Dr.Eldirdiri Fadol ","2026-08-05 05:30:48",54.7,2,dreldirdirifadol
9916,16698958,"Shanjaya SK","2026-08-28 15:25:11",53.8,1,"payuu03,shanjayask"
9917,16846758,"Harish More","2026-09-07 07:44:25",53.0,2,harishmore812
9918,16719441,Gatranova,"2026-08-14 04:11:54",52.8,2,rafiabiyyuairlangga
9919,16661711,"Wild Star217","2026-08-30 18:00:18",49.4,2,wildstar217
9920,16633018,purelilyth,"2026-08-20 19:43:09",48.5,2,purelilyth
9921,16679410,"Leke Glean","2026-08-07 17:29:04",47.4,2,lekeglean
9922,16698953,Locked_in_hell,"2026-08-13 18:31:55",47.3,2,stealthknight
9923,16794292,"Taylor Clark","2026-09-22 22:49:20",47.1,2,taylorclark637
9924,16640594,Win2207,"2026-08-07 12:05:07",45.9,2,win2207
9925,16680428,"Surabhi veda","2026-08-07 01:49:35",45.8,1,surabhiveda
9926,16663406,"Elshan Kazim","2026-08-16 08:38:43",44.7,1,elsnkazm
9927,16785053,"Rinosh Bethala","2026-08-28 17:52:26",43.1,1,rinoshbethala
9928,16716079,shaurya_pandey@19,"2026-08-13 09:27:49",42.5,2,shauryapandey19
9929,16839644,Mikhail,"2026-09-06 06:52:57",42.5,1,mih2501py
9930,16938479,"Илья Попов ","2026-09-22 22:54:01",42.1,1,wingedwolf7
9931,16780027,rotto,"2026-09-01 13:18:33",41.1,2,pirotototo4023
9932,16710773,Openaiskrip,"2026-08-12 07:54:38",38.4,2,openaiskrip
9933,16654087,Gabriela_Fernandes4,"2026-08-04 19:12:33",37.8,1,gabrielafernandes4
9934,16684847,"M.Harshavardhan Raju","2026-08-09 16:15:49",37.7,2,mharshavardhanraju
9935,16835282,nico23t,"2026-09-07 14:18:22",35.9,2,nico23t
9936,16673372,"Hadyan Adira","2026-08-14 03:16:30",34.2,2,hadyanadira
9937,16644474,"Vihaan Ahluwalia","2026-08-05 13:16:21",33.8,2,vihaanahluwalia
9938,16868098,"Arya Patil","2026-09-11 08:00:49",33.7,1,shutterstack
9939,16730708,ysakuragi,"2026-08-19 01:30:12",33.7,1,ysakuragi
9940,16761007,"Pankaj Nakhat","2026-08-23 11:48:21",32.1,2,pankajnakhat
9941,16948861,"PRATHAMESH ARUN JADHAV","2026-09-24 03:10:19",31.0,1,prathamesharunjadhav
9942,16665139,"Siddharaj Kulkarni","2026-08-16 05:23:21",30.5,2,siddharajkulkarni
9943,16675209,lavica,"2026-08-11 13:23:03",30.4,2,lavica
9944,16723050,"Ítalo Albuquerque","2026-09-11 18:32:23",29.6,2,taloalbuquerque
9945,16633932,omikbop,"2026-08-02 12:36:52",27.6,2,omikbop
9946,16761521,"Artificial Silicon","2026-08-29 10:17:46",26.9,1,artificialsilicon
9947,16656753,"TAMAL SINGHA ROY","2026-08-05 07:57:48",26.1,2,tamalsingharoy
9948,16716562,"Ananya Maurya","2026-08-13 10:01:25",25.8,2,ananyamaurya
9949,16770096,Program,"2026-09-14 11:35:12",24.8,2,panagiotapanora
9950,16773858,"Kundan Kumar","2026-09-25 09:49:06",23.2,2,edkundan
9951,16675819,RohitS001,"2026-08-11 18:05:54",22.3,2,rohits001
9952,16731524,"Tsyrenov Mergen","2026-08-17 09:42:39",21.9,1,tsyrenovmergen
9953,16705637,"Vedant Ghodekar","2026-08-11 05:28:57",21.8,1,vedantghodekar
9954,16660161,"Antimo Carlino","2026-09-08 19:09:46",18.1,2,antimocarlino
9955,16654026,"joju shaji","2026-08-09 16:36:43",17.5,2,jojushaji
9956,16771156,"Ronald Ayamba","2026-08-25 19:16:26",15.6,1,ronaldayamba
9957,16895738,suqingying,"2026-09-21 10:43:10",15.4,1,suqingying
9958,16892319,"Shair Khan","2026-09-21 08:30:36",15.3,2,datascikhan
9959,16662721,"Manish Sharma","2026-08-12 17:44:16",14.7,2,themihirsharma
9960,16888204,"yunus yalman","2026-09-24 19:48:59",8.7,2,yunusyalman
9961,16632413,"Varun Patil","2026-07-31 18:41:34",7.1,1,varunpatil262005
9962,16811344,"Vineeth Nannuri","2026-09-10 05:19:07",6.6,2,vineethnannuri
9963,16778494,"Agda Niya","2026-08-28 06:43:07",5.6,2,agdaniya
9964,16676428,wayzhengong27,"2026-08-08 06:34:59",5.0,2,"kkkuek,wayzhengong27"
9965,16940668,"Lars Gade","2026-09-24 20:48:47",3.8,2,larsgade
9966,16633250,Myst19,"2026-08-03 13:25:15",3.7,2,jakeschweikhart
9967,16669011,"Siddiqui Rehan Ahmed Furqan","2026-08-07 05:24:38",3.7,2,siddiquirehanahmed
9968,16714192,"Nishanth Palugula","2026-08-14 06:51:09",3.3,2,nishanthpalugula
9969,16624064,"Hemant Ahlawat","2026-07-31 15:52:56",2.4,2,happyahlawat
9970,16687620,Goktug1,"2026-09-18 18:47:26",1.9,2,goktug1
9971,16721495,"404 Crop Not Found","2026-09-01 08:45:29",1.6,2,"aiprojector,boazx15"
9972,16658745,"Shabby farms 2.0","2026-08-16 03:10:28",1.0,2,rahulk5418
9973,16721567,"Neeraj Sharma","2026-09-04 07:21:50",0.9,1,neerajsharma897
9974,16852322,"Harshit Varma45","2026-09-08 03:54:30",-1.7,1,harshitvarma45
9975,16696104,"Harshit Meesari","2026-08-09 14:31:00",-2.3,1,harshitmeesari
9976,16747839,"Ich Schmid","2026-09-19 13:56:52",-2.4,2,ichschmid
9977,16708290,"Hrishikesh Thakare","2026-08-12 14:45:08",-2.5,1,hrishikeshthakare
9978,16938443,"zhichen huang","2026-09-21 21:54:55",-4.4,1,zhichenhuang
9979,16644519,"Shambhu Shekhar Sinha","2026-08-12 18:55:43",-6.0,2,shambhushekharsinha
9980,16755807,PokeTrader,"2026-09-16 16:52:46",-7.6,2,poketrader
9981,16673732,"Async Null","2026-08-06 16:55:26",-9.1,1,asyncnull
9982,16661152,"Dr.Abdulbaset Musleh","2026-09-19 17:40:52",-9.9,2,drabdulbasetaledresi
9983,16916794,SHUJAT,"2026-09-21 14:59:47",-12.2,1,syedshujathussain
9984,16943065,"LOKHANDE HARSH","2026-09-23 16:45:21",-12.3,1,lokhandeharsh
9985,16809774,farmci,"2026-09-02 16:59:50",-13.0,1,ermismel
9986,16689555,"kelvin waruingi","2026-08-09 22:45:23",-14.0,2,kelvinwaruingi
9987,16731488,"James Kimani","2026-08-27 13:18:20",-15.2,1,jaykim122
9988,16664822,"Prateek Singh","2026-08-05 05:30:22",-17.3,2,pra73ek
9989,16790678,Pujolaras,"2026-09-03 14:45:14",-19.2,1,pujolaras
9990,16780318,"Piyush Darinda","2026-08-27 17:28:07",-19.6,2,piyushdarinda
9991,16654404,"Madhan Sidmal","2026-08-11 21:28:45",-21.3,2,madhansidmal
9992,16914127,"Aditya Jha","2026-09-20 04:35:47",-27.4,2,theadijha
9993,16659501,Duckey,"2026-08-04 13:02:16",-29.0,2,bokangletsapo
9994,16720136,"Roaring Cotton","2026-09-15 20:07:58",-29.7,2,daviddavidelijah
9995,16679250,srskat,"2026-08-16 08:26:30",-30.1,2,srskat
9996,16657568,"Manpreet Singh","2026-08-08 13:45:41",-30.5,2,manpreet1994
9997,16644439," علي ساجد","2026-08-02 21:40:07",-33.5,2,jdvdjdv97171ushd
9998,16624666,"Avik Das","2026-08-21 08:57:10",-34.6,2,avikdas567
9999,16732320,"Malik Muhammad Arbaz","2026-08-18 13:05:51",-36.0,1,malikmuhammadarbaz
10000,16792531,"subash jayakumar","2026-08-30 20:14:56",-36.7,2,subashjayakumar
10001,16662922,BrandonDucar,"2026-09-12 23:12:40",-41.1,2,brandonducar
10002,16632266,"(ノ◡ <)","2026-09-25 04:46:33",-46.5,2,nawfeelrahman1124444
10003,16676890,luciferingstar256,"2026-08-20 15:40:55",-47.4,1,luciferingstar256
10004,16885604,dualcore,"2026-09-22 09:54:46",-48.7,2,"shashankkalled,tridiv14"
10005,16689681,"Prakash Rajan","2026-08-09 16:37:56",-56.3,2,prakashai
10006,16735078,"SUDHANSHU PATIL","2026-08-18 04:37:33",-57.6,2,sudhanshupatil10
10007,16659057,"Jolvin James","2026-08-07 08:04:22",-62.6,2,jolvinjames
10008,16941446,"Rehan Liaqat","2026-09-22 12:30:49",-70.5,1,rehanliaqat17
10009,16755427,"Daksh Jain","2026-08-21 15:18:57",-71.5,1,dakshu081
10010,16622991,"Fedor Grigorev","2026-08-27 15:30:57",-72.8,1,fedorgrigorev
10011,16885774,"Adama Savadogo","2026-09-14 17:34:16",-76.2,2,adamasavadogo
10012,16663728,"Al'Humairah Ali","2026-08-10 17:28:01",-76.5,1,alhumairahali
10013,16629006,ymym_tymblack,"2026-08-22 09:44:39",-81.7,2,ymymtymblack
10014,16802203,"Sadaf Mughees","2026-09-21 09:16:16",-83.6,2,sadafmughees
10015,16758417,AthulJenson,"2026-08-22 14:21:26",-86.8,1,athuljenson
10016,16707646,ppssbb09,"2026-09-17 13:40:43",-87.5,1,ppssbb09
10017,16709661,sapphirey,"2026-09-07 11:21:05",-89.5,2,sapphirey
10018,16805234,Ryuzaki2325,"2026-09-01 19:44:54",-93.5,1,ryuzaki2325
10019,16894437,hondana29,"2026-09-24 07:08:10",-93.6,1,tanadaaa
10020,16731829,"Alexandra Tricia","2026-08-19 07:03:33",-98.4,2,alexandratricia
10021,16683041,Abhishektyagi649,"2026-08-07 08:37:09",-98.8,2,abhishektyagi649
10022,16713011,"Tasmayu Swain","2026-08-14 15:49:35",-104.1,1,tasmayuswain
10023,16675801,"Neeraj Jha","2026-08-06 13:43:18",-105.5,1,neerajjha1996
10024,16685888,LeulYT,"2026-08-10 05:35:44",-108.5,2,leulyt
10025,16637499,Yuchen20,"2026-09-19 14:06:24",-119.2,2,yuchen2066
10026,16808566,"contemporary dance","2026-09-02 22:44:14",-123.4,2,shigeria
10027,16657035,"Christvin Mathew","2026-08-04 08:55:56",-138.7,2,christvinmathew
10028,16719181,SaltyCode,"2026-08-16 04:56:22",-149.7,1,saltycode
10029,16671617,"Bennett Lien","2026-09-19 04:18:05",-150.5,1,"bennettlien,liamspaulding"
10030,16695221,"Muhammad Daud Abbas","2026-08-12 20:04:32",-175.2,2,muhammaddaudabbas
10031,16889642,"calvin Grimm","2026-09-14 06:15:04",-186.7,1,calvingrimm
10032,16885473,Razazazazaza,"2026-09-15 13:23:00",-189.2,2,razazazazaza
10033,16692837,"Sai Uttam Gite","2026-08-09 11:36:32",-191.1,1,saiuttamgite
10034,16668701,"Nihal Jamadar","2026-08-09 04:28:26",-194.9,2,nihaljamadar313
10035,16665495,"sai chand Boppudi","2026-08-07 04:19:58",-195.9,2,saichandboppudi
10036,16660261,"YO_ONE CHAUHAN","2026-08-08 23:49:54",-196.3,2,yoonechauhan
10037,16659881,SantosR,"2026-09-08 14:27:04",-196.7,2,santosr
10038,16724138,"Tuna Xiao","2026-09-07 15:05:12",-199.6,1,tunaxiao
10039,16794008,HyperPlanz,"2026-08-31 13:08:38",-200.7,2,domiandr000
10040,16659864,"Twin Titans","2026-08-08 07:50:33",-200.9,2,"sivahokage,solaisararaju"
10041,16728276,"ROHAAN ASIF","2026-08-16 11:20:59",-206.6,2,ordinarydev007
10042,16717416,"Timofey Kalyak","2026-08-20 07:04:06",-208.6,1,timofeytweaky
