Rank,TeamId,TeamName,LastSubmissionDate,Score,SubmissionCount,TeamMemberUserNames
1,16732748,DSM,"2026-09-26 15:21:43",3102.2,2,"denden12,masspeaks,shimishige"
2,16915014,Boey,"2026-09-24 12:57:23",3023.6,2,boeychenjun
3,16770421,"Vadim Vasilenko","2026-09-26 21:25:24",2994.0,2,vadimvasilenko
4,16681125,"M & M & P & Q","2026-09-27 01:17:07",2987.4,2,"morimo,msd0110,piiiiiiiii,qistripute"
5,16718819,Majkel1337,"2026-09-26 10:48:06",2973.4,2,majkel1337
6,16623559,DECEM,"2026-09-27 02:23:46",2953.5,2,zy1343930734
7,16654697,KawattaTaido,"2026-09-26 22:48:52",2922.2,2,kawattataido
8,16730612,"Unknown Mother-Goose","2026-09-27 01:02:16",2920.9,2,linkinpony
9,16667959,"Fourth Quadrant","2026-09-26 22:46:41",2905.5,2,flynnfei
10,16743356,"Azat Akhtyamov","2026-09-25 23:24:18",2896.9,2,azakhtyamov
11,16628664,"Anton Tikhonov","2026-09-26 19:49:17",2892.7,2,itwastony
12,16712258,Yizhou,"2026-09-26 13:06:18",2868.5,2,yaphellee
13,16657750,"Just A game on your lips","2026-09-27 00:50:20",2865.3,2,proptiter
14,16887437,TheEggman,"2026-09-27 00:31:57",2856.8,2,ethanl67
15,16758882,mtmr_s1,"2026-09-26 09:48:50",2850.6,2,mtmrs1
16,16730357,"My second life","2026-09-26 22:31:12",2849.1,2,"giovannibaldon,jjinho,pavelsavchenkov,ttyn4519"
17,16730524,"THIRD FARM CLUB","2026-09-25 04:01:11",2848.7,2,"bowwowforeach,mooegi,shunrcn,simann"
18,16624026,"Russell Kirk","2026-09-27 04:26:41",2848.7,2,russcore
19,16854176,吃白饭的大肥鱼,"2026-09-24 00:14:30",2838.5,2,"deepios,gengsr,tangdi24,tanpowasd"
20,16734966,kigasudayooo,"2026-09-26 23:33:08",2830.8,2,argon1215
21,16632327,"We wanna be tomatos","2026-09-26 18:20:46",2822.5,2,"behindkun,forrestxlz,konbu17,mechi22,midnqly"
22,16673205,"Arda Ceylan","2026-09-27 02:43:52",2819.9,2,ardacey
23,16660137,Densike,"2026-09-27 05:27:34",2814.6,2,densike
24,16621799,"Artem The Farmer 🍅","2026-09-26 19:47:56",2810.3,2,veshkinartem
25,16633132,"Kaggledew Valley 🏆","2026-09-27 05:23:02",2802.8,2,"jackvd,wscmisx,yanzhou06"
26,16658248,Aaweg,"2026-09-27 04:18:53",2800.2,2,aawegbhaladhare
27,16623697,yuto083,"2026-09-27 02:28:14",2794.2,2,yuto0712
28,16760569,"Otter Vibe","2026-09-27 03:16:28",2790.7,2,gyuminsong
29,16763230,flg,"2026-09-25 10:41:13",2785.1,2,ferdinandlimburg
30,16709127,IsaiahP,"2026-09-26 18:50:39",2782.2,2,pressman1
31,16732403,ymg_aq,"2026-09-26 16:39:19",2776.0,2,ymgpalaqs
32,16634580,akmr,"2026-09-26 23:32:11",2775.1,2,akimaru
33,16752196,sekai013,"2026-09-26 12:43:59",2773.8,2,sekai013
34,16621497,"Victor @ Tufa Labs","2026-09-26 02:25:32",2766.3,2,vmerckle
35,16760701,"Yannik Schiffner","2026-09-26 22:20:35",2758.1,2,yannikschiffner
36,16670384,"Gordeev Max","2026-09-27 03:52:55",2756.8,2,gordeevmax
37,16811307,elmo,"2026-09-27 03:32:51",2754.9,2,mktakizawa
38,16695046,"摆烂小分队 🏆","2026-09-26 12:39:44",2752.7,2,"aurax7,coolinlai,davidsarrat,pseree,zongzishuang"
39,16644287,"Ryo Hasegawa","2026-09-25 21:33:59",2750.6,2,ryohasegawa926
40,16668998,WarRusher,"2026-09-26 16:53:28",2739.7,2,warrusher
41,16671741,Excluding,"2026-09-27 04:49:05",2734.5,2,excluding
42,16864314,marwar22,"2026-09-24 00:21:57",2732.3,2,marwar22
43,16707990,Snorlax,"2026-09-27 00:30:21",2732.1,2,pku1400010735
44,16926467,arutyunoff,"2026-09-27 00:27:58",2731.5,2,arutyunoff
45,16633178,"Cow Boy","2026-09-27 01:10:56",2731.2,2,shanzhong8
46,16640510,SpaTaro,"2026-09-25 13:09:11",2731.2,2,tarosqrd2
47,16740405,by,"2026-09-26 23:35:01",2729.6,2,ibyyue
48,16942123,dodsters,"2026-09-26 20:39:04",2729.5,2,"andreyakifev,friklez"
49,16805699,"feel the agi","2026-09-26 16:43:58",2728.2,2,nulldata
50,16863512,YumeNeko,"2026-09-26 16:44:50",2728.2,2,kashiwaba
51,16629972,"forever young","2026-09-26 18:21:53",2728.1,2,keisukeyokota0428
52,16675778,"Orbital Terraformer","2026-09-26 07:43:57",2722.9,2,tubotubo
53,16623451,Ueddy,"2026-09-26 23:49:22",2721.9,2,ku0807
54,16758244,yumizu,"2026-09-26 14:30:50",2717.1,2,yumizzzz
55,16767215,keiz,"2026-09-27 05:28:08",2715.8,2,keizkeiz
56,16734901,Breaking1800,"2026-09-26 06:32:46",2708.7,2,breaking1800
57,16690867,HowardLeeTW,"2026-09-26 09:35:13",2706.7,2,"binghua123,gisgisgis,howardleetw,william950615"
58,16866398,feles99,"2026-09-27 00:57:06",2704.7,2,feles99
59,16664246,"Sida Zuo","2026-09-24 01:35:19",2704.2,2,sidazuo
60,16630675,"Lucien de Rubempre","2026-09-26 22:00:05",2703.1,2,lucienderubempre
61,16748733,"Driz Lo","2026-09-26 06:31:16",2700.8,2,"cieling,drizlo,kindinred"
62,16685950,"Planned Economy","2026-09-26 15:48:13",2700.0,2,alturutin
63,16735341,MacCook,"2026-09-26 22:31:30",2691.3,2,"ryui68925,uki706"
64,16736435,Dieter,"2026-09-26 22:48:42",2689.6,2,"arc144,christofhenkel,crodoc"
65,16730676,ActiveMusyoku,"2026-09-26 21:02:03",2689.5,2,"daiki0381,kohei0okazaki,noriyukimori,ryonatori,seipon"
66,16717665,"Christoffer Thimsen","2026-09-26 17:16:22",2689.1,2,lowasitgoes
67,16685634,"Syed Asad Ali","2026-09-27 02:52:11",2687.8,2,syed3000
68,16862183,Smackaveli,"2026-09-26 14:28:59",2687.0,2,spoutop
69,16871381,huaiyuyoung,"2026-09-26 09:05:31",2686.6,2,"huaiyuyoung,mushancui,nuoyixu,sdsnorth,yuantoby"
70,16658349,lingxiaojun,"2026-09-26 05:42:55",2685.3,2,lingxiaojun
71,16820794,"Yuxuan Ba","2026-09-26 03:37:23",2685.1,2,"cynthiaaaaa06,hyt9797,lynndai67,yuxuanba"
72,16944414,Aguacates,"2026-09-26 19:53:29",2678.2,2,"carolinemercedes,joshdankworth"
73,16633950,"Matt Motoki","2026-09-26 23:50:56",2677.7,2,mmotoki
74,16622198,"THUNDER THUNDER","2026-09-21 07:08:52",2677.5,2,thunderthunder
75,16784691,"ready or not here i come","2026-09-26 16:28:54",2675.5,2,emrekuruba
76,16732521,redblackbst,"2026-09-27 03:07:29",2672.5,2,redblackbst
77,16891058,Navier-stokes,"2026-09-25 01:15:17",2670.6,2,"nguyenkhanhvu,nhtlongcs"
78,16941436,fshindo,"2026-09-27 03:56:32",2666.3,2,ffsscf
79,16705417,fuxi,"2026-09-23 13:20:03",2664.4,2,"padyue,pytorch5009asd"
80,16632021,istinetz,"2026-09-25 09:14:26",2662.4,2,istinetz
81,16930465,"Xuanhao Wang","2026-09-26 10:07:02",2661.5,2,xuanhao666
82,16739633,kwa,"2026-09-24 23:47:16",2658.7,2,ikaroskaggle
83,16806195,unreal,"2026-09-26 22:20:05",2656.7,2,gauravgs1007
84,16672709,"RS Turley","2026-09-23 04:04:12",2655.7,2,rturley
85,16811917,"Dipam Chakraborty","2026-09-26 17:16:32",2654.6,2,dipamc77
86,16652446,"tine.sh agent","2026-09-26 15:12:05",2654.5,2,sidcodegg
87,16945263,liyupengli,"2026-09-26 23:59:24",2653.0,2,"easonrao,huhuown,liyupengli,mikesun20110408"
88,16623637,kuro0315,"2026-09-26 22:38:32",2652.5,2,skuro0315
89,16756591,"Hamed Vakili","2026-09-27 03:39:44",2652.3,2,"hamedvakilit0,maryam7713"
90,16799266,"Kucing Garong","2026-09-26 23:06:53",2650.3,2,syaugialkaf
91,16943306,liminhai,"2026-09-27 01:10:11",2649.6,2,"hungry1728,liminhai,mars086,yeukwanvickyli,yuchuanzhang1202"
92,16860907,kuengo,"2026-09-26 06:07:29",2648.6,2,"haojunwei,kuengo,leonstew,ruoguxu"
93,16882725,Ebi,"2026-09-20 08:09:48",2648.0,2,ebinan92
94,16653199,Koba,"2026-09-27 00:43:16",2644.1,2,zone0906
95,16663946,"Hello San Francisco","2026-09-27 00:01:28",2640.6,2,"circiumaru,dulgherustefan,radugoga"
96,16929873,offhand,"2026-09-26 10:27:04",2640.0,2,offhand
97,16640785,"syouya tobita","2026-09-26 16:23:34",2639.2,2,syouyatobita
98,16652175,"Lucas Boesen","2026-09-25 18:21:03",2631.6,2,lucasboesen
99,16754022,Pico,"2026-09-25 18:41:56",2631.3,2,charithgr
100,16681007,AkiraOnojp,"2026-09-27 00:22:11",2629.0,2,akiraonojp
101,16743582,ShunkiKyoya,"2026-09-25 15:10:24",2626.9,2,shunkikyoya
102,16693904,DeeperNet,"2026-09-26 17:30:02",2626.8,2,"deepernet,kkkggg,xblade"
103,16637255,"leave you","2026-09-27 05:17:31",2626.1,2,superallen001
104,16659555,"Joseph Adamski","2026-09-25 18:11:35",2624.2,2,josephadamski91
105,16674353,"Lakshmanan R","2026-09-26 23:38:58",2620.9,2,lakshmanankumar02
106,16693965,ra5anchor,"2026-09-26 07:31:18",2620.5,2,junmitsui
107,16654783,quantara.cv,"2026-09-26 18:11:13",2617.3,2,goth55
108,16723620,3정훈,"2026-09-27 04:31:25",2616.9,2,az05192000gmailcom
109,16696703,Farmer,"2026-09-23 14:53:03",2615.2,2,alekseic
110,16630729,"american gothic","2026-09-26 22:37:52",2612.2,2,grennwolf
111,16922539,Gatswei,"2026-09-25 05:54:37",2611.4,2,gatswei
112,16909118,loxigicck,"2026-09-27 03:00:21",2605.7,2,loxigicck
113,16621154,Zain96,"2026-09-25 19:39:01",2604.7,2,zain96
114,16705790,clora,"2026-09-26 03:54:23",2604.6,2,clora16
115,16823930,"Ghost Rule","2026-09-24 15:26:20",2600.5,2,yiyangxudmm
116,16668783,Zyy7390,"2026-09-27 04:52:18",2600.3,2,"tigerrrrrr,zyy7390"
117,16705390,"Subramanya N","2026-09-26 06:53:55",2596.4,2,subramanya1997
118,16856022,"fasith 007","2026-09-25 11:09:16",2594.3,2,fasith007
119,16853849,emreaydin,"2026-09-27 00:02:07",2592.7,2,aydinemre
120,16678521,"techno coven","2026-09-27 01:06:06",2589.3,2,"blancaplanca,nevolinaa"
121,16806023,"Eesh saxena","2026-09-26 06:35:00",2588.7,2,eeshsaxena
122,16659679,Civitasmass,"2026-09-27 02:28:17",2588.2,2,godhand
123,16796682,LK30,"2026-09-26 21:43:33",2587.3,2,louisklasing
124,16623990,senkin13,"2026-09-27 01:58:34",2587.0,2,senkin13
125,16748142,"Hikaru Umeda","2026-09-26 14:32:44",2586.9,2,hikarumeda1030
126,16706321,lumen,"2026-09-27 03:04:19",2586.8,2,lumenyuto
127,16806938,boominginging,"2026-09-26 13:00:54",2584.5,2,"aviator22,boominginging,caiwenjie123,mikeintokyo"
128,16779451,kibuna,"2026-09-27 01:52:40",2580.8,2,kibuna
129,16750416,QQ农场,"2026-09-25 07:15:57",2579.6,2,"dqfeng,gvione"
130,16677337,"xi luo","2026-09-26 10:43:06",2577.5,2,xiluo00
131,16690763,chungkuangwen,"2026-09-27 03:50:14",2577.0,2,chungkuangwen
132,16845367,kyy666,"2026-09-27 06:09:52",2576.2,2,"kyy666,robertmcwang"
133,16621590,Yaroslav,"2026-09-25 09:38:23",2575.1,2,yaroslavrogoza
134,16716558,"Evan Tobias","2026-09-27 00:52:22",2575.0,2,evantobias
135,16688294,"high frequency farming","2026-09-27 01:18:33",2574.3,2,"gunhcolab,hweowe,markslavin"
136,16748173,pensukesan,"2026-09-26 22:16:43",2572.0,2,pensukesan
137,16644724,"Kaggriculture Agent","2026-09-26 23:53:14",2570.7,2,"jiweiliu,tonylica,yiheng"
138,16730076,SJY321,"2026-09-25 19:16:09",2568.8,2,sjy321
139,16663626,"yvn kaggriculture","2026-09-26 20:59:12",2567.9,2,"garnikdavtyan,mikayelgr"
140,16685763,"koren sabag","2026-09-26 23:35:15",2567.3,2,korensabag
141,16656496,"Vaibhav Gupta","2026-09-27 04:46:10",2567.3,2,vaihero
142,16632783,chocolat,"2026-09-27 06:04:43",2566.0,2,chocolatnya999
143,16667242,"Gleb Tumanov","2026-09-19 11:45:55",2565.7,2,crachton
144,16850509,LS,"2026-09-27 00:00:33",2565.3,2,shannanl
145,16685548,"Erfan Eshratifar","2026-09-27 00:45:48",2561.8,2,erfaneshrati
146,16882022,URAD,"2026-09-26 20:58:21",2561.3,2,uradkr
147,16625908,trantrikien239,"2026-09-27 03:59:53",2559.7,2,trantrikien239
148,16748154,taiseiu,"2026-09-26 07:46:57",2558.5,2,taiseiu
149,16855492,"Matin Urdu","2026-09-26 18:17:59",2558.3,2,"amir314,arianurdu,benediktschink,matinurdu"
150,16730946,"Bohann Wang","2026-09-25 09:11:47",2556.3,2,bohannnwang
151,16798172,"Dmytro Maliarenko","2026-09-26 23:41:45",2554.8,2,arxitekton
152,16706222,"Xiangyu Liu","2026-09-26 21:31:12",2553.7,2,xiangyuliu007
153,16700204,"ZHOU HONGYI","2026-09-25 01:56:24",2551.7,2,zhouhyz
154,16940889,Yoshiki_Nakamura,"2026-09-26 09:08:43",2550.9,2,yakizakana629
155,16889691,"Evil Mango","2026-09-24 19:57:10",2550.7,2,"theevilpiggie,yangbai2026"
156,16633790,curiosity,"2026-09-26 13:25:11",2550.3,2,chmffwn1
157,16908623,42,"2026-09-26 19:12:59",2549.0,2,"ffy208,kefeiyan,yirenw11"
158,16622349,"Mengfei Li","2026-09-27 05:07:46",2548.9,2,meli19
159,16663649,"Akhil Chinta","2026-09-27 03:42:22",2548.5,2,akhilchinta1505
160,16759402,Capitaalgain,"2026-09-26 17:35:42",2547.3,2,capitaalgain
161,16645426,Jun_value,"2026-09-25 11:41:59",2546.2,2,junvalue
162,16621163,john,"2026-09-26 21:32:50",2545.2,2,jaejohn
163,16664640,kaggricodex,"2026-09-27 03:50:44",2545.0,2,underestimated
164,16806556,KyryloBakumenko,"2026-09-27 04:27:11",2543.2,2,kyrylobakumenko
165,16736427,KouFu,"2026-09-26 08:59:37",2541.1,2,kouheif
166,16705830,"Grim Reaper","2026-09-27 00:01:31",2540.8,2,fathomable
167,16892288,"Omar Althobaiti","2026-09-25 23:47:36",2539.6,2,omarahmedalthbite
168,16892357,easygame,"2026-09-24 09:48:46",2535.9,2,"kangqinyao,xinjunc"
169,16923256,Rio,"2026-09-27 01:03:49",2535.5,2,ryosukehada
170,16641710,yjshyfy,"2026-09-26 13:43:23",2534.6,2,yjshyfy
171,16758767,NSK_54,"2026-09-26 18:57:57",2534.3,2,"leon7archer,suvalex"
172,16762319,"Shiji Zheng","2026-09-26 09:45:43",2534.2,2,"q20020006073,watcher996,zhengshiji"
173,16622454,automatylicza,"2026-09-27 06:12:50",2533.1,2,automatylicza
174,16794090,Euphor_M,"2026-09-26 23:58:02",2530.7,2,euphor
175,16718138,Haalandspring,"2026-09-27 01:36:05",2530.5,2,haalandspring
176,16688159,"aildar &  slopernak & bobot","2026-09-26 23:44:36",2530.4,2,"eldarkhisamutdinov,mernak,vladimirbagmanov"
177,16863959,Bông,"2026-09-27 00:54:13",2530.3,2,thangnm1
178,16690805,"Alejandro Ayestaran","2026-09-24 00:55:13",2530.1,2,alejandroayestaran
179,16669911,"Batuhan Ustun","2026-09-27 06:13:12",2528.8,2,batustun
180,16897610,"in blue","2026-09-25 08:24:35",2528.8,2,bhatiji
181,16677342,Fedor,"2026-09-26 14:17:16",2527.7,2,fedorchuprakov
182,16786126,"Max Bloom","2026-09-26 17:32:25",2527.6,2,maxbloom
183,16839983,hana87hana,"2026-09-27 00:51:07",2527.1,2,hana87hana
184,16632224,"No GPU","2026-09-27 02:20:26",2526.9,2,yamakawanin
185,16700211,miya,"2026-09-27 06:12:42",2526.7,2,miyamuratakeki
186,16641116,"Варим сельский самогон","2026-09-26 06:46:27",2524.4,2,"andrey4522,asimandia,darksteeldragon,evgeniyveselkov,ispromashka"
187,16711376,"Arman Tuganbaev","2026-09-26 21:09:02",2524.4,2,armantuganbaev
188,16728910,Thai,"2026-09-26 18:25:48",2524.3,2,hnthai
189,16933749,ctree4113,"2026-09-27 01:55:17",2522.7,2,yitree
190,16717536,c0nrad,"2026-09-26 23:06:19",2522.6,2,stuartlarsen
191,16654704,mandgeee,"2026-09-26 10:21:03",2520.1,2,mandgeee
192,16696999,"HD h Joratos","2026-09-27 04:39:04",2519.4,2,hdhjoratos
193,16634704,M.,"2026-09-27 04:55:05",2518.4,2,mahamhc
194,16861278,"Michael Pershin","2026-09-26 19:24:07",2518.0,2,michaelpershin
195,16887107,"Crazy Spirits","2026-09-27 04:35:09",2517.9,2,latents
196,16651244,"Knight of Favonius","2026-09-27 06:18:40",2517.6,2,ladyfaye
197,16727171,yfy,"2026-09-26 12:57:10",2517.3,2,qwidndbdjss
198,16913723,azamat1ch,"2026-09-26 14:21:20",2517.2,2,azamat1ch
199,16670569,Ezzzzzekki,"2026-09-26 19:02:45",2516.1,2,abdullahelzeki
200,16693534,HireMe,"2026-09-26 10:08:56",2515.8,2,junta1104
201,16867734,SH11235,"2026-09-26 05:41:54",2514.9,2,sh11235
202,16731275,carbonapi,"2026-09-27 05:08:30",2514.8,2,nonempty
203,16823957,"kiki yi2","2026-09-26 22:19:56",2511.6,2,kikiyi2
204,16847812,tw1nstar,"2026-09-25 16:32:40",2511.2,2,"candaceward,supermanking,waekeee"
205,16932366,"Mehrdad Naderi","2026-09-26 13:15:46",2510.8,2,mehrdadnaderi
206,16656452,Kudo,"2026-09-26 15:46:44",2510.5,2,nguyenchicuong
207,16795448,ultimatum_game,"2026-09-27 01:59:52",2509.5,2,"ultimatumgame,walrushero"
208,16795062,"Satoshi Nguyen","2026-09-26 05:34:23",2509.3,2,satoshinguyenai
209,16867277,"Aura Farmer","2026-09-26 18:27:29",2508.6,2,oriolhinojocomellas
210,16682494,Phi,"2026-09-26 15:51:31",2508.3,2,ajinomoto132
211,16651332,"Le Viet","2026-09-26 14:04:30",2508.1,2,sleepyssr
212,16733176,Yakouu,"2026-09-26 18:49:06",2503.9,2,yakouu
213,16777710,"Clement Lau","2026-09-26 16:25:28",2500.9,2,clementlau
214,16669935,"Roman Svet","2026-09-26 13:47:03",2500.0,2,romansvet
215,16730719,Xiaowenhao404,"2026-09-26 21:25:40",2499.5,2,xiaowenhao404
216,16854842,ijiiok,"2026-09-26 19:44:27",2498.2,2,ijiiok
217,16731443,"Arjun Vinod","2026-09-27 00:13:42",2498.0,2,arjun0014
218,16665224,tyz123456,"2026-09-25 15:27:09",2497.2,2,tyz123456
219,16623746,Juyong,"2026-09-26 16:54:09",2495.4,2,kimdoong
220,16704247,WeAreFarmers,"2026-09-26 15:16:59",2495.1,2,gbmorris1
221,16709492,abozten,"2026-09-26 21:32:48",2494.8,2,abozten
222,16919131,"Argyris Anastopoulos","2026-09-25 12:32:19",2493.9,2,argyrisanastopoulos
223,16696304,"Utkarsh #2","2026-09-26 07:05:14",2493.8,2,n0va007
224,16630825,"Black Mamba Farm","2026-09-27 01:42:48",2493.4,2,"asherjyd,frankyhz,qizhiran,yukundu231100"
225,16892314,"Akshay #3","2026-09-25 22:26:26",2492.2,2,akshay1301
226,16768065,"Gradient Grazing","2026-09-26 17:22:13",2492.2,2,adamhusein
227,16823116,一路向北,"2026-09-26 16:59:58",2490.8,2,chronoscop
228,16623635,HiroyukiSasaki,"2026-09-27 01:36:48",2490.5,2,hiroyukisasaki815
229,16778340,NayuNayu,"2026-09-26 23:41:18",2489.0,2,nayunayu1005
230,16833095,"ADARSH DWIVEDI","2026-09-25 11:41:22",2487.1,2,adarshcod
231,16732696,naniwazu,"2026-09-27 03:25:28",2486.8,2,naniwazu
232,16695567,tera358,"2026-09-27 03:12:06",2486.5,2,tera358
233,16640048,"extra eclaire","2026-09-27 02:52:21",2481.8,2,"aeniminu,extraeclaire"
234,16876126,1fan,"2026-09-26 18:13:20",2481.6,2,wurrfv
235,16811948,"xiao xiongwei","2026-09-27 00:52:15",2481.1,2,"huyang111,lixuefeng2336,sherikavotta,xiaofangzhangxfz,xiaoxiongwei"
236,16623458,datnt114,"2026-09-26 12:46:43",2480.6,2,kingkong153
237,16638651,Emre,"2026-09-26 21:23:30",2480.5,2,emre690
238,16885059,"Bhaskar #2","2026-09-27 02:54:33",2478.7,2,itikelabhaskar
239,16658044,"Roshan Singh","2026-09-22 21:43:31",2478.4,2,roshanavadheshsingh
240,16945978,"Grigor Sargsyan","2026-09-27 00:56:58",2478.0,2,grigorsargsyan
241,16684202,Ignat,"2026-09-27 05:53:13",2477.1,2,ignatgotin
242,16717114,uninhibited-scholar,"2026-09-27 03:03:44",2476.6,2,uninhibitedscholar
243,16681744,team_fn,"2026-09-26 08:21:33",2476.4,2,fjklmn
244,16653303,open5,"2026-09-24 02:22:34",2476.2,2,"chen2yoimiya,huaidezhang,hyt1nn,wahuwahuwahu,zrurfa"
245,16936280,dev.asad67,"2026-09-26 10:00:51",2475.7,2,devasad67
246,16727266,Agricola,"2026-09-22 10:19:07",2475.3,2,ebisuya
247,16637597,venks,"2026-09-27 05:27:11",2475.2,2,vterli
248,16940533,shikaikaikaikai,"2026-09-27 02:21:29",2474.5,2,shikaikaikaikai
249,16623459,"Peng Wang","2026-09-27 04:26:54",2474.4,2,pengwang91
250,16623449,"Ryo Takaki","2026-09-26 17:02:33",2473.9,2,ryotakaki
251,16739419,"misis biznessmenlb","2026-09-26 16:48:59",2473.7,2,"adilkhabibullin,bebra3222,daniilsergeevda,player77"
252,16923064,ryomac1,"2026-09-27 01:13:43",2473.0,2,ry1729
253,16671588,"Keisuke & rererenore & Kifine","2026-09-26 17:37:18",2473.0,2,"keisukeueda,liaoyingxi,rererenore"
254,16946542,"Siyuan Wang","2026-09-26 13:21:45",2472.7,2,merlynwang
255,16752250,"Takahiro Katsumata (tkatsuma)","2026-09-26 22:05:28",2472.5,2,alextfkd
256,16654589,"Rishant Sharma","2026-09-27 05:24:35",2472.0,2,trishtan99
257,16674961,"Ilya & Yurnero","2026-09-27 01:12:02",2472.0,2,"samson8,test7845"
258,16655129,"Morylov Yehor","2026-09-25 19:51:58",2471.5,2,morylov
259,16671163,"Suyash Verma","2026-09-26 20:17:30",2470.5,2,suyashdiamond1
260,16760490,"nir afek","2026-09-27 03:04:10",2470.3,2,nirafek
261,16672325,Ispagiytiy,"2026-09-27 01:57:02",2470.0,2,ispagiytiy
262,16883355,WebFarmers,"2026-09-26 17:59:46",2469.8,2,"axollo,dmitriiorel"
263,16918460,cotton0025,"2026-09-25 04:52:31",2468.9,2,cotton0025
264,16878458,"Sho Saga","2026-09-25 00:13:47",2467.3,2,shosaga
265,16846677,涵哥,"2026-09-24 23:35:55",2467.3,2,jinfanhahaha1
266,16777134,Tom&Jerry,"2026-09-26 12:51:24",2467.3,2,tomjerry101
267,16777359,"AI Dmitrii","2026-09-25 06:15:54",2467.1,2,dmitriyulybin
268,16851474,"HY ISHI","2026-09-27 04:37:23",2466.1,2,hyugaishioka
269,16634246,just_calculate,"2026-09-25 22:51:58",2464.0,2,justcalculate
270,16636536,tetsu2131,"2026-09-27 02:52:06",2463.7,2,tetsutani
271,16860784,xxxx0314,"2026-09-26 13:15:44",2463.6,2,"kirklandsan,xxxx0314,yunfeiyang223"
272,16946062,Dlyra,"2026-09-26 21:02:48",2463.2,2,tyronnaidoo
273,16919599,yygg2026,"2026-09-27 03:04:05",2463.1,2,yygg2026
274,16867799,"Chris Deotte","2026-09-26 21:19:56",2462.8,2,cdeotte
275,16658732,Olympus,"2026-09-27 03:02:45",2462.6,2,"jiseungwoo,peppersaltman"
276,16852826,Phoenix750,"2026-09-25 11:48:05",2462.2,2,richardmaddox
277,16621500,"Reinforcement Larping","2026-09-26 18:56:21",2461.7,2,"egortkachenko,timzagrebelny"
278,16784943,"Ian lin","2026-09-26 12:51:33",2461.7,2,ianlin310707
279,16839458,"Agent 0","2026-09-26 16:52:51",2461.4,2,agent0
280,16666977,"Tagir Analyzes","2026-09-27 04:22:42",2461.2,2,tagirkhairutdinov
281,16748382,shiiin9,"2026-09-26 11:38:49",2459.7,2,shiiin9
282,16880278,Kaggria,"2026-09-26 15:39:43",2459.1,2,"andyzhenlee,jiayi2627,mingyuechu,zhaoliangyuan"
283,16662883,OceanMix,"2026-09-25 23:44:25",2458.9,2,"cggonzalezsc,fierus,liesvyvalladares"
284,16690338,dvv_ram,"2026-09-25 21:29:13",2458.6,2,ddvram
285,16876865,LR.AIML,"2026-09-24 16:45:08",2458.5,2,"lucasgroot,robkraseu"
286,16796370,Z-A,"2026-09-27 04:05:18",2458.4,2,"dfgtde,yuyizhu"
287,16735744,老乡,"2026-09-26 09:21:37",2458.2,2,"hboyang,junjiezhou5100"
288,16805949,Bigplanedoesnotflyfast,"2026-09-27 01:02:14",2457.9,2,ronav48902753425
289,16709837,Sophinator,"2026-09-25 16:31:47",2457.3,2,sophinator
290,16661118,"Sirui Zeng","2026-09-25 01:12:30",2456.1,2,siruizeng
291,16914744,哈基米南北路多,"2026-09-23 15:15:35",2455.3,2,"drlimingz,freakrk,liushunyao,perrinslutman,sayu1u"
292,16870986,Taeyang,"2026-09-27 04:55:11",2455.0,2,"lucas040,taeyangg4,xox787,yw8837"
293,16674508,"Giulio Ravasio","2026-09-25 11:29:43",2454.9,2,giuliorav
294,16937431,ekkkcz,"2026-09-26 11:02:32",2454.9,2,ekkkcz
295,16701258,ln,"2026-09-27 06:00:27",2454.3,2,"flentz,nazarov"
296,16624934,"Haramball forever!","2026-09-25 09:38:41",2453.8,2,envyy23120093
297,16753974,"David Goldrajch","2026-09-26 16:23:52",2453.8,2,elie2003
298,16626582,"Omer Faruk Merey","2026-09-24 14:56:12",2453.6,2,omerfarukmerey
299,16879127,lihaoruolhr,"2026-09-27 03:22:27",2453.0,2,lihaoruolhr
300,16851664,koucha,"2026-09-27 01:42:41",2452.6,2,momotakaaoki
301,16835029,先过我的Gemini,"2026-09-27 01:55:50",2452.6,2,"gutssss,hangzheng1,ppsshh123"
302,16769595,Rudra,"2026-09-27 04:28:43",2451.5,2,rudrabhaskar
303,16762208,CrazyML,"2026-09-27 06:19:53",2450.5,2,"janhvikhattri,sorcererbi,vedanshipathak"
304,16633688,Ryo,"2026-09-26 16:53:53",2450.4,2,ryosukekurakami
305,16741965,Ryuichi,"2026-09-26 19:20:44",2449.1,2,ryuichigt
306,16701768,darasty,"2026-09-27 02:21:38",2449.1,2,darasty
307,16712189,"Kostiantyn Isaienkov","2026-09-26 23:34:17",2448.7,2,isaienkov
308,16922956,Richard6969,"2026-09-26 20:09:10",2448.5,2,lucaluo925
309,16626332,"MD. Nazmus Sakib Anik","2026-09-26 16:00:15",2448.3,2,beyondlogic
310,16652536,Satoshi_SsSs,"2026-09-26 11:52:29",2448.3,2,satoshissss
311,16688896,"JianYuan Deng","2026-09-27 03:37:20",2447.8,2,"jiahewangggg,jianyuandeng"
312,16789903,"Netanel Keidar","2026-09-26 00:09:01",2447.5,2,netanelkeidar
313,16812062,姜上（Integ）,"2026-09-27 01:59:59",2447.1,2,"borealis27,integjs"
314,16867213,한밭대학교컴퓨터공학과정우민,"2026-09-26 12:46:51",2446.8,2,woominyo
315,16784164,Yaojinming,"2026-09-27 06:19:34",2446.7,2,yjm0905
316,16778656,Aacceeo,"2026-09-27 04:44:33",2444.2,2,aacceeo
317,16625220,thisray,"2026-09-26 09:40:37",2443.9,2,thisray
318,16697891,KuziJA,"2026-09-27 01:51:48",2443.6,2,kuzija
319,16809263,"Bertan Pank","2026-09-26 22:53:07",2443.6,2,bertanpank
320,16743240,yoshino,"2026-09-24 21:20:01",2443.4,2,shirayukiaya
321,16665809,"Saravanan Jaichandaran","2026-09-27 04:04:22",2443.3,2,saranchandar
322,16658554,Pai,"2026-09-26 15:18:42",2443.3,2,rajathrpai
323,16751061,L1a0JH,"2026-09-25 07:59:09",2441.8,2,coolkid14122
324,16847222,charmq,"2026-09-27 03:28:20",2441.7,2,charmq
325,16846958,"Constantin Craciun","2026-09-26 18:27:13",2441.6,2,constantincraciun
326,16794730,Fanch,"2026-09-27 02:07:22",2441.1,2,fanch123
327,16666442,"SHALWIN SANJU","2026-09-26 00:35:54",2440.9,2,shalwinsanju
328,16633190,Gigrise,"2026-09-25 05:41:17",2440.2,2,gigrais
329,16741131,"Adarsh Balanolla","2026-09-27 02:17:44",2438.9,2,adarshreddyb
330,16801351,デワンシュ,"2026-09-27 04:08:51",2438.1,2,shade012
331,16709176,Efnutrrionpy,"2026-09-27 00:18:28",2437.7,2,efnutrrionpy
332,16941020,"Artur Markosyan","2026-09-25 12:59:07",2437.5,2,arturmarkosyan2
333,16910633,Shawn404,"2026-09-27 01:34:29",2435.4,2,shawn404
334,16638781,itsuki-data,"2026-09-26 17:05:06",2435.2,2,itsuki89
335,16687901,Khalid,"2026-09-27 00:01:29",2434.6,2,khalid000000
336,16690447,Supermercado,"2026-09-26 08:29:13",2434.4,2,ryotaaaaaa
337,16811949,PeterDreamHan,"2026-09-26 16:27:19",2433.4,2,"niuwh1004,peterdreamhan"
338,16854935,일필휘지,"2026-09-26 15:47:35",2433.4,2,tenkojun
339,16766128,"Oleksandr Parfionov","2026-09-26 06:28:28",2433.3,2,parfyon
340,16769990,delai50,"2026-09-26 07:12:32",2430.5,2,delai50
341,16701779,"Chaoqi Luo","2026-09-26 10:41:21",2430.2,2,chaoqiluo7
342,16698661,"Albert Wang","2026-09-26 19:16:55",2429.5,2,mianwang1024
343,16722487,Zotar,"2026-09-27 00:07:52",2429.3,2,chunhinma
344,16640683,Jason-Oh,"2026-09-26 19:28:21",2428.3,2,dossantoss
345,16730065,Blu3s,"2026-09-26 17:43:17",2428.1,2,"atteincueo,ausrine"
346,16842786,ScotLee08,"2026-09-27 03:30:35",2427.7,2,scotlee08
347,16920891,codex是我的鲸鱼,"2026-09-26 08:24:26",2426.7,2,renfei123456
348,16843315,Talvenn,"2026-09-25 21:57:20",2426.3,2,talvenn
349,16762735,"Zenith Ye","2026-09-26 22:27:37",2425.8,2,zenithye
350,16923122,RangerSnow,"2026-09-27 00:04:54",2425.3,2,rangersnow
351,16888885,"Rômulo Drumond","2026-09-27 01:40:04",2424.7,2,romulodrumond
352,16727182,FinalSunFlower,"2026-09-27 04:51:54",2424.0,2,"finalsunflower,wubingheng"
353,16743218,RYUSHI,"2026-09-26 22:45:13",2424.0,2,ryushisa
354,16749071,snc5656,"2026-09-27 04:58:39",2422.9,2,jamm1412
355,16949661,Shs123,"2026-09-26 20:14:37",2422.6,2,shs123
356,16668564,"Rikito Kanda","2026-09-26 12:32:21",2422.3,2,rikitokanda
357,16860813,hirayuki,"2026-09-27 05:47:31",2422.2,2,hirayukis
358,16839986,"XIAO MA","2026-09-27 03:14:01",2421.9,2,linusm020311
359,16763897,BackFiring,"2026-09-26 23:54:25",2421.7,2,backfiring
360,16745006,UjjwalPardeshi,"2026-09-26 23:03:59",2421.6,2,ujjwalpardeshi
361,16908425,"Tagir Eminov","2026-09-27 00:28:47",2421.4,2,"tagireminov,timmass2"
362,16658474,you,"2026-09-25 17:55:53",2421.0,2,"huyimin517517,touyouzhaji,wumingshi2006,zxinzzzz"
363,16734498,kazuhiro3381,"2026-09-26 23:50:15",2419.9,2,kazuhiro3381
364,16878119,Aryan.Ahl,"2026-09-25 08:14:19",2418.6,2,aryanahl
365,16666434,"JOSHNA ACSHA S 21CS","2026-09-26 00:35:48",2417.5,2,joshnaacshas21cs
366,16920251,otouhu,"2026-09-25 06:11:26",2417.3,2,"minera,toroochi"
367,16632612,Farmville,"2026-09-26 13:41:55",2416.9,2,rafaelfigueiredo13
368,16652710,Pilea55,"2026-09-26 16:03:18",2416.6,2,ryutogrrr
369,16811313,Ta_____ko,"2026-09-25 23:36:35",2416.2,2,tako1249
370,16806141,rode1234,"2026-09-27 02:20:35",2415.0,2,rode1234
371,16822071,"aisormo P.H","2026-09-24 00:38:23",2414.8,2,aisormoph
372,16742362,"AMANI DD","2026-09-26 13:37:07",2414.6,2,dkonan
373,16654158,Hack2Publish,"2026-09-27 04:12:23",2414.5,2,"esfersami50,foysalemonshanto,hosen42,rokaiyasomapti"
374,16776793,"Guilherme Raiuga","2026-09-26 11:54:11",2414.4,2,guilhermeraiuga
375,16942171,mhw,"2026-09-27 03:34:49",2413.6,2,"matelong,wuyujc,yanghanxin"
376,16876344,Hyunwoo_Park,"2026-09-26 03:05:53",2413.5,2,uts3125014010829
377,16655277,GUAM,"2026-09-27 04:00:45",2412.5,2,"analyticaobscura,jeongminlee92,kmmmvs,wnmgrn"
378,16732507,怒破餓鬼,"2026-09-27 02:30:18",2411.9,2,"alcoholcat,makishis,ryutokeshi,yuinokogawa"
379,16653982,"Arul Prasad S P","2026-09-26 00:35:42",2411.6,2,arulprasadsp
380,16702590,"Aashka Kapadia","2026-09-26 12:11:40",2411.6,2,aashka
381,16914006,Stefano,"2026-09-27 00:12:33",2411.5,2,stefanojp
382,16640807,TS,"2026-09-27 00:27:19",2410.4,2,"macomacoo,milkcoffeen,takumi0220"
383,16827290,"Dhruvik Chauhan","2026-09-24 15:01:22",2410.3,2,dangptdawg
384,16707383,"codex is all you need","2026-09-27 05:51:07",2410.0,2,chizhu2018
385,16829053,BigAngel,"2026-09-26 19:08:21",2409.4,2,kevin8093
386,16925604,"Fritz Cremer","2026-09-26 12:49:55",2409.0,2,fritzcremer
387,16848396,ColorGram,"2026-09-25 12:41:54",2408.9,2,"colorgram,hagiwarashigechika,himihimi,s1300200"
388,16623805,"Howon Kang","2026-09-26 02:49:40",2408.6,2,howonkang
389,16655505,Debmalya,"2026-09-26 21:41:38",2408.4,2,debmalya84
390,16710464,ns0329,"2026-09-25 08:55:47",2408.3,2,ns0329
391,16799428,hatata,"2026-09-25 04:14:32",2408.1,2,hatata3737
392,16773125,kuroko1t,"2026-09-25 16:49:59",2407.8,2,kuroko1t
393,16675863,"Habib ullah","2026-09-27 02:36:59",2407.7,2,habibullah123456789
394,16797045,"Carl Pang","2026-09-24 20:38:19",2407.4,2,carlpang
395,16668430,"john inan","2026-09-27 04:43:04",2406.8,2,johninan
396,16857766,OmerZalman,"2026-09-25 23:43:27",2406.6,2,omerzalman
397,16666365,yiyu0716,"2026-09-26 09:20:06",2406.6,2,"lugent,yiyu0716"
398,16810111,"Saket Singh","2026-09-24 18:51:13",2405.6,2,saketsingh9728
399,16762302,别ban我claude,"2026-09-26 14:28:04",2405.5,2,oxfffs
400,16660251,Yagawa,"2026-09-24 01:14:30",2405.4,2,yagawa
401,16821542,"Hıdır BozkurtT","2026-09-26 19:59:41",2405.2,2,hdrbozkurtt
402,16622567,"Georgy Mamarin","2026-09-25 01:25:51",2405.0,2,georgymamarin
403,16859757,"Nathan Jacob","2026-09-26 08:39:36",2401.7,2,nathanjacob
404,16622121,xz,"2026-09-27 01:50:05",2401.2,2,xiaoz259
405,16638386,"Md Boktiar Mahbub Murad","2026-09-26 09:05:10",2401.1,2,mbmmurad
406,16664266,"Ian Chung","2026-09-26 16:55:21",2400.6,2,iannnnn012345
407,16732496,kanno,"2026-09-25 09:40:25",2400.4,2,kannomasaki
408,16931781,"shreyash kumar","2026-09-25 04:52:01",2399.2,2,shrreku
409,16749520,"Andrey Tikhomirov","2026-09-26 23:59:02",2399.1,2,andreytikhomirov
410,16819431,kkkk,"2026-09-26 13:50:17",2399.0,2,kkkk4649
411,16934864,"Li Li","2026-09-27 00:00:12",2397.9,2,aikinogard
412,16632593,skomuro,"2026-09-26 12:03:25",2397.6,2,skomuro
413,16867601,tadashikato,"2026-09-27 02:52:28",2397.5,2,tadashikato
414,16718745,"Vishwamitra Mishra","2026-09-26 17:36:16",2397.2,2,vishwa007
415,16749342,crasal,"2026-09-27 03:21:42",2397.0,2,crasal
416,16784217,MMN0222,"2026-09-25 17:04:03",2396.6,2,mmn0222
417,16936121,herens,"2026-09-26 09:17:17",2396.3,2,herens
418,16945973,e3k,"2026-09-26 07:13:34",2396.1,2,ekleezhya
419,16737650,sime_saba,"2026-09-25 23:50:00",2395.9,2,watarukawashima
420,16811224,yuya,"2026-09-27 05:19:43",2395.0,2,yuomori
421,16840447,"Suliman Tadros","2026-09-27 05:09:24",2394.1,2,sulimantadros
422,16623616,nasubiman,"2026-09-27 04:59:24",2394.1,2,yousukenakamura
423,16732055,DASH村,"2026-09-25 20:27:54",2394.0,2,sobameshi
424,16936876,ZeroGrain,"2026-09-25 05:00:29",2393.7,2,"fengwenxu,liuhongyi2026,liyayay,ruihuang999"
425,16663229,kakuteki,"2026-09-27 03:51:38",2393.5,2,kakuteki
426,16946519,ShimonHori,"2026-09-27 04:00:00",2392.8,2,shimonhori
427,16857676,"Justin Yang","2026-09-27 01:11:44",2392.7,2,zake7749
428,16705523,"Brian Chua","2026-09-26 14:16:23",2392.5,2,chuazhengweibrian
429,16732879,daulettoibazar,"2026-09-26 01:16:01",2392.5,2,daulettoibazar
430,16714457,"Crop Dustas","2026-09-26 23:35:09",2392.4,2,"peikopon,rishigottumukkala"
431,16768236,Baligh,"2026-09-27 03:05:32",2392.3,2,balighmehrez
432,16756764,"Alperen Aydın","2026-09-26 21:50:56",2391.8,2,alperen5252525
433,16845833,おかゆん,"2026-09-27 03:33:42",2391.8,2,okayun
434,16927409,ReD_MooN_rise,"2026-09-26 12:12:03",2391.7,2,"redmoonrise,yug0616"
435,16712714,MiMi,"2026-09-23 03:19:07",2391.4,2,"frank0921,rickytsou"
436,16942014,"Raymond Parker","2026-09-26 11:58:26",2391.1,2,raymondparker
437,16756062,"Thomas #2","2026-09-27 04:50:07",2391.0,2,tommurakami
438,16741516,"Anh Tu","2026-09-26 19:51:49",2391.0,2,natcs98
439,16693050,Shoko,"2026-09-26 19:22:17",2389.5,2,abreyton
440,16775378,TK256,"2026-09-26 19:21:07",2388.7,2,tk256ailab
441,16690019,Around30,"2026-09-27 00:24:38",2388.4,2,"cyanspring,masahiromatsuda,sutesute000012"
442,16730223,Ojaswy,"2026-09-25 12:58:36",2385.9,2,ojaswy
443,16849053,z7777,"2026-09-26 12:51:57",2385.1,2,songqizhou
444,16757635,"Sridip Basu","2026-09-26 07:38:38",2384.6,2,sridipbasu
445,16872754,kitano0104,"2026-09-26 12:04:35",2383.6,2,"kitano0104,ryyymy"
446,16783265,"Xiangjiang Zhou","2026-09-26 14:39:02",2383.2,2,"lilysmi,llccqq624,qqqqwqq,xiangjiangzhou"
447,16872275,"Maciek Kiryla","2026-09-24 06:07:38",2382.8,2,doktorkelp
448,16630779,Jimmer,"2026-09-26 09:43:57",2382.1,2,przemysawonr
449,16795070,"HKUST Random","2026-09-25 04:04:01",2381.9,2,siulungfan
450,16716335,JamesJJJJJ,"2026-09-26 15:39:54",2381.5,2,jamesjjjjj
451,16748511,HarshPandey-yt-auto,"2026-09-26 16:06:57",2381.3,2,harshpandeyytauto
452,16709967,Matsu,"2026-09-24 18:19:56",2380.5,2,matsuzawahayato
453,16799934,auhulu,"2026-09-26 16:05:25",2379.2,2,auhulu
454,16816196,"Bianco Chiu","2026-09-27 03:04:36",2378.4,2,biancochiu
455,16918263,Ascent,"2026-09-26 21:36:55",2378.2,2,ishaangangwani
456,16771200,DeeSaa,"2026-09-27 00:58:40",2377.8,2,deesaa
457,16681927,"Dariush Afshar","2026-09-26 04:21:34",2377.7,2,dariushafshar
458,16639705,"Yuta Tomimasu","2026-09-27 00:07:22",2376.7,2,yutatomimasu
459,16689748,cheesytoasts,"2026-09-26 16:13:36",2376.1,2,cheesinnn
460,16910680,colum2131,"2026-09-27 04:04:26",2375.6,2,columbia2131
461,16822602,haru0707,"2026-09-20 10:06:04",2374.9,2,"haru0707,kiduna"
462,16860129,sonny_01,"2026-09-26 23:09:06",2374.1,2,sonnymupfuni01
463,16638918,"Nawap Bastola","2026-09-26 00:26:31",2373.7,2,nawapbastola
464,16865070,carlos-tagosaku,"2026-09-25 12:55:42",2373.2,2,sousugiyama
465,16860293,kobq,"2026-09-27 05:44:38",2372.1,2,kooobq
466,16811868,luyinn,"2026-09-26 16:27:04",2370.8,2,luyinn
467,16896998,YehHua001,"2026-09-26 11:33:24",2369.7,2,yehhua001
468,16731751,"Nikita Pudovkin","2026-09-27 05:57:28",2368.2,2,nickpudovkin
469,16796241,"pavan rajr","2026-09-26 20:52:18",2368.1,2,pavanrajr
470,16756510,tongmian1314,"2026-09-26 09:39:26",2367.8,2,tongmian1314
471,16679393,"Anvith Pothula","2026-09-26 00:16:33",2367.4,2,anvithpothula
472,16848479,nilochan,"2026-09-27 04:34:02",2367.3,2,nilochan
473,16852728,"Ryuto Yoda","2026-09-27 02:24:28",2367.0,2,ryutoyoda
474,16870621,BobtheBot369,"2026-09-25 17:02:13",2366.6,2,bobthebot369
475,16664788,rian,"2026-09-27 02:58:27",2366.0,2,rian55
476,16639871,"Aura Farming","2026-09-26 13:39:04",2366.0,2,"aghbalouanass,gauthieravite"
477,16736265,"Marko Rupnik","2026-09-26 15:39:02",2365.5,2,markorupnik
478,16664969,subsubsubagent,"2026-09-26 11:38:52",2364.9,2,"estrellasss,kingsley31,smithshine,wuliaoluis,xuteli"
479,16635663,"Pascal Pfeiffer","2026-09-24 15:16:47",2364.1,2,ilu000
480,16778178,kyosan,"2026-09-26 13:10:11",2362.1,2,"azizbekxasanov,dilyorbek"
481,16630804,4418,"2026-09-26 17:05:10",2362.0,2,"biohack44,merkiraz"
482,16671659,Jiang,"2026-09-25 10:48:42",2361.9,2,jncq2006
483,16811605,"Ryu Sonoda","2026-09-27 01:30:08",2361.5,2,ryusonoda
484,16681405,"Yusuke Hayashi","2026-09-26 16:23:21",2361.3,2,yhay81
485,16665829,Shadowfishes,"2026-09-27 03:50:37",2360.6,2,"boandme,ronitagarwal1,shauryasahdev2"
486,16792681,"MISIS loss volos","2026-09-26 15:41:02",2360.6,2,"bryxosmmm,mors1337"
487,16623716,"tetsuya & yuanzhe & guoqin","2026-09-27 02:31:03",2360.2,2,"guoqingu,tetsuya3510,yuanzhezhou"
488,16804863,JezzLynn,"2026-09-27 00:19:59",2360.0,2,"fresnellll,jezzlin,zemengzero"
489,16653085,"haoran huang430","2026-09-27 02:10:35",2359.9,2,haoranhuang430
490,16666784,"Michał Łapiński","2026-09-24 13:49:01",2358.9,2,michaapiski
491,16945684,watanabe_sengyo,"2026-09-25 09:37:37",2358.6,2,watanabesengyo
492,16780455,wadigongren,"2026-09-24 16:23:24",2358.5,2,wadigongren
493,16622459,"Munal Singh","2026-09-26 16:11:14",2357.7,2,munalsingh
494,16898049,"Alua Аkhmetkali","2026-09-26 07:46:37",2357.3,2,alua01
495,16745959,_demo,"2026-09-25 15:41:30",2354.5,2,fortunaterookie
496,16841108,"Sean Peppers","2026-09-26 22:31:58",2354.5,2,gagepeppers
497,16716431,m&m,"2026-09-27 02:05:25",2353.4,2,ntrlmt
498,16715235,l1aF,"2026-09-26 14:42:54",2353.2,2,hhhoang
499,16743988,"Akhilesh Vinnakota","2026-09-26 04:20:38",2352.4,2,akhileshvinnakota
500,16927831,Baimakanov,"2026-09-26 20:42:15",2351.4,2,baimakanov
501,16653385,"Vasilii Buzmakov","2026-09-25 11:36:28",2350.6,2,vasiliibuzmakov
502,16799045,qq牧场,"2026-09-26 10:55:34",2350.3,2,"goodchen145,sir2026,zhaosir2026"
503,16811036,"farmin time","2026-09-26 22:06:03",2349.8,2,jaydenszeto123
504,16930394,"civil 11","2026-09-27 04:24:20",2348.3,2,civil11
505,16668167,sottnik,"2026-09-26 16:22:19",2348.3,2,sottnik
506,16706892,Ko,"2026-09-25 20:14:22",2348.0,2,syurenuko
507,16639550,data_gardening_club,"2026-09-26 22:55:39",2347.5,2,"hideyochiba,mitsuaccessjam"
508,16681369,GanadorPlusUltra,"2026-09-26 14:30:03",2346.6,2,ganadorplusultra
509,16796238,"Zhongyi Dai","2026-09-27 06:02:33",2346.6,2,zhongyidai
510,16731803,JYShane,"2026-09-26 12:52:58",2346.5,2,jyshane
511,16757621,Kurokawa,"2026-09-27 05:26:23",2346.1,2,hiroshikurokawa
512,16751828,"E. Honda","2026-09-27 00:01:05",2346.0,2,toseihatori
513,16865424,"clove instalocker","2026-09-26 07:12:17",2345.6,2,fluorescencexe
514,16629624,"Sayandeep Ghosh","2026-09-26 17:38:37",2345.0,2,sayandeepghosh
515,16832316,"Tatu Helander","2026-09-26 20:24:23",2344.5,2,tatuhelander
516,16651157,StupidXie,"2026-09-26 14:13:19",2344.5,2,stupidxie
517,16847189,"porosyonok Beib","2026-09-26 19:14:35",2343.6,2,rocinantt
518,16790660,suk1yak1,"2026-09-26 14:23:37",2343.3,2,suk1yak1
519,16740996,ikevayansky,"2026-09-27 04:14:55",2343.3,2,ikevayansky
520,16947730,"青葉 涼風","2026-09-26 10:17:54",2343.2,2,suzukaze
521,16662914,"Apollo's cattles","2026-09-26 19:31:20",2342.5,2,"icr007,kennethlie16,romanrozen"
522,16674948,habe.sq,"2026-09-26 03:08:56",2342.0,2,habesq
523,16666566,"Rairo Mukamuri","2026-09-26 09:22:15",2341.9,2,thetraveller
524,16945162,"Farm Hullabaloo","2026-09-26 07:00:09",2341.3,2,nids21s
525,16928701,gt50,"2026-09-26 22:37:24",2340.7,2,shawnqjackson
526,16764228,"Kaixi Zha","2026-09-27 05:08:35",2340.6,2,"huadutry,kaixizha"
527,16839530,"que la cuenten como quieran","2026-09-24 00:12:42",2340.6,2,germanjurado1
528,16924271,kitton,"2026-09-26 16:52:30",2340.0,2,kitton20250606
529,16759037,Yuyannnn,"2026-09-25 01:28:39",2339.8,2,yuyannnn
530,16684620,kobayasi,"2026-09-27 03:09:52",2339.2,2,"boomvector,tatsuokoshida"
531,16769411,Beyond,"2026-09-26 19:00:56",2339.1,2,themanysh
532,16691038,"animal crossing","2026-09-27 00:25:14",2338.9,2,hoonchoonc
533,16744573,"Oleksandr Kovalchuk","2026-09-25 08:29:24",2338.6,2,oleksandrkovalchuk
534,16848952,tubotu,"2026-09-26 12:44:35",2337.1,2,tubotu
535,16674831,"nk for work","2026-09-26 16:04:27",2336.3,2,nkforwork
536,16732292,takaygiiiiiiii,"2026-09-26 09:22:42",2335.9,2,takaygiiiiiiii
537,16833013,"Tariq Alyami","2026-09-27 05:19:14",2335.3,2,tariqalyami
538,16689183,Hawksartelier,"2026-09-26 22:16:53",2334.9,2,satyapb2002
539,16689844,IchikaHoshino,"2026-09-26 12:20:19",2334.5,2,htunkhi
540,16848956,"HadBoumoussa's Farm 🌾","2026-09-26 14:24:28",2333.5,2,hkassimi
541,16707467,kay.liechtenstein,"2026-09-26 20:30:59",2332.3,2,kayliechtenstein
542,16794536,HirokiTaniai,"2026-09-26 10:37:05",2332.0,2,nyokinyoki
543,16688787,Fih,"2026-09-26 19:23:59",2331.1,2,vencerlanz09
544,16641751,Hikari_30,"2026-09-25 12:02:41",2330.9,2,hikari30
545,16639155,"Arturo Gutiérrez Aguilar","2026-09-27 00:06:15",2330.9,2,jarturo
546,16770089,ouga,"2026-09-24 19:16:52",2330.5,2,ouga1shizawa
547,16773144,"Mohamed Salah","2026-09-27 00:39:09",2329.7,2,mosalah7
548,16905243,ka4869,"2026-09-26 19:42:54",2329.5,2,ka4869
549,16668737,"Abish Pius","2026-09-26 14:39:38",2329.5,2,abishpius
550,16728084,iwance,"2026-09-26 18:12:13",2329.1,2,iwance
551,16764459,在高速上逆行是危险的,"2026-09-25 17:32:14",2328.8,2,"chaojiwudiwujie,qianxiang123"
552,16731186,Naru041104,"2026-09-26 05:06:35",2328.4,2,naru041104
553,16752740,BorisV,"2026-09-27 04:04:04",2328.1,2,bvoskresenskii
554,16735539,"Joe Muller","2026-09-27 05:04:25",2327.9,2,joemuller
555,16864016,"Setu Chokshi","2026-09-24 15:06:01",2326.4,2,setuch
556,16734580,shyjin,"2026-09-27 04:22:51",2324.9,2,shyjin
557,16632743,"Krizsó Gergely","2026-09-26 15:51:49",2324.5,2,lucifer19
558,16639418,"Oleksii Zhukov","2026-09-27 00:03:02",2324.0,2,zhukovoleksiy
559,16921800,tmcoder,"2026-09-27 02:51:02",2324.0,2,tm0428
560,16684748,"nailong alpha","2026-09-26 05:56:49",2323.8,2,"dejavucry,weiyun22021,yizhewong,yoruet,zekenos"
561,16660988,"AI After Hours","2026-09-26 20:34:07",2323.3,2,"akshaythammana,mmehersaipreetam"
562,16628897,"Kyoungwon Jeong","2026-09-26 13:44:03",2323.2,2,kyoungwonjeong
563,16793340,bee_lx_xl,"2026-09-26 14:06:12",2323.1,2,beelxxl
564,16693962,"Changyuan Chen","2026-09-26 22:37:47",2322.8,2,changyuanchenmit
565,16853894,"Ilya Usmanov","2026-09-24 21:00:05",2322.4,2,"ilyausmanov,kolesnikovia,makskhan"
566,16642139,"Arnav Goel","2026-09-24 17:08:31",2321.4,2,arnavgoel17
567,16808905,"Yusaku Muroya","2026-09-27 06:16:47",2319.5,2,ymuroya47
568,16795844,Azamaro,"2026-09-26 08:37:12",2319.4,2,azamaro
569,16654076,"Son Pham","2026-09-26 12:51:24",2319.2,2,sonphamorg
570,16756411,"Maximo Uribarri","2026-09-26 09:27:13",2318.7,2,maximouribarri
571,16948431,t.me/anpilovetg,"2026-09-27 05:31:04",2317.6,2,anpilovkirill
572,16786382,hylexi,"2026-09-26 16:06:50",2317.1,2,hylexi
573,16779564,oycr,"2026-09-26 10:07:35",2316.8,2,"oyxiaobai159,wdt124"
574,16747306,"Yasasvi Josyula","2026-09-25 22:33:57",2316.8,2,yasasvijosyula
575,16683936,Cyrus,"2026-09-26 21:29:18",2316.4,2,jamalsaeedi
576,16644303,"kevin zhou","2026-09-26 03:34:27",2316.3,2,kevinzhou66
577,16624080,yuuuki1111,"2026-09-26 23:57:43",2316.2,2,yuuuki1111
578,16938111,barbosi,"2026-09-26 20:58:27",2315.9,2,"despairdr,tupperq"
579,16746025,Hamachi,"2026-09-27 03:12:42",2315.0,2,hamatz
580,16793039,"Carson Rodrigues","2026-09-27 02:42:25",2314.7,2,carsonrodrigues
581,16885561,goodpjw2008,"2026-09-27 03:51:44",2314.1,2,goodpjw2008
582,16652659,Eos,"2026-09-27 05:42:46",2313.8,2,vvickeyy
583,16854059,"Gökmen KÜÇÜKAYDIN","2026-09-26 16:57:20",2312.1,2,gkmenkkaydin
584,16877834,playboicarti,"2026-09-26 23:03:57",2311.8,2,playb0icarti
585,16711398,"Claude Fable 5.1","2026-09-27 00:27:58",2311.8,2,chenxizhao21
586,16622376,fmind,"2026-09-26 07:45:34",2311.6,2,freaxmind
587,16698366,Fateyongheng,"2026-09-27 02:11:39",2311.3,2,fateyongheng
588,16670967,"Ne ML Clan","2026-09-26 22:46:36",2311.2,2,"al55522me,egoregors,sirgauda,vladmazeev"
589,16738626,李BCDEFGA,"2026-09-26 00:50:41",2311.0,2,"bcdefga,fengzhaofan,quzehao12"
590,16806882,"Friedhelm Winter","2026-09-26 18:27:47",2309.2,2,friedhelmwinter
591,16652079,Infill,"2026-09-26 15:53:15",2308.8,2,infill
592,16784561,"Rodrigo Ramón","2026-09-24 07:59:35",2308.0,2,rodrigoramn
593,16623877,Chikuwabu,"2026-09-27 04:59:37",2307.4,2,prgckwb
594,16660678,"Chaitanya Sonaje","2026-09-27 03:23:47",2307.4,2,chaitanya205
595,16659081,"JALKARNA GAUTAM","2026-09-27 00:58:06",2307.4,2,jalkarnagautam
596,16621595,"Farmers From Punjab","2026-09-27 05:14:16",2306.8,2,alisalmanrana
597,16811467,Raster0x2a,"2026-09-26 11:07:31",2306.8,2,raster0x2a
598,16784401,east,"2026-09-26 13:57:49",2306.4,2,eastxe
599,16891283,tofu1002,"2026-09-27 04:07:09",2306.1,2,tofu1002
600,16721980,pend_ts19,"2026-09-25 07:22:33",2305.8,2,pendts19
601,16735094,RngRng,"2026-09-27 04:47:35",2305.5,2,rngrng
602,16664132,kojingbo,"2026-09-27 03:53:29",2305.3,2,kojingbo
603,16664760,SN,"2026-09-25 22:07:29",2305.2,2,spirosnianiaras
604,16699165,lime0001,"2026-09-27 02:19:16",2305.2,2,lime0001
605,16781445,"𝕯𝖊𝖔𝖉𝖎𝖒𝖘 & 𝕮𝖔","2026-09-26 14:31:23",2304.6,2,odimdavidchukwuemeka
606,16706185,"Bab Kek","2026-09-25 07:34:58",2304.3,2,babkek
607,16622338,github/shepsci/kaggle-skill,"2026-09-27 03:32:35",2303.9,2,shepscientific
608,16677810,"Maksim Borisov","2026-09-27 00:58:34",2303.8,2,ma4ypic4y
609,16878533,HayatoFujihara,"2026-09-26 12:38:06",2303.4,2,hayatofujihara
610,16683288,HuaLQin,"2026-09-26 22:10:06",2303.0,2,hualqin
611,16923238,Jaga,"2026-09-27 02:58:17",2301.4,2,skntbass
612,16832185,"MILANA STARR","2026-09-26 05:08:32",2301.1,2,andrewchist
613,16938473,bansalis,"2026-09-26 21:57:00",2300.4,2,ishanbansal1
614,16769059,Gabriel,"2026-09-21 22:52:34",2299.3,2,"shawsebastian,tvtdddd"
615,16890669,"Fuchun Wang","2026-09-24 09:10:01",2298.8,2,wangfuchunag
616,16690353,b13902103_yuhung94,"2026-09-22 02:00:14",2298.6,2,yuhung94
617,16730675,"🦊Farm Fox🦊","2026-09-27 05:58:55",2298.5,2,soutasakurai
618,16881250,"Enes Altunbaş","2026-09-25 21:02:53",2298.2,2,enesaltunba
619,16621481,"zero waste","2026-09-26 11:51:16",2297.7,2,chinnaphatkhun
620,16716566,"Junliang Ye","2026-09-27 03:55:08",2297.6,2,junliangye
621,16672315,CemBas,"2026-09-27 03:55:09",2297.2,2,cembas
622,16813655,c_fxy,"2026-09-26 02:20:09",2296.9,2,cfxyai
623,16740361,"Suba S","2026-09-24 19:18:42",2296.5,2,jupiter79
624,16926921,"Ruslan Kovychev","2026-09-24 10:48:23",2296.2,2,ruslankovychev
625,16937871,"Rashid Khazeiynasab","2026-09-26 22:23:44",2295.3,2,rashidel1988
626,16926937,"Romuald Delene","2026-09-24 13:41:36",2294.8,2,romualddelene
627,16926787,"Владислав Ковкін","2026-09-25 14:26:15",2293.5,2,vladyslavkovkin
628,16657316,只因队,"2026-09-26 14:21:50",2292.7,2,"jasonxusk,mingkangyan,no13ody,renmin517"
629,16707144,Kirderf,"2026-09-26 19:14:43",2292.1,2,kirderf
630,16910137,imissher,"2026-09-26 23:41:29",2292.1,2,tule12345
631,16732578,nao.kwmr,"2026-09-26 15:03:38",2291.4,2,naokwmr
632,16671150,Mc10nys0n,"2026-09-26 10:57:04",2291.2,2,rattanunt
633,16935434,chumajin,"2026-09-27 05:04:23",2291.1,2,chumajin
634,16730706,flaty,"2026-09-26 21:35:08",2290.8,2,flat831
635,16623488,"Kevin E R MILLE","2026-09-26 19:28:21",2290.2,2,kevinermille
636,16757253,ZEE,"2026-09-26 16:07:24",2288.2,2,randyzhang666
637,16748476,sam_the_rice_cake,"2026-09-27 04:48:17",2287.8,2,"hash548,wliilamsam"
638,16837491,takaito,"2026-09-27 04:50:23",2287.7,2,takaito
639,16730673,"John Doge","2026-09-26 19:35:45",2286.8,2,spacedoge
640,16756891,T.Uehira,"2026-09-26 01:40:52",2286.4,2,tuehira
641,16663614,Nevska,"2026-09-27 03:20:26",2286.4,2,nevska
642,16889791,JinboWang,"2026-09-24 06:26:31",2286.2,2,jinbowang1
643,16793080,"Lonan Syayf","2026-09-26 14:17:55",2286.1,2,lonansyayf
644,16750314,Captainuknow,"2026-09-26 08:24:07",2285.8,2,captainuknow
645,16867132,"Dilara Adıgüzel","2026-09-24 21:41:35",2285.3,2,dilaraadgzel
646,16783642,base_camp_2002,"2026-09-27 03:44:07",2285.0,2,basecamp2002
647,16762289,NineThree,"2026-09-27 06:25:17",2284.7,2,xiaoazuzong
648,16731971,s_a_ai_engineer,"2026-09-27 03:10:34",2284.4,2,saaienginner
649,16885498,farmhouse,"2026-09-27 06:23:02",2284.4,2,tomoyayanagi
650,16732210,tanadai,"2026-09-27 04:12:05",2284.3,2,da0516
651,16655199,"Alexander Ulrich","2026-09-24 05:32:03",2284.0,2,alexanderulrich01
652,16662041,"Sarah Ng","2026-09-23 10:18:01",2283.6,2,thunguyen1510
653,16859815,alcanta,"2026-09-27 02:16:55",2282.9,2,ccotiuga
654,16629033,"Igor V","2026-09-26 09:42:58",2282.5,2,rostigor
655,16622898,"sbol ball","2026-09-25 13:32:20",2282.2,2,"linearbasis,maksimkostritsya"
656,16733766,Paarthpowa,"2026-09-25 11:47:49",2281.2,2,paarthpowa
657,16664232,"Eddy Despradel","2026-09-27 04:48:40",2280.9,2,eddydespradel
658,16684402,vn1111,"2026-09-26 14:47:23",2280.7,2,vn1111
659,16659627,"Lam Dang","2026-09-26 14:55:39",2280.7,2,lamdang
660,16731270,"Arthurs Torres24","2026-09-26 04:16:52",2279.1,2,arthurstorres24
661,16942819,Mositaku,"2026-09-27 06:27:26",2278.7,2,versavice
662,16723955,chunsuri,"2026-09-26 07:13:55",2278.4,2,chunsuri
663,16632157,"福原 大知","2026-09-26 11:55:50",2277.6,2,fxxyfox
664,16805244,nari,"2026-09-26 13:51:20",2277.5,2,shoheiyoshinari
665,16745761,mitomeat823,"2026-09-26 18:49:26",2277.2,2,mitomeat823
666,16908263,Paing,"2026-09-26 15:07:02",2277.1,2,painghtetsw
667,16760241,"Collin Christensen","2026-09-25 18:20:48",2276.4,2,cchristens
668,16697266,"Top 1 🏆","2026-09-27 05:22:26",2275.9,2,"fahankaudeer,solirus,syntaxprnv,udhaykumarsujeebun"
669,16858228,doubao,"2026-09-26 05:48:07",2275.8,2,"erhankangyan,yuanlili123321"
670,16841026,"Max Power","2026-09-26 02:20:30",2275.8,2,markbarney
671,16775076,hiros,"2026-09-27 01:54:55",2274.5,2,hiroshige1
672,16678693,"Maher el Ouahabi","2026-09-26 22:54:14",2274.2,2,maherelouahabi
673,16663867,"Stephen Schott","2026-09-25 12:09:34",2274.1,2,steve421471
674,16889906,kerlgd,"2026-09-26 13:36:35",2274.1,2,"kerlgd,kernlst92,laatentia,plasmoryx"
675,16626732,islet,"2026-09-27 02:51:20",2273.9,2,kojimar
676,16726287,BBaRRel.,"2026-09-26 13:26:34",2273.8,2,yujinkk0609
677,16847412,SuzukiKazuma,"2026-09-26 03:59:46",2273.3,2,suzukikazuma
678,16908829,Terremoto,"2026-09-25 00:16:14",2272.6,2,alfredoachondo
679,16933535,Binbin022,"2026-09-25 08:27:58",2272.2,2,binbin022
680,16629685,mikelou1,"2026-09-27 05:17:52",2272.1,2,mikelou1
681,16732774,edchax,"2026-09-25 19:05:56",2271.5,2,"edchax,kevinkoza,slirche"
682,16854869,Ibar-Aki,"2026-09-25 17:59:19",2270.5,2,akicolor
683,16894895,Talented_Eggs,"2026-09-27 03:28:40",2267.2,2,"kangmingpeng,kinghuang123,qiandongxie666,yyhm666"
684,16789745,LoveLetter,"2026-09-27 03:53:00",2267.1,2,arthasmenethil
685,16655922,kusui26,"2026-09-24 21:55:52",2267.1,2,kusui26
686,16864919,ujimaa,"2026-09-26 20:22:22",2266.1,2,ujimaa
687,16750779,"Mao Nishino (mao1756)","2026-09-27 02:12:01",2265.7,2,maonishinomao1756
688,16670032,Kenjo1209,"2026-09-26 20:13:11",2263.9,2,kenjo1209
689,16791943,tamref,"2026-09-27 04:51:44",2263.9,2,tamreff3290
690,16775350,"Sourabh Nirwanevht","2026-09-26 19:14:34",2263.9,2,"sourabhnirwanevht,yanggod"
691,16663264,Adarsh,"2026-09-27 06:09:37",2261.8,2,madarshbb
692,16723301,mayukistarry,"2026-09-25 15:41:28",2261.5,2,mayukistarry
693,16923012,"jiggly buns","2026-09-25 13:02:29",2261.2,2,sellside
694,16756492,satokato,"2026-09-26 23:32:26",2259.8,2,satokato
695,16663783,WBF_USA_NYC,"2026-09-26 22:55:05",2259.4,2,wbfranci
696,16872204,"Nguyễn Trần Thanh Bình","2026-09-25 15:05:16",2259.3,2,nguyntrnthanhbnh
697,16713262,"Seyit kaan Gunes","2026-09-26 19:01:22",2259.0,2,seyitkaangunes
698,16705659,"srijan k.r keshri","2026-09-25 22:45:59",2257.2,2,srijankrkeshri
699,16697767,"Teddy Tennant","2026-09-27 04:28:58",2255.7,2,thtennant
700,16645596,Kosakunin,"2026-09-27 02:40:30",2255.2,2,yugoawawa
701,16633212,goosehaaan,"2026-09-25 03:51:02",2255.1,2,goosehaaan
702,16624276,MKGA,"2026-09-27 00:52:55",2255.0,2,"horizen12,zejunfool"
703,16867671,Abhinav0370,"2026-09-26 16:03:44",2254.4,2,abhinav0370
704,16687294,"Madiyar Khamzanov","2026-09-24 20:01:23",2254.1,2,mkhamzanov
705,16670229,Munshi-PremChand,"2026-09-26 04:34:03",2253.8,2,munshipremchand
706,16806206,"Yuan Yongth","2026-09-26 21:08:09",2252.3,2,"sunnylzheng,yuanyongth"
707,16896572,latentm,"2026-09-26 12:30:30",2251.8,2,"latentm,quannt9,xanvior,xeloria"
708,16891965,artem3605,"2026-09-24 10:44:46",2251.4,2,artem3605
709,16879199,Back,"2026-09-26 01:56:39",2251.2,2,back2525
710,16634765,democatXamer,"2026-09-25 19:18:50",2250.2,2,w1326627677
711,16633341,Hak,"2026-09-27 05:50:06",2249.6,2,hakdevelopment
712,16694016,"Prajwal M","2026-09-26 12:57:21",2249.5,2,estrick
713,16936328,JerryChen,"2026-09-27 03:26:04",2249.3,2,horse602
714,16726461,mocatti,"2026-09-26 11:08:33",2248.5,2,mocatti
715,16748412,"Nimish Shinde","2026-09-26 16:47:59",2248.4,2,nimishshinde
716,16917382,"Anand Singh","2026-09-27 06:02:44",2248.3,2,anandsingh8687
717,16841335,abondrn,"2026-09-26 19:51:47",2248.1,2,abondrn
718,16669650,motono0223,"2026-09-21 15:42:07",2248.0,2,motono0223
719,16885261,sdy623,"2026-09-27 06:21:23",2248.0,2,jaxa623
720,16630380,JM,"2026-09-27 00:24:18",2247.7,2,julianmukaj
721,16834038,"Akio Furutsuka","2026-09-26 13:32:02",2247.6,2,akiofurutsuka
722,16677938,"Hajime Tamura","2026-09-27 02:54:53",2247.2,2,thajime
723,16949818,MachineLearner,"2026-09-27 00:42:31",2247.2,2,anesabbad
724,16689154,CrossEngineered,"2026-09-26 18:23:07",2246.6,2,"danyalsahin1,gkenurk"
725,16941479,karttikjangid05,"2026-09-26 19:50:09",2245.5,2,karttikjangid05
726,16670948,wally0593,"2026-09-27 05:54:34",2245.5,2,wally0593
727,16666805,Kaggs,"2026-09-25 17:07:11",2245.3,2,ayush21042004
728,16769836,weense,"2026-09-27 02:47:32",2244.9,2,weense
729,16659870,"Tien N.","2026-09-27 04:21:33",2244.7,2,tientrum
730,16639969,"Sheep Are All You need","2026-09-26 03:23:24",2244.7,2,aliyelbekov
731,16917270,kaibaur,"2026-09-26 20:04:22",2244.5,2,kaibaur
732,16753567,wangkxu,"2026-09-23 06:26:47",2244.3,2,davics
733,16935560,南山3G战神,"2026-09-25 03:48:53",2244.0,2,"dongxinwan,jyo5200,linkenfaqiu8290,vincent8491,wxh20031103"
734,16663271,"Malyshev Danil","2026-09-26 16:06:03",2242.1,2,"corgisamoyed,malyshevdanil"
735,16669926,Jince,"2026-09-26 23:23:43",2242.1,2,jincesaju
736,16946558,Kamilek,"2026-09-27 04:19:45",2241.5,2,kamillek
737,16717440,"farm pt","2026-09-26 22:11:51",2241.4,2,"gunianxue,marisyn,muran169633"
738,16623524,"Marcus Vinicius","2026-09-27 01:58:05",2239.6,2,marcux777
739,16632291,"alex chilton","2026-09-24 08:14:35",2239.3,2,alexchilton
740,16768603,Kinance,"2026-09-26 02:56:09",2238.9,2,kinance
741,16667080,King-damon,"2026-09-27 04:20:03",2238.7,2,kingdamon
742,16764394,haseryooooo,"2026-09-25 08:30:09",2238.6,2,haseryooooo
743,16810587,"Avineesh Arora","2026-09-25 20:44:44",2238.4,2,avndope
744,16761293,cha7ura,"2026-09-26 19:13:26",2237.5,2,cha7ura
745,16794542,ysd1110,"2026-09-26 15:46:01",2236.7,2,ysd1110
746,16671306,Yeswanthperni,"2026-09-26 20:57:16",2236.7,2,"tanvicaaa,yeswanthperni"
747,16716263,"Ugnė Miklovaitė","2026-09-25 12:34:58",2236.5,2,ugnmiklovait
748,16942240,M78星云,"2026-09-27 02:49:22",2236.2,2,"cheng2246,tangyangpu284,upczbw,xinyinghu7123"
749,16642662,CdeTilly,"2026-09-26 13:41:35",2236.2,2,cdetilly
750,16699741,Tom3,"2026-09-25 01:24:56",2236.1,2,tomohiroaz
751,16771623,kekuru,"2026-09-26 05:19:40",2235.7,2,soyaishihara
752,16906666,"selam ya","2026-09-27 01:00:45",2235.7,2,selamya
753,16944480,"Peihao Chen Caesar","2026-09-27 05:11:51",2235.4,2,peihaochencaesar
754,16790432,"Field General","2026-09-25 15:26:10",2235.3,2,kevinarvai
755,16668168,"Desh ke Mitron","2026-09-26 13:47:30",2235.2,2,"asce09,attiraina,hashlord"
756,16881395,nikotin55,"2026-09-26 20:26:39",2234.8,2,"isaevsemyon,nikotin55,remihrf"
757,16637546,Forrest,"2026-09-25 04:14:01",2234.6,2,yinxiaogang
758,16809820,"Pramit Das","2026-09-26 18:14:01",2234.3,2,pramitdas
759,16802535,"To be happy","2026-09-26 03:46:58",2234.3,2,yaokaixinya123
760,16848633,umizora,"2026-09-27 00:07:08",2234.3,2,yoiisohira
761,16665134,edteoh,"2026-09-27 01:29:55",2233.3,2,edteoh
762,16664360,"Rohan L","2026-09-24 13:38:10",2232.7,2,rohanlopes
763,16768239,Oshbocker,"2026-09-27 04:04:04",2231.7,2,oshbocker
764,16894196,"Qiank Chen","2026-09-25 18:03:16",2230.3,2,qiankchen
765,16891740,quwon_000,"2026-09-25 19:54:11",2230.2,2,quwon000
766,16714162,MarvinTMB,"2026-09-26 21:54:36",2230.0,2,marvintmb
767,16896203,Qx_qingxi,"2026-09-27 02:04:00",2229.1,2,yongqiangtian
768,16840509,"Iskander Yusupov","2026-09-25 14:48:31",2228.8,2,iskanderyusupov
769,16641169,boatlee,"2026-09-26 14:06:19",2228.3,2,boatlee
770,16644160,"Saravana Rajan B","2026-09-26 15:27:15",2228.3,2,saravanarajanb
771,16677423,songling,"2026-09-27 02:21:05",2228.0,2,"lvbingrong,oralia"
772,16655383,MtN,"2026-09-27 03:29:46",2227.8,2,mariotrsn
773,16654091,webmaking,"2026-09-22 04:36:19",2227.7,2,webmaking
774,16927774,shuto,"2026-09-26 21:52:07",2227.6,2,shutohorie
775,16700068,"My Little Pony","2026-09-26 12:04:02",2227.2,2,"buxiangzaoqi66,juliezhang131,yaoyilv"
776,16842828,"Smiley Flour","2026-09-26 17:55:27",2226.9,2,"ddlinh212,nguyenvlm"
777,16846857,"Tomohiro Nagai","2026-09-26 14:01:44",2226.7,2,tomohironagai
778,16935391,"cs duals","2026-09-26 11:47:48",2225.9,2,kostopr4v
779,16758316,"Roy Lo TW","2026-09-26 08:21:59",2225.8,2,roylotw
780,16783721,lc今天刷了吗,"2026-09-23 03:24:33",2225.5,2,"alkaidchen,limufeng"
781,16670453,141,"2026-09-26 08:50:19",2225.1,2,"muhammadmustafaxo,siddiqshah"
782,16654027,shiv,"2026-09-26 03:39:41",2224.8,2,shivaurora
783,16731605,datatuu,"2026-09-26 12:31:53",2224.4,2,yaoguang516
784,16631752,"Junichiro Morita","2026-09-27 00:59:19",2224.2,2,junichiromorita
785,16922419,"Md Abu Saif","2026-09-25 18:58:38",2224.1,2,mdabusaif48
786,16790527,Yuta,"2026-09-27 02:52:59",2223.3,2,yutaecon
787,16903852,maoxin123,"2026-09-27 03:33:28",2222.8,2,maoxin123
788,16939679,tokawa2997,"2026-09-26 15:04:26",2222.4,2,tokawa2997
789,16688217,"The Grower","2026-09-26 11:30:15",2221.8,2,vigneshsankar1962
790,16717787,Bull,"2026-09-26 13:16:33",2221.8,2,welshonionman
791,16770229,"shivam kanojia","2026-09-26 15:36:46",2221.7,2,shivamkanojia1
792,16771785,"Mencius silverio MENSAH","2026-09-26 17:39:31",2221.7,2,menciussilverio
793,16924916,Teraya,"2026-09-26 07:04:40",2221.3,2,yuyaterasawa
794,16663818,"Mike Mordetsky","2026-09-27 04:27:50",2221.1,2,mikemordetsky
795,16635340,"zhuo wamg","2026-09-26 14:27:33",2221.0,2,zhuowamg
796,16667774,"Ziad EL ARARI","2026-09-26 16:18:21",2220.8,2,ziadelarari
797,16941047,"RUSHMANTH NALLURI","2026-09-24 00:07:09",2219.6,2,rushmanthnalluri
798,16805370,"Gaiar Baimuratov","2026-09-26 07:27:52",2219.3,2,baimuratov
799,16654511,"Syed Shayan Ali Shah","2026-09-25 06:31:36",2218.6,2,dsshayan
800,16736079,Maxy5illion,"2026-09-26 04:24:36",2218.5,2,maxy5illion
801,16709905,Rospel,"2026-09-27 03:11:23",2218.4,2,rospel
802,16919139,SynthReaper,"2026-09-26 19:53:59",2217.8,2,synthreaper
803,16623466,len8487,"2026-09-27 01:02:51",2217.4,2,len8487
804,16671092,"tomohito shimura","2026-09-27 03:48:56",2217.2,2,tomohitoshimura
805,16714401,"Ivo Georgiev","2026-09-27 01:57:45",2216.3,2,ivogeorg
806,16822519,Lunospital,"2026-09-27 01:59:51",2216.0,2,lunospital
807,16841434,soraemon,"2026-09-26 22:27:09",2216.0,2,soraemon
808,16730301,wonder777,"2026-09-27 05:30:46",2215.3,2,wonder777
809,16927521,wadia,"2026-09-27 02:28:49",2215.1,2,"sihuanian777,yeshawang"
810,16633226,test_money,"2026-09-26 17:38:36",2214.9,2,michaelsemenoff
811,16641536,"Michael Timbs","2026-09-26 13:59:52",2213.5,2,michaeltimbs
812,16885764,shuinno,"2026-09-26 05:06:11",2213.0,2,"astralisa,hemlock1,metaforge,shuinno"
813,16865470,J.Moriuchi,"2026-09-26 12:18:14",2212.9,2,hesoponyo
814,16764089,UtaAzu,"2026-09-27 04:49:52",2212.6,2,utaazu
815,16828050,stephenlau,"2026-09-26 15:04:14",2212.5,2,stephenlu0422
816,16892318,"fumiya utsuno","2026-09-27 03:38:22",2211.8,2,"fumiya326,kuboken,rikutokuwayama"
817,16623669,goonew,"2026-09-26 16:16:02",2211.4,2,goonew
818,16635108,"cabbage corp","2026-09-24 16:49:59",2210.7,2,"kagglercs,phoenix0501"
819,16630548,"YJ Wee 2807","2026-09-25 08:06:21",2210.3,2,yjwee2807
820,16805671,"Yuxiang LIANG","2026-09-26 13:39:55",2210.1,2,yuxiangliang
821,16621165,"xisheng feng","2026-09-26 00:10:17",2210.1,2,xishengfeng
822,16929642,"lyre lin","2026-09-25 14:54:56",2209.5,2,lyrelingg
823,16803032,"varshitha kolupuri","2026-09-26 17:04:12",2209.1,2,varshithakolupuri
824,16895472,codeWS,"2026-09-26 15:04:16",2208.2,2,codews
825,16944396,Monruho,"2026-09-27 03:38:05",2205.7,2,monruho
826,16725899,Zhenghongshuang,"2026-09-26 16:15:48",2204.7,2,zhenghongshuang
827,16675671,Marlubie,"2026-09-26 10:58:52",2204.3,2,kchuang
828,16623691,KevlarZanderChi,"2026-09-27 04:23:57",2204.0,2,kevlarzanderchi
829,16826465,linmumu009,"2026-09-24 07:11:11",2203.6,2,"linmumu009,renjunxiang"
830,16843860,LH-and-FPGA,"2026-09-26 16:58:24",2202.6,2,lhandfpga
831,16939190,Ichika,"2026-09-27 01:45:33",2202.0,2,natsue
832,16671515,ziheng,"2026-09-27 03:58:16",2201.8,2,zihengedie
833,16674949,"Lev Neganov","2026-09-27 00:07:06",2201.7,2,levoel
834,16738852,ZJUwlm,"2026-09-27 01:45:42",2201.2,2,"oonumberone,zjuwlm"
835,16641171,"Sadettin Şamil Verdil","2026-09-26 06:02:52",2200.6,2,sadettinamilverdil
836,16661570,"sissoko cheick","2026-09-27 04:08:22",2200.4,2,sissokocheick
837,16727893,mmwstudy,"2026-09-26 07:43:03",2200.2,2,mmwstudy
838,16809874,抹茶屋,"2026-09-27 01:15:38",2200.1,2,havenox
839,16771456,"Tianrun Liao","2026-09-26 23:40:01",2198.9,2,tianrunliao1
840,16700919,Anubisyy,"2026-09-27 04:20:26",2198.8,2,anubisyy
841,16780097,"wei chang","2026-09-26 11:06:46",2198.4,2,wayne0404
842,16656941,"Winter Lamb","2026-09-27 06:15:58",2197.8,2,fabiansyahcahyo
843,16861302,YieldCurve,"2026-09-26 02:45:55",2197.7,2,"gendaijin,haruna015"
844,16743647,bono,"2026-09-26 09:11:11",2197.2,2,kjoonha
845,16738503,dddmd,"2026-09-27 04:11:13",2196.9,2,dddmdd
846,16858464,Taisei_Tsuneki,"2026-09-26 14:55:14",2196.5,2,"ryoyaotsuki,taiseitsuneki"
847,16942314,"Seva Gusev","2026-09-26 10:41:20",2195.2,2,seva1232
848,16623371,MoZayed,"2026-09-26 01:54:11",2194.1,2,mohamedzayedahmed
849,16751152,"Andrew Reed","2026-09-27 02:53:26",2193.7,2,andrewreed
850,16668610,Sian,"2026-09-26 10:57:18",2193.3,2,arki13
851,16803658,"Timmy ""Kermit"" Turner's Team","2026-09-26 21:41:38",2193.1,1,"timsurreal,zombiespecz"
852,16701051,"Komi ShouKo","2026-09-26 11:48:19",2193.0,2,asdwswdxd
853,16886640,holyholy,"2026-09-27 02:04:37",2192.8,2,holy5contents
854,16696743,"wennan cao","2026-09-27 02:45:11",2191.7,2,wennancao
855,16697898,"Yin Li","2026-09-25 13:31:13",2191.6,2,kevin250304
856,16653260,"Kadouci Abdelhak","2026-09-26 11:10:55",2191.5,2,kadouciabdelhak
857,16926111,"Somya Patra","2026-09-26 15:29:11",2190.6,2,somyapatra
858,16696593,bplyc15,"2026-09-26 15:04:45",2190.1,2,bplyc15
859,16655789,"wen chong yu","2026-09-27 04:40:20",2190.0,2,wenchongyu
860,16793461,"Muhammad Hokimiyon","2026-09-26 23:24:00",2189.8,2,muhammadhokimiyon
861,16853054,saberzky,"2026-09-26 11:53:44",2189.7,2,saberzky
862,16814417,"Jane Street Farmers","2026-09-27 02:49:48",2189.3,2,"akamasterpiece,gianghiango,paramizodicrominique,phnhnnguyn,sebastiancooper116"
863,16743165,"Chiachii Liang","2026-09-26 00:01:13",2189.3,2,chiachiiliang
864,16746317,xingyun_byto,"2026-09-25 03:58:21",2189.2,2,xingyunbyto
865,16726687,"Rohin Kethipally","2026-09-26 00:04:36",2188.7,2,rohinkethipally
866,16688732,"sAIzeria Harness","2026-09-27 03:41:56",2188.6,2,"gnux1408,tanakaai24"
867,16784416,tatt:)ch,"2026-09-27 06:13:16",2188.1,2,"awewrasdffetfe,jay051012,tattch,yjy10086"
868,16789950,"Zachary Zhang","2026-09-26 07:11:17",2187.9,2,zacharyzhang16
869,16623128,AdamJonesJohnson,"2026-09-26 00:07:50",2187.1,2,adamjonesjohnson
870,16737482,Lindicaphxag,"2026-09-27 05:43:42",2187.1,2,oblivicore
871,16875659,あかつき,"2026-09-27 05:13:04",2186.6,2,akatuki25
872,16737944,ToastUz,"2026-09-24 22:18:59",2185.7,2,tatsuzoosawa
873,16713457,"Poor farmer","2026-09-24 09:05:27",2182.9,2,trnhip
874,16749272,giraffeneck,"2026-09-26 14:59:07",2182.0,2,yamajin
875,16839389,lizs,"2026-09-26 16:20:46",2181.0,2,chiila
876,16885832,"Soshi Uejima","2026-09-24 14:09:29",2180.9,2,assdafa1223
877,16827571,"BNBU Astra","2026-09-27 02:59:44",2180.9,2,"andycooper747,austindengkaggle,BNBUDINGSHANLee21,yuxiang328"
878,16837554,Quickpanda,"2026-09-26 19:40:14",2180.6,2,quickpanda
879,16690923,"Maqsoud Tawaliou","2026-09-27 04:45:03",2179.4,2,maqsoudtawaliou
880,16785523,Doranap,"2026-09-25 04:27:55",2179.0,2,doranap
881,16889224,"Ishan Karnick","2026-09-27 01:42:11",2178.4,2,"ishankarnick,trinitynusca31"
882,16760158,"apple farmer","2026-09-26 12:28:30",2178.2,2,gustavoknudsen
883,16735066,"Saber #2","2026-09-26 16:21:03",2178.1,2,yzheng21
884,16831965,"Ray Roberts","2026-09-24 01:04:13",2178.0,2,rayroberts
885,16624571,"Baidalin Adilzhan [dsml.kz]","2026-09-27 05:31:07",2178.0,2,"baidalinadilzhan,qasminumber,zelza0"
886,16761593,Azathoth,"2026-09-27 05:27:19",2177.1,2,stsaasts
887,16786108,Pakhan873,"2026-09-27 00:01:19",2177.1,2,paveldidin
888,16671088,jasonstillchasin,"2026-09-27 00:31:25",2176.7,2,jasonstillchasin
889,16711752,"Atakan Aldemir","2026-09-26 06:20:20",2176.3,2,atakanaldemir
890,16623034,"Vlad Kochetov","2026-09-26 18:30:13",2175.9,2,vladkochetov07
891,16694138,Alex,"2026-09-24 17:32:04",2174.9,2,alex789
892,16785321,HaoChi,"2026-09-27 00:42:20",2174.4,2,"lishi321,moxi21"
893,16919866,"Harvey Zhang","2026-09-24 16:07:56",2174.1,2,harveyel
894,16732690,なーでぃー牧場,"2026-09-27 05:00:09",2173.8,2,nadyresearcher
895,16670537,Silhouette,"2026-09-27 06:08:04",2173.5,2,jamessargsyan
896,16635744,XDang13,"2026-09-24 16:52:57",2173.1,2,xdang13
897,16749435,SGY2512,"2026-09-26 21:32:32",2173.0,2,sgy2512
898,16793600,mogura2.0,"2026-09-26 17:06:49",2172.2,2,mogura20
899,16918430,"Huifeng Li","2026-09-27 05:17:15",2171.3,2,stevenli1
900,16805704,ShuHaya,"2026-09-25 10:19:35",2171.2,2,yfqqq088
901,16714057,"T0m0t0m0 W","2026-09-26 15:00:50",2171.1,2,t0m0t0m0w
902,16793474,"Liu Classmate","2026-09-27 01:28:45",2171.0,2,"lilya98,liuclassmate,yuxuanzhao1203"
903,16944151,kkogai,"2026-09-27 04:52:50",2171.0,2,kkogai
904,16948745,"Nero Nrx","2026-09-25 15:38:06",2170.4,2,neronrx
905,16870033,"wbcrypto abrams","2026-09-27 06:17:31",2170.4,2,wbcryptoabrams
906,16632715,cmasch,"2026-09-26 18:01:08",2170.2,2,cmasch
907,16730344,lvisdd,"2026-09-27 04:15:04",2170.0,2,lvisdd
908,16754112,"rhythm master","2026-09-27 04:28:25",2170.0,2,"lukaswong,nairurga,vincent19543,zaynedong"
909,16803103,hugghngkai,"2026-09-27 06:26:15",2169.9,2,hugghngkai
910,16743858,kawauso9n,"2026-09-27 05:45:27",2168.0,2,kawauso9n
911,16663963,M0h4m3d-Byte,"2026-09-26 11:22:12",2167.9,2,dev3mohamed
912,16632423,goh,"2026-09-27 00:23:56",2167.4,2,bungohatayama
913,16631460,Kosuke.T,"2026-09-25 09:40:42",2167.4,2,kosuke1992
914,16709712,iwa_hueai,"2026-09-27 02:11:09",2166.7,2,"sdcarson,yetanothercoder"
915,16759632,"Rifqi Haikal","2026-09-24 15:12:11",2166.4,2,rifqihaikal
916,16886298,amosokello451,"2026-09-26 17:03:10",2165.7,2,amosokello451
917,16653068,"Shuichi Fushimi","2026-09-26 08:29:51",2165.0,2,shuichifushimi
918,16759578,Randy,"2026-09-25 23:21:32",2164.7,2,rvndyerwin
919,16627600,"NiA Farms","2026-09-27 06:20:21",2164.2,2,"adriaft,natliablascoandreo"
920,16658909,"evolve faster!","2026-09-26 20:37:21",2163.8,2,junesdata
921,16634149,"Hozuma ITOBAYASHI","2026-09-26 14:51:22",2163.5,2,hozumaitobayashi
922,16732445,ГИМНАЗИЯ14ЙОШКАРОЛА,"2026-09-27 00:53:14",2163.4,2,"domager72,fylgde,kolyaflexcu"
923,16656399,CROW,"2026-09-25 14:42:57",2163.3,2,"aaayangxh,hanifnoerrofiq"
924,16684250,"Alexander Sokolov","2026-09-26 14:42:16",2163.1,2,cheeec0
925,16719884,ykhnkf,"2026-09-24 22:36:04",2163.1,2,ykhnkf
926,16700767,tkpmnlms,"2026-09-27 03:17:51",2162.0,2,"emorgunov,mikhailkachalin,roniuhle"
927,16847543,"Sankalp Wanjari","2026-09-26 22:18:04",2161.9,2,sankalpwanjari25
928,16630331,"Mohamed El-Nageeb","2026-09-26 23:17:06",2161.2,2,thelastsmilodon
929,16623390,KodamaSec,"2026-09-25 14:06:20",2160.7,2,dfhgfdghfdhg
930,16911681,nena,"2026-09-25 06:42:53",2160.5,2,nena0undefined
931,16907326,"julien gaza","2026-09-27 03:53:07",2159.5,2,juliengaza
932,16743033,Nagahama,"2026-09-25 15:07:10",2159.3,2,kazukinagahama
933,16633173,"Saulo Quiñones Góngora","2026-09-27 03:25:31",2157.8,2,sauloquionesgngora
934,16891115,tkm7510,"2026-09-26 02:22:37",2157.2,2,tkm7510
935,16642128,"MAC SAHO","2026-09-27 02:36:33",2156.6,2,macsaho
936,16763829,"Shane Thivaharraja","2026-09-27 03:56:47",2155.9,2,shanethivaharraja
937,16654585,"David Pedersen","2026-09-27 04:31:58",2155.8,2,semalytics
938,16911212,zby_4240,"2026-09-24 12:45:39",2155.4,2,"panhiuting,zby4240"
939,16802322,HongchenDai,"2026-09-24 16:47:42",2155.4,2,hongchendai
940,16778640,Kilupy,"2026-09-25 20:34:27",2155.1,2,kilupy
941,16661702,"Chattso-GPT (Yasuhito Yanagisawa)","2026-09-27 05:19:17",2154.8,2,yasuhitoyanagisawa
942,16670371,rkd,"2026-09-27 04:24:15",2154.6,2,ryookd
943,16792109,rogerrogerroger3r,"2026-09-26 11:59:35",2154.5,2,rogerrogerroger3r
944,16927555,yaya__k,"2026-09-24 09:27:12",2154.1,2,yaya88k
945,16846525,Dwaslaop,"2026-09-27 04:14:23",2154.0,2,"dwaslaop,haorunjia"
946,16628951,"Hiro Nomo","2026-09-25 07:31:45",2153.1,2,morinokuma3
947,16926032,robikscube,"2026-09-26 14:31:47",2152.7,2,ujjwalnewd
948,16663632,Seho.Connect,"2026-09-26 21:40:39",2152.3,2,sehoconnect
949,16792568,李秉叡（ntumlnoob）,"2026-09-26 10:58:39",2151.9,2,ntumlnoob
950,16794630,"Yuchuan Ding","2026-09-25 13:39:31",2151.8,2,yuchuanding
951,16748462,"Jiwon Lee","2026-09-26 14:16:45",2151.8,2,jibong7600
952,16804022,monsaraida,"2026-09-27 03:01:34",2151.8,2,monsaraida
953,16894110,寒月千逸,"2026-09-25 12:45:32",2151.6,2,"hanyueqianyi,leeyang1,sakurahg"
954,16875986,"k hori ","2026-09-27 04:20:45",2151.4,2,khori7
955,16679214,alban,"2026-09-27 01:11:57",2151.0,2,albantiacoh
956,16865168,"Maksym Bilychenko","2026-09-25 20:38:06",2151.0,2,mbilichenko
957,16936827,"Weixuan Liu","2026-09-27 03:30:22",2150.6,2,flyfish666
958,16738492,"Follow Me Gradient","2026-09-24 11:15:05",2150.1,2,farukece
959,16803448,jiatu.l,"2026-09-26 03:14:31",2149.8,2,jiatul
960,16757809,dasfds,"2026-09-27 05:59:38",2149.6,2,dasfds
961,16655826,KKY,"2026-09-27 00:28:20",2149.6,2,evilpsycho42
962,16736670,"Mark Astrid","2026-09-24 18:53:08",2149.6,2,markastrid
963,16668789,qaq7864,"2026-09-25 06:23:51",2149.4,2,qaq7864
964,16662051,"Salem Ali","2026-09-24 14:53:13",2149.4,2,salemali7
965,16657091,raw2clean,"2026-09-26 06:44:49",2148.0,2,raw2clean
966,16879027,XMHHHH,"2026-09-25 12:36:50",2147.6,2,jkkhhoo
967,16636079,"Pawan Rama Mali","2026-09-26 23:20:29",2147.5,2,pawanmali
968,16930535,wind,"2026-09-26 19:12:39",2146.3,2,"sfkmzy,windbyluck"
969,16947057,jfhjfgjhfj,"2026-09-25 07:29:39",2146.2,2,jigsawpuzzle
970,16728262,wakawakayu,"2026-09-26 13:55:58",2145.5,2,wakawakayu
971,16811799,"Yuanchen Huang","2026-09-26 14:19:55",2145.2,2,geokocha
972,16624484,"Tomoki Hirose","2026-09-24 15:50:38",2145.0,2,tomokihirose
973,16730334,"Have a nice trip in USST","2026-09-25 18:15:16",2144.7,2,"eugeneyeung,grace7523,sztszt0726,tuskig,wzh20050212"
974,16717289,JackChenghao,"2026-09-26 07:15:04",2144.6,2,jackchenghao
975,16759250,"Harsh Jain","2026-09-24 18:39:23",2144.5,2,harshjain123
976,16740644,Terence0914,"2026-09-26 23:54:21",2144.4,2,terence0914
977,16659295,snaykey,"2026-09-25 12:20:59",2144.1,2,snaykey
978,16895106,linchuhan,"2026-09-26 06:00:29",2144.0,2,linchuhan
979,16880393,flower_s,"2026-09-26 00:45:26",2143.3,2,flower244140625
980,16626191,"kevin park","2026-09-25 12:19:27",2143.0,2,k3v1npark
981,16865564,Manat,"2026-09-27 05:38:57",2142.6,2,manatoshoji03
982,16817518,Dresden,"2026-09-25 02:29:39",2142.6,2,dresdeng
983,16693549,別班,"2026-09-26 23:30:24",2142.0,2,"kusurizuke,pepushi,tomokiaki"
984,16946853,"BAHUMANYA R G","2026-09-25 11:58:12",2141.6,2,bahumanyarg
985,16808396,Dr_F,"2026-09-24 14:04:10",2140.8,2,algebraictopology
986,16662833,"umair zia","2026-09-27 04:07:52",2140.6,2,aimerscoding
987,16640067,"minghao mei","2026-09-25 04:03:05",2140.3,2,minghaomei
988,16942000,tyson,"2026-09-25 17:24:15",2140.2,2,tysonwashere
989,16660313,Ctrl+Code,"2026-09-25 09:52:41",2139.9,2,"jayashankar369085,parnikasm"
990,16763706,断罪の孤高の神・大宇宙草莓覇皇,"2026-09-26 21:02:20",2139.5,2,"lordofichigo,qilejiang76"
991,16662176,"jorge fabian avila","2026-09-24 17:35:51",2139.3,2,jorgefabianavila
992,16639971,"qi yun","2026-09-27 05:13:18",2139.2,2,qiyun280
993,16889597," Master Bob111","2026-09-26 09:26:05",2139.2,2,masterbob111
994,16769967,"Bill Fan","2026-09-25 01:44:56",2139.1,2,billfan88
995,16739925,nofreewill42,"2026-09-25 12:50:46",2138.9,2,nofreewill
996,16881928,"Saad Khan","2026-09-24 18:56:07",2138.6,2,saadlohani
997,16729280,"Ryoya Tsuruoka","2026-09-27 00:22:37",2138.6,2,"irohasorange,mrooto,rahaia"
998,16708315,beeyan,"2026-09-24 23:55:17",2136.6,2,beeyan0821
999,16644643,today,"2026-09-25 04:07:32",2136.6,2,today55
1000,16904867,wahaka,"2026-09-25 07:15:12",2136.6,2,wahaka
1001,16657877,zigiella,"2026-09-26 05:22:00",2135.8,2,zigiella
1002,16729413,KharinTymofii,"2026-09-24 15:54:07",2135.7,2,kharintymofii
1003,16667872,"Pralay Ghosh","2026-09-27 02:39:28",2135.3,2,pralayghosh83
1004,16668215,renta.k,"2026-09-24 17:12:13",2135.2,2,renta0426
1005,16832209,enduejdu,"2026-09-27 04:58:16",2135.1,2,"cliff376,enduejdu,vvennie,yuwenyue"
1006,16655582,"Yang Jinneng","2026-09-25 01:02:41",2134.9,2,adurey
1007,16791924,magu1234,"2026-09-25 05:08:48",2134.6,2,magu1234
1008,16749034,digitalChaos,"2026-09-26 12:02:01",2133.9,2,digitalchaos666
1009,16659920,vkhydras,"2026-09-26 12:12:02",2133.9,2,vickimar
1010,16735252,LagrangianLocomotive,"2026-09-24 20:22:02",2133.8,2,lagrangianlocomotive
1011,16622032,"Raunak Dey","2026-09-24 14:30:55",2133.2,2,raunakdey07
1012,16918411,"Gautier Marti","2026-09-24 11:39:32",2133.0,2,gautiermarti
1013,16722705,我的AI是豆包,"2026-09-25 13:52:54",2132.8,2,"carrotliang,haoxuanjng,kaoqiangzhang,rainhuang0220"
1014,16749079,mraz1006,"2026-09-26 15:40:58",2132.7,2,mraz1006
1015,16631215,私立ホルスタイン学園,"2026-09-27 01:00:42",2132.1,2,hiranorm
1016,16638557,"Araik Tamazian","2026-09-25 06:41:49",2132.1,2,atamazian
1017,16807108,dongdongunique2,"2026-09-25 20:07:27",2131.6,2,yinzhaoren
1018,16789946,"Oriol Pi Morell","2026-09-27 04:47:32",2131.4,2,oriolpi
1019,16663213,"Takahiro Someya","2026-09-26 04:50:33",2131.3,2,takahirosomeya
1020,16884121,Radiant,"2026-09-26 16:33:31",2130.9,2,"dnpkkk,xxxxxx6x,y4matt"
1021,16661708,"Stanley Honkpehedji","2026-09-26 18:28:10",2130.4,2,stanleyhonkpehedji
1022,16673336,honjousetuna,"2026-09-26 08:45:55",2130.4,2,honjousetuna
1023,16933836,arumajiro,"2026-09-26 11:10:52",2130.3,2,excellentarumajiro
1024,16673870,"Yuxiao Wang","2026-09-26 06:40:05",2130.3,2,yuxiaowangx
1025,16848060,juliencst,"2026-09-26 15:11:13",2130.2,2,juliencst
1026,16855857,tchufers,"2026-09-25 19:41:27",2129.8,2,viniciusraupp
1027,16707453,"Kaan Dınız","2026-09-27 04:45:34",2129.6,2,kaandnz
1028,16627888,atl132,"2026-09-27 00:51:27",2129.1,2,atl132
1029,16655128,"Somasundar V","2026-09-24 21:04:44",2129.1,2,somasundarv
1030,16679098,"KIRTAN RUPESHBHAI BHOJANI","2026-09-24 06:02:25",2129.0,2,kitran17
1031,16932323,Matt,"2026-09-27 04:40:20",2128.8,2,mclouter
1032,16663247,Ak,"2026-09-25 10:44:10",2128.8,2,abisheksrivastav
1033,16758381,"Yang Kuang Ou","2026-09-25 09:23:02",2128.5,2,yangkuangou
1034,16942378,"Cheese Burgers","2026-09-25 03:46:35",2128.4,2,"gaippi,mrkoolguy"
1035,16717901,"Ahmed Hazem Abdeltawab","2026-09-25 21:38:57",2127.8,2,ahmedhazem23
1036,16660255,"Revanth Tambisetty","2026-09-26 21:06:01",2127.7,2,revanthtambisetty
1037,16823626,Korokke3,"2026-09-26 21:24:03",2127.5,2,korokke3
1038,16948694,"Bob Jeff","2026-09-27 04:55:57",2127.4,2,bobrg123
1039,16676455,"Sarthak Sharma ","2026-09-27 06:06:46",2127.3,2,sarthaksharma14
1040,16644578,"Team Name","2026-09-27 02:24:33",2127.3,2,baytree1238
1041,16724847,辽大之光,"2026-09-24 14:52:05",2127.1,2,guangchenlu
1042,16843838,"Alapati Ramakrishna","2026-09-26 15:37:58",2127.0,2,alapatiramakrishna
1043,16889296,"Takauchi Suguru","2026-09-26 01:06:02",2126.0,2,gurusut
1044,16676193,"Akira Hirohashi","2026-09-27 05:12:43",2125.9,2,akirahirohashi
1045,16781166,Ant,"2026-09-26 14:21:47",2125.6,2,anthonytrevino
1046,16890988,"Aleksandrov Andrey Alekseevich","2026-09-26 12:06:19",2125.2,2,abbeleve
1047,16631967,vecxoz,"2026-09-24 17:42:44",2124.3,2,vecxoz
1048,16675866,DanilChil,"2026-09-25 14:06:52",2123.7,2,danilchil
1049,16660152,LIH.YUN,"2026-09-26 21:02:54",2123.7,2,fxlcee
1050,16876869,MAGGR,"2026-09-24 17:47:21",2123.4,2,manojmandal
1051,16891008,"Golubev Alexander","2026-09-25 12:34:28",2123.4,2,"golubevalexander,nikitadgolubev"
1052,16671376,Lebxgue.,"2026-09-25 16:19:01",2123.3,2,yukieja
1053,16624893,"GURU Prasaatha S","2026-09-27 03:47:19",2123.1,2,guruprasaathas111
1054,16851133,"Bryan Pauze","2026-09-25 00:01:14",2122.8,2,bryanpauze
1055,16813899,blueshine,"2026-09-27 03:22:38",2122.7,2,minagawateru
1056,16760523,"Joseph Ayanda","2026-09-26 23:41:36",2121.9,2,josephayanda
1057,16763669,cm391,"2026-09-24 22:20:58",2121.2,2,mccocoful
1058,16758905,"Iwa Iwa","2026-09-26 16:16:27",2120.4,2,iwaiwa
1059,16702547,Dean0016,"2026-09-26 04:45:31",2120.0,2,"ddcchh,dean0016,zureaaa"
1060,16632097,PavelLiashkov,"2026-09-26 18:15:25",2119.9,2,bigbag1983
1061,16730810,mgoto51004,"2026-09-27 01:24:10",2118.7,2,mgoto51004
1062,16762101,"Kazama Yusuke","2026-09-27 00:19:39",2118.6,2,kazamayusuke
1063,16727110,yemaoye,"2026-09-26 07:47:03",2118.6,2,"luckyappley,yemaoye"
1064,16693227,"Aniket Sharma","2026-09-24 09:31:04",2118.6,2,aniketsharma00411
1065,16665402,PrasadChopade213,"2026-09-24 08:50:47",2118.5,2,prasadchopade213
1066,16727103,sword3522,"2026-09-26 17:12:52",2118.0,2,"qinyanqiu,sword3522"
1067,16659412,yesterdays_rebel,"2026-09-26 11:14:06",2117.9,2,irfanparaniya
1068,16659328,"Muhammed Ashiq Abdul Khader","2026-09-25 15:00:27",2117.4,2,ashiqabdulkhader
1069,16632294,"Rajan Nagarajan","2026-09-25 16:30:03",2117.3,2,narajan
1070,16838370,aqua,"2026-09-26 10:59:36",2117.0,2,aquaaqua11
1071,16858303,马嘉蛋爱玩跳棋,"2026-09-22 05:52:02",2116.8,2,"jamalzzj,jlw123456"
1072,16719733,CleoCantCompete,"2026-09-25 05:52:04",2116.4,2,cleocantcompete
1073,16867120,"DaoHe Liu","2026-09-27 02:16:29",2116.1,2,daoheliu
1074,16730720,broccoli,"2026-09-24 16:46:18",2116.0,2,norihori0917
1075,16942573,Almaz,"2026-09-24 14:50:22",2115.5,2,almazsakhapov
1076,16786102,"Anay Garodia","2026-09-24 03:58:21",2114.7,2,anaygarodia
1077,16730015,suzu10,"2026-09-27 05:04:56",2114.4,2,suzu10
1078,16689430,"Terry Luo","2026-09-24 16:19:47",2114.3,2,eimhluo1764
1079,16706897,"Akshay Mathur","2026-09-24 12:52:47",2114.2,2,akshaymathur777
1080,16623381,cocoaAI,"2026-09-26 20:53:26",2113.3,2,cocoaai
1081,16641372,ShoaibSSM,"2026-09-24 17:10:08",2113.2,2,"naveenlx111249971939,shoaibssm"
1082,16642570,"Mathurin Ache","2026-09-24 18:42:07",2112.9,2,mathurinache
1083,16922094,Shiv28,"2026-09-26 03:38:57",2112.7,2,shiv28
1084,16766640,watana,"2026-09-24 13:39:25",2112.6,2,yukiwat
1085,16685358,"Nuno Ferreira","2026-09-25 06:13:15",2112.4,2,ngcferreira
1086,16624919,"Juste Me (●'◡'●)","2026-09-24 18:18:30",2111.3,2,degnonguidi
1087,16742439,"Shangshang Zhang","2026-09-27 02:32:57",2111.3,2,msvzss
1088,16634179,daoviet,"2026-09-27 02:42:27",2111.1,2,daoviet
1089,16641230,"An V1","2026-09-27 04:26:57",2111.1,2,barakuga
1090,16921557,"Terry Duan","2026-09-24 21:21:44",2110.9,2,xueyueicu
1091,16684128,NIklitaCheporev,"2026-09-24 15:51:38",2110.0,2,niklitacheporev
1092,16872203,"Mikael Kerimov","2026-09-25 07:13:18",2109.9,2,"mikaelkerimov,mperminiov"
1093,16861768,koala_bear,"2026-09-26 18:02:12",2109.7,2,jpkoalabear
1094,16740419,IamDiganta.7,"2026-09-27 05:15:39",2109.6,2,iamdiganta7
1095,16621671,Chellick,"2026-09-26 08:47:01",2109.4,2,matweyisupov
1096,16745138,yok,"2026-09-26 17:44:10",2109.1,2,yokoinaba
1097,16755414,Danzzzl,"2026-09-26 18:53:14",2108.3,2,okunevda
1098,16623875,"Pavlo Ivanin","2026-09-25 06:21:37",2107.5,2,pavloivanin
1099,16823319,eviltsundera,"2026-09-26 18:08:04",2107.1,2,eviltsundera
1100,16843042,"Frost Cerberus","2026-09-25 05:55:10",2106.9,2,frostcerberus
1101,16624969,tf,"2026-09-26 07:02:33",2105.2,2,tfukuhara
1102,16793396,...,"2026-09-26 05:02:45",2105.1,2,shackles6966
1103,16674312,yuxuan,"2026-09-25 03:04:25",2104.7,2,yuxuan1221
1104,16671361,"Hangyu Yu","2026-09-27 04:56:19",2104.7,2,"cqupthangyuyu,leoethan,wxgisspider"
1105,16672136,chupaletas,"2026-09-25 03:46:19",2103.6,2,urvesh
1106,16686918,JustinLee,"2026-09-24 20:18:16",2103.6,2,justin2061
1107,16930633,micro,"2026-09-25 19:10:09",2103.1,2,brucewu1200
1108,16775686,"Max Podd","2026-09-26 06:35:41",2102.9,2,maxpodd
1109,16774475,LoveB4Sunrise,"2026-09-26 16:07:05",2102.8,2,demacia1314
1110,16651331,"Mohamed Saeed","2026-09-24 17:00:06",2102.3,2,m0sm71
1111,16732666,"Stefano Blando","2026-09-26 20:46:45",2101.8,2,stefanoblando
1112,16641524,AkiraIshikawa,"2026-09-26 09:06:36",2101.5,2,akiraishikawa
1113,16779304,"Ari Nakos","2026-09-24 19:17:07",2101.1,2,aristides
1114,16741819,"Paritosh Kumar Tripathi","2026-09-26 16:26:45",2100.8,2,paritoshtripathi5
1115,16778744,"Shunsuke Hayashi","2026-09-26 14:43:36",2100.8,2,shunsukehayashi1993
1116,16738759,YJR,"2026-09-26 02:21:04",2100.6,2,misakamikoto66
1117,16654841,"ABHIRUP DAS","2026-09-24 18:17:06",2100.6,2,abhirupdas10
1118,16778835,kiyoc,"2026-09-25 10:58:11",2100.2,2,kiyoshiohno
1119,16663387,Ju,"2026-09-26 16:47:47",2100.0,2,juziddd
1120,16693557,"Ifeoluwa Adewumi","2026-09-25 09:48:37",2099.9,2,ifeadewumi
1121,16674102,没落者,"2026-09-27 04:04:28",2098.8,2,needless090
1122,16655423,"Roland Luethy","2026-09-26 21:17:09",2098.8,2,rluethy
1123,16799235,K.Piro,"2026-09-27 00:50:50",2098.6,2,agares02
1124,16880648,"Akash Pattani","2026-09-26 13:03:10",2098.4,2,akashpattani
1125,16815841,"Sunshine through fog","2026-09-26 14:50:55",2098.1,2,sunshinethroughfog
1126,16868759,Pand,"2026-09-26 10:11:02",2098.0,2,pand999
1127,16823467,"Riki Uchida","2026-09-25 21:02:37",2097.1,2,rikiuchida
1128,16867370,jasonyoung,"2026-09-25 21:22:54",2096.1,2,jasonyoung66
1129,16623520,asteriam,"2026-09-27 00:13:49",2096.1,2,masatakashiwagi
1130,16887476,"Memory Engineer","2026-09-26 04:25:47",2095.8,2,salazarslytherin
1131,16738700,"Bugra Cinar","2026-09-25 15:38:42",2095.8,2,bugracnr
1132,16699947,HKmgikao,"2026-09-24 19:03:41",2095.5,2,hitoshikmgai
1133,16624040,kumk,"2026-09-26 13:15:14",2095.3,2,kknagoya
1134,16698206,"Bark at the Barnyard","2026-09-26 03:16:42",2095.3,2,mming0430
1135,16661994,"Suvrat Rai","2026-09-26 06:47:52",2095.1,2,suvrat11rai
1136,16844148,Ethereal49,"2026-09-26 07:49:26",2094.2,2,ethereal49
1137,16705431,"Thuận Đoàn Vũ","2026-09-27 01:43:44",2093.6,2,thunonv
1138,16658895,kunihiro,"2026-09-25 04:45:26",2093.1,2,kunihiro
1139,16792661,итмоняяя,"2026-09-24 09:48:23",2092.2,2,"naladwepo,tickflag"
1140,16634026,"Mike Kim","2026-09-26 15:44:55",2092.0,2,mikeskim
1141,16863974,suteno,"2026-09-26 10:28:04",2091.9,2,sutekikano
1142,16659464,"Héctor Valverde","2026-09-27 00:05:40",2090.5,2,hvpareja
1143,16740892,"yuki matsumori","2026-09-24 14:37:27",2090.5,2,yukimatsumori
1144,16713048,"liqin fei 2005","2026-09-27 04:29:00",2090.0,2,liqinfei2005
1145,16851853,tryagain123,"2026-09-26 19:17:18",2089.8,2,lanqingsong123
1146,16668071,"Ali Eren Oğuztaş","2026-09-26 22:06:16",2089.6,2,alierenouzta
1147,16637099,tobhull,"2026-09-26 05:42:45",2089.6,2,tobhull
1148,16689881,"yuki #2","2026-09-26 13:18:32",2089.3,2,hosikusa
1149,16634128,ZechHuang,"2026-09-26 14:36:25",2088.7,2,zechhuang
1150,16731839,mamematcha,"2026-09-27 00:50:59",2088.3,2,mamematcha
1151,16655610,GPTatoes,"2026-09-27 05:54:00",2088.0,2,"angran,kaixuanosmas"
1152,16934931,erica,"2026-09-24 22:35:11",2087.4,2,duanyong049
1153,16948957,KIT0,"2026-09-26 17:24:47",2087.4,2,kit024
1154,16784725,prairieee,"2026-09-26 13:56:57",2087.2,2,"haideptry,prairieee"
1155,16836633,Yukino487,"2026-09-27 01:57:03",2087.2,2,"xingyulll,yukino487"
1156,16641077,lucaskna,"2026-09-25 11:11:31",2086.5,2,lucaskna
1157,16673109,"Surya Bhattiprol","2026-09-27 03:56:10",2085.9,2,suryabhattiprol01
1158,16898090,"Zbigniew Kirchner","2026-09-26 21:00:17",2085.3,2,zbigniewkirchner
1159,16632172,Ayodeji,"2026-09-26 10:41:44",2085.2,2,ayodejiibrahimlateef
1160,16724366,"YASH JAIN","2026-09-26 15:28:49",2084.6,2,yashjain911
1161,16759699,"Mason Cao","2026-09-24 04:23:48",2083.6,2,mzcao7
1162,16931354,snappi,"2026-09-26 00:33:20",2083.3,2,snappi
1163,16762769,"Jacques Buis","2026-09-26 21:41:26",2082.9,2,jacquesbuis
1164,16899200,MauoXX,"2026-09-26 14:31:48",2082.7,2,mclster
1165,16945364,胜你不须第二剑,"2026-09-25 07:28:08",2082.1,2,abinyzl123
1166,16827224,"[HSE Lyceum ML] zaepupno","2026-09-26 09:32:33",2081.9,2,daniilgoryushin
1167,16657547,"Pranav Thota","2026-09-27 04:07:50",2081.6,2,pranavthota
1168,16664096,"Charles Coonce","2026-09-26 22:12:40",2081.6,2,charlescoonce
1169,16931907,"Nokubonga Ngema","2026-09-22 20:13:20",2081.1,2,nokubongangema
1170,16663999,"Colton Martin","2026-09-25 00:14:19",2080.7,2,coltonmartinnn
1171,16865335,"Hire me! 🤗 [Viktor Cikojevic]","2026-09-20 13:38:52",2080.2,2,viktorcikojevic
1172,16845258,Squirrel,"2026-09-27 01:43:42",2080.0,2,bunnykeeper
1173,16926301,"Максим Бортник","2026-09-25 16:25:18",2079.8,2,maxim2512
1174,16671412,Xman,"2026-09-26 04:35:23",2079.3,2,xuanzhang001
1175,16765807,"Win Suthar","2026-09-26 21:56:46",2079.0,2,ashwanidhukra
1176,16786341,"Farmula One","2026-09-27 05:14:00",2078.8,2,"joesland,mer4yyy,ricaaaovo,zhangxingzhe"
1177,16633507,"Happy Farm","2026-09-27 05:05:13",2078.8,2,"alexesn,c0ldzy,ivanvorfolomeev,semyonepanov"
1178,16755650,"kazuki morikawa","2026-09-27 04:06:59",2078.6,2,kazukimorikawa
1179,16728492,ほのぼの牧場,"2026-09-27 05:28:35",2078.3,2,masatoshitaniguchi
1180,16623836,awarse,"2026-09-24 16:07:45",2078.1,2,awarse
1181,16804768,Chaos,"2026-09-26 16:41:46",2077.9,2,hcfighting
1182,16790005,"Rohit Kumar Sahoo","2026-09-26 17:04:45",2077.2,2,rohit4118
1183,16624339,"Дворкин Евгений Владимирович","2026-09-26 11:12:33",2076.6,2,evgendvorkin
1184,16800076,xinwang,"2026-09-26 14:30:12",2076.4,2,xxxtetantion
1185,16942567,MatveyVarfolomeev,"2026-09-26 19:14:55",2076.4,2,matveyvarfolomeev
1186,16937607,wuyan-nox,"2026-09-27 01:07:50",2076.2,2,wuyannox
1187,16898204,"MAHESH ISHRAN","2026-09-26 15:11:47",2075.4,2,iitm21f1003346
1188,16623530,khursani,"2026-09-26 02:43:48",2075.0,2,khursani8
1189,16763505,"Sai Reddy Pothireddy","2026-09-27 06:25:32",2074.5,2,saireddypothireddy
1190,16920069,"arar tawil","2026-09-21 20:07:38",2074.4,2,araraltawil
1191,16644565,Suda,"2026-09-27 05:21:56",2074.4,2,"chaneyma,deryawang"
1192,16639263,Yam,"2026-09-27 05:56:08",2074.1,2,minyam
1193,16655478,Bruce,"2026-09-25 05:32:56",2073.7,2,bruceqdu
1194,16882868,"Yash Mohan","2026-09-26 01:23:33",2073.7,2,yashm917
1195,16847706,takumina,"2026-09-26 10:19:02",2073.6,2,takuminakamatsu
1196,16660209,"Whyme Labs","2026-09-26 02:31:05",2073.3,2,whymelabs
1197,16736685,kentaro_kato,"2026-09-27 03:05:49",2073.1,2,kentarokato
1198,16828705,"liama liama","2026-09-26 21:08:22",2072.7,2,liamaliama
1199,16730688,zy,"2026-09-26 17:59:04",2072.4,2,justforwin
1200,16692845,"Yassine Ben Zekri","2026-09-24 21:18:48",2072.2,2,yassinebenzekri
1201,16679812,"Xiang Li","2026-09-26 18:20:37",2072.2,2,xianglipee
1202,16849801,tq1d,"2026-09-26 11:31:21",2071.8,2,haya03010
1203,16777767,"Miyanogawa Yuya","2026-09-27 03:49:10",2071.7,2,veritalogos
1204,16888794,NonCaffeine,"2026-09-25 11:30:06",2071.5,2,noncaffeine
1205,16625060,"Subin An","2026-09-25 13:21:55",2071.3,2,subinium
1206,16657100,"Jacky Chan","2026-09-24 23:27:04",2070.5,2,jhkchan
1207,16802867,matcha110,"2026-09-26 14:11:55",2070.2,2,matcha110
1208,16939044,pioneerqaz,"2026-09-25 16:26:40",2070.1,2,pioneerqaz
1209,16810408,"Bohdan Boklah","2026-09-26 09:58:23",2069.5,2,bohdanbb2000
1210,16698308,"Gemini IS ALL YOU NEED","2026-09-25 08:36:45",2068.8,2,"jacqueszhelinzhang,yuan800"
1211,16778012,俺是耕田哩,"2026-09-27 05:13:51",2068.5,2,tianzhenggao
1212,16844233,y3uanm,"2026-09-27 03:45:48",2068.2,2,"delta47x,lunpaixo,y3uanm"
1213,16913081,"Danil Bashkirov","2026-09-26 16:55:59",2068.0,2,chieph
1214,16654707,ManasviSharma,"2026-09-25 11:03:40",2067.2,2,manasvi821
1215,16682210,Boiled-Sweet-Potato,"2026-09-27 01:55:23",2067.0,2,boiledsweetpotato
1216,16634952,"Igor Zharov","2026-09-26 15:10:47",2066.6,2,flexonafft
1217,16643319,Jules,"2026-09-26 18:27:18",2066.2,2,julesvanligtenberg
1218,16806862,JudyWatermelon,"2026-09-24 23:56:16",2066.1,2,judywatermelon
1219,16769116,qiuqiu,"2026-09-26 03:48:07",2065.3,2,qiuqiuh
1220,16804757,MAT,"2026-09-25 09:11:05",2065.3,2,mehmetanltays
1221,16893006,"Duvor Richard","2026-09-25 14:43:58",2065.1,2,duvorrichard
1222,16775242,"Timothee Henry","2026-09-27 05:29:10",2064.6,2,timhenry
1223,16698136,"David Estevez","2026-09-26 15:00:04",2064.4,2,destbreso
1224,16766498,HNUST,"2026-09-26 19:37:07",2063.8,2,"aloemoon,castianhans"
1225,16836787,KSKBL,"2026-09-25 13:43:46",2063.2,2,"length1001,trafalgar1234"
1226,16870342,"CHEN Xiang","2026-09-27 02:54:12",2062.6,2,intoxicatinglips
1227,16663175,Anaconda,"2026-09-26 00:09:51",2062.6,2,anaconda
1228,16891718,"Me & myself","2026-09-25 07:51:23",2062.4,2,fannasankh
1229,16635818,F.A.Nina,"2026-09-27 00:34:57",2062.4,2,nina2025
1230,16921670,giyogoioが相手の農地を燃やします,"2026-09-26 05:16:38",2062.3,2,"giyogoiohlrlqll,k256net"
1231,16655688,"Ryan Shan","2026-09-25 22:27:11",2062.2,2,codegold
1232,16848208,"Takuto Inoue","2026-09-27 02:41:30",2062.1,2,takutoinoue
1233,16661665,"Leonardo Viola10","2026-09-24 15:10:36",2061.9,2,leonardoviola10
1234,16665233,"Akash Deep","2026-09-26 10:48:42",2061.9,2,akashdeepo
1235,16727998,hidsaito,"2026-09-27 02:47:00",2061.9,2,hidsaito
1236,16806328,"The Fly🪰","2026-09-25 11:44:13",2061.1,2,takamichitoda
1237,16691512,"Hongxin Su","2026-09-25 15:55:02",2061.1,2,hongxinsu
1238,16623533,xthixsl_ml,"2026-09-26 09:10:27",2061.0,2,xthistle999
1239,16685982,Snorf,"2026-09-26 14:37:56",2061.0,2,snorfyang
1240,16775125,weimean,"2026-09-26 13:35:57",2061.0,2,gtwm98
1241,16635406,ykuroka,"2026-09-26 22:35:41",2060.9,2,ykuroka
1242,16668227,Yusuraume,"2026-09-27 05:06:49",2060.9,2,sugitatomohiko
1243,16664577,a14iiiii,"2026-09-26 02:55:58",2060.9,2,a14iiiii
1244,16687363,"elegantangel (628700)","2026-09-26 08:56:15",2060.6,2,elegantangel
1245,16924480,Manasa.ai,"2026-09-25 03:06:50",2060.1,2,manasaai
1246,16677149,"Umataro Tenma","2026-09-27 03:51:51",2059.4,2,umatarotenma
1247,16637987,Xander,"2026-09-27 02:22:00",2059.1,2,"badboiriri,canqiang,xiuyang88"
1248,16632201,neurlog,"2026-09-25 20:42:08",2058.3,2,neurlog
1249,16945301,QQQXXX123,"2026-09-26 11:47:02",2056.9,2,qqqxxx123
1250,16751140,onick_man,"2026-09-26 21:35:30",2056.7,2,ftakahas
1251,16884858,HojunLee,"2026-09-27 06:26:13",2055.7,2,hojuna
1252,16663668,"Tahsin Arafat","2026-09-26 10:41:50",2055.5,2,tahsinarafat
1253,16852141,"Zhou Hengyu","2026-09-26 07:13:02",2055.0,2,zhouhengyuu
1254,16840617,RyotaroAbe,"2026-09-24 15:17:52",2054.8,2,ryotaro45123
1255,16854552,ShionMatsuoka,"2026-09-26 02:05:12",2054.4,2,shionmatsuoka
1256,16720056,"Heads or Tails","2026-09-27 03:52:04",2054.3,2,headsortails
1257,16668532,"Nir Aberman","2026-09-25 04:13:41",2054.1,2,niraberman
1258,16792410,"Taewoong Kim","2026-09-27 03:09:19",2054.1,2,aleaiest
1259,16821967,"Nakul Maurya","2026-09-23 22:04:40",2053.6,2,nakulmaurya
1260,16814409,YuyaSuzuki,"2026-09-26 00:25:55",2053.5,2,yututapp
1261,16727404,Yichi,"2026-09-24 12:15:42",2052.5,2,"liyulin666,yichi02"
1262,16865317,"sunil kumar","2026-09-26 05:08:12",2052.2,2,sunil123kumar
1263,16678534,"Filip Strzałka","2026-09-27 01:27:39",2052.1,2,snufkin77
1264,16661050,Master_S1ave,"2026-09-26 11:31:08",2051.9,2,masters1ave
1265,16862044,"Toshiki Narushima","2026-09-27 05:22:33",2051.7,2,toshikinarushima
1266,16741113,kaitle,"2026-09-26 04:58:15",2051.3,2,kaitle
1267,16687649,track,"2026-09-26 20:46:20",2050.6,2,"a2nt1as2n,ahmedberatozer,omerlleez"
1268,16723096,Shabuuu,"2026-09-25 13:55:51",2050.6,2,shabuuu
1269,16718480,PLReddy23,"2026-09-26 17:08:47",2050.2,2,plreddy23
1270,16918941,"E-Max AI","2026-09-26 16:47:25",2050.1,2,royalacecat
1271,16658962,"Fabian Friedland","2026-09-27 04:05:47",2050.0,2,fabotelli
1272,16702754,"Запрети мне брать H100","2026-09-26 20:16:18",2049.7,2,"amocualg,borismatsakov,kirya1,vladimirlovtsov18"
1273,16697229,"Masashi Nishimoto","2026-09-26 20:35:10",2049.6,2,masashinishimoto
1274,16644808,"Rotation Theory","2026-09-26 06:07:00",2049.4,2,mikhsank
1275,16701685,shawloong,"2026-09-25 01:14:31",2049.3,2,shawloong
1276,16810308,Congy,"2026-09-27 05:32:05",2048.6,2,congyingma
1277,16855885,"Shinonome Seiga","2026-09-26 16:22:21",2048.4,2,shinonomeseiga
1278,16675684,washamba_bots,"2026-09-27 03:15:12",2048.2,2,"billygmwangi,futurecentaur,peterkibetspidey,stephanenjoki"
1279,16730761,ElephtAI,"2026-09-26 07:23:45",2048.1,2,yuchengj
1280,16845907,yt0914,"2026-09-24 04:25:15",2047.8,2,yt0914
1281,16823938,InSociEUP,"2026-09-24 14:38:59",2047.5,2,santanubanerjee9
1282,16712121,"Hai Dang","2026-09-26 11:31:26",2047.1,2,haidang2405
1283,16668761,"Lorenzo Regalado","2026-09-26 15:58:52",2046.7,2,lregaladohdez
1284,16790585,wzyxp_123,"2026-09-27 02:41:23",2046.4,2,cloudssdut
1285,16621625,YBEJlKA,"2026-09-25 19:52:33",2046.2,2,alexanderchesnokov
1286,16693045,"Huseyin Battal","2026-09-25 00:07:14",2045.9,2,huseyinbattal
1287,16700634,"Alperen Söylen","2026-09-26 22:57:27",2045.8,2,alperensylen
1288,16631640,7day-enough,"2026-09-26 19:43:38",2045.4,2,"caoyupeng,diandianzi,lingyu07,lixin73,xiaoxiaohuazong"
1289,16938244,"Yeashu Semwal","2026-09-26 20:22:42",2045.1,2,yeashusemwal
1290,16854428,"Marwan Ashref","2026-09-26 18:25:06",2044.9,2,"abobakerabobaker,karimhamada,marwanashref"
1291,16807411,tamura_aicon,"2026-09-23 00:03:54",2044.7,2,hayatetaf
1292,16926473,"Illia Dolenko","2026-09-22 00:32:26",2044.1,2,illiadolenko
1293,16735628,RB25det,"2026-09-26 08:41:28",2042.9,2,"perrodawn,rb25det,shinzotakayama,toranosukenoda"
1294,16703045,ReCurSiON,"2026-09-26 18:15:04",2042.8,2,ashok205
1295,16668152,ksew364,"2026-09-24 09:24:05",2042.2,2,ksew364
1296,16928466,"Diogenes's cask","2026-09-26 10:37:55",2041.8,2,diogenesscask
1297,16949185,"Akil Al-Sharafi","2026-09-26 21:21:34",2041.5,2,akilalsharafi
1298,16675873,"Zhu Liang","2026-09-27 05:14:15",2041.2,2,paradite
1299,16943709,ser5kovskiy,"2026-09-26 22:38:36",2040.3,2,sergeypyatkovskiy
1300,16730881,hank0123,"2026-09-27 05:23:28",2040.0,2,hank0123
1301,16654196,"Aryaman Chokhani","2026-09-24 08:41:08",2039.7,2,"aryamanchokhani,pranrocky"
1302,16702975,RicardoLópez,"2026-09-26 03:50:46",2039.5,2,richi2489
1303,16731834,Kamma,"2026-09-26 23:35:48",2039.1,2,"cheliu0307,makerfly,vonlanvonlan233"
1304,16786517,"Kagdew Valley_HeNU","2026-09-26 21:17:49",2039.0,2,"hongtongyi,hoshiiabc,lizhe125,ypeng1234"
1305,16793656,王子铖,"2026-09-26 21:00:40",2038.7,2,aurantium
1306,16627148,"HUNGRED XYIS","2026-09-25 09:45:58",2038.1,2,"gleny48,makarrogovik,wooler1"
1307,16933848,"Lawrence Katongole","2026-09-23 12:47:55",2038.0,2,lawrencekatongole
1308,16704818,probably6767,"2026-09-27 00:31:14",2036.4,2,probably6767
1309,16740263,4H,"2026-09-26 05:39:38",2036.4,2,scottweeden
1310,16795853,GaoKui,"2026-09-25 03:39:45",2035.8,2,gaokui
1311,16654752,Agrofitting,"2026-09-26 19:10:05",2035.1,2,"evvfebruary,vinch97"
1312,16640873,"Takumu Hata","2026-09-27 03:18:32",2035.0,2,takumuhata
1313,16858418,"Nguyễn Công Tuấn","2026-09-27 02:50:46",2033.4,2,nctuan
1314,16944851,Asuka0131_LFG,"2026-09-27 04:08:40",2032.8,2,whisperss
1315,16710140,Lynxx,"2026-09-26 06:51:13",2032.2,2,lynnsakurai
1316,16754567,"Ashraf 1232","2026-09-26 19:18:39",2031.8,2,ashraf1232
1317,16675493,"Ryotaro Minato","2026-09-27 01:15:32",2031.8,2,ryotarominato
1318,16842242,"Scott Kirila","2026-09-27 04:02:23",2030.9,2,scottkirila
1319,16903770,UYHHHHYu,"2026-09-23 13:20:49",2030.3,2,yhhhhyu
1320,16630752,motemen,"2026-09-27 05:26:17",2029.8,2,motemen
1321,16707915,MGöksu,"2026-09-25 19:43:47",2029.5,2,mgoksu
1322,16934238,"Yujin Cha","2026-09-25 11:28:57",2029.1,2,ckdbwlsdlfkdn
1323,16750268,"Harris Bashir","2026-09-25 20:52:15",2029.0,2,harrisbashir
1324,16848929,"Nikoo Yu","2026-09-25 18:13:05",2028.6,2,nikooyu
1325,16747408,すずき,"2026-09-27 05:45:15",2028.1,2,shumpeace
1326,16699722,Dicere,"2026-09-23 09:23:48",2027.9,2,thedark735
1327,16826561,"ANJAN B","2026-09-27 04:50:17",2027.7,2,anjan4646
1328,16665237,"Ad Space Available","2026-09-27 00:48:51",2027.5,2,"liyouran0820,rainchen0411,richardsilence,tongyuexiao"
1329,16801171,"Asterios Terzis","2026-09-26 13:07:41",2026.9,2,asteriosterzis
1330,16811571,"Daniel Guo","2026-09-27 04:27:07",2026.8,2,denialguo
1331,16741500,weichy7,"2026-09-26 12:27:42",2026.8,2,weichy7
1332,16829239,tomfng,"2026-09-26 07:16:52",2026.5,2,tomfng
1333,16925699,"YOUNG CHOW","2026-09-27 05:18:54",2026.5,2,youngchow
1334,16621515,"Alexander Gremyakov","2026-09-26 00:07:01",2025.8,2,alexandergremyakov
1335,16662910,"shoryakumar mishra","2026-09-27 05:16:33",2025.5,2,shoryakumarmishra
1336,16886627,caintly,"2026-09-26 12:37:27",2025.4,2,eyesad
1337,16792586,dodoshark,"2026-09-27 03:21:52",2024.0,2,dodoshark
1338,16761652,"Dhruv #2","2026-09-26 08:05:02",2023.7,2,dhruvrama
1339,16758895,daphne,"2026-09-27 03:35:49",2022.8,2,daphne4sg
1340,16761693,nhatvo,"2026-09-23 01:07:47",2021.1,2,nhatvo
1341,16696231,"Oleg Smirnov","2026-09-27 02:41:31",2020.9,2,smirnolegov
1342,16805918,"kaito ide 31","2026-09-27 05:26:18",2020.3,2,kaitoide31
1343,16895464,WilsonPzx,"2026-09-27 05:14:02",2020.0,2,"lirongkun,wilsonpzx"
1344,16621153,"Addison Howard (ineligible)","2026-09-25 18:41:34",2019.7,2,addisonhoward
1345,16904984,"Andrej Angelovski","2026-09-22 17:23:18",2018.8,2,cybertiger7
1346,16895147,"DL Julius","2026-09-25 08:41:15",2018.3,2,dljulius
1347,16744979,"Ahmed Alhassan","2026-09-13 21:51:58",2016.6,2,ahmed55
1348,16732763,"Raihan Ramadistra","2026-09-26 04:44:16",2016.4,2,raihanramadistra
1349,16775473,LuanHengYu,"2026-09-26 05:29:50",2016.0,2,apexml
1350,16767052,KaitoKusumoto,"2026-09-26 14:34:13",2015.6,2,kaitokusumoto
1351,16635872,"Evgeniya Dmitrieva","2026-09-23 18:05:27",2015.2,2,evgeniyadm
1352,16809194,Ajanraj,"2026-09-23 17:48:10",2015.2,2,ajanraj25
1353,16656143,"Debanshu Mallick","2026-09-26 21:28:36",2015.0,2,debanshumallickiisc
1354,16798694,물,"2026-09-26 18:11:57",2014.6,2,nintendojoa
1355,16947583,Koranil,"2026-09-26 08:19:53",2014.5,2,koranil
1356,16790943,"Tashfik Salehin","2026-09-26 18:28:58",2014.4,2,tashfiksalehin
1357,16747161,wqlun06,"2026-09-27 04:05:01",2014.3,2,wqlun06
1358,16661607,choqui62,"2026-09-27 04:51:05",2013.5,2,choqui62
1359,16742149,"Ankith Savio","2026-09-25 22:13:45",2012.9,2,weedoo
1360,16777961,qiwaki,"2026-09-26 09:28:54",2012.8,2,resonayu
1361,16759058,Miz,"2026-09-25 16:01:02",2012.3,2,ryota040
1362,16630524,"Omprakash Patra","2026-09-26 23:14:34",2011.9,2,omprakashpy
1363,16866549,"Roman Nesterov","2026-09-25 11:21:34",2010.7,2,romanest
1364,16682183,lihaha.36,"2026-09-26 19:15:50",2010.2,2,lihaha36
1365,16665416,"zeyu lau","2026-09-22 12:23:19",2009.2,2,zeyulau
1366,16894714,"PadroChill Farm","2026-09-23 14:37:39",2008.7,2,"gerbertradmirovich,kastv90"
1367,16945907,"yuki ogata","2026-09-26 14:28:52",2008.3,2,yyogata
1368,16724298,Orig_lab,"2026-09-24 10:30:26",2008.2,2,chengxixixi
1369,16883168,jojo,"2026-09-26 23:54:13",2007.7,2,jojojablon
1370,16682867,sneaky6767,"2026-09-27 00:31:19",2007.3,2,sneaky6767
1371,16626814,"Vu Tran Hoang","2026-09-25 06:42:29",2007.2,2,hoangvux
1372,16631978,"batuhan kalem","2026-09-22 19:02:41",2006.5,2,batuhankalem
1373,16838538,"rz cao","2026-09-25 02:31:27",2005.9,2,"caoruizhe,luckybara"
1374,16664836,"Adnan Zaman","2026-09-27 04:35:06",2005.4,2,adnanzamanniloy
1375,16811900,"Brejesh Balakrishnan","2026-09-23 06:38:14",2005.2,2,brejeshbalakrishnan
1376,16859496,KTAcosmo,"2026-09-27 04:12:55",2004.9,2,ktacosmo2kag
1377,16764499,"Edwards Neuron","2026-09-27 05:29:44",2004.0,2,edwardsneuron
1378,16931054,"Asakusa Agricultural Co., Ltd","2026-09-27 05:29:36",2003.3,2,daeyoungahn
1379,16655520,"kaggle Osaka","2026-09-27 03:11:37",2002.6,2,toshiyukitanaka
1380,16913949,"Tejash Prakash","2026-09-26 11:28:22",2002.1,2,tejashxprakash
1381,16696997,coolin666,"2026-09-27 04:30:06",2001.9,2,coolin666
1382,16730045,渡邊征央,"2026-09-25 05:47:50",2001.4,2,undertaker3409
1383,16703315,"Ryan Triplett","2026-09-26 05:37:26",2001.4,2,ryantriplett
1384,16746191,たがやす,"2026-09-24 11:34:09",2001.1,2,drktti
1385,16772460,"Дмитрий Онин","2026-09-27 02:00:16",2001.1,2,rejo1ce
1386,16634537,d_tree_love,"2026-09-27 05:40:29",2000.6,2,yuki11ii
1387,16633100,"Emile Andrieu","2026-09-19 23:36:43",1999.1,2,emileandrieu
1388,16758556,bpbpbpbpb,"2026-09-27 01:16:17",1998.9,2,bpbpbpbpb
1389,16881235,"Konstantin Zorin","2026-09-26 19:46:50",1998.9,2,zokost
1390,16754882,vvs,"2026-09-27 04:57:29",1998.6,2,marvelworld
1391,16882140,"jiang luo1021","2026-09-27 02:23:56",1997.9,2,"jiangluo1021,shangzhongxia"
1392,16657775,"Raagav & Pieter","2026-09-27 01:46:04",1997.9,2,"peetapit,raagavanand"
1393,16660483,TIM,"2026-09-26 02:57:59",1997.8,2,daynoryamil
1394,16669269,"yash bhaskar","2026-09-27 05:50:46",1996.9,2,yash9439
1395,16728071,AI是我的豆包,"2026-09-27 04:42:12",1996.5,2,"blht2026,wocenmma,zzxhee"
1396,16633179,infamemconculcemus,"2026-09-26 20:45:21",1996.3,2,jcgweb
1397,16806541,hidenov,"2026-09-27 05:29:22",1996.0,2,hidenov
1398,16859034,wayg9odysseus,"2026-09-24 18:56:46",1995.9,2,wayg9odysseus
1399,16734914,bharat,"2026-09-25 18:08:02",1995.9,2,bharatmohan
1400,16638551,"GOAT   Mathieu ""ZywOo"" Herbaut","2026-09-27 05:03:58",1995.3,2,ryosketchbook2007
1401,16686583,techtech69,"2026-09-26 14:49:27",1995.0,2,techtech69
1402,16654881,Freddy,"2026-09-27 03:54:14",1994.9,2,twoxding
1403,16660281,"xiy lin","2026-09-27 05:43:32",1994.9,2,xiylin
1404,16773098,Apa,"2026-09-27 05:14:19",1994.8,2,yasso1
1405,16945969,"Rushil Desai","2026-09-27 05:24:43",1994.6,2,rushildesai
1406,16665746,Chiranjieev,"2026-09-26 05:10:41",1994.5,2,"abhirajhiwale,amitambhore27,himanshu2605"
1407,16687159,Max64738CB,"2026-09-26 17:58:04",1994.4,2,max64738cb
1408,16734409,"Yuta Yamazaki","2026-09-27 00:01:45",1994.0,2,yamayuu18
1409,16671738,Exposed,"2026-09-26 07:24:40",1993.9,2,erickeller2
1410,16909097,"Yaoxiang Li","2026-09-27 04:37:11",1993.2,2,lzyacht
1411,16677518,"Khor Yin Loon","2026-09-26 01:21:52",1992.8,2,khoryinloon
1412,16709463,MKhlystun,"2026-09-26 15:26:51",1991.5,2,mkhlystun
1413,16841708,toku,"2026-09-23 15:31:55",1991.2,2,tokurr
1414,16632262,Milkomeda,"2026-09-25 08:42:16",1991.1,2,milkomeda74583
1415,16833141,yomogii,"2026-09-27 04:09:52",1990.3,2,yomogii
1416,16853805,yefenfei,"2026-09-27 00:22:31",1990.0,2,"stargazer7c,yefenfei,yuchenzhanlulu,zhengweibin1026"
1417,16842194,threnox,"2026-09-26 18:33:21",1989.7,2,threnox
1418,16785753,"Mizero Lucky Gall","2026-09-26 21:04:34",1989.4,2,mizeroluckygall
1419,16727745,auouer,"2026-09-27 05:28:58",1989.4,2,"auouer,guriken,hkamna,insightfulthinking"
1420,16814852,"Shivcharanraju Anga","2026-09-27 04:33:32",1989.3,2,shivcharanrajuanga
1421,16779067,fishwg,"2026-09-27 06:19:46",1989.0,2,fishwg
1422,16652631,"Panagiotis Anagnostou","2026-09-25 10:06:02",1988.4,2,panosanag
1423,16776738,"Kundan Bhaskar","2026-09-26 19:06:11",1986.9,2,kundan007
1424,16697395,darktetradgod,"2026-09-25 15:11:22",1986.9,2,darktetradgod
1425,16884244,UCAS_fish_wang,"2026-09-27 06:15:52",1986.9,2,yiliu15
1426,16846856,BladeRunner,"2026-09-26 11:59:57",1986.9,2,bladerunner2022
1427,16810299,spencersi123,"2026-09-23 17:44:52",1986.8,2,spencersi123
1428,16896774,EPHEMORIA,"2026-09-25 09:29:13",1986.8,2,ephemoria
1429,16935521,闰土和‌猹‌,"2026-09-26 17:18:59",1986.8,2,"fenghanxiang,zzh13332470923"
1430,16732478,Ken_Ken_Pa,"2026-09-27 02:21:13",1984.8,2,kenkenpa
1431,16655190,"Will Rice","2026-09-26 21:20:18",1984.6,2,willrice
1432,16635504,"Datta Dhebe","2026-09-26 13:29:14",1982.6,2,dattadhebe
1433,16938872,ゴロ・イ,"2026-09-27 00:17:40",1982.1,2,gorubachohu
1434,16740161,r2singh,"2026-09-25 22:48:40",1981.1,2,ratnaraj
1435,16936688,"avinash singh","2026-09-26 16:12:04",1981.0,2,avszoom
1436,16632735,"No Free Lunch, Only Melons","2026-09-24 14:02:17",1980.6,2,kawaharataishi
1437,16936225,Holeon,"2026-09-26 17:05:58",1980.6,2,holeon
1438,16904732,Weifenhuan,"2026-09-26 15:51:58",1979.4,2,schwa6
1439,16755654,oQo,"2026-09-23 20:02:51",1978.9,2,oqoxodk6
1440,16670210,"Ali Alghaithi","2026-09-25 08:53:11",1978.7,2,alioman
1441,16741527,meiyoun,"2026-09-23 14:51:46",1978.7,2,"guetsg,meiyoun,miraclehat"
1442,16932757,yucho147,"2026-09-23 03:35:48",1978.4,2,yucho147
1443,16722378,waticson,"2026-09-23 14:55:18",1978.2,2,yutodennou
1444,16762248,KongKongDe,"2026-09-24 11:25:21",1977.9,2,kongkongde
1445,16864113,YYC3,"2026-09-23 10:47:51",1977.9,2,icongovo
1446,16769491,"Ivan Ternovskiy","2026-09-26 10:25:53",1977.6,2,aristophanivan
1447,16756153,"🪏Harvest Moon","2026-09-26 14:53:59",1977.5,2,"bbrage,bobmyersthesecond,wguesdon,yutomuroshima"
1448,16948826,"Viswesh Suri","2026-09-26 20:41:29",1977.4,2,visweshsuri
1449,16892682,"Yasuhiro Manai","2026-09-26 07:27:46",1977.0,2,yasu01
1450,16741639,kirito83,"2026-09-25 06:18:26",1975.5,2,lishsh83
1451,16653093,"willam wu","2026-09-25 08:17:47",1975.0,2,biaaib
1452,16630251,"Handry Novianto","2026-09-24 08:49:02",1974.3,2,handrynovianto
1453,16657931,t-enstar,"2026-09-26 09:36:59",1974.2,2,tstustatama
1454,16692956,VanKoha,"2026-09-27 01:04:12",1972.8,2,kohasama
1455,16709435,"Artyom Lyan","2026-09-24 09:36:10",1972.7,2,arli2016
1456,16660046,"Ikki Katsuyama","2026-09-25 15:08:22",1972.0,2,kacchanwriting
1457,16647438,"Aderian Setiawan","2026-09-26 07:37:57",1972.0,2,aderiannovito
1458,16757064,"coke lu","2026-09-24 08:51:05",1971.9,2,cokelu
1459,16856778,"Johnathan King","2026-09-26 23:27:35",1971.7,2,johnathanking1278
1460,16723379,local,"2026-09-23 07:32:48",1971.7,2,matteo123383iend
1461,16693431,"Yi Wang","2026-09-24 11:43:20",1970.7,2,jone520
1462,16698294,"John Doe","2026-09-25 01:10:36",1970.2,2,johndoe90843
1463,16674174,"Ramesh Arvind","2026-09-26 20:14:13",1969.7,2,rameshln
1464,16938980,24110231_pyongjoo,"2026-09-25 15:30:07",1969.6,2,assistonia
1465,16630829,Ivan1625,"2026-09-27 05:25:31",1969.6,1,ivan1625
1466,16655686,Kyle,"2026-09-24 04:31:20",1968.9,2,kylezhouzhou
1467,16744842,juisajdiasd,"2026-09-24 13:54:36",1968.5,2,juisajdiasd
1468,16897501,"I'm Fine.","2026-09-26 03:10:36",1967.6,2,zkheart
1469,16692185,"Xu Suyi","2026-09-25 17:19:32",1967.5,2,xuyuhaosuyi
1470,16632245,u,"2026-09-27 00:10:45",1967.3,2,"apostoloskontarinis,curbotron13,halzweiman,josephmcgonaglebrown,shreyanshpoddar"
1471,16669123,"Alex #2","2026-09-24 12:40:04",1967.0,2,alxdfy
1472,16850198,"Daiki Yasui","2026-09-26 09:22:39",1966.9,2,daikiyasui
1473,16839422,Serendipity,"2026-09-26 14:44:24",1965.6,2,stringyixuxi
1474,16632240,Deepseek的恩情还不完,"2026-09-27 05:54:43",1965.5,2,"iwanys,pedianeko,realybin,theunforgiven7"
1475,16905685,小娃娃是娃娃里较小的娃娃,"2026-09-23 17:54:00",1963.6,2,xiewenwei29
1476,16761875,"Eugen Nekhai","2026-09-26 12:05:42",1962.4,2,eugennekhai
1477,16906651,Izumi_LP,"2026-09-24 08:17:44",1962.4,2,amememe
1478,16693342,takemo,"2026-09-26 13:21:03",1961.8,2,takemoriyuto
1479,16806160,"Hamza Atique ","2026-09-26 15:34:27",1961.7,2,hamzaatique
1480,16715933,Scomics,"2026-09-24 05:25:58",1960.1,2,"bruceche7797,dongyiqun,jyxxxx"
1481,16661325,"Max Fofanov","2026-09-25 12:31:58",1959.8,2,maxfofanov
1482,16751999,"Poorna Sai Dumpa","2026-09-25 02:32:17",1958.9,2,poornasaidumpa
1483,16842747,314?,"2026-09-24 08:51:31",1958.7,2,elshahed
1484,16897489,"East Kowloon","2026-09-23 16:16:34",1958.3,2,"haydenmlh,veron0611"
1485,16726915,"인공저능연구소( Artificial Idiocy Lab )","2026-09-27 00:05:58",1957.0,2,megayak
1486,16655316,Nader,"2026-09-26 18:31:04",1956.9,2,naderamin
1487,16716317,yzyhello,"2026-09-27 03:54:24",1956.5,2,"dalll77,yzyhello"
1488,16892118,DsLiner,"2026-09-25 15:12:41",1956.5,2,dsliner
1489,16883907,lll,"2026-09-24 04:11:11",1956.2,2,lghlgh001
1490,16725996,MatheusPSorancoDeCarvalho,"2026-09-26 13:34:34",1956.0,2,matheussoranco
1491,16888303,Satuker,"2026-09-26 22:44:20",1955.7,2,filipgaliski
1492,16810595,dauriel,"2026-09-26 09:39:56",1955.3,2,"dauriel,theakshay"
1493,16892313,zszdl0530,"2026-09-26 03:12:47",1955.0,2,zszdl0530
1494,16927351,"Bryan Yahir Hernandez","2026-09-26 20:33:22",1954.9,2,bryanhernandez
1495,16795798,"Refrain 1","2026-09-22 15:35:00",1954.5,2,"chisatoy,refrain1"
1496,16773026,アルモンド,"2026-09-27 06:25:55",1953.9,2,almondman0707
1497,16666571,"Zhengxu Yu","2026-09-24 09:26:27",1952.7,2,zhengxuyu
1498,16911078,Tolgii,"2026-09-26 06:56:06",1952.7,2,tolgakiremit
1499,16667767,t3l3kin3sis,"2026-09-27 00:04:20",1952.6,2,"daffafariq,hashmatzamaryali,malsabbagh05"
1500,16735794,宗宗没有英文名,"2026-09-27 00:29:39",1952.2,2,iver666
1501,16632867,"Rayk Kretzschmar","2026-09-24 23:30:25",1952.0,2,raykkretzschmar
1502,16671454,Shadow,"2026-09-23 16:27:35",1951.2,2,uziahmd
1503,16755203,TY0912,"2026-09-24 14:18:59",1951.0,2,samejimatink0
1504,16651695,"Fried Chicken Lovers","2026-09-27 06:15:26",1950.9,2,"gwey1025,koushikrudra,kragglenote2forwork"
1505,16767360,"Sinh Nguyễn Đức","2026-09-23 17:39:10",1950.9,2,sinhnguync
1506,16852383,"Ahmed Mostafa #2","2026-09-26 16:56:00",1950.9,2,republic966
1507,16692923,"Pavel Kazlou","2026-09-26 20:48:31",1950.2,2,paulik
1508,16748765,"A. R. SEKKAT","2026-09-27 05:54:44",1949.5,2,arsekkat
1509,16661558,안녕하세요이세입니다잘부탁드립니다,"2026-09-27 02:59:23",1948.7,2,"moonswalk,municef1"
1510,16904028,BraydenPikachu,"2026-09-27 03:53:44",1948.6,2,braydenpikachu
1511,16723272,"Rimsha Kanwal","2026-09-23 18:18:16",1948.4,2,rimsha234
1512,16904289,"farmer zefeng","2026-09-24 10:48:49",1947.7,2,zefengai
1513,16859963,LINXI,"2026-09-27 05:57:29",1947.3,2,linxii012
1514,16880830,Piyorin,"2026-09-26 05:02:30",1946.8,2,mystakhs
1515,16850522,WayneCheng,"2026-09-26 07:45:24",1946.8,2,taffy1883
1516,16862096,"Saksham Gupta","2026-09-26 19:01:26",1946.7,2,mashug
1517,16811920,"MINGXI LIU","2026-09-18 04:59:30",1946.4,2,wang5630900
1518,16798317,"Baran Akyıldız","2026-09-24 16:17:09",1946.2,2,baranakyldz
1519,16665357,XW,"2026-09-26 07:21:49",1946.0,2,xuewei
1520,16694110,"Team Amboss","2026-09-23 16:09:25",1944.9,2,alexphilippi
1521,16634312,"Linh Le","2026-09-25 01:49:09",1944.7,2,linhlethuy
1522,16784608,shawenher,"2026-09-23 17:45:03",1944.3,2,shawenher
1523,16693092,"Sell wheat everyday💨","2026-09-26 13:14:30",1944.3,2,"dzisandy,e0xextazy,liderpartiii"
1524,16671292,Yuyajk,"2026-09-24 05:39:41",1944.2,2,yuyajk
1525,16709101,"Djaafar Lecheheb DL","2026-09-26 23:47:30",1943.7,2,djaafarlechehebdl
1526,16937599,"Tanampa Ampun","2026-09-24 16:17:30",1942.3,2,fathurachmadhanafi
1527,16634462,"Yash Marathe","2026-09-23 13:27:14",1941.7,2,maratheyash
1528,16765884,洛希边际,"2026-09-27 05:59:47",1941.1,2,"bxz2003,mingyue12318,thethirdsight"
1529,16633853,"funny farm","2026-09-27 03:24:45",1940.9,2,"alannasibullin,alexandrutkov"
1530,16671017,"Pablo César Ruíz","2026-09-24 18:21:58",1940.7,2,pcruiher08
1531,16624056,Raggriculture,"2026-09-26 10:42:52",1940.5,2,ravi123a321at
1532,16848970,massi0411,"2026-09-25 04:07:23",1939.6,2,massi0411
1533,16794167,"Daniel Mineev","2026-09-26 22:11:04",1938.8,2,nilpotent1
1534,16765601,"Dinesh Makireddy 7389","2026-09-26 20:15:26",1938.3,2,dineshmakireddy7389
1535,16658830,"Farhat Pachisa","2026-09-25 11:39:11",1938.2,2,farhatpachisa
1536,16772678,SuppliLion,"2026-09-26 10:18:39",1937.7,2,supplilion
1537,16623897,satoooh,"2026-09-27 04:22:13",1937.2,2,satoooh
1538,16772391,"Jinhan Gao","2026-09-26 21:39:49",1936.3,2,jinhangao
1539,16843221,refine123,"2026-09-27 05:08:37",1936.3,2,refine123
1540,16659467,AlexMoura2026,"2026-09-27 00:00:47",1936.2,2,alexmoura2023
1541,16932996,"Francisco Angulo de Lafuente","2026-09-25 22:30:06",1936.0,2,franciscoangulo
1542,16819030,sunyuxiang136,"2026-09-27 02:55:42",1935.8,2,"hqy0619,orangetailfish,sunyuxiang136,tshen12"
1543,16765668,shun_johnny,"2026-09-27 01:17:01",1935.7,2,shunjohnny
1544,16779977,sue124,"2026-09-26 19:55:47",1935.7,2,ryotasueyoshi
1545,16683529,"Yanis Belami","2026-09-26 20:22:05",1935.4,2,yanisbelami
1546,16638994,wpl,"2026-09-26 14:13:08",1935.1,2,peilwang
1547,16664217,Shushantw,"2026-09-23 14:34:39",1934.7,2,shushantw
1548,16732714,Mforg,"2026-09-25 03:26:51",1934.7,2,mforg74911
1549,16938955,何时成为宗师,"2026-09-23 16:09:32",1934.6,2,wowandanle
1550,16658499,Grifun,"2026-09-25 09:06:13",1934.3,2,msingatullin
1551,16633069,"Nur Srijan","2026-09-25 15:27:30",1934.0,2,nursrijan
1552,16847478,tokitamago,"2026-09-25 11:35:25",1933.6,2,tokitamago
1553,16823942,"jiajun chi","2026-09-25 05:33:48",1933.5,2,jiajunchi
1554,16728571,hasibirok0,"2026-09-25 12:25:55",1933.0,2,hasibirok0
1555,16738424,Yunioshi,"2026-09-26 10:40:56",1932.1,2,yunioshi
1556,16863350,"Horatio Eversfield","2026-09-25 11:13:28",1931.5,2,horatioeversfield
1557,16639625,"Dr Chandrasen Pandey","2026-09-27 02:51:40",1931.0,2,devchandra
1558,16948146,tsuka3a_soc,"2026-09-26 15:15:51",1930.7,2,tsuka3asoc
1559,16761434,t07_noma,"2026-09-25 14:26:28",1930.7,2,t07noma
1560,16752104,WYSSR1225,"2026-09-27 00:34:25",1930.6,2,wyssr1225
1561,16676114,Gekkotron,"2026-09-24 13:32:38",1930.6,2,gekkotron
1562,16936082,"H IMedit","2026-09-24 21:37:36",1930.3,2,himedit
1563,16651402,"Mille Initiate","2026-09-24 09:07:29",1929.9,2,milleinitiate
1564,16921300,tamakawa,"2026-09-26 16:16:22",1929.9,2,tantantama1192
1565,16843582,isk54_34,"2026-09-26 05:25:07",1929.7,2,isk5434
1566,16782203,"rui xiong","2026-09-24 02:53:17",1929.3,2,xiongruihumingyu
1567,16942011,"Öylesine Yarışıyoruz","2026-09-25 14:43:54",1928.0,2,"burakemrepolat,muhammedfurkanata"
1568,16927550,User1114,"2026-09-26 15:05:15",1927.8,2,lyboihh
1569,16634088,Jet,"2026-09-25 09:54:52",1927.5,2,drkongvis
1570,16810306,"Asy Mortenson","2026-09-25 19:53:34",1926.3,2,asymortenson
1571,16655631,"Djamila Benchikh","2026-09-25 16:02:10",1925.8,2,djamilabenchikh
1572,16746010,"Khoi Tuan Nguyen","2026-09-23 15:06:41",1925.7,2,khoingt
1573,16626093,"Pilkwang Kim","2026-09-27 01:31:52",1925.3,2,pilkwang
1574,16674932,kokinnwakashuu,"2026-09-24 22:11:22",1925.3,2,kokinnwakashuu
1575,16743836,"Auto Fermers","2026-09-27 02:36:59",1925.2,2,"arsgorynich,artemboltaev,dmitriigluzdov"
1576,16663513,DLTLM,"2026-09-23 13:12:06",1925.0,2,"debayank2024,laveshjadon,laxmikantaroy,moumitaaaaaa,tarunraii"
1577,16661754,edwinis,"2026-09-26 19:08:11",1925.0,2,edwinis
1578,16662492,"Lester Leong","2026-09-27 05:48:03",1924.2,2,lesterleong
1579,16730728,"Le Trong Hieu","2026-09-27 00:24:59",1923.7,2,backtracking
1580,16789990,SA,"2026-09-27 04:10:19",1923.5,2,soheiarisaka
1581,16745995,"Guido Tapia","2026-09-24 08:41:21",1923.2,2,guidotapia
1582,16728160,Ozi,"2026-09-27 00:34:36",1922.7,2,muhammaduzair21
1583,16890503,KevinYongxin,"2026-09-25 08:29:37",1922.6,2,yongxinkwan
1584,16719563,"GPT-5.6 Sol🏆","2026-09-27 04:29:04",1922.6,2,"ctfxiao,gaoruihua,otherworldly777,wennaliu2007,xgentle"
1585,16809294,Cherie01,"2026-09-26 17:58:44",1921.8,2,cherie01
1586,16623400,Less,"2026-09-23 04:33:03",1921.7,2,jiaoyouzhang
1587,16884467,jiangnanxn,"2026-09-23 18:43:49",1921.5,2,jiangnanxn
1588,16639565,yasu,"2026-09-26 20:59:41",1921.1,2,yasutakababa
1589,16689599,Ryvven,"2026-09-26 20:13:01",1921.0,2,unethicalmk
1590,16689741,shinamonmon,"2026-09-24 07:38:25",1919.9,2,shinamonmon
1591,16914801,milkdragon,"2026-09-26 13:28:48",1919.1,2,hhhhhhyc
1592,16852910,omoch1,"2026-09-25 09:35:30",1918.4,2,agecom
1593,16941364,anto,"2026-09-26 15:03:27",1918.1,2,"yeohzhonghanervin,yueyaozzz"
1594,16672456,hangglider5,"2026-09-24 07:49:26",1917.8,2,hangglider5
1595,16832555,"Yanxi Teng","2026-09-24 00:17:25",1917.7,2,yanxiteng
1596,16752082,"Tian hao Qing Nano7ko","2026-09-24 08:44:08",1917.0,2,tianhaoqingnano7ko
1597,16747069,l'rug,"2026-09-25 16:10:12",1916.9,2,sdfsfsfsdf
1598,16734715,史永刚,"2026-09-24 01:58:08",1916.8,2,shizehao
1599,16919088,M.Y.C.E.L.I.S,"2026-09-27 05:58:33",1915.9,2,johnmoncel
1600,16623799,"Akhilesh godugu","2026-09-24 06:37:23",1915.7,2,"akhileshgodugu,ashokgodugu"
1601,16874388,"Shuqi Zhang","2026-09-24 06:55:25",1915.6,2,"giadungho,sasalisa"
1602,16936396,olHwHlo,"2026-09-26 07:44:32",1915.4,2,olhwhlo
1603,16825002,RAVEN,"2026-09-26 13:06:24",1915.2,2,silverlxt
1604,16637031,"and more","2026-09-25 07:28:43",1914.7,2,kym2022
1605,16936519,Found,"2026-09-26 15:21:54",1914.7,2,seventeennine
1606,16768143,KingDellaFarm,"2026-09-23 17:55:42",1914.6,2,"alessandrodestasi,disteroas"
1607,16904651,chenpengyu603,"2026-09-26 08:17:07",1914.3,2,chenpengyu603
1608,16647192,"Sailor Ren","2026-09-25 09:21:57",1914.2,2,"dongdongjiaqi,sailorren"
1609,16809211,"Aleix López","2026-09-24 21:25:39",1912.9,2,aleixlopez
1610,16783740,ZiYiMing,"2026-09-24 11:53:34",1912.6,2,"kaibozhou,ziyiming"
1611,16746632,tingyu516,"2026-09-26 11:23:11",1912.4,2,tingyu516
1612,16659550,"Sai Syam","2026-09-24 09:02:08",1912.2,2,saisyam
1613,16876180,kk.sky.9k,"2026-09-27 02:39:07",1912.2,2,kksky9k
1614,16771394,"ZHIRUI ZHAO","2026-09-23 14:17:48",1911.8,2,"harr23,zhiruizhao"
1615,16641348,wata,"2026-09-27 04:55:51",1911.6,2,iwatahiroki
1616,16896224,"Rajveer Singh Rajput","2026-09-26 15:58:34",1911.5,1,rajveersrajput080
1617,16707057,tamo,"2026-09-26 11:43:13",1911.4,2,ryotakasuya
1618,16738349,Suna-D,"2026-09-27 02:55:47",1910.7,2,sunad0630
1619,16912988,"Roy Zhu","2026-09-22 03:55:22",1910.1,2,roy0zhu0
1620,16941777,"Ziming Wu","2026-09-23 08:55:56",1909.6,2,zimingwu
1621,16852766,MCZK,"2026-09-25 04:27:58",1908.6,2,hitoshimochizuki
1622,16760990,naren_v,"2026-09-26 06:29:49",1908.3,2,varuthakari
1623,16806053,hisatarosu,"2026-09-25 13:10:10",1907.8,2,tomako4390
1624,16815132,"Duc-Anh Nguyen","2026-09-26 14:10:50",1907.5,2,valentinonguyen
1625,16701728,"katya barzova","2026-09-26 09:49:29",1907.5,2,"harlenka,nipah1,sigmaborov"
1626,16718649,"Zakaria Aala","2026-09-26 19:12:04",1907.5,2,zlordgrim
1627,16741178,guruguru000,"2026-09-26 13:13:42",1906.7,2,guruguru000
1628,16931893,IUT_BakeNekos【化け猫】,"2026-09-25 19:38:48",1906.5,2,"didhitinahid,farhanishraqq"
1629,16810078,Sam-wiz,"2026-09-25 21:18:43",1906.4,2,samwiz
1630,16736985,Colt,"2026-09-26 16:59:14",1906.0,2,nht1990
1631,16664359,Nightingale,"2026-09-25 08:33:17",1905.8,2,apilkhadka
1632,16744837,JuliaGastellu,"2026-09-26 15:17:23",1905.0,2,juliagastellu
1633,16736474,"Håkon Kjelseth","2026-09-23 09:18:48",1904.9,2,hkon2k
1634,16683755,"Meng Di","2026-09-26 22:32:34",1904.2,2,hughshaoqz
1635,16942720,"Shadow Es","2026-09-26 15:54:49",1903.8,2,shadowes
1636,16879185,"xuhang ren","2026-09-27 05:25:05",1903.4,2,xuhangren
1637,16767709,"Mike Anderson","2026-09-27 00:54:38",1902.8,2,manderson240
1638,16713797,CrazyDave111,"2026-09-25 15:43:49",1902.8,2,crazydave111
1639,16660601,"Rabbiya affan","2026-09-25 07:46:27",1902.7,2,rabbiyaaffan
1640,16938431,"ADRIANO ALMEIDA","2026-09-24 00:03:40",1902.6,2,adrianoalmeidaa
1641,16710428,"Mansi Aggarwal","2026-09-26 09:03:28",1902.4,2,mansiaggarwal88
1642,16661743,"Sergey Kutepov","2026-09-26 04:25:34",1902.3,2,natsyst
1643,16663214,"Mathieu W","2026-09-26 18:50:12",1902.2,2,mathieuw
1644,16728863,Irabala,"2026-09-26 10:17:15",1902.2,2,irabala1
1645,16944820,Nikouo,"2026-09-25 06:20:36",1902.1,2,nikouo
1646,16923373,"kouhei mori","2026-09-23 13:22:14",1900.3,2,kouheimori
1647,16731940,xxxxyt,"2026-09-24 04:29:54",1899.3,2,"shengqinxi,xmxgxcs,xxxxyt"
1648,16657152,"K S VIJAYARAAGHAVAN","2026-09-24 07:30:18",1898.8,2,"blackscythe123,ksvijayaraaghavan"
1649,16674385,"qr farm","2026-09-26 19:18:00",1898.4,2,qrz1201
1650,16628765,"Kota Iizuka","2026-09-25 00:04:42",1898.1,2,kotaiizuka
1651,16665331,winstonton,"2026-09-26 06:49:40",1897.9,2,winstonton
1652,16838312,macaron,"2026-09-24 05:32:31",1897.8,2,hayatotech
1653,16760244,"Alex Paul","2026-09-27 00:02:26",1897.2,2,alexazander
1654,16641138,"Bharath Varma","2026-09-25 18:55:43",1897.1,2,bharath111l
1655,16935594,"wenya hao","2026-09-26 09:12:53",1896.9,2,wenyahao
1656,16891334,"Ruslan Akhmetov","2026-09-27 00:20:22",1896.9,2,ecolla999
1657,16933123,dynatrixa,"2026-09-26 05:37:38",1896.9,2,"datacinder7,dynatrixa,veltronic"
1658,16922832,"Zhang Feifan","2026-09-25 08:34:36",1895.6,2,zhangfeifan
1659,16688979,"Dhayaney Vijayan","2026-09-21 18:04:43",1895.5,2,dhayaneyvijayan
1660,16724806,rin2401,"2026-09-26 06:15:02",1895.2,2,rin2401
1661,16936749,statma,"2026-09-27 05:22:54",1895.1,2,"fractalbyte,marshjff,statma,valqeth"
1662,16706410,lixiaoxin25,"2026-09-25 07:20:08",1894.6,2,lixiaoxin25
1663,16751820,yy,"2026-09-27 05:22:37",1894.4,2,hirokiyamazaki
1664,16732857,Rojiomote,"2026-09-27 06:00:38",1893.9,2,rojiomote
1665,16906728,"Konstantin Zhar","2026-09-26 22:47:48",1893.9,2,zharkd
1666,16746395,Levin,"2026-09-25 15:56:11",1893.6,2,"sophiexs,zhengliwen"
1667,16647607,pumpkin,"2026-09-25 09:22:32",1893.1,2,gealachpumpkin
1668,16655758,patience,"2026-09-26 13:36:26",1892.5,2,"weirdocurry,wenjunkai124"
1669,16662121,One-For-All,"2026-09-26 01:56:52",1892.4,2,"akankshatiwari2803,indarkarhana"
1670,16930858,LIUDIZHU,"2026-09-27 00:15:32",1892.3,2,liudizhu
1671,16624645,"Closed Loop","2026-09-24 01:42:33",1891.8,2,hobbisttech
1672,16872211,"Artem Bakalinskiy","2026-09-25 09:15:35",1891.0,2,artembakalinskiy
1673,16815017,Humanitis,"2026-09-26 23:34:38",1890.8,2,humanitis
1674,16876853,PUN,"2026-09-26 17:24:20",1890.7,2,pshikk
1675,16673881,"Sebastian Johansson","2026-09-24 15:36:56",1890.6,2,sebbejohansson
1676,16930688,"Solo Leveling","2026-09-26 14:05:00",1890.4,2,lingyuzhi
1677,16660735,"Bassel Elbahnasy","2026-09-26 20:24:18",1889.7,2,basselashraf
1678,16658343,aisamhottman,"2026-09-26 22:37:17",1889.6,2,heuingttiang
1679,16730578,BostonKaggle,"2026-09-26 23:03:39",1889.5,2,"isthereanycode,lynnkim0"
1680,16892257,ShadowMist01,"2026-09-27 05:36:30",1889.4,2,shadowmist01
1681,16810171,kta_jpn,"2026-09-24 12:10:13",1889.3,2,ktajpn
1682,16911850,Farmerjay,"2026-09-26 02:44:29",1888.8,2,officeghost
1683,16925892,野獸先輩,"2026-09-22 17:10:48",1888.8,2,rayyen216
1684,16811251,poijio,"2026-09-26 17:32:59",1888.2,2,poijio
1685,16733851,tangaii,"2026-09-26 21:01:43",1887.9,2,tangai1
1686,16623812,"SeshuRaju 🧘‍♂️","2026-09-26 05:36:21",1887.3,2,seshurajup
1687,16863329,"Alvaro Mendizabal","2026-09-27 05:10:32",1886.6,2,alvaromendizabal
1688,16659715,masb,"2026-09-26 07:30:44",1886.2,2,affansaied
1689,16786595,"dbvz sbsbs","2026-09-27 05:05:44",1886.0,2,dbvzsbsbs
1690,16918063,"Dante Lok","2026-09-24 15:34:06",1885.8,2,dantelok
1691,16768104,"Ivan Aleksandrov","2026-09-26 11:46:18",1885.6,2,ivanblch
1692,16795698,ml_gg,"2026-09-25 17:59:14",1885.2,2,ramnarayanchoudhary
1693,16732129,"payne yam","2026-09-23 01:46:06",1885.2,2,payneyam
1694,16842300,fanmili,"2026-09-27 06:17:16",1883.5,2,fanmili
1695,16906012,GarbageOoze,"2026-09-24 16:48:10",1882.9,2,"garbageooze,luoruihan12"
1696,16794207,AlekseiProvorov,"2026-09-26 14:27:59",1882.6,2,leoprovorov
1697,16778946,yuki0731,"2026-09-27 06:28:38",1882.5,2,yuki0731
1698,16888260,"Ndabenhle Ngema","2026-09-25 02:15:27",1882.1,2,ndabenhlengema
1699,16939767,"Elias William","2026-09-25 06:29:39",1880.7,2,eliaswilliam
1700,16791977,JeremyLIU858,"2026-09-27 06:00:57",1880.5,2,jeremyliu1997
1701,16725403,tabetai28,"2026-09-27 05:29:05",1880.2,2,taichiabewaseda
1702,16802486,SHICHIES,"2026-09-27 06:22:06",1879.6,2,shichies
1703,16907393,Logus,"2026-09-24 08:15:27",1879.4,2,logus4704
1704,16888752,"edward john washins","2026-09-26 18:43:24",1877.3,2,edwardjohnwashins
1705,16937798,"Semih Temiz","2026-09-27 05:29:11",1876.6,2,semhtemiz
1706,16660220,tomo11111,"2026-09-23 17:04:13",1876.3,2,tomo11111
1707,16665129,Doom,"2026-09-26 22:12:36",1875.0,2,"mr6436,sanskaarundale"
1708,16854477,"Marc Maldonado Lorca","2026-09-23 08:04:16",1874.7,2,marcmaldonado
1709,16785483,xiongrui666,"2026-09-23 01:45:19",1874.4,2,xiongrui666
1710,16732051,Jeryos,"2026-09-26 22:02:37",1874.4,2,joulskaf
1711,16655477,Aurora,"2026-09-27 06:03:04",1873.6,2,"niteshranjansingh,themeghajoshi"
1712,16667018,ZekeAlx,"2026-09-27 03:27:33",1873.2,2,alexthomas12345
1713,16899084,"Asan Ashirov","2026-09-22 16:32:11",1872.8,2,asanashirov
1714,16838479,"Sufi Afifi","2026-09-24 07:41:01",1872.4,2,emrys21
1715,16643453,Haumea,"2026-09-24 12:21:06",1871.7,2,chaitanyagullapalli
1716,16622509,Ali,"2026-09-26 17:34:55",1871.2,2,asalhi
1717,16709126,"Jamie Nojek","2026-09-27 01:19:54",1871.1,2,jamienojek
1718,16716533,wiffany,"2026-09-26 13:18:29",1871.1,2,wiffany
1719,16823251,"Khaled Yousef","2026-09-25 05:52:51",1869.3,2,recochet96
1720,16627032,"Kaito Fukami","2026-09-27 00:14:47",1868.9,2,kaitofukami
1721,16697893,"YWehbe / ADIA Lab","2026-09-27 05:29:53",1868.7,2,youssefwehbe
1722,16806346,"Mike chen666","2026-09-26 04:54:57",1868.5,2,"mikechen666,tiffanyjade"
1723,16905517,Marti,"2026-09-24 01:00:51",1867.8,2,marticn
1724,16717255,Ryuuga89,"2026-09-25 15:08:51",1867.4,2,ryuuga89
1725,16799132,"Marlon Vasquez","2026-09-27 03:38:33",1867.0,2,vexmeavf
1726,16698688,JeremiahMannings,"2026-09-24 04:03:51",1866.9,2,jmannings
1727,16930374,扣扣农场,"2026-09-27 04:10:07",1865.6,2,tsjzkzyzz
1728,16935813,MINGHUN,"2026-09-27 00:34:47",1864.8,2,"aiwuhui,jiyuhao1213"
1729,16743136,unhappy,"2026-09-26 15:29:43",1864.8,2,chenyahui123
1730,16731911,"liu bo","2026-09-25 14:05:21",1864.4,2,liuboo45586
1731,16631115,prvsiyan,"2026-09-24 10:51:35",1864.2,2,prvsiyan
1732,16840439,"God Se7en","2026-09-26 16:09:14",1863.4,2,godseven7
1733,16765135,neuro168,"2026-09-23 11:11:29",1863.2,2,lordmc
1734,16659351,"Hamna Kaleem","2026-09-27 02:21:05",1862.6,2,hk3296
1735,16660485,tablecables,"2026-09-25 20:07:51",1861.3,2,colingaffney1
1736,16798724,"junfan shen","2026-09-23 08:25:25",1860.4,2,junfanshen
1737,16714474,"Glenn Dalbey","2026-09-23 00:15:27",1860.3,2,glenndalbey
1738,16946367,dwinging,"2026-09-23 14:07:09",1859.6,2,dwinging
1739,16751411,"lamb Liu","2026-09-25 13:57:23",1859.2,2,liuxiaohua72
1740,16699082,Sakthei,"2026-09-20 13:41:34",1858.5,2,sakthei
1741,16634873,shin0000,"2026-09-24 03:07:22",1857.5,2,shin0000
1742,16776505,"Duck Typing","2026-09-26 19:45:40",1856.8,2,ahmadamindw
1743,16854074,yudai_000111,"2026-09-24 12:02:57",1856.6,2,yudai000111
1744,16745059,mekduy,"2026-09-25 06:52:33",1856.5,2,mekduy
1745,16907246,VROPEXT,"2026-09-26 21:16:02",1856.3,2,vropext
1746,16655150,"Benjamin H Pepper","2026-09-24 11:34:27",1856.2,2,bhpepper
1747,16847247,月之光面,"2026-09-24 02:35:20",1855.5,2,cxcxcxcx
1748,16656432,"CornHub Premium","2026-09-26 17:35:38",1855.2,2,nihilisticneuralnet
1749,16657277,"Dude and Destroy","2026-09-24 03:39:44",1854.4,2,raymondbrookman
1750,16861362,我小栗帽要娶藤正进行曲！！！💍,"2026-09-27 05:22:48",1854.3,2,"praveensahukari,rubiakaslana"
1751,16737237,"Ayodeji Adesegun","2026-09-26 06:36:51",1853.7,2,ayodejiadesegun
1752,16938859,Adequate_Echo,"2026-09-25 05:09:30",1853.5,2,adequateecho
1753,16793083,"🐚seek inspiration🐚","2026-09-27 06:00:46",1853.1,2,kurupical
1754,16841663,"Ryosei Hara","2026-09-26 23:45:14",1853.1,2,ryhara
1755,16634432,KARGI,"2026-09-26 17:37:06",1852.8,2,learningkin
1756,16655796,"dijia zhang735","2026-09-26 16:04:26",1852.7,2,dijiazhang735
1757,16709809,RiyaSoni20,"2026-09-26 23:13:47",1851.9,2,"riyasoni20,rudraamin06"
1758,16658300,"Thành Toàn Vương","2026-09-23 11:25:19",1850.7,2,thnhtonvng
1759,16640467,Catalyst,"2026-09-23 09:25:57",1848.7,2,vibekaggler
1760,16799832,"Maman Salto","2026-09-25 03:57:41",1848.2,2,saddamaditya
1761,16657093,"sixer srinath","2026-09-27 03:36:26",1847.3,2,srinath2495
1762,16710459,Nironiro,"2026-09-27 04:50:46",1847.2,2,nironiro
1763,16665864,kavipavi19,"2026-09-22 10:37:14",1846.9,2,kavipavi19
1764,16802505,daviondk,"2026-09-26 15:04:36",1846.8,2,daviondk
1765,16763767,"Carson Zhang","2026-09-22 22:21:32",1846.5,2,zmcddn
1766,16909485,SatoGo,"2026-09-26 06:14:53",1846.5,2,satogo
1767,16659419,"Chahat Mehra","2026-09-26 17:53:15",1846.5,2,chahatmehra
1768,16662380,"Brandon Calderon-Morales","2026-09-27 01:45:32",1846.4,2,bmoe640
1769,16658038,Khanh,"2026-09-25 15:24:53",1846.1,2,khanhp142
1770,16728114,yu9824,"2026-09-24 16:47:05",1845.1,2,yu9824
1771,16681116,Kagamihara,"2026-09-26 01:45:41",1844.9,2,kagamihara
1772,16880664,"Nodir Xamdamov","2026-09-24 16:18:54",1844.5,2,nodirxamdamov
1773,16853540,WUZB,"2026-09-23 03:14:03",1843.8,2,wzhengbiao
1774,16888093,"Alejandro Izaguirre","2026-09-24 20:35:33",1843.6,2,alejandroizag
1775,16719451,"Syed Toubur","2026-09-23 07:12:40",1843.4,2,syedtoubur
1776,16718033,TheMightiestMan,"2026-09-26 06:17:33",1843.1,2,themightiestman
1777,16667951,KoRo2_JP,"2026-09-26 05:12:10",1841.7,2,koro2jp
1778,16622420,RuiFSPinto,"2026-09-26 18:36:18",1841.6,2,ruifspinto
1779,16752277,YKuma,"2026-09-26 12:42:32",1841.2,2,ykumazaki
1780,16931975,loki005,"2026-09-26 15:51:58",1840.8,2,loki005
1781,16848063,"Yuan Weijun","2026-09-23 14:26:32",1840.6,2,yuanweijun
1782,16919030,"wenzhi liu","2026-09-23 03:25:11",1839.9,2,liuwenzhi
1783,16748941,"We Forgot To Water","2026-09-27 05:36:26",1839.6,2,"dearkarl,shuangxue"
1784,16875984,cccyou,"2026-09-23 07:34:18",1838.7,2,cccyou
1785,16656337,"Prashant Kikani","2026-09-27 05:39:58",1838.2,2,prashantkikani
1786,16924283,GeHaohua,"2026-09-27 05:02:38",1836.6,2,gehaohua
1787,16622245,"Vlas Veles","2026-09-27 04:17:56",1836.4,2,vlasveles
1788,16765834,Oakzen,"2026-09-24 11:49:54",1836.1,2,gyx517120273
1789,16734803,guoziyi123456,"2026-09-23 00:17:46",1836.0,2,"ax1lec,guoziyi123456,linhexlu,xuanzhechen"
1790,16640388,SANNNNN,"2026-09-26 14:38:07",1835.4,2,zuhairsan
1791,16842093,aether74,"2026-09-24 02:23:54",1835.4,2,aether74
1792,16758982,Boredom,"2026-09-22 17:34:35",1835.4,2,"baodewen,cudacoding,elektromagnetizm,j12345673,mikeyu2026"
1793,16742183,alessandrozonta,"2026-09-23 07:46:51",1833.6,2,azonta
1794,16635745,DataRockstar,"2026-09-23 18:33:49",1832.3,2,"amaropeter,jvlegend"
1795,16677847,ShiviWhivi,"2026-09-22 02:15:51",1832.2,2,blackpearls1
1796,16746599,Borrun,"2026-09-22 05:23:12",1832.1,2,borrun
1797,16879253,Bldr2,"2026-09-25 08:16:37",1830.8,2,alphalin2010
1798,16843203,"Liyi xin jie","2026-09-25 04:29:21",1830.7,2,liyixinjie
1799,16879166,NoDash,"2026-09-26 23:15:11",1830.2,2,nodash
1800,16647324,GG-bond,"2026-09-24 09:36:10",1829.5,2,wyhwyh123
1801,16866579,"Fighting Gold","2026-09-27 03:47:34",1829.4,2,sawada
1802,16762935,"ibr mo sal","2026-09-25 08:20:45",1829.2,2,ibrmosal
1803,16658665,ChandramouliNagasundaram,"2026-09-26 07:28:12",1829.0,2,"enginegeneral,mouliindian"
1804,16924407,"Laxmi Khilnani","2026-09-26 17:32:18",1828.7,2,laxmikhilnani2004
1805,16936848,spy007,"2026-09-24 11:46:46",1828.7,2,"py1603300133,syhsyh123"
1806,16772204,"Hamam Ahmed","2026-09-27 02:44:56",1827.9,2,hamamelsanousi
1807,16762926,"Ricky RTG","2026-09-24 02:48:42",1827.1,2,rickyrtg
1808,16944065,"Wael El Ghazzawi","2026-09-22 23:05:10",1826.0,1,waelelghazzawi
1809,16884753,God111,"2026-09-27 05:57:49",1825.7,2,god111
1810,16632138,kaggle_bbgg,"2026-09-27 04:37:36",1825.7,2,kagglebbgg
1811,16855214,"Kazumi Sakamaki","2026-09-24 00:26:27",1825.4,2,hatimitusiropp
1812,16940453,"HIbiki Awai","2026-09-22 13:57:50",1825.0,2,hibikiawai
1813,16845713,"qweq asd","2026-09-24 08:12:48",1824.8,2,qweqasd
1814,16891703,"Rasmus Hulthe","2026-09-27 00:32:59",1824.6,2,zazmuz
1815,16736632,Leo,"2026-09-25 11:20:07",1824.2,2,huangkx666
1816,16738487,"Andrey Shpigar","2026-09-23 18:18:09",1824.0,2,andreyshpigar
1817,16857491,cherish_zhang,"2026-09-23 07:18:03",1823.0,2,cherishzhang
1818,16845965,Oldplaykid,"2026-09-24 12:37:52",1822.5,2,"tonf3195,zerethon"
1819,16656011,"Jiashun Tan","2026-09-24 01:40:53",1821.8,2,jiashuntan
1820,16741096,"Yohanes Lengkong","2026-09-26 02:38:11",1821.4,2,yohanesfc
1821,16806000,wyz0210,"2026-09-26 13:35:47",1821.4,2,weiyouzhen
1822,16880694,yuxian6666,"2026-09-23 13:00:16",1820.9,2,yuxian6666
1823,16793287,"Kim Jinseo","2026-09-26 16:21:02",1820.9,2,kimjinseo1
1824,16635351,AAAMIKASA,"2026-09-22 15:04:54",1820.6,2,aaamikasa
1825,16774075,"Mohammad Yaser Hussain","2026-09-24 11:10:55",1820.3,2,mohammadyaserhussain
1826,16818313,"haonan zhengh","2026-09-27 01:57:16",1820.1,2,haonanzhengh
1827,16858207,"David Wang","2026-09-23 02:44:56",1820.0,2,renew66
1828,16657728,"T Soo","2026-09-24 07:43:09",1819.5,2,ttgrcgrc
1829,16923115,"Takamasa Ueno","2026-09-27 05:42:20",1819.0,2,uentsz
1830,16904371,Makhmudov_1602,"2026-09-22 10:40:41",1818.4,2,makhmudov1602
1831,16930996,"ROGER REN","2026-09-23 08:01:24",1817.9,2,rogerrenruben
1832,16838956,"Michael Brown","2026-09-26 19:51:50",1817.7,2,michaelbrown4343
1833,16687824,"André Dkw","2026-09-24 21:05:42",1817.6,2,andrdkw
1834,16712863,ominteam,"2026-09-26 18:32:12",1817.5,2,"luantony,suruikk"
1835,16784420,renyxin,"2026-09-26 13:45:53",1816.1,2,renyxin
1836,16858208,linhaiy,"2026-09-27 00:21:14",1816.1,2,linhaiy
1837,16944349,m_meles,"2026-09-23 16:04:45",1815.8,2,mmeles
1838,16625921,JinchengZhang1,"2026-09-27 01:29:31",1815.5,2,jinchengzhang1
1839,16750448,"Ansh Agarwal","2026-09-25 16:03:14",1814.7,2,anshagarwal2616
1840,16843082,"Mohmed Hafez","2026-09-27 05:25:00",1814.4,2,mohmedatya
1841,16756972,"Đức Hải Hà","2026-09-26 15:12:59",1814.2,2,tankinguyen
1842,16855295,zhudong1949,"2026-09-24 15:21:27",1813.8,2,zhudong1949
1843,16634803,hongzhouzhou,"2026-09-26 09:24:12",1813.5,2,afterrain42
1844,16644229,"Amy Yuan","2026-09-25 08:08:13",1813.4,2,cozytato
1845,16707547,Lin,"2026-09-24 07:52:17",1813.1,2,linjianrong
1846,16678061,"Sushanth Tiruvaipati","2026-09-25 06:33:19",1812.6,2,sushanthtiruvaipati
1847,16742684,Inzilbêth,"2026-09-24 06:24:15",1812.0,2,inzilbth
1848,16946537,"Roustoum Abdel Moula","2026-09-23 09:34:04",1811.9,1,roustoumabdelmoula
1849,16886856,爱上帝的小熊猫,"2026-09-23 04:30:55",1811.6,2,xuefengxie
1850,16661737,"Márcio Santos","2026-09-26 21:56:31",1811.6,2,mos3santos
1851,16662684,"Harshini Reddy","2026-09-25 13:56:07",1811.5,2,luffyh04
1852,16905426,futabato,"2026-09-27 01:32:28",1811.5,2,futabato
1853,16947886,"Rufeng Toxins","2026-09-23 14:01:48",1811.2,2,rufengtoxins
1854,16676336,lemon13418,"2026-09-23 00:05:09",1810.9,2,lemon13418
1855,16632304,"Masataka Suzuki","2026-09-25 17:14:34",1810.7,2,masatakasuzuki
1856,16622422,ss,"2026-09-23 06:37:19",1810.3,2,forest2026
1857,16655379,Ikeda0516,"2026-09-27 00:05:14",1809.4,2,ikeda0516
1858,16629308,Sutee,"2026-09-26 07:54:20",1809.2,2,lszlst
1859,16723893,iring58,"2026-09-27 02:18:39",1809.2,2,iring58
1860,16685743,"Alex Oranov","2026-09-25 09:46:36",1809.0,2,aoranov
1861,16843864,IkeKodd,"2026-09-22 12:16:03",1807.5,2,"ikekodd,pinluk"
1862,16770832,"Harish Yadav","2026-09-24 11:57:04",1807.1,2,harishyadav0506
1863,16664573,AdhithyaRokhith,"2026-09-25 17:29:38",1807.0,2,adhithyarokhith
1864,16736124,GIN,"2026-09-23 06:57:33",1807.0,2,runjinzhang
1865,16759626,"Ghazaros Barseghyan","2026-09-26 05:45:16",1806.8,2,ghazarosbarseghyan91
1866,16654669,"Jordi Corbilla","2026-09-27 04:07:49",1806.8,2,jordicorbilla
1867,16742139,ALLAI,"2026-09-27 04:35:24",1806.4,2,glorysing
1868,16769234,"Akshar #2","2026-09-23 17:16:50",1806.2,2,"aksharzala,therishitaggarwal"
1869,16846963,成吉思汗,"2026-09-24 02:52:08",1806.2,2,jddhhdh
1870,16696762,SOSyuki,"2026-09-22 01:32:23",1805.9,2,sosyuki
1871,16674526,"Imdadul hasan hamim","2026-09-22 08:06:03",1805.8,2,imdadulhasanhamim
1872,16775803,Robson,"2026-09-26 23:42:19",1805.5,2,robsonsan
1873,16669686,"Mert Bayraktar","2026-09-27 01:22:49",1805.4,2,mertbayraktar
1874,16794753,"Yan #2","2026-09-26 19:29:49",1804.7,2,diskya
1875,16684954,Rogues,"2026-09-26 17:37:53",1802.7,2,"saikushal185,suneethreddy"
1876,16641893,"Kashyapsinh gohil","2026-09-26 15:44:03",1802.7,2,kashyapsinhgohil
1877,16796901,hanhan761,"2026-09-24 03:05:34",1802.6,2,"hanhan761,kiivii,noice12138,xiaobai0417"
1878,16921163,"Sam StSt","2026-09-22 06:30:05",1801.0,2,samstst
1879,16705139,gogogo,"2026-09-25 23:59:40",1800.5,2,huzech
1880,16949503,"Nikita Makarov","2026-09-27 04:40:05",1800.4,2,nikimakarov
1881,16793427,wuwuwu,"2026-09-23 10:35:31",1800.3,2,wu1570
1882,16741932,"Michael Chen","2026-09-23 01:27:57",1800.3,2,fuqiangchen
1883,16639507,Homii_N,"2026-09-23 00:41:19",1799.9,2,homeshwarrao
1884,16682843,underline12311,"2026-09-23 04:27:15",1799.4,2,underline12311
1885,16807538,Asterope,"2026-09-23 08:04:06",1799.3,2,jianlee0
1886,16767929,Timbydude,"2026-09-24 15:30:58",1799.3,2,timbydude
1887,16914287,"Vinzi Leo","2026-09-23 02:31:46",1799.0,2,vinzileo
1888,16778627,LXZ538,"2026-09-26 05:04:47",1799.0,2,lxz538
1889,16917149,beastars,"2026-09-25 22:49:43",1798.8,2,"doorknob881,ohyabuddy,vickylinvicky"
1890,16623515,"Apple Joy","2026-09-23 05:27:00",1798.7,2,"cqput640,fishcat37,sdq2237"
1891,16656500,奶龙宝宝爱种田吖,"2026-09-27 06:15:49",1798.6,2,"a982295350,bertmacutata,blencanierice,dangzhiyuan,imoxzm"
1892,16704466,"QQ Farming","2026-09-27 05:22:30",1798.1,2,"dzjiann,hdhsjdjd,keithtyser,mitubant,ngyzly"
1893,16818194,sugiharahara,"2026-09-24 15:33:48",1797.6,1,sugiharahara
1894,16861903,iwa,"2026-09-23 09:53:06",1797.5,2,ichiko
1895,16914676,"Luon may Man","2026-09-26 00:02:52",1797.0,2,luonmayman
1896,16876706,"zijun zhang","2026-09-26 16:27:15",1796.7,2,kongmu0503
1897,16627906,"Tergel Munkhbat","2026-09-26 09:27:08",1796.7,2,tergelmunkhbat
1898,16632119,nickyl,"2026-09-26 23:38:33",1796.7,2,nickyjliang
1899,16919615,AcidicBlaster,"2026-09-21 10:37:49",1794.9,2,adityamurugesh
1900,16727350,"T Hansda","2026-09-22 13:49:10",1794.4,2,hansda
1901,16661039,Abracadabra,"2026-09-27 02:42:17",1794.3,2,giovannicr
1902,16730462,XTang,"2026-09-23 04:47:53",1793.1,2,flyonthewater
1903,16778707,momohuhu_kkkkkarrot,"2026-09-24 01:25:18",1792.4,2,kjy666
1904,16935983,"Anas Zewail","2026-09-22 16:30:50",1792.4,2,anashanyzewail
1905,16712134,cf696666,"2026-09-26 18:07:18",1791.9,2,cf33333
1906,16632599,HyperARC,"2026-09-27 05:28:12",1791.7,2,shadowell888
1907,16844132,Tamasaki217,"2026-09-27 03:03:01",1791.7,2,tamadesu217
1908,16688893,CCG,"2026-09-26 14:16:10",1791.4,2,"hirokenn,nagomenk"
1909,16725177,misaka12435,"2026-09-26 23:56:47",1790.8,2,misaka12435
1910,16671767,Kaileh57,"2026-09-26 18:41:47",1790.3,2,kaileh57
1911,16672251,"Kavinkumar M","2026-09-27 05:44:20",1789.9,2,kavinkumarrkm
1912,16840212,anngle,"2026-09-27 05:34:54",1789.7,2,anngle
1913,16693942,"Lisan al-Gaib","2026-09-27 02:54:46",1789.6,2,azrihasin
1914,16870440,GOSS,"2026-09-26 16:18:43",1789.6,2,gossan
1915,16644877,lu_fish,"2026-09-26 08:00:10",1788.7,2,thefish114514
1916,16692895,Manuf,"2026-09-25 13:01:40",1788.4,2,manuelferromorales
1917,16824931,Magniverko,"2026-09-27 02:34:19",1788.2,2,huangyingkun
1918,16662946,uzair,"2026-09-26 20:18:12",1787.8,2,quantumcurator
1919,16915571,"jay tsang","2026-09-26 07:57:39",1787.2,2,jaytsang
1920,16931127,taipen,"2026-09-26 12:47:36",1787.1,2,pankhuri001
1921,16848217,"Yang Bai","2026-09-23 11:23:39",1786.3,2,jackelysia
1922,16726547,"Ezra Kho","2026-09-26 11:07:55",1785.6,2,ezrakho
1923,16671607,"Chanhyuk Han","2026-09-23 08:38:04",1785.1,2,chanhyukhan
1924,16679688,"Sathwik Chinthakayala","2026-09-27 05:02:41",1784.9,2,sathwikchinthakayala
1925,16677855,Mehrdad_LU,"2026-09-22 20:50:28",1784.7,2,mehrdadal2023
1926,16671012,"Sean Zhang","2026-09-24 01:00:58",1783.2,2,seanzhang2445
1927,16665637,Luvsh81,"2026-09-27 02:50:43",1783.2,2,luvsh81
1928,16675344,PP_Azalearn,"2026-09-26 04:44:14",1782.4,2,"androidss,keitookamoto,pptakehirokawada"
1929,16943126,"Aaditya Verma","2026-09-27 03:23:57",1782.1,2,tensura911
1930,16765233,Shun,"2026-09-24 04:56:58",1782.0,2,shunchan0677
1931,16869614,"Szymon Miłosz","2026-09-27 03:01:10",1781.7,2,szymonmiosz
1932,16894950,csly666,"2026-09-21 15:34:28",1781.7,2,csly666
1933,16748866,masayoshi,"2026-09-26 19:51:38",1781.3,2,masayoshi64
1934,16827859,"Ishraq Tanvir","2026-09-25 14:54:39",1781.1,2,ishraqtanvir
1935,16798974,huangbin,"2026-09-26 23:38:16",1780.4,2,huangbin1
1936,16681848,Haraguchi-T,"2026-09-23 15:07:53",1779.9,2,haraguchit
1937,16749257,rsraki,"2026-09-26 05:41:43",1779.2,2,rsraki
1938,16664487,houlidai-jiekiulai,"2026-09-27 05:04:59",1778.9,2,houlidaijiekiulai
1939,16623378,"nvidia fan","2026-09-26 04:49:45",1778.7,2,outwrest
1940,16849330,"Ian Wang","2026-09-23 12:15:26",1778.3,2,ianwang1204
1941,16680690,MYOUCER,"2026-09-24 01:40:19",1777.5,2,myoucer
1942,16931056,zhangsan1224789,"2026-09-23 14:05:54",1776.3,2,zhangsan1224789
1943,16623071,"Santiago Maniches","2026-09-22 13:44:33",1776.0,2,santmani
1944,16801457,"Anthropic Banned My Account","2026-09-23 06:52:31",1775.8,2,subaru486
1945,16746689,"Harm Buisman","2026-09-26 09:19:53",1775.4,2,harmbuisman
1946,16714166,"Naman Malik","2026-09-26 17:55:39",1775.0,2,"adenijielijah,anapau11,marydata,namanmalik81714"
1947,16621243,"Jesse Bullard","2026-09-27 05:00:36",1774.8,2,jessebullard
1948,16891911,N_noa21,"2026-09-24 11:49:18",1773.8,2,nnoa21
1949,16783870,malaxg,"2026-09-23 08:04:19",1773.6,2,guoyixian2
1950,16761744,"Daiki Takahashi","2026-09-23 08:45:23",1772.7,2,daikitakahashi
1951,16936346,"Han Zhou","2026-09-22 00:51:30",1772.1,2,hanzhou445
1952,16932850,"Amir Ghazi","2026-09-26 20:05:27",1771.8,2,amirghazi
1953,16936542,"Lee Velon","2026-09-23 05:30:12",1771.6,2,leevelon
1954,16638804,"Anhad Mahajan","2026-09-25 11:05:20",1771.4,2,anhadmahajan06
1955,16923217,kou,"2026-09-20 20:09:04",1771.0,2,yuu111111111
1956,16848588,"vibe coders","2026-09-26 07:10:12",1769.2,2,"caando,sheryllynntan"
1957,16908403,"Stepan Ivanov","2026-09-25 14:31:15",1769.0,2,stepanivanov233
1958,16768650,ifarm,"2026-09-23 08:48:33",1768.5,2,sericsheon
1959,16882746,yuiop!,"2026-09-24 22:09:05",1768.1,2,yuiopy
1960,16809323,"Naoki Yamada","2026-09-23 14:17:01",1767.4,1,naokiyamada1106
1961,16925367,codezzzsleep,"2026-09-27 03:00:55",1767.3,2,codezzzsleep
1962,16859473,wakaka,"2026-09-27 05:01:20",1766.6,2,bernicerobinson
1963,16738822,shakedamo0w0,"2026-09-22 09:54:35",1766.4,2,shakedamo0w0
1964,16658365,OnlyFarms,"2026-09-26 09:23:24",1766.2,2,hoowoo
1965,16861805,farmer-kuni,"2026-09-23 07:28:14",1766.0,2,kuni05
1966,16861198,Eggplanck,"2026-09-26 12:26:38",1764.7,2,gyozzza
1967,16871584,xder,"2026-09-26 11:09:18",1764.7,2,xderyeke393
1968,16682514,"Pavel Pavlov","2026-09-25 13:16:01",1764.1,2,akakii
1969,16880558,"Georgi Kanev","2026-09-26 11:05:46",1763.8,2,georgikanev
1970,16731966,ねねね,"2026-09-24 22:49:32",1763.2,2,napier1550
1971,16898651,Kitsune0o,"2026-09-25 12:33:32",1761.6,2,theodaimones888
1972,16848297,chacha260,"2026-09-23 02:18:18",1761.5,2,chacha260
1973,16621294,dpquoc,"2026-09-24 04:40:59",1761.4,2,dpquoc
1974,16646318,TeamNexus,"2026-09-26 18:21:52",1760.7,2,chrisopherjoshy
1975,16857505,"joy of harvest","2026-09-22 01:46:50",1760.1,2,"dllogic,hanleileo,lawjkj,mragentrrr"
1976,16928213,橋本真旺,"2026-09-22 16:37:33",1759.2,2,mao925
1977,16893046,ClaudiCulture,"2026-09-27 04:15:00",1758.5,2,ortimusprime
1978,16732156,"Ца-ри-ца по-лей, ку-ку-ру-за!","2026-09-23 18:23:49",1758.4,2,samvelkoch
1979,16880792,dre,"2026-09-22 17:25:08",1758.3,2,ahmedelfazouan
1980,16631421,cg,"2026-09-22 14:31:09",1758.2,2,chaitanyagarg2
1981,16723318,グレイラットルーデウス,"2026-09-22 07:27:17",1758.1,2,rudeus666
1982,16728708,"Rishi Jain","2026-09-25 19:29:04",1757.3,2,rishijain07
1983,16930569,MarqueeMoon19770208,"2026-09-26 04:44:32",1757.1,2,marqueemoon19770208
1984,16749061,"Wang H2O","2026-09-23 03:58:50",1756.7,2,wangh2o
1985,16678370,Wangles,"2026-09-22 11:10:59",1756.6,2,wangles
1986,16845736,Gio,"2026-09-23 20:23:43",1756.2,2,giovanizanfra
1987,16935319,"Adrian Phillips","2026-09-23 06:52:14",1754.6,2,adrianphillips00
1988,16768385,neibyr,"2026-09-21 17:37:47",1754.2,2,neibyr
1989,16786357,guoyihui,"2026-09-23 06:12:19",1753.4,2,guoyihui
1990,16719758,pangzi233,"2026-09-27 05:27:53",1753.1,2,pangzi233
1991,16622330,"hiroshi murakami","2026-09-26 06:48:51",1753.0,2,zabojeb
1992,16885735,keith,"2026-09-26 10:32:10",1752.9,2,kamatt
1993,16839427,kooooozh,"2026-09-22 19:04:19",1752.8,2,grigoriykozhemyakin
1994,16796937,Alan,"2026-09-24 00:44:47",1752.8,2,amunsentom
1995,16870247,mxt1022,"2026-09-22 04:37:53",1752.3,2,unlome
1996,16679245,"Krzysztof Gonia","2026-09-27 06:14:54",1752.0,2,krzysztofgonia
1997,16690500,Mr.NoT_GaMeR,"2026-09-27 03:47:24",1751.8,2,joshdilipkumarpatel
1998,16924529,dacheah,"2026-09-24 12:40:10",1751.7,2,dacheah
1999,16779388,"Mohammad Alnajdawi","2026-09-23 11:40:29",1751.1,2,mohammadalnajdawi
2000,16860071,TOSS,"2026-09-22 20:52:48",1751.1,2,toshikawa80
2001,16852049,Tremble,"2026-09-22 02:07:51",1750.8,2,"aimeechen1,haoxuanwang12366,junsongzhang,qiyaoxu,yifuandonlyyifu"
2002,16915663,Wlemalin,"2026-09-23 15:16:20",1750.8,2,wlemalin
2003,16842183,"Sumukh M G","2026-09-25 03:33:11",1750.3,2,sumukhmg35
2004,16887631,"Wills Cui","2026-09-22 05:47:39",1750.1,2,willscui
2005,16762195,eliasruntime,"2026-09-24 20:15:23",1749.9,2,eliasruntime
2006,16654332,"Borys Tymchenko","2026-09-25 07:10:49",1749.0,2,spsancti
2007,16841826,抵扣豆浆,"2026-09-27 04:49:07",1748.8,2,tootough
2008,16808526,iheng88,"2026-09-26 05:47:31",1748.7,2,iheng88
2009,16658203,Lan_Sky,"2026-09-26 11:50:23",1748.3,2,lansky6
2010,16632113,"Any Things","2026-09-26 20:43:32",1747.8,2,anythingsj3fare767
2011,16657032,"Ayaan Ghosh","2026-09-27 06:23:06",1746.8,2,ayan9001
2012,16881512,"Asem Adnan","2026-09-24 10:30:05",1746.8,2,asemadnan
2013,16855992,"Vanshika #2","2026-09-22 05:15:19",1746.4,2,crystalbaby
2014,16774141,Radiance,"2026-09-21 14:11:32",1745.7,2,"evelyn3976,wangyi01"
2015,16858986,kam,"2026-09-24 07:21:27",1744.8,2,kotakambayashi
2016,16668736,bhundreds,"2026-09-27 06:22:56",1744.8,2,hundreds1103
2017,16657094,irynavs,"2026-09-23 14:18:45",1744.7,2,irynavs
2018,16688568,Sophie555,"2026-09-27 04:10:25",1744.7,2,sophie555
2019,16729130,KoshinM,"2026-09-26 10:06:25",1744.2,2,koshinm
2020,16655912,sssskilo,"2026-09-27 03:26:29",1743.9,2,wellkilo
2021,16763375,Makus,"2026-09-22 13:33:25",1743.7,2,alexmartinez75
2022,16642036,enddl22,"2026-09-22 00:21:17",1743.6,2,enddl22
2023,16644480,"Umut Keltek","2026-09-23 19:23:59",1742.9,2,umutkeltek
2024,16875653,xuzenkun,"2026-09-22 03:42:07",1742.8,2,xuzenkun
2025,16809332,"ansheng jhang","2026-09-23 08:52:27",1742.3,2,anshengjhang
2026,16768449,"Dmitry Volovikov","2026-09-26 20:05:59",1742.3,2,dmitryvolovikov
2027,16741672,张菠,"2026-09-22 03:23:37",1742.2,2,ysqdababa
2028,16653828,Boltuzamaki,"2026-09-21 09:13:57",1742.0,2,boltuzamaki
2029,16734551,"junseok lee","2026-09-21 21:25:20",1741.2,2,jaslee2
2030,16890118,chiikavyshy,"2026-09-22 08:05:07",1740.9,2,"marynaborovska,yuriygreben"
2031,16912574,好运连连,"2026-09-26 11:36:28",1740.8,2,"jiangxinyuan616,xiaoranx,xigemalyk"
2032,16838362,"Yixuan Yang","2026-09-21 18:31:24",1740.8,2,easoney
2033,16798602,uns.t,"2026-09-27 05:55:30",1740.0,2,franksunp
2034,16738298,tomo0608,"2026-09-25 14:46:56",1739.9,2,tomo0608
2035,16655632,"Dmitry Kozlov","2026-09-22 05:26:12",1739.8,2,dkozlov
2036,16886400,Nisshi888880,"2026-09-23 02:45:13",1739.7,2,nisshi888880
2037,16917715,Jacker_Du,"2026-09-26 17:29:39",1739.6,2,"jackerdu,pinjiewang,sunjiadong12,sunruiwang"
2038,16696421,"Koyashiki Mao","2026-09-22 11:55:10",1739.5,2,koyashikimao
2039,16659103,Arin,"2026-09-24 14:33:50",1738.5,2,skarin
2040,16728897,kaba777,"2026-09-27 04:08:18",1737.6,2,kaba777
2041,16940950,"Camarillo Kull","2026-09-24 14:09:04",1737.4,2,camarillokull
2042,16867067,jiazepin,"2026-09-22 07:25:00",1737.1,2,jiazepin
2043,16789546,"lsm jii","2026-09-25 04:46:00",1736.1,2,lsmjii
2044,16943033,BobChuckyJoe,"2026-09-24 05:07:19",1735.7,2,bobchuckyjoe
2045,16658677,大山,"2026-09-24 02:51:50",1735.5,2,mapodoufu
2046,16655567,Heisnotanimposter,"2026-09-22 04:52:39",1734.3,2,test013
2047,16804827,"Bala Baskar","2026-09-25 08:46:44",1734.3,2,balabaskar
2048,16726769,"Ci Zhu","2026-09-27 03:39:13",1734.2,2,zhuci1993
2049,16683808,RuggedBones,"2026-09-22 17:38:06",1734.2,2,ruggedbones
2050,16660395,ljx59141421,"2026-09-22 13:47:32",1733.9,2,ljx59141421
2051,16681986,"Chirantan Bhardwaj","2026-09-25 04:22:03",1732.8,2,chirantanbhardwaj
2052,16883863,qhapaq49,"2026-09-24 05:46:37",1732.6,2,qhapaq49
2053,16806219,"Yiwei Pu","2026-09-22 01:59:54",1732.0,2,"lvyihan1210,raven20010261,yiweipu"
2054,16653728,"Iswar Patra","2026-09-25 15:05:38",1732.0,2,iswarpatra
2055,16682885,风沙星辰,"2026-09-21 20:40:04",1731.9,2,"duoliya,linyeping,sereinovov,wangying2026"
2056,16664392,AdamHsieh,"2026-09-26 03:06:41",1730.7,2,adamhsieh
2057,16859316,LP,"2026-09-25 12:13:14",1730.3,2,lihu6666
2058,16655704,heinado,"2026-09-26 19:48:20",1729.8,2,heinado
2059,16662191,Danieler,"2026-09-22 18:46:56",1729.4,2,danielerufo
2060,16640394,"MOHAMMADJAFAR ZAMANI","2026-09-27 04:19:36",1729.0,2,mohammadjafarzamani
2061,16674451,NycteacoBa,"2026-09-27 03:31:05",1728.9,2,nycteaowl
2062,16920678,qinsuikang,"2026-09-27 06:03:50",1728.5,2,"qinsuikang,tudousisi"
2063,16644530,"Busya PRIME","2026-09-21 11:20:07",1728.0,2,busyaprime
2064,16633552,Unkn0wn,"2026-09-27 06:05:12",1727.3,2,"harnadshilpa,nagendraadisesha"
2065,16682753,"Cam-Luan Truong","2026-09-22 11:11:54",1727.2,2,luantruong
2066,16715828,samg,"2026-09-24 11:25:06",1727.0,2,samgreen2046
2067,16924604,"Dzmitry Pihulski","2026-09-26 23:12:29",1726.5,2,dzmitrypihulski
2068,16840550,henriquejsza,"2026-09-21 05:07:28",1725.6,2,henriquejsza
2069,16667020,SCLim2022080004,"2026-09-22 03:18:23",1725.1,2,sclim2022080004
2070,16862614,"Andrew Bunn","2026-09-22 00:14:18",1724.1,2,andrewbunn
2071,16674839,"hongqian miao","2026-09-20 14:22:50",1723.9,2,hongqianmiao
2072,16765327,master_ssx,"2026-09-22 03:19:56",1723.7,2,masterssx
2073,16735232,"Johnson Chishimba","2026-09-22 05:41:07",1723.3,2,johnsonchishimba
2074,16650181,victorvv,"2026-09-26 13:13:38",1723.2,1,whs66666666666
2075,16644690,Dubnium,"2026-09-26 21:50:37",1722.8,2,ahmetyasin1
2076,16661073,PyJa,"2026-09-21 22:26:27",1722.3,2,pixiux
2077,16683435,CoorDi,"2026-09-27 02:28:22",1722.3,2,bxy0125
2078,16809842,"zg l1218","2026-09-27 03:29:08",1722.1,2,"dkttttt,zgl1218"
2079,16747982,"Affriza Wildan Fauzan","2026-09-27 03:30:57",1722.0,2,affrizawildanfauzan
2080,16745419,elren,"2026-09-21 15:48:47",1721.6,2,elrensmin
2081,16824664,wozijishuode,"2026-09-27 05:11:18",1721.3,2,jamsubmarines
2082,16725856,"Abhi Datta","2026-09-27 04:43:44",1720.9,2,abhidatta87
2083,16704924,jdx,"2026-09-25 02:15:10",1720.4,2,jdsemrau
2084,16713743,oliver,"2026-09-23 17:57:56",1720.1,2,ollibolli
2085,16932743,"Chris Chia","2026-09-22 02:24:46",1719.8,2,cchia3
2086,16838560,Aphrodite,"2026-09-24 05:04:21",1719.2,2,aphrodite874
2087,16664459,gngnher,"2026-09-27 03:00:52",1718.0,2,ryanshunsuke
2088,16708296,LUCKY2,"2026-09-25 19:45:03",1717.9,2,carolezountangni
2089,16657576,"SUBHASH B","2026-09-26 10:30:54",1716.9,2,"rishikrish1,subhashb21022"
2090,16623399,Kendamarron,"2026-09-21 07:06:28",1716.9,2,kazuhirokuriyama
2091,16799304,"Rlug mb","2026-09-26 06:43:07",1716.8,2,"hongxinzhang111,minhtrph,rlugmb"
2092,16721248,"Raef Guizani","2026-09-22 08:25:43",1716.2,2,raefguizani
2093,16671424,cicen1139,"2026-09-27 04:22:11",1716.1,2,cicen1139
2094,16755229,theearthcheng,"2026-09-22 02:20:25",1715.2,2,theearthcheng
2095,16698999,Odyssey,"2026-09-27 06:20:19",1714.8,2,a1spirit
2096,16786109,"Thomas Deng","2026-09-27 00:58:09",1714.4,2,tdeng24
2097,16779598,RiverStead,"2026-09-24 14:28:38",1713.8,2,riverstead
2098,16634716,Eusebius,"2026-09-26 13:29:43",1713.3,2,protuberanzen2000
2099,16663603,xsong2020,"2026-09-25 16:05:34",1710.9,2,xstargate
2100,16736931,"Sergei Fironov","2026-09-25 14:06:23",1710.2,2,sergeifironov
2101,16664239,VK_Kaggriculture..StartCompet,"2026-09-24 13:28:59",1709.5,2,venkatkumar001
2102,16789561,"Rohan Kishibe","2026-09-22 14:43:18",1709.4,2,anbianluban1
2103,16721501,αίνιγμα,"2026-09-26 17:17:50",1709.4,2,"muditnagori09,shahidnadaf001"
2104,16845531,"Suzuki Yuto - W","2026-09-24 06:15:04",1709.2,2,hoshinoyumemi
2105,16675960,"Audric LOKO","2026-09-24 20:40:08",1709.1,2,audricloko
2106,16768047,アメリカ農業研究会,"2026-09-21 20:12:15",1708.8,2,flnkhome
2107,16657229,"Adam Plow","2026-09-22 09:40:21",1708.8,2,lizhiiii
2108,16673013,TTT,"2026-09-23 08:59:54",1708.7,2,tadahiroasami
2109,16622937,"Sheep 🐑","2026-09-25 20:46:49",1708.4,2,kabilrh
2110,16818060,bnfan,"2026-09-27 00:01:53",1708.2,2,simonfan7
2111,16757034,"Hanxiang Li","2026-09-21 03:43:45",1707.7,2,hanxiangjames
2112,16860559,"Sara Lark","2026-09-22 02:44:20",1706.3,2,saralark
2113,16862155,"Kydyrbek Kozykorpesh","2026-09-25 20:42:20",1706.1,2,kozykappa
2114,16934170,"Krish Shah","2026-09-23 05:49:34",1705.9,2,krshs90
2115,16900489,Machine_e1,"2026-09-25 12:52:38",1705.8,2,"arcanee1,machinee1,mymilk"
2116,16888254,CaliforniaDog,"2026-09-24 04:55:58",1705.6,2,californiadog
2117,16754823,"tiki tiki tiki","2026-09-23 22:48:33",1704.8,2,slangitup
2118,16673604,"Jiman Kwon","2026-09-27 03:49:55",1704.1,2,jimankwon
2119,16681893,morality0707,"2026-09-27 01:15:34",1701.8,2,morality0707
2120,16629787,FlameZywoo,"2026-09-24 01:55:15",1701.7,2,zgdllt
2121,16732878,modelcollapse,"2026-09-21 10:09:15",1701.4,2,modelcollapse
2122,16851399,"Ali Eren Konak","2026-09-25 14:43:37",1700.1,2,alierenkonak
2123,16806475,sohma,"2026-09-25 16:29:25",1699.9,2,hi210278
2124,16841190,dp23334,"2026-09-22 10:42:21",1699.8,2,dp23334
2125,16921085,Keerthana,"2026-09-23 16:30:06",1699.7,2,k33rthanaa
2126,16623450,S.Aoki,"2026-09-21 04:27:13",1699.1,2,soyaoki
2127,16806014,"weihao huang2004","2026-09-26 03:05:17",1698.5,2,weihaohuang2004
2128,16668056,"Quantum Farm","2026-09-21 16:05:52",1697.0,2,"anselem7,divineokwueze,nnanyereuzoma"
2129,16659730,"Zhang Yingluo","2026-09-22 14:08:04",1696.6,2,zhangyingluo
2130,16773185,"Alwin Djuliansah","2026-09-26 01:40:34",1695.9,1,alwdj07
2131,16772723,"Zhou Haonan","2026-09-21 13:37:50",1694.9,2,hatsuseizuna
2132,16848992,"Lee Shit Hoo","2026-09-25 16:13:41",1694.9,2,leeshithoo
2133,16841940,"Hakkı Besim Bardakçı","2026-09-25 13:53:39",1694.4,2,xdebron
2134,16623463,porply,"2026-09-21 13:32:47",1692.9,2,porply
2135,16847609,"Aura Farmers","2026-09-23 21:03:10",1692.6,2,"adriana0022,ayrnpn,shengkaizhu"
2136,16817077,"Dinesh kumar Thiyagarajan","2026-09-20 21:01:23",1692.5,2,dineshkumar0705
2137,16730634,Priestess,"2026-09-21 05:34:51",1692.4,2,kalypheus
2138,16848622,"KUO JEN WEI","2026-09-24 19:20:54",1692.4,2,"kuojenwei,kuyiting"
2139,16931481,"Дмитрий Томилов","2026-09-22 02:12:22",1692.3,2,floyed
2140,16749576,heralces,"2026-09-21 15:38:45",1692.0,2,heralces
2141,16645703,madmax0404,"2026-09-27 05:47:19",1691.5,2,max6296
2142,16674919,yukiZ,"2026-09-27 04:51:31",1691.4,2,hideyukizushi
2143,16916938,MC1127,"2026-09-24 13:08:50",1691.1,2,mc1127
2144,16817923,"Adhiraj Jagtap","2026-09-23 19:44:00",1691.1,2,adhirajjagtap
2145,16942875,Vikram,"2026-09-24 03:42:14",1691.0,2,vikramreddy2001
2146,16795134,"jiawei li","2026-09-21 13:10:30",1691.0,2,jiaweiaaa
2147,16858087,"Mohd Aasim Ansari","2026-09-21 07:35:49",1690.9,2,aasim2003
2148,16935420,"zicong pan","2026-09-24 09:34:45",1690.8,2,zicongpan
2149,16622482,"Veniamin Nelin","2026-09-21 10:44:20",1690.6,2,veniaminnelin
2150,16806376,pardival,"2026-09-26 11:26:40",1690.3,2,pardival
2151,16779519,"Xiangsong Tian","2026-09-27 05:18:09",1689.4,2,xiangsongtian25
2152,16750317,"ELhamdaoui AM","2026-09-27 02:06:59",1689.1,2,elhamdaouiabdelmajid
2153,16665077,"Mohit Babel","2026-09-24 20:55:36",1688.1,2,mohitbabel
2154,16712751,haruo_tensai,"2026-09-26 01:58:17",1687.5,2,haruotensai
2155,16770282,colt,"2026-09-21 17:56:20",1686.1,2,"logicalgenius1,mindmaniac,mindpioneer,thinkinglogic2,xiaomaguo"
2156,16851147,Saifuddin,"2026-09-26 21:51:24",1685.5,2,syehsyoh
2157,16791862,"Emmanuel Mireku","2026-09-26 21:25:17",1684.9,2,eldermireku
2158,16644452,Durlabh_Jha,"2026-09-24 01:41:55",1684.2,2,durlabhjha
2159,16668406,"VAP RF5","2026-09-26 08:11:48",1684.1,2,vaprf5
2160,16797543,Tarang222,"2026-09-21 03:38:32",1684.0,2,tarang222
2161,16806840,"Tavuk Master","2026-09-21 09:52:18",1683.5,2,mkrimenurgm
2162,16901894,"Michael Reid","2026-09-23 17:10:41",1683.3,2,michaelreid2025
2163,16932991,"Gabriel Stoms","2026-09-22 15:15:38",1683.1,2,gabrielstoms
2164,16878026,yamazaking,"2026-09-27 00:44:28",1683.0,2,zacky21
2165,16851186,kaerururu,"2026-09-27 03:10:18",1682.3,2,kaerunantoka
2166,16770715,"Vicens Gaitan","2026-09-20 17:06:04",1682.1,2,vicensgaitan
2167,16670883,G*Sim,"2026-09-26 14:43:12",1681.9,2,guillaumesimiand
2168,16732746,MSG_Encrypted,"2026-09-27 00:07:59",1681.3,2,msghais
2169,16864870,JR,"2026-09-22 14:20:57",1681.0,2,jurijsruko
2170,16718660,"Ramona Flowers","2026-09-26 07:54:36",1680.8,2,forsmthnoithingtosay
2171,16920189,"Son Hoang","2026-09-23 12:57:59",1680.6,2,sonhoang82
2172,16927137,"Hibachi Fried Rice","2026-09-27 04:45:08",1680.4,2,samvalladares
2173,16764850,"cy zhang","2026-09-26 03:21:38",1679.3,2,zcy20051117
2174,16924825,"Steven Feng","2026-09-24 09:46:32",1679.1,2,stevenkaiyi
2175,16744983,Gappy,"2026-09-21 12:02:19",1678.4,2,takahirohigasa
2176,16935499,"Smarter Decision🏆","2026-09-26 13:05:44",1678.3,2,yunkuns
2177,16740659,haodou092,"2026-09-26 12:28:42",1678.2,2,haodou092
2178,16849780,"Juan Leiva","2026-09-20 14:08:59",1677.8,2,juank333
2179,16929850,"XINGYUAN  ZHOU","2026-09-22 14:12:26",1677.4,2,n05199
2180,16764386,Troy_xx,"2026-09-27 05:02:11",1677.3,2,troyxx
2181,16930280,greyhound,"2026-09-23 07:24:56",1676.1,2,tapaskd123
2182,16854216,Rita-1021,"2026-09-27 04:23:43",1675.5,2,rita1021
2183,16857607,inny,"2026-09-23 04:12:13",1675.2,2,innycc
2184,16632006,"Adwait Tagalpallewar","2026-09-20 11:40:04",1675.0,2,adwaittagalpallewar
2185,16844004,"Takahiro Saito","2026-09-26 23:02:46",1674.5,2,takahiro3110
2186,16822002,shiokoh,"2026-09-27 02:09:16",1674.2,2,shiokoh
2187,16672033,"Mohan Prasath P","2026-09-21 13:48:43",1674.0,2,mohanprasath21
2188,16625214,Malla,"2026-09-21 14:31:15",1673.8,2,mallaphalguni
2189,16682879,"Ace Team","2026-09-27 01:57:07",1673.7,2,drpatrickchan
2190,16935893,lixusb,"2026-09-21 11:31:19",1672.9,2,lixusb
2191,16779110,markastra,"2026-09-27 01:14:23",1672.9,2,markastra
2192,16624047,GUOHAOYANG,"2026-09-21 06:13:29",1672.9,2,pkuszboi
2193,16863501,ATC,"2026-09-20 09:24:46",1672.4,2,t6ccc2
2194,16752444,zama,"2026-09-21 06:56:28",1672.1,2,zamami
2195,16886344,魏杨康,"2026-09-27 04:46:14",1671.7,2,weiiyangkang
2196,16645431,Amin,"2026-09-25 15:27:01",1671.5,2,aminvafaei
2197,16693488,HarvestZero,"2026-09-25 03:34:38",1671.4,2,bernardboatey
2198,16659540,"Goua Henri","2026-09-24 07:27:58",1671.4,2,gouahenri
2199,16850683,cooked,"2026-09-27 05:48:08",1671.3,2,"jentopia,toasty3302,xenonminer"
2200,16899004,Antonoof,"2026-09-20 08:51:31",1671.2,2,antonoof
2201,16851343,"Ritwika Kancharla","2026-09-27 01:43:09",1670.0,2,ritwikakancharla
2202,16755495,"Leo Udah","2026-09-24 06:03:33",1669.9,2,leoudah
2203,16840857,Meteor,"2026-09-26 15:51:24",1669.8,2,meteorkid
2204,16670524,"Nat Bel ML Fun","2026-09-20 18:16:27",1669.2,2,natbel4ml
2205,16663403,matthewwh,"2026-09-20 03:47:30",1669.0,2,matthewwh
2206,16730142,static,"2026-09-20 11:56:45",1668.9,2,huangshunhao
2207,16849282,ancientLuck,"2026-09-20 13:04:14",1668.7,2,ancientluck
2208,16718937,62326368,"2026-09-26 11:50:31",1667.9,2,mooniim
2209,16699586,"Linda Liu","2026-09-22 03:43:59",1667.9,2,lpoint
2210,16701074,"One Policy to Rule Them All","2026-09-20 17:04:35",1666.1,2,qujiahui
2211,16880773,最强扫地僧,"2026-09-21 05:14:26",1664.8,2,yyx466005036
2212,16898500,"M Noxon","2026-09-18 21:46:34",1664.8,2,mnoxon
2213,16716531,tebenia,"2026-09-20 08:51:40",1664.8,2,tebenia
2214,16924433,stochar,"2026-09-26 14:28:44",1664.7,2,"bayerfe,quantforge12,spectior,stochar"
2215,16658221,"Roshan Roy","2026-09-25 18:08:07",1664.5,2,"adhilvt,mohamedarifj,roshanroy333"
2216,16924499,Matterhorn3838,"2026-09-26 01:53:36",1664.2,2,matterhorn3838
2217,16728549,Karatelb,"2026-09-26 11:53:23",1664.0,2,karatelb
2218,16750575,Gronk,"2026-09-26 07:47:06",1663.3,2,jianyicai
2219,16901814,pengurei,"2026-09-27 05:42:43",1662.9,2,pengurei
2220,16922907,萤火2018,"2026-09-20 09:48:37",1662.2,2,aiwody
2221,16669594,euorrl,"2026-09-26 14:02:56",1661.7,2,euorrl
2222,16709068,Vib,"2026-09-25 04:41:27",1661.3,2,viblal
2223,16658109,edward1503,"2026-09-21 09:31:07",1661.2,2,nguynnc
2224,16927660,abraxas417,"2026-09-20 13:44:26",1660.7,2,abraxas417
2225,16660215,"YoungDSML [dsml.kz]","2026-09-21 05:22:59",1659.9,2,"mazgas,nurikw3"
2226,16832192,"No Name #2","2026-09-25 16:33:33",1658.7,2,ivanj0
2227,16884028,"Jayden Y","2026-09-25 01:39:28",1658.6,2,jy0810
2228,16641183,"Team Name Pending","2026-09-20 14:32:46",1658.1,2,"abdaathaillahhadyan,oliverspiby"
2229,16743528,shfyyds12138,"2026-09-20 02:46:07",1658.0,2,"chrisshi123,junwenzhu1314"
2230,16897821,bjthomas,"2026-09-20 17:39:05",1657.7,2,bjthomas
2231,16659961,faahh,"2026-09-25 18:30:51",1657.4,2,shivam98saini
2232,16924344,trigo,"2026-09-21 07:41:11",1657.2,2,trigoani
2233,16795086,Leroll,"2026-09-20 15:54:30",1656.7,2,leroll
2234,16925409,GEHAOHUA,"2026-09-20 09:31:42",1656.5,2,gshy2028
2235,16839638,keeplooking,"2026-09-23 19:17:02",1656.4,2,keeplooking
2236,16669148,"Syed Muhammad Gillani","2026-09-20 23:33:36",1656.2,2,syedmuhammadgillani
2237,16654710,"Ray Brothers","2026-09-27 03:57:29",1656.1,2,"madhurjyaray,vibekodr"
2238,16865693,Eda,"2026-09-20 11:51:41",1656.0,2,edagram
2239,16766401,"Gobi Elangovan","2026-09-20 11:00:23",1655.9,2,gobielangovan
2240,16757727,"Sohshi Nakamura","2026-09-23 12:09:49",1655.2,2,sohshinakamura
2241,16751358,Cristiano,"2026-09-26 14:41:59",1655.0,2,zhuangbility
2242,16669632,"Kenneth Alonso","2026-09-26 19:24:14",1654.5,2,kennethalonso
2243,16887858,"Oleg Zholobov","2026-09-21 14:06:59",1654.4,2,olegzholobov
2244,16651804,"Bocen Li","2026-09-21 07:31:53",1654.3,2,bocenli
2245,16632476,"Назар Коваль","2026-09-26 21:58:56",1654.1,2,miickey
2246,16627799,"navazsh fathi","2026-09-22 15:31:34",1653.7,2,navazshfathi
2247,16640264,DhanaLakshmiMalla,"2026-09-22 20:29:36",1653.6,2,dhanalakshmimalla
2248,16630545,"GAURAV PARKHEDKAR","2026-09-25 13:18:41",1653.5,2,gauravparkhedkar
2249,16805952,hatakazu93,"2026-09-20 23:00:27",1653.1,2,hatakazu93
2250,16889522,nyayassist,"2026-09-26 19:01:46",1653.0,2,"gauravnagotanekar,raneyash"
2251,16797699,"Dylan Moraes","2026-09-20 10:38:18",1652.5,2,dylanmoraes
2252,16907973,Mainafly,"2026-09-23 06:07:12",1651.7,2,ishakuyusufmaina
2253,16930459,Ela,"2026-09-20 12:04:21",1651.4,1,pentol
2254,16696720,"JAZ COLD HORN","2026-09-27 05:15:34",1651.1,2,"evanmaksud,jazivxt,maulikgajera,niazmohaimanabtahi,victorhorn"
2255,16771558,"Vitalie Cervinschi","2026-09-27 00:52:07",1650.9,2,vitaliecervinschi
2256,16623440,"JB Bryant","2026-09-22 19:26:37",1650.1,2,jbbryant
2257,16676904,researchstudio.site,"2026-09-26 23:23:44",1649.8,2,fistyee
2258,16768100,Nathael,"2026-09-21 00:41:59",1649.6,2,nathaeldias
2259,16871409,"Aleksandr Isakov","2026-09-27 00:41:21",1649.3,2,aleksandrisakov
2260,16732530,可抽奖的冰棒,"2026-09-27 05:02:23",1648.1,2,daniel1547
2261,16808111,"Oliver #2","2026-09-21 10:29:39",1648.0,2,wangzn0410
2262,16937269,"Egg D. Kernel","2026-09-22 01:53:27",1646.2,2,eggdkernel
2263,16906626,JY,"2026-09-20 13:07:00",1645.8,2,junyihjy
2264,16865949,bhaskar9221,"2026-09-26 17:24:42",1645.6,2,bhaskarkumar11
2265,16678080,"Timothy Adeyemi","2026-09-19 16:58:52",1645.2,2,timothyadeyemi
2266,16807038,mitsuki,"2026-09-24 10:16:05",1644.3,2,mk00000
2267,16891902,Farmcore,"2026-09-27 03:33:06",1644.2,2,"betmyex,doifgoox,garifullintimur,naviniklag"
2268,16860164,Ry_Sa,"2026-09-22 13:02:38",1644.1,2,ryqsaq
2269,16632493,"oni chan arigato","2026-09-20 10:55:22",1644.1,2,"kindasomethin,nabidnur"
2270,16943490,"green algeria","2026-09-22 19:12:48",1644.1,2,greenalgeria
2271,16949981,"Yi Yu","2026-09-26 19:49:14",1643.7,2,yy5652
2272,16920843,"Hou JH-71","2026-09-20 13:09:46",1642.8,2,houjihao
2273,16724242,"Romash Koirala","2026-09-25 12:35:17",1641.4,2,romashkoirala
2274,16868304,"Aaron amacadu","2026-09-19 20:18:38",1640.7,2,aaronamacadu
2275,16794527,linyifangzhenshuai,"2026-09-27 05:14:54",1640.6,2,linyifangzhenshuai
2276,16749251,HawkOsm,"2026-09-23 05:17:19",1640.5,2,hawkosm
2277,16937817,Yuki_ARL,"2026-09-21 17:58:56",1639.8,1,yukiarl
2278,16706227,"Wise Fancy","2026-09-20 10:09:34",1639.7,2,wisefancy
2279,16838914,kikikukikii,"2026-09-20 11:03:49",1639.2,2,kikikukikii
2280,16939292,Cunriman,"2026-09-24 12:59:54",1638.8,2,cunriman
2281,16658777,"Jiarui (Jerry) Cao","2026-09-20 06:23:25",1638.5,2,jiaruicao7
2282,16904440,"Orion on earth","2026-09-27 05:41:20",1638.0,2,oriononearth
2283,16848394,Polaris,"2026-09-19 12:40:07",1638.0,2,zhanglei226
2284,16928640,Kenj,"2026-09-20 08:01:59",1637.7,1,kiritoooooooo
2285,16719869,"Swamy Gadila","2026-09-25 14:32:08",1637.6,2,testfridaycore2
2286,16668260,"Yangle Ma","2026-09-22 21:00:01",1637.5,2,yanglema
2287,16732727,brightest66,"2026-09-27 02:44:09",1636.5,2,"brightest66,laplacenvmv"
2288,16673230,saitamad,"2026-09-27 05:43:06",1636.5,2,saitamad
2289,16801855,KooDol,"2026-09-22 19:32:13",1636.2,2,koodol
2290,16714159,Lonnie,"2026-09-22 16:13:10",1636.0,2,lonnieqin
2291,16846010,muelsyse111,"2026-09-26 09:02:59",1635.4,2,"muelsyse111,zltrqn"
2292,16881005,"Donald Trump","2026-09-22 01:00:34",1635.3,2,"seanmtk,sinfonia8838"
2293,16722619,vlavlalva,"2026-09-20 13:44:47",1634.5,2,cppcph
2294,16853132,masa0219,"2026-09-26 21:46:08",1634.5,2,masa0219
2295,16866996,"Marina Afanas'eva","2026-09-20 22:23:21",1633.4,2,proamari
2296,16917535,"Edric Zhou","2026-09-21 08:05:07",1633.2,2,edriczhou
2297,16811072,Rafael,"2026-09-19 17:19:25",1632.8,2,rafaeldsjhkas
2298,16785884,TX,"2026-09-26 20:08:27",1631.8,2,realrudraa
2299,16855111,PixelPuff,"2026-09-26 14:16:59",1631.4,2,krishpatel290895
2300,16665084,"Wei Han","2026-09-20 06:30:13",1630.4,2,weihan87
2301,16712560,"Max vrstpan1","2026-09-25 15:57:43",1629.8,2,wdjy123456
2302,16762957,邪悪な暁山瑞希、ジャガイモを量産してフライドポテト市場を独占,"2026-09-26 09:13:26",1629.7,2,yinzimike
2303,16849814,"Mr. Architect","2026-09-20 08:06:03",1629.0,2,vietnguyen130593
2304,16719123,"Thomas Tschinkel","2026-09-23 02:43:20",1628.4,2,thomastschinkel
2305,16717572,kiyomiya-k,"2026-09-20 11:37:44",1628.2,2,kiyomiyak
2306,16635067,"Berat Egemen Gök","2026-09-23 19:09:42",1627.8,2,berategemengk
2307,16777394,antadam127,"2026-09-19 23:03:20",1627.6,2,antadam127
2308,16863383,HanFish,"2026-09-26 11:04:51",1627.2,2,hananfish
2309,16898309,"Mohammad Albaddawi","2026-09-19 14:27:45",1626.9,2,m7mdalbaddawi
2310,16941720,Abdellatif,"2026-09-22 13:35:50",1626.2,2,moussaid
2311,16676321,"tao wu11","2026-09-25 15:09:34",1626.0,2,"taowu11,xujchill"
2312,16773244,"Yudai Ueno","2026-09-20 01:13:36",1625.0,2,yudaiueno
2313,16866458,lalal2006,"2026-09-23 14:26:28",1624.9,2,lalal2006
2314,16661575,skw1990,"2026-09-20 23:43:37",1624.0,2,skw1990
2315,16774701,@Suzumaru_1666,"2026-09-26 14:40:21",1624.0,2,suzumaru1666
2316,16755911,"Paarth Patel","2026-09-20 04:34:50",1623.1,2,martis10
2317,16885137,"Manjunadh Padarthi","2026-09-25 05:27:43",1621.6,2,manjunadhpadarthi
2318,16782520,Durian,"2026-09-20 08:09:06",1621.5,2,rainyjin
2319,16669256,Shivam_2212,"2026-09-27 06:02:00",1621.4,2,shivam2212
2320,16878968,"Dale Zhong","2026-09-27 05:45:50",1620.8,2,dalezhong
2321,16916418,Lukas,"2026-09-23 13:02:38",1620.8,2,lukasbuck
2322,16891396,易思言ysy,"2026-09-17 15:02:45",1620.2,2,ysykevin
2323,16630315,janson,"2026-09-22 15:28:31",1619.3,2,johnjanson
2324,16697461,Agricroporation,"2026-09-19 09:25:16",1618.9,2,"algionightly,kroissant7,officialabhinavsingh"
2325,16691451,Nakano,"2026-09-20 00:33:55",1618.3,2,spicatom0914
2326,16731415,BOB,"2026-09-26 15:56:57",1618.0,2,hotpotbro
2327,16623988,"Charismatic Pizza Party🍕","2026-09-19 12:22:20",1617.6,2,debugendless
2328,16757392,Winter01,"2026-09-26 12:27:22",1617.3,2,wei111111
2329,16663759,Aggro,"2026-09-21 17:30:40",1617.3,2,datafad
2330,16947082,"Alex  Redna","2026-09-25 12:46:49",1617.2,2,alexredna
2331,16654681,htech5,"2026-09-25 13:19:38",1617.2,2,htech5
2332,16763437,"⸻AgentZZ ⸻","2026-09-26 16:27:48",1617.2,2,agentzz
2333,16713543,"Rustam Bazarbayev","2026-09-26 03:50:46",1616.5,2,rustambazarbayev
2334,16668798,"Ayush Shukla","2026-09-26 18:08:36",1616.4,2,ayushivy
2335,16926297,brave-心勇-heart,"2026-09-22 10:33:15",1616.1,2,braveheart
2336,16701697,Pelican,"2026-09-24 14:11:36",1615.4,2,chetanagrawall
2337,16656340,MAGMA,"2026-09-26 01:49:48",1614.9,2,infiheart
2338,16726545,whm8016,"2026-09-23 16:17:05",1614.7,2,whm8016
2339,16926016,"[KGZ] Aruke Sulaimanova","2026-09-19 15:15:47",1614.7,2,arukesulaimanova1
2340,16898760,"Berat Erol ÇELİK","2026-09-25 17:54:55",1614.5,2,beraterolelk
2341,16621075,"Octavi Grau","2026-09-22 16:25:47",1614.2,2,octaviograu
2342,16942821,PabloKim,"2026-09-25 11:26:53",1614.2,2,pablodevkim
2343,16623920,"Kazuta MIZUTA","2026-09-21 00:27:46",1613.7,2,kazutamizuta
2344,16847096,Jackylw,"2026-09-20 15:53:08",1613.7,2,jackylw
2345,16929902,Daijun_zju,"2026-09-21 07:23:03",1612.9,2,daijunzju
2346,16860288,"VIKASH YADAV","2026-09-25 08:53:44",1612.4,2,vikashyadav05
2347,16696960,pi-500.phys,"2026-09-22 19:46:47",1612.2,2,pi500phys
2348,16634426,ertu,"2026-09-20 16:42:44",1611.7,2,ozertuu
2349,16761267,"Pranav Arvind","2026-09-19 13:28:32",1611.6,2,pranavarvind
2350,16854939,nusrati,"2026-09-20 04:10:54",1611.5,2,nusrati
2351,16746380,JKong,"2026-09-24 00:00:30",1611.3,2,kmt2001
2352,16743546,"Simon Dorcas","2026-09-24 16:36:17",1611.1,2,simondorcas
2353,16926545,"Rintaro Washio","2026-09-19 19:02:47",1610.9,1,rintarowashio
2354,16732126,iwashi,"2026-09-19 21:31:56",1610.6,2,iwashi
2355,16623643,LiXingtao,"2026-09-27 04:27:57",1610.5,2,lixingtao123
2356,16654914,Nozprod,"2026-09-20 18:40:20",1610.1,2,nozprod
2357,16926712,lostargon,"2026-09-21 21:44:55",1610.0,2,vadimpryakhin
2358,16848850,Lazyman,"2026-09-21 18:42:12",1608.7,2,lazyman
2359,16677565,"Avish Sinha","2026-09-26 13:33:11",1608.0,2,avish006
2360,16663827,magoemu,"2026-09-24 13:06:26",1607.1,2,magoemu
2361,16914950,"Alessio Mezzina","2026-09-22 07:11:58",1606.9,2,alessiomezzinaaa
2362,16880296,"CT in CS","2026-09-24 15:07:38",1605.9,2,"anhphamtranminh,nguyenvietdat,nnvietha,toanleducanh"
2363,16866689,snehitha,"2026-09-23 13:47:34",1605.8,2,andapallysnehitha
2364,16924069,levshaazz,"2026-09-26 10:09:19",1605.6,2,levshaazz
2365,16927087,"Arun #2","2026-09-19 21:10:10",1605.4,1,arun8ovfjfdr6
2366,16668123,B0RN2BL0W0UT,"2026-09-19 19:30:24",1604.5,2,kadenmansur
2367,16791248,"Ioannis Tzachristas","2026-09-19 06:15:43",1604.4,2,"ioannistzachristas,lilishyxf"
2368,16790652,救赎之道，就在其中,"2026-09-20 01:08:29",1604.3,2,"mengyihu,pengchaozheng"
2369,16736874,mhiro2,"2026-09-27 00:04:47",1603.7,2,mhiro2
2370,16732670,minoneru,"2026-09-27 04:31:04",1603.1,2,kotaminoshima
2371,16866014,htsbrer,"2026-09-20 00:09:51",1602.8,2,ht5brer
2372,16757987,maverick_ss_26,"2026-09-22 13:19:24",1602.7,2,maverickss26
2373,16688907,青烟,"2026-09-26 15:01:44",1602.7,2,"imagine4391,mortal4416"
2374,16806568,"Mumtaz Ahmad Maitla","2026-09-21 07:45:28",1602.7,2,mumtazahmadmaitla
2375,16920912,wxxbest,"2026-09-23 13:36:08",1601.5,2,w20260801
2376,16654379,"Sebastian Mateus","2026-09-20 00:48:16",1598.8,2,"brenorb,sebastianmateus"
2377,16790765,Aristotle.Chen,"2026-09-26 17:38:45",1598.6,2,aristotlechen
2378,16900902,"Younes Chafi","2026-09-23 12:36:44",1597.7,2,youneschafi
2379,16946322,"hb and ys","2026-09-26 08:09:47",1597.7,2,hbandys
2380,16875601,forwardidear,"2026-09-19 08:49:41",1597.5,2,forwardidear
2381,16656213,"Mehdi Boumiza","2026-09-24 03:56:40",1597.1,2,mehdiboumiza
2382,16796574,cununn,"2026-09-27 04:09:41",1596.9,2,w007425y
2383,16842384,"Muhammad Mirza Darma Putra","2026-09-26 12:55:24",1596.8,2,mirzadarma
2384,16635421,"Lennart Haupts","2026-09-27 05:02:52",1596.5,2,lennarthaupts
2385,16844518,"Haroon Rasheed","2026-09-24 04:47:28",1595.6,2,haroonnsgb
2386,16919647,moo_&yuu1,"2026-09-23 02:21:58",1595.6,2,"a91zjy,mooyuu"
2387,16805906,FENGYESHAN,"2026-09-26 04:07:51",1595.4,2,fengyeshan
2388,16657657,ArnabKarmakar,"2026-09-27 05:30:51",1595.0,2,arnabkarmakar
2389,16916611,Infinity,"2026-09-26 18:58:59",1594.3,2,"maaz101,syedtahahassan"
2390,16764901,"Han Chen","2026-09-22 09:05:16",1594.2,2,puffohan
2391,16735741,"Фермеры чист","2026-09-22 17:23:30",1593.7,2,"gdreallygoodman,maksonch1k"
2392,16885933,"Nadeem Kilani","2026-09-23 03:32:45",1593.4,2,fifthway
2393,16841061,"Artin yzn","2026-09-27 05:36:20",1593.3,2,artinyzn
2394,16675063,"King Tian","2026-09-27 03:04:11",1592.1,2,"serven1,tianwang1210"
2395,16944157,"Aly Dhedhi","2026-09-23 00:53:42",1591.9,2,alydhedhi
2396,16691572,"Lord Momo","2026-09-19 14:12:55",1591.0,2,stevenleehans
2397,16921850,"Leon Sakakibara","2026-09-21 02:05:50",1590.4,2,leonsakakibara
2398,16622034,"Aryan Yadav","2026-09-19 05:51:25",1589.8,2,simplexcomplex
2399,16775474,ERS,"2026-09-19 06:16:01",1589.4,2,shingo257
2400,16621315,"Reyhan Ksatria","2026-09-19 11:26:15",1589.0,2,reyhanksatria
2401,16690065,JiangWenfeng1,"2026-09-20 05:21:03",1588.4,2,jiangwenfeng1
2402,16854072,r13721,"2026-09-19 15:19:42",1588.2,2,r13721
2403,16743055,栗ご飯,"2026-09-26 22:23:06",1588.1,2,criticalpath1903
2404,16659942,"Abdoulaye DIAW","2026-09-22 09:46:49",1588.1,2,abdoulayediaw25
2405,16742369,"Ömer Faruk Yüce","2026-09-26 20:06:43",1587.9,2,merfarukyce
2406,16763761,mkai1981,"2026-09-22 05:43:59",1587.6,2,mkai1981
2407,16910041,"Gorgulu Fried Chicken Wings","2026-09-19 22:00:21",1587.5,2,"jingshixu,ooorangecatt"
2408,16635600,"Divyansh Kumar","2026-09-27 06:03:26",1587.3,2,"divyanshkumar3,vivekjeetpatel"
2409,16944358,Kobamiyannnn,"2026-09-23 02:50:24",1587.1,2,kobamiyannnn
2410,16689926,3MnRho,"2026-09-19 06:59:04",1586.8,2,yongxiangzhao
2411,16652214,Zhenrui.Weng,"2026-09-20 04:23:41",1586.0,2,zhenruiweng
2412,16802752,hako22,"2026-09-22 01:31:31",1585.6,2,hako22
2413,16630274,yutoAb,"2026-09-25 08:13:44",1585.1,2,yutoab
2414,16739537,"Bina Salama","2026-09-24 10:00:16",1584.8,2,binasalama
2415,16657941,"Nick Styles","2026-09-27 04:57:51",1584.7,2,styles
2416,16661533,wangyuou,"2026-09-25 11:22:49",1584.6,2,wangyuou
2417,16640552,"rupsa roy","2026-09-19 06:11:54",1584.2,2,rupsarroy
2418,16736198,JetJetGo,"2026-09-19 14:10:00",1584.2,2,psykrishna
2419,16665596,chunhu666,"2026-09-26 08:12:26",1583.7,2,chunhu666
2420,16831179,"Andrey Baranov","2026-09-23 16:19:45",1583.3,2,baranov
2421,16919736,elda27,"2026-09-22 01:32:59",1583.1,2,elda27
2422,16871053,Ni123456&,"2026-09-25 05:05:05",1582.8,2,bingdongni
2423,16731776,ASH,"2026-09-24 09:17:40",1581.6,2,pentannnn
2424,16641130,LitvinKA,"2026-09-26 11:07:00",1581.1,2,litvinka
2425,16636756,"K.THARUN KUMAR","2026-09-25 00:17:28",1580.8,2,tharunkumar369
2426,16621616,insuperabilehart,"2026-09-24 15:18:01",1580.6,2,insuperabile
2427,16862461,"Guilherme Volpe","2026-09-23 00:38:39",1580.3,2,guivolpe
2428,16734435,Economist,"2026-09-26 11:54:48",1579.7,2,jtheyogi
2429,16778417,"TANG BUDU 19SD195","2026-09-27 06:25:50",1579.6,2,tangbudu19sd195
2430,16773064,GoPreCure,"2026-09-27 01:13:31",1578.9,2,sonuyadav710
2431,16728996,autowin,"2026-09-20 06:57:56",1578.7,2,atharvjairath
2432,16843522,clouds111,"2026-09-24 13:40:53",1577.3,2,clouds111
2433,16924209,AmirabbasBF2027,"2026-09-24 19:10:14",1577.1,2,amirabbasbf2027
2434,16822706,"YUE WU","2026-09-21 00:34:02",1575.5,2,yuewuacademic
2435,16723967,dk2lone,"2026-09-26 01:25:11",1574.7,2,dk2lone
2436,16885430,zoujustkidding,"2026-09-18 08:42:04",1574.4,2,chenxianshen123
2437,16885090,higuuu,"2026-09-27 05:40:50",1574.2,2,higuuu
2438,16922609,rofa2,"2026-09-18 23:05:58",1574.1,2,"gaoyuanjun,zhdmath"
2439,16623974,Canon,"2026-09-27 06:21:06",1574.0,2,sotakurihara1
2440,16913591,fly,"2026-09-18 07:06:04",1574.0,2,"azh1sdad,linjingmax,rong414,w1ll1am10,yuhanleo"
2441,16630740,"Ramazan Turan","2026-09-19 08:51:11",1573.9,2,ramazanturann
2442,16875763,"芳村 愛支","2026-09-20 03:21:14",1573.9,2,shin1012
2443,16747273,红烧肉,"2026-09-18 09:24:59",1573.5,2,ra1nac1d
2444,16692432,"Les 2 oies","2026-09-26 13:34:41",1573.1,2,"sanarceate,youyoucrf"
2445,16685014,"Vishal Kishore","2026-09-20 11:55:12",1572.9,2,kishorevishal
2446,16939130,BenRed1,"2026-09-27 00:58:59",1572.7,2,benred1
2447,16700207,"S. Mujtaba Hussain","2026-09-23 08:49:23",1572.6,2,smujtabahussain
2448,16863212,"Jayanth Koppala","2026-09-21 19:38:51",1572.4,2,jayanthkoppala
2449,16657623,Restart:),"2026-09-19 16:26:31",1572.2,2,wayne127
2450,16759501,BaconT,"2026-09-22 15:56:11",1572.0,2,bacont
2451,16769849,"Shuwen(Shawn) Ge","2026-09-19 19:21:10",1572.0,2,shuwenshawnge
2452,16682254,"Jeffery Jerome Harris","2026-09-27 01:53:26",1571.8,2,jefferyjeromeharris
2453,16709872,"Tim McGarvey","2026-09-26 21:21:53",1570.9,2,timmcgarvey
2454,16890772,tcipin-egor,"2026-09-19 01:12:37",1570.8,2,egorich51
2455,16623263,ASHML,"2026-09-19 20:19:53",1570.5,2,ashml
2456,16743639,Hanserong,"2026-09-18 06:20:56",1570.1,2,"ronghedragon,rufus666"
2457,16927279,santa9150,"2026-09-26 13:14:15",1569.7,2,santa9150
2458,16723241,TrinhDung16,"2026-09-19 04:29:59",1569.5,2,trinhdung16
2459,16684093,"fog flower","2026-09-27 03:36:58",1569.3,2,"fogflower,gdz007,kitchs,xuesongyin"
2460,16630964,LEEKANG,"2026-09-19 08:43:02",1568.8,2,poby7722
2461,16852208,"LONG NT123","2026-09-19 08:30:22",1568.2,2,longnt123
2462,16744503,"Jun AKita","2026-09-26 11:50:00",1568.2,2,junakita
2463,16879879,wulawulacong,"2026-09-18 03:56:01",1567.7,2,wulawulacong
2464,16660090,"Kaggriculture @ Farmageddon","2026-09-26 18:38:31",1567.1,2,gary08phillios
2465,16838589,iCO,"2026-09-26 17:00:02",1566.8,2,takashimaeda
2466,16656382,Aevion-Labs,"2026-09-23 14:23:35",1566.6,2,aevionlabs
2467,16793385,"Rishav Utkarsh","2026-09-19 18:07:24",1564.7,2,rishavutkarsh
2468,16775010,"Alexey Kuznetsov","2026-09-19 14:26:40",1564.5,2,legtarrr
2469,16664506,"Jonatan Asketorp","2026-09-25 15:30:45",1564.3,2,weft169aston
2470,16673328,"Preetham Prasanna","2026-09-27 03:36:16",1563.9,2,preethamprasanna
2471,16790091,"[Deleted] 0c90d8c7-6287-45e2-a53d-b800213ae7c3","2026-09-23 14:47:14",1563.2,2,del=09910093914da146
2472,16884417,"malcolm tan","2026-09-18 18:24:39",1563.1,2,malcolmtan
2473,16746275,LittleScottyy,"2026-09-19 11:11:39",1563.1,2,fongwaiyong
2474,16672371,Loren-wen,"2026-09-27 04:40:08",1562.6,2,wofusituerte
2475,16896240,mexlora,"2026-09-23 08:23:06",1560.1,2,"mexlora,nolzixo,qizlona"
2476,16779171,Xunden,"2026-09-26 13:42:05",1560.1,2,xunden
2477,16935669,"Timon Wendland","2026-09-23 19:58:41",1560.0,2,timonwendland
2478,16810954,BayramAnnakov,"2026-09-19 11:14:29",1559.6,2,bayramannakov
2479,16911021,spark328,"2026-09-19 10:30:15",1559.6,2,spark328
2480,16667880,DOPEなNOUFU耕すHOPE👨‍🌾,"2026-09-25 00:02:40",1559.3,2,"shin9915,syamoji141chan"
2481,16882280,K_daisuke,"2026-09-18 16:07:55",1559.2,2,kawakamidaisuke
2482,16755808,"Van-Phuc Huynh","2026-09-22 07:21:40",1558.5,2,hvanphucs112
2483,16871967,"Md Arafat #2","2026-09-26 16:14:28",1558.2,2,arafat362
2484,16658946,theredbluepill,"2026-09-27 03:03:48",1557.7,2,poonszesen
2485,16668688,"Nezihe Sözen","2026-09-26 17:42:04",1557.6,2,nezihesozen
2486,16667604,L7n,"2026-09-17 08:29:55",1557.6,2,znwe342
2487,16817750,"Baiqing Wang","2026-09-18 08:46:19",1557.0,2,wangbqbqbq
2488,16742267,chandora,"2026-09-27 05:32:58",1556.8,2,chandora
2489,16730446,photunix,"2026-09-24 23:29:29",1556.6,2,photunix
2490,16796223,"Bohan Shao","2026-09-18 11:27:52",1556.5,2,bohanshao
2491,16870780,"John Gates","2026-09-21 11:59:23",1556.2,2,johngates
2492,16632377,"Legend Brothers","2026-09-26 02:47:10",1556.1,2,"holeguma,shunhirota"
2493,16653078,pk210495,"2026-09-21 12:11:20",1556.0,2,pk210495
2494,16635280,"Narendra Sirvi","2026-09-24 04:12:37",1556.0,2,narendras78
2495,16898165,"Mahmoud Nasser","2026-09-21 20:18:26",1556.0,2,lomnafsk
2496,16941958,"Justin Anderson","2026-09-25 10:20:24",1555.9,2,justanderson
2497,16709468,"Andrey Chankin","2026-09-26 16:51:48",1555.6,2,bluepill
2498,16743852,"Giovanni Giorgio","2026-09-18 14:57:23",1555.5,2,"alexandermlad,erikpymay"
2499,16721259,Qsj,"2026-09-24 01:31:34",1555.4,2,qiaoshiji
2500,16635314,"Aurora wy","2026-09-18 15:14:20",1555.2,2,aurorawy
2501,16780062,Kousuke55,"2026-09-25 15:01:04",1554.7,2,kousuke555
2502,16888261,"Andreas meling","2026-09-19 22:03:28",1553.7,2,andreasmeling
2503,16669089,YujieXing10,"2026-09-22 18:01:14",1553.4,2,yujiexing10
2504,16921161,"earl naranja","2026-09-18 14:29:46",1553.1,1,earlnaranja
2505,16781279,zhyphirus,"2026-09-16 11:08:51",1552.0,2,zhyphirus
2506,16863551,"Fady Mohammed","2026-09-26 04:39:25",1552.0,2,fadymagdy
2507,16668370,"Matthew Labrador","2026-09-17 14:07:15",1552.0,2,m4tyuuu
2508,16729488,"Bala vighnesh Reddy","2026-09-20 11:38:40",1551.6,2,balavighneshreddy
2509,16774712,icelemon2004,"2026-09-26 19:08:21",1549.3,2,"guanghuchen,icelemon2004,mustard64"
2510,16826555,AioRaito,"2026-09-18 16:49:58",1549.0,2,aioraito
2511,16663485,"Jacob Alstrup","2026-09-18 17:30:37",1548.9,2,jacobalstrup
2512,16939076,"Solo runner","2026-09-26 23:10:19",1548.8,2,camronsanders
2513,16657796,"parv goyal2","2026-09-27 05:33:51",1548.7,2,parvgoyal2
2514,16663851,"Harshith revuru","2026-09-19 19:18:24",1548.3,2,harshithrevuru
2515,16635910,K3V1NM,"2026-09-18 13:33:33",1548.0,2,k3v1nm
2516,16740010,"[Deleted] 3d43f904-9731-4807-b835-0ae07351a8c7","2026-09-20 18:57:10",1547.8,2,del=230950f98ee5f235
2517,16888648,"MAOSEN ","2026-09-21 10:40:03",1547.8,2,maosen
2518,16621628,pupen_o,"2026-09-23 17:16:53",1546.9,2,pupeno
2519,16645203,easonyanyan,"2026-09-27 05:10:36",1546.8,2,easonyanyan
2520,16823981,"mou mou","2026-09-21 13:30:48",1546.4,2,moumou6322
2521,16777138,"Anna Pakhaliuk","2026-09-26 20:57:25",1546.2,2,annapakhaliuk
2522,16903912,樱花冷月,"2026-09-18 06:28:43",1546.2,2,yinghualengyue
2523,16866933,tech-Mira,"2026-09-18 14:19:35",1546.1,2,itsukiito
2524,16637919,NoOneAhead,"2026-09-19 03:24:29",1546.1,2,jerrlu
2525,16807373,"junxing peng","2026-09-17 07:28:50",1546.0,2,junxingpeng
2526,16659160,"Dmitry Bardonov","2026-09-18 18:20:26",1545.3,2,bdesim
2527,16897955,Diganta,"2026-09-18 15:58:46",1544.4,2,digantabhattacharya
2528,16870596,juicyorange,"2026-09-27 01:18:18",1544.3,2,billychau1
2529,16676063,"Kembang Melon","2026-09-22 01:54:48",1543.9,2,wajawaja
2530,16915888,"Steve T","2026-09-20 05:28:41",1543.9,2,jamesfitxroi
2531,16698560,"Seungjun Lee","2026-09-18 17:11:22",1542.8,2,seungjunleeofficial
2532,16764868,y129besan,"2026-09-19 02:30:37",1542.6,2,y129besan
2533,16641884,Blacklions.,"2026-09-27 05:44:37",1542.5,2,"blacklions,llllllc666"
2534,16907699,"zhirong ye","2026-09-18 16:25:01",1541.3,2,zhirongye
2535,16652451,JackGong,"2026-09-25 13:32:45",1541.3,2,jackgong
2536,16733839,"Fabian Ruiz","2026-09-19 21:47:07",1541.1,2,fabianruiz3
2537,16897519,SShota-box,"2026-09-18 05:12:20",1540.8,2,sshotabox
2538,16658840,sanju25,"2026-09-18 14:32:41",1540.3,2,sanju25
2539,16856629,Methematics,"2026-09-17 15:14:04",1540.1,1,pavelvasilevskiy
2540,16915895,Shaylynn,"2026-09-17 15:58:29",1538.5,1,shittttttt
2541,16926797,aurnik,"2026-09-24 19:26:39",1538.2,2,aurnik
2542,16664751,"Cindy Meng90","2026-09-21 08:37:53",1536.9,2,cindymeng90
2543,16881681,失忆的海_,"2026-09-27 03:38:08",1536.9,2,shiyidehai
2544,16655766,前衛,"2026-09-18 16:22:25",1536.0,2,"atharvranjan,shreyasgandhe,siddharth9077"
2545,16917982,"Haitao56 ","2026-09-19 14:38:52",1535.9,2,haotao56
2546,16946666,"Pengfei Yan ","2026-09-26 18:15:04",1535.6,2,pengfeiyan
2547,16880975,"Shenyu Ma","2026-09-18 15:19:11",1535.6,2,shenyuma
2548,16623708,"Chekhlov Dmitrii","2026-09-18 13:45:33",1534.9,2,zoli800
2549,16772109,Yashvs56,"2026-09-19 11:04:41",1534.0,2,"vivaancyber,yashvs56"
2550,16798989,"Harvest Sun","2026-09-17 06:18:22",1533.0,2,zaoooo29
2551,16654373,thwaitsusa2,"2026-09-27 00:02:16",1532.8,2,thwaitsusa2
2552,16653044,"Claudex - An","2026-09-18 09:35:31",1532.6,2,"binhdth,buphmquc,hainguyenthien,pntan17"
2553,16880856,jinxingweilai,"2026-09-17 03:05:31",1532.1,2,jinxingweilai
2554,16669711,"Anton Shaniuk","2026-09-18 18:08:55",1531.9,2,antonshaniuk
2555,16799769,manyuA,"2026-09-22 04:52:29",1531.9,2,"forheuristiclifeksh,manyua,realhonest"
2556,16940722,"Jalen ShiAo","2026-09-22 08:39:38",1531.6,1,jalenshi
2557,16839580,"Søren Ravn Andersen","2026-09-16 13:57:31",1531.1,2,sorenravn
2558,16662318,"Bardia Bahadori","2026-09-18 15:21:53",1530.9,2,bardiabahadori
2559,16820607,PeriwinkleBlueOvO,"2026-09-23 12:08:16",1530.3,2,"PeriwinkleBlueOvO,wenqiangao1"
2560,16886174,还没想好冥,"2026-09-18 14:45:39",1529.5,2,"fufustory,hashak,linjunren1016,mushroom1763,yamaer"
2561,16907595,"Eric Zhang63","2026-09-18 18:15:50",1528.1,1,"ericzhang63,szqg666"
2562,16743427,Under遊具,"2026-09-18 06:00:32",1527.7,2,andayougui
2563,16927981,narihz,"2026-09-22 12:25:06",1527.4,2,xiaochaizhen
2564,16826999,donaldxu,"2026-09-25 15:15:45",1527.4,2,abc1705
2565,16631592,ktr,"2026-09-26 15:20:21",1526.8,2,kcotton21
2566,16806635,digimagi,"2026-09-22 08:18:35",1526.6,2,digimagi
2567,16899240,"Abel Mendez","2026-09-25 04:42:43",1525.9,2,abelmendez
2568,16802575,saeNeko,"2026-09-17 07:47:44",1525.7,2,sae20gorilla
2569,16677774,"Abdulatif Mahgoub","2026-09-26 16:27:13",1525.7,2,abdulatifmahgoub
2570,16709339,"Mohammad Javad Dianat","2026-09-27 05:17:58",1525.6,2,dianatofficial
2571,16894457,kento2002,"2026-09-17 16:44:18",1524.6,2,kento2002
2572,16875968,"Dias Bakhtiyarov","2026-09-16 19:41:15",1524.6,2,diasbakhtiyarov
2573,16912371,Dorararra,"2026-09-23 03:37:28",1524.1,2,dorafairy661
2574,16729192,1m0ke,"2026-09-26 00:28:28",1522.9,2,smokelate
2575,16888126,Iminabo,"2026-09-17 16:21:33",1522.3,2,iminabo
2576,16623749,Tejas,"2026-09-17 09:53:36",1522.0,2,tejuuss
2577,16749466,"The Wolf of Wheat Street","2026-09-16 23:35:18",1521.2,2,"lijuantang19,yuemengzheng01"
2578,16854776,aruuu,"2026-09-24 03:30:09",1520.1,2,arruuu
2579,16706395,"Kunal Desale","2026-09-18 04:08:03",1518.8,2,kunaldesale2408
2580,16849125,"OBSTACLE DEVELOPER","2026-09-26 09:46:19",1518.2,2,obstacledeveloper
2581,16899300,"Yassine Chritt","2026-09-17 06:31:14",1518.0,2,yassinechritt
2582,16709930,llRX,"2026-09-23 07:11:17",1517.7,2,"bankkobe,leojeel,ruikaihong"
2583,16644481,Liquidus,"2026-09-16 02:57:18",1517.7,2,liquidus
2584,16773170,"yy li","2026-09-24 03:40:48",1517.5,2,yangyili11
2585,16830678,Voodoo_m88,"2026-09-26 05:18:05",1517.0,2,voodoom88
2586,16697249,"Sudharsana Rajasekaran","2026-09-24 01:19:07",1516.8,2,sudhan03
2587,16859157,"David Mensah-Gbekor","2026-09-17 22:03:56",1516.6,2,ravdave
2588,16655654,Cacinie,"2026-09-27 04:32:55",1516.3,2,cacinie
2589,16743656,Deskbo,"2026-09-16 13:45:12",1515.8,2,deskbo
2590,16739019,quzhihang,"2026-09-23 08:28:40",1514.5,2,quzhihang
2591,16681100,Chiranjith,"2026-09-17 11:37:34",1513.3,2,chiranjithdharma
2592,16661362,BEETRiX🦋,"2026-09-25 21:08:13",1513.3,2,johannaleighdeley
2593,16898547,"[Deleted] 56e880dc-015c-4899-9c1b-85d9958ef4af","2026-09-15 18:25:34",1512.8,2,del=84798c2d77df7d9d
2594,16692038,CodeHacker,"2026-09-26 04:42:34",1512.7,2,junhanzangai
2595,16879636,aaaaLiu123,"2026-09-27 05:33:57",1512.7,2,aaaaliu123
2596,16936777,tagokoro,"2026-09-24 05:14:27",1512.3,2,tagokoro
2597,16897870,妮选择遗忘的,"2026-09-17 13:59:51",1511.7,2,yk120951
2598,16839902,"Sōsuke Aizen","2026-09-16 19:50:03",1511.7,2,"soukeaizenz,souvikdbiswas"
2599,16621610,NMarkS,"2026-09-21 12:03:36",1511.2,2,nmarks
2600,16843555,sol12378,"2026-09-22 05:46:50",1510.4,2,sol12378
2601,16635969,"Omkar Kadam","2026-09-26 18:54:41",1508.4,2,"itzzomkar,khanayanayub,princypaonam"
2602,16825340,xiaoBOSS97,"2026-09-21 15:18:33",1507.6,2,xiaoboss97
2603,16891562,"Weverton Guedes","2026-09-25 12:29:45",1507.4,2,owevertonguedes
2604,16738408,kujitama,"2026-09-17 12:13:20",1507.3,2,tyamujin
2605,16655263,rishavsaigal,"2026-09-25 08:49:02",1507.1,2,rishavsaigal
2606,16673131,"Arfin Mustofa","2026-09-17 01:40:55",1506.8,2,arfinmustofa
2607,16866968,HXS-CF13,"2026-09-20 00:49:11",1506.7,2,hxscf13
2608,16861616,"Gagan Deep","2026-09-20 14:50:30",1505.9,2,gagandeep1
2609,16860811,XiaoXiaoJ,"2026-09-17 19:38:39",1505.3,2,xiaoxiaoj
2610,16652630,stars_w,"2026-09-18 06:57:00",1505.1,2,starsw
2611,16680144,AM,"2026-09-17 15:52:11",1504.4,2,adammekky
2612,16796484,"Ryutaro Tsujii","2026-09-24 22:48:14",1503.9,2,ryutarotsujii
2613,16676762,"Tomas Escobar Rivera","2026-09-16 01:46:24",1503.9,2,tomasescobarrivera
2614,16687479,kowalskii,"2026-09-17 08:52:42",1503.6,2,anirudhkumaraheer
2615,16770842,yatakeuc,"2026-09-26 13:34:10",1502.9,2,yatakeuc
2616,16651257,PursueML,"2026-09-22 16:24:27",1501.2,2,"cuijohn,pursueml"
2617,16667346,Artwenty-six,"2026-09-27 04:57:22",1501.1,2,rezakautsarinsani
2618,16891588,Krtecek,"2026-09-20 11:16:13",1500.9,2,krtecek
2619,16910590,Hubillionaire,"2026-09-17 06:56:01",1500.7,2,hubillionaire
2620,16621683,Shivangoudaa,"2026-09-16 16:04:07",1500.4,2,ishivapatil
2621,16664111,"John Park","2026-09-21 14:31:23",1499.7,2,sigint
2622,16641548,"Indium AI Labs","2026-09-17 08:19:29",1498.4,2,"devaanshpa,wolframbopp"
2623,16932335,"Dom Bavuso","2026-09-27 05:44:33",1497.1,2,dombavuso
2624,16731630,SatoshiN04,"2026-09-26 08:00:46",1496.3,2,satoshinakamura04
2625,16682667,"zeel vavliya","2026-09-26 10:43:07",1496.2,2,zeelvavliya
2626,16631536,kglctf,"2026-09-26 21:51:34",1496.2,2,kglctf
2627,16897719,"Muhammad Aashir Irshad","2026-09-21 14:44:03",1496.2,2,muhammadaashirirshad
2628,16774250,"C R Suthikshn Kumar","2026-09-26 16:32:59",1496.1,2,crsuthikshnkumar
2629,16806249,CLJY,"2026-09-24 03:05:08",1495.9,2,cljy2026
2630,16791873,Eldritch,"2026-09-25 05:54:39",1494.5,2,"sanjay6727,thefool00"
2631,16912052,"Nana Bast","2026-09-18 16:29:38",1493.6,2,"fontainedefurina,nanabast"
2632,16791828,Ling,"2026-09-14 21:50:30",1493.2,2,lingbia
2633,16857404,gachichan,"2026-09-16 23:58:47",1493.1,2,gachichan
2634,16814375,"Yuta Eiki","2026-09-18 02:27:16",1492.8,2,wildauk
2635,16805778,"Dương Đức Anh","2026-09-17 14:52:22",1492.2,2,"dda2k6,trungdttik55"
2636,16908116,"Kabir Potdar","2026-09-16 18:40:56",1491.7,2,kabir01010
2637,16707994,"Ayush Gupta #2","2026-09-17 22:21:54",1491.7,2,desmond6101
2638,16721384,Hackoholics,"2026-09-16 05:57:18",1491.5,2,"limyenhui,richierx"
2639,16806018,トゲアリトゲナシトゲトゲ,"2026-09-26 14:22:36",1491.4,2,togearitogenasi
2640,16830526,"Raghav Agrawal","2026-09-23 17:42:54",1491.3,2,raghagra
2641,16681464,Amyel21,"2026-09-17 18:28:33",1491.3,2,amyel21
2642,16714134,"Raul Tinajero","2026-09-17 19:57:39",1491.2,2,raultinajeroo
2643,16897094,Ryota-Di,"2026-09-23 01:49:48",1490.8,2,ryota6230
2644,16752019,"Kaipeng Zheng","2026-09-20 08:37:16",1490.7,2,kaipengzheng
2645,16885548,"Anand Kumar 369o","2026-09-16 15:24:25",1490.6,2,anandkumar369o
2646,16793452,"Ghazaros Ghazaros","2026-09-26 18:49:00",1490.4,2,ghazarosghazaros
2647,16643693,"Kerem çelik","2026-09-26 14:43:29",1487.2,2,keremelik
2648,16908326,"Cristiano M Martins","2026-09-25 18:47:00",1486.6,2,cristianommartins
2649,16729102,"Bruce Zheng","2026-09-16 06:58:02",1486.4,2,brucezheng666
2650,16907222,"Harshith Kumar","2026-09-16 17:13:57",1485.9,2,harshith1212a
2651,16669490,hinemos,"2026-09-26 18:42:03",1485.6,2,hinemos
2652,16676034,"Songyot P","2026-09-18 06:33:06",1485.5,2,songyotpi
2653,16891851,kamranahmmed,"2026-09-23 12:49:22",1484.8,2,kamranahmmed
2654,16886193,"Xiaoyong Zhu","2026-09-15 01:23:47",1484.6,2,xiaoyzhu
2655,16853125,"BEIKE YAN","2026-09-21 02:10:30",1482.6,2,craigsid
2656,16623370,kenmatsu4,"2026-09-27 04:15:20",1482.4,2,kenmatsu4
2657,16716012,LaiCxm,"2026-09-24 11:50:02",1482.4,2,laicxm
2658,16915300,wanhty,"2026-09-18 13:43:54",1481.9,1,wanhty
2659,16731678,ShadowT_T,"2026-09-26 22:37:43",1481.8,2,shadowtt
2660,16751899,peggy,"2026-09-27 01:10:20",1481.6,2,refrigerator21
2661,16692711,Deniz,"2026-09-16 14:51:14",1480.0,2,denizeryilmaz
2662,16670659,saumyagupta12,"2026-09-26 18:07:30",1479.4,2,saumyagupta12
2663,16640600,"Giord Frank","2026-09-27 02:36:30",1479.4,2,"fggggg12345,tangerinedog"
2664,16878308,Pjchauhan,"2026-09-25 04:59:56",1479.2,2,pjchauhan
2665,16892796,FunLegendGaming,"2026-09-17 16:27:04",1478.7,2,funlegendgaming
2666,16768543,caas_sicca,"2026-09-19 07:56:21",1478.5,2,caassicca
2667,16758954,shenjj02,"2026-09-17 02:30:08",1478.3,2,shenjj26
2668,16626203,"Manish Kumar Maurya","2026-09-19 19:39:02",1478.3,2,manishkumarmaurya11
2669,16845382,Alpha_Ashwin007,"2026-09-23 20:31:55",1478.3,2,alphaashwin007
2670,16738534,"Sakito Horie","2026-09-16 14:14:19",1478.3,2,sakitohorie
2671,16655682,"Azamat Sadikov","2026-09-16 23:07:23",1477.9,2,azamatsadikov
2672,16699856,yukio,"2026-09-27 04:13:43",1477.8,2,yukioseki
2673,16726816,"Games Jadley","2026-09-24 22:02:50",1477.5,2,gamesjadley
2674,16876520,OpenModelMap,"2026-09-18 15:05:55",1477.3,2,openmodelmap
2675,16793553,hoon0303,"2026-09-16 12:38:01",1476.9,2,hoon0303
2676,16881600,"Yoshihiro Hatakeyama","2026-09-21 03:41:49",1476.8,2,yoshihiro1909
2677,16827097,"Bình Trần Thanh","2026-09-16 03:47:00",1476.6,2,dsdadasda
2678,16743172,moonzfxs,"2026-09-23 15:34:29",1476.6,2,moonzfxs
2679,16732735,MMMMMMMMMMMM,"2026-09-16 14:57:27",1476.1,2,hyh273279
2680,16697185,"Prince Special","2026-09-26 22:26:42",1476.0,2,temitayogbolahan
2681,16623577,"Jiayi Tang","2026-09-24 11:24:41",1475.7,2,mannguo
2682,16915374,"Muaz Husaini","2026-09-21 06:18:49",1475.0,2,muazhus
2683,16905157,Moonyk,"2026-09-16 08:16:37",1474.9,1,moonyk
2684,16725947,SamarthRawat18,"2026-09-24 16:29:45",1474.1,2,samarthrawat18
2685,16639844,MaxChen303,"2026-09-20 03:12:58",1474.1,2,maxchen303
2686,16661622,"Ergin Akın","2026-09-21 17:19:04",1473.6,2,erginakin
2687,16685342,"Kanth Da","2026-09-21 04:15:12",1473.0,2,"kanthda,riteeshreddybysani"
2688,16908832,"ranya marwan","2026-09-18 20:46:58",1472.7,2,ranymarwan286
2689,16724801,Noir,"2026-09-27 05:04:55",1472.5,2,nuitnoir
2690,16761324,WLYYYo,"2026-09-22 14:15:28",1472.2,2,wlyyyo
2691,16796544,"Xiaonan FU","2026-09-16 01:44:11",1471.6,2,xiaonanfu999
2692,16847311,WangYilin_henuAI,"2026-09-21 03:46:35",1471.1,2,"hyhyyh,violin1,xiaoming1238952"
2693,16914244,Poemcourt,"2026-09-17 11:14:15",1470.5,1,poemcourt
2694,16855477,SiriusStarRally,"2026-09-16 09:32:59",1470.2,2,siriusstarrally
2695,16904006,vorlian,"2026-09-16 03:18:09",1470.2,2,vorlian
2696,16763551,"PRASHANT SHUKLA91","2026-09-26 17:29:01",1470.0,2,prashantshukla91
2697,16701948,"Shaokai Zhang","2026-09-19 10:58:04",1469.8,1,shaokaizhang
2698,16671504,Agentmaster,"2026-09-16 15:21:27",1469.4,2,"kinjaza,shawnno"
2699,16693215,"Izzoudine Mohamed KANTA","2026-09-27 05:35:26",1468.8,2,izzoudeenkanta
2700,16630713,"Grzegorz Sionkowski","2026-09-16 11:44:56",1468.1,2,sionek
2701,16850078,"Safwan Amin","2026-09-16 16:53:04",1468.1,2,bracu23101281
2702,16849328,"Gaurav #2","2026-09-17 13:14:38",1466.5,2,genesis96839
2703,16688460,lllleeeo,"2026-09-16 17:38:13",1465.9,2,lllleeeo
2704,16697139,Stocks152,"2026-09-20 04:10:05",1465.7,2,stocks152
2705,16896886,"hemloock ","2026-09-15 12:35:43",1464.8,2,hemloock
2706,16824010,yuxingyizhou,"2026-09-18 03:29:21",1463.8,2,yuxingyizhou
2707,16909973,"Tri Tuc Cao","2026-09-17 09:59:28",1463.0,1,tricao
2708,16662314,"Hanh Tran","2026-09-16 09:57:42",1463.0,2,honghanhhh
2709,16857977,namopanda,"2026-09-26 16:35:33",1462.9,2,namopanda
2710,16623199,"Jesse Ferguson","2026-09-25 22:32:37",1462.9,2,jesseferguson
2711,16751603,xxxzzz123312123321,"2026-09-24 02:40:01",1462.5,2,xxxzzz123312123321
2712,16679827,Juanky_too,"2026-09-26 19:22:18",1462.1,2,juankytoo
2713,16865570,"Kedar Kale","2026-09-22 14:32:10",1462.0,2,kedarkale
2714,16670933,Pat,"2026-09-15 05:34:10",1461.5,2,junseia
2715,16864125,culture,"2026-09-15 12:50:09",1461.2,2,shkurak
2716,16640540,QYQ1693,"2026-09-16 03:29:19",1461.1,2,qyq1693
2717,16854472,Taimo,"2026-09-16 14:56:55",1461.1,2,taikimori
2718,16849778,"Kim Minh","2026-09-22 03:21:00",1460.1,2,hanming14
2719,16881248,Veerakrishna,"2026-09-17 16:30:12",1459.9,2,veerukhannan
2720,16669441,"Chirag Desai","2026-09-18 15:03:16",1459.8,2,cid007
2721,16749605,SoedaHaruto,"2026-09-27 02:17:07",1459.5,2,soedaharuto
2722,16702275,Joyal,"2026-09-16 09:41:16",1459.1,2,joyalseejo
2723,16624309,jjamppongmandu,"2026-09-27 05:54:30",1458.7,2,"beckspeca,hihiimj,jjamppongmandu"
2724,16651806,shawnYiB,"2026-09-24 14:34:14",1457.4,2,"mike17cui,shawnyib"
2725,16903970,qorlin,"2026-09-16 03:12:00",1456.7,2,qorlin
2726,16877685,"Felipe Figueiredo","2026-09-24 02:47:56",1456.7,2,felipefigueiredo02
2727,16840576,kfsky,"2026-09-19 11:16:48",1456.6,2,kengofujii
2728,16774699,"Rio Nakamura","2026-09-16 09:25:16",1456.4,2,rionakamura10
2729,16855268,"Jiayi Du","2026-09-26 21:17:21",1456.3,2,jahyee
2730,16690401,Skyspace,"2026-09-16 11:02:11",1455.8,2,empireblue
2731,16673370,JeovaAnderson,"2026-09-24 15:45:12",1454.9,2,jeovaanderson
2732,16905643,yngd99,"2026-09-16 12:32:42",1454.9,1,yngd99
2733,16889004,SkOnTheRocks,"2026-09-15 11:43:43",1454.8,2,skontherocks
2734,16693439,"Ankit Hemant Lade","2026-09-24 23:26:13",1454.6,2,"ankitlade12,jsaikrishna"
2735,16646970,juewang1p,"2026-09-21 13:00:11",1454.6,2,juewang1p
2736,16764546,Thirst,"2026-09-15 13:07:32",1454.0,2,wahidakram
2737,16907576,"Dat Nguyen Viet","2026-09-16 16:39:59",1453.7,2,datnguyenviet
2738,16941779,"Michael Jordan","2026-09-27 05:58:56",1453.6,2,m1chaeljordan
2739,16768702,"Crop It Like It's Hot","2026-09-26 19:28:20",1452.5,2,"davidben10,rachel79"
2740,16701024,pig7selene,"2026-09-27 06:00:53",1451.4,2,"ejlthomas,gaoeeee"
2741,16662681,"Vernon Campbell","2026-09-18 01:51:57",1450.9,2,vernoncampbell
2742,16777137,Bernardus,"2026-09-25 08:18:07",1450.3,2,bernubritz
2743,16710466,"Charles Backman on LinkedIn","2026-09-14 14:14:42",1449.8,2,charlesbackman
2744,16728135,sukirman,"2026-09-16 03:25:01",1449.1,2,rakbidb
2745,16634493,xixi,"2026-09-15 16:40:52",1448.9,2,huangcarry26
2746,16679004,"Kevin Zhao","2026-09-22 07:36:22",1448.9,2,kevinzhao666
2747,16750931,"Antonio Rotundo","2026-09-19 12:04:18",1447.4,2,antoniorotundo2
2748,16730326,atsushi11o7,"2026-09-27 05:56:19",1447.1,2,atsushi11o7
2749,16791999,"Dashi Tsybikzhapov","2026-09-22 09:40:23",1446.9,2,dashitsybikzhapov
2750,16744342,"glupez ","2026-09-23 16:52:06",1446.8,2,glupez
2751,16670504,Shirabe,"2026-09-17 03:00:23",1446.6,2,carlmakt
2752,16893291,"We Want... A Shrubbery!","2026-09-17 21:55:10",1446.3,2,timlongii
2753,16933118,wkdbskwsm,"2026-09-27 03:02:55",1445.9,2,wkdbskwsm
2754,16622531,"musya lyusya team","2026-09-15 17:44:15",1445.8,2,vswz2nqp
2755,16904305,"YICHEN PAN","2026-09-16 18:39:53",1445.7,2,sakanamango
2756,16662628,AbhiniveshSharma5354,"2026-09-15 06:38:39",1445.5,2,abhiniveshsharma5354
2757,16807380,"D × MirAI","2026-09-25 07:43:33",1445.0,2,kmnkmn
2758,16676278,"Om Sangwan","2026-09-23 15:04:01",1444.7,2,omsangwan
2759,16924959,"Shun Liou","2026-09-24 03:35:42",1444.1,2,shunliou
2760,16867924,PeaBrain,"2026-09-16 01:22:29",1443.9,2,abiruekanayaka1
2761,16739181,yamu_duck,"2026-09-18 12:14:10",1443.3,2,crazyleg11
2762,16854521,koumiyata,"2026-09-25 22:20:51",1443.1,2,koumiyata
2763,16731832,jackee777,"2026-09-26 14:51:58",1443.1,2,jackee777
2764,16847620,york1to,"2026-09-15 19:10:35",1442.9,2,yorkkang
2765,16709504,U023,"2026-09-14 16:44:14",1442.4,2,ryutek
2766,16748738,Shymohn,"2026-09-17 07:01:37",1442.3,2,shymohn
2767,16895014,trying_out,"2026-09-15 20:03:10",1442.3,2,"samiatisha,vickysynapsev"
2768,16862967,Unicorns,"2026-09-15 17:50:14",1441.2,2,"isaacjiang,ryokitano"
2769,16903902,wanghaozhi,"2026-09-20 02:00:08",1441.1,2,wanghaozhi
2770,16896854,photonova,"2026-09-15 12:29:25",1441.0,2,photonova
2771,16746372,"Meerub Atiq","2026-09-18 13:00:49",1440.5,2,meerubatiq
2772,16759849,kkanayj,"2026-09-25 12:56:58",1440.4,2,kkanayj
2773,16896267,HendraDanuSaputraChauwito,"2026-09-16 12:37:41",1439.8,2,usilisme
2774,16931121,Caocao,"2026-09-24 12:27:11",1439.5,2,caocaoIvy
2775,16845020,AGI,"2026-09-17 18:19:05",1439.1,2,"guusadema,tgroen3"
2776,16682306,岸本湧士郎,"2026-09-15 05:27:08",1439.0,2,yushiro20021111
2777,16878353,"Hongbin Gu","2026-09-16 02:18:10",1437.7,2,guhongbin
2778,16767960,"Yuvraj Bhati","2026-09-14 23:24:32",1437.0,2,avioon
2779,16838625,kyohei2106,"2026-09-17 22:37:42",1436.5,2,kyohei2106
2780,16758817,Ruwawa,"2026-09-15 14:26:15",1436.0,2,ruwawa
2781,16640780,"drezna ultra","2026-09-18 14:14:35",1435.9,2,notakes
2782,16879578,"kabir Merakeb","2026-09-26 20:02:31",1435.9,2,kmerakeb
2783,16765151,htnhtn,"2026-09-26 13:00:38",1435.8,2,htnhtn
2784,16728321,Rohitt_94,"2026-09-14 11:49:40",1435.8,1,rohitt94
2785,16671133,Kazeneko,"2026-09-14 22:39:30",1435.4,2,kazeneko77
2786,16862582,StephaneB7899,"2026-09-14 02:34:17",1434.6,2,stephaneb7899
2787,16826719,"Dennis HT","2026-09-18 09:43:32",1434.3,2,dennisht
2788,16887661,magic101,"2026-09-14 22:48:26",1433.8,2,magicbuttons
2789,16864346,"Yanwei Lu","2026-09-15 19:27:35",1433.8,2,yanweilu
2790,16720316,"Hưng Trần","2026-09-16 10:27:05",1433.7,2,hungtrabiz
2791,16677399,lyts,"2026-09-26 08:54:14",1433.4,2,lytsyyds
2792,16730713,"Michael Mueller","2026-09-20 19:57:03",1433.1,2,michaelmueller26
2793,16891432,porzlck,"2026-09-17 10:07:44",1432.8,2,orzlck
2794,16709950,"Ryan Myers","2026-09-25 05:52:17",1431.7,2,ryanmyers03
2795,16918151,"Hidenori Sasaki","2026-09-25 16:49:57",1431.5,2,hidenorisasaki
2796,16783459,LKQ669,"2026-09-26 15:34:52",1431.1,2,lkq669
2797,16763457,"Mohammad Essam","2026-09-26 16:13:34",1430.3,2,mohammedessam97
2798,16895926,Zengr1,"2026-09-17 09:58:50",1430.2,2,zengr1
2799,16709236,rick11224,"2026-09-13 16:37:58",1429.4,2,rick11224
2800,16884892,AQiDA19,"2026-09-14 02:32:26",1429.3,2,aqida19
2801,16754838,"Berkay Özkan","2026-09-25 12:57:20",1428.4,2,berkayzkan
2802,16896033,omnifluxor,"2026-09-15 09:40:03",1428.3,2,omnifluxor
2803,16893208,hongan,"2026-09-15 21:49:30",1428.2,2,honganzhu
2804,16772808,lucataco,"2026-09-27 05:27:18",1426.7,2,lucataco
2805,16742159,mimi！,"2026-09-16 05:57:58",1426.3,2,"morongzhu,we111135"
2806,16924679,"Vandan Sharma","2026-09-20 09:50:10",1426.0,2,vanam56
2807,16835851,ruizhichen,"2026-09-22 16:59:50",1425.6,2,ruizhichen
2808,16716078,H&E,"2026-09-24 02:00:13",1425.4,2,"jenzenhuang,luwyeb,wafflebear,wenjiewangdev"
2809,16635418,ocean240812,"2026-09-23 10:27:41",1425.3,2,ocean240812
2810,16842246,montplusa,"2026-09-17 00:59:05",1425.1,2,montplusa
2811,16872207,"Tèo Búng","2026-09-18 08:06:06",1425.1,2,teobung
2812,16684704,LIQUIDHORSE,"2026-09-14 17:57:58",1424.5,1,liquidhorse
2813,16806728,"Neural Knight","2026-09-24 16:39:55",1423.7,2,"chinmaymnaik,sivasainath06"
2814,16653927,"Fernando GH H","2026-09-27 02:40:20",1423.5,2,fernandoghh2
2815,16637973,StephenNedumpally,"2026-09-15 07:50:55",1423.0,2,stephennedumpally
2816,16674586,"Stanislav Ilin","2026-09-15 13:33:30",1422.8,2,stanislavilin2026ai
2817,16866971,imriad,"2026-09-23 04:26:59",1422.0,2,riadhhossain
2818,16659771,DieByTheSword,"2026-09-16 08:53:03",1422.0,2,przemysawstroiws
2819,16744914,"El Mehdi EL JAIR","2026-09-21 07:56:02",1420.8,2,elmehdieljair
2820,16706576,王一凡,"2026-09-23 01:33:57",1420.7,2,"liuziyang1016,mikakohinata68"
2821,16783021,"TAN TIANYE","2026-09-13 03:04:35",1419.8,2,tantianye
2822,16696716,MatiasMG,"2026-09-25 06:10:49",1419.8,2,matiasmgonzalez
2823,16891791,judy12345.0316,"2026-09-15 05:38:38",1419.6,2,judy123450316
2824,16895927,logicorix,"2026-09-15 09:30:21",1418.8,2,logicorix
2825,16653127,"Talim Aushakhman","2026-09-15 17:29:46",1418.8,2,talimaushakhman
2826,16625082,真的懒,"2026-09-19 06:14:56",1418.6,2,gtccc9
2827,16797029,phospholipid,"2026-09-20 23:17:05",1418.2,2,phospholipid0614
2828,16845023,zhtmgxr,"2026-09-17 04:53:03",1418.1,2,zhtmgxr
2829,16723427,"Nikita Biryukov","2026-09-14 07:00:48",1418.1,2,bnikita
2830,16753925,"Tyler Durden","2026-09-15 08:06:49",1418.0,2,jeedimetlacharan213
2831,16847725,SOLUCIENCE,"2026-09-27 02:31:00",1418.0,2,solucience
2832,16694346,ywwywww,"2026-09-14 07:52:56",1417.3,2,ywywww
2833,16630129,"Yi Lu","2026-09-16 01:54:33",1417.2,2,liqiu0224
2834,16766796,panda__MB__maximus,"2026-09-27 05:24:45",1416.2,2,tanishmohokar09
2835,16936434,joshuag99,"2026-09-21 22:33:29",1415.1,2,joshuag99
2836,16630312,beijijun,"2026-09-14 12:04:11",1414.1,2,beijijun
2837,16667766,vasujain7,"2026-09-14 17:44:19",1413.6,2,vasujain7
2838,16730495,joinus,"2026-09-15 08:34:22",1413.4,2,joinus2003
2839,16887142,backsider,"2026-09-16 09:34:44",1413.2,2,backsider
2840,16843303,inori315,"2026-09-14 13:31:27",1413.2,2,inori315
2841,16731799,"Ansh The Farmer 👩‍🌾","2026-09-15 19:05:59",1412.4,2,affection
2842,16732945,"Aru Ohta","2026-09-22 14:21:41",1412.4,2,aruohta
2843,16657276,"Пётр П","2026-09-25 22:36:49",1411.9,2,petrinvest
2844,16756698,savoelh,"2026-09-25 19:05:51",1411.6,2,savoelh
2845,16757320,Jingxiang,"2026-09-12 22:11:32",1411.4,2,jingxiango
2846,16755099,"Aleksandr Ulianin","2026-09-14 12:05:33",1411.3,2,aleksandrulianin
2847,16682032,"Satkar sarvankar","2026-09-25 14:17:58",1411.3,2,satkar003
2848,16760515,"Kazuo Watanabe","2026-09-14 12:06:35",1411.3,2,watanabekazuo
2849,16655844,MAFIN,"2026-09-14 12:37:15",1411.2,2,moneyman91
2850,16624109,"Nguyễn Thế Minh Đức","2026-09-15 01:01:29",1410.9,2,nguynthminhc
2851,16695664,Bantam,"2026-09-24 21:35:52",1410.7,2,bantam
2852,16845165,Tanuki_boosting,"2026-09-13 12:41:51",1410.4,2,miyamotodaiya
2853,16875618,"Joel P. Joseph","2026-09-25 13:57:41",1409.8,2,joelpjoseph
2854,16810141,"Sijie Ma","2026-09-13 14:22:49",1407.9,2,"dimashitong112,sijiema"
2855,16621355,Raiden.B,"2026-09-22 16:08:44",1407.4,2,raidenb
2856,16799024,Becegatto,"2026-09-26 23:58:24",1406.0,2,viniciussignorelli
2857,16731577,RYnerv,"2026-09-14 11:33:32",1405.5,2,rynerv
2858,16841440,CornFormer,"2026-09-17 03:03:35",1405.0,2,linyangtian
2859,16691001,"Mahmoud Abdelshafy","2026-09-14 20:08:03",1405.0,2,mahmoudabdshafy
2860,16741551,"Vedant Tiwari","2026-09-26 17:22:42",1404.7,2,vedant7312
2861,16845695,"Nam Lê Phương","2026-09-14 06:56:08",1404.4,2,pearpn25
2862,16674295,"Nguyễn Minh Hiếu","2026-09-19 07:44:18",1404.3,2,endermage
2863,16661539,"Ilia Mironov","2026-09-23 22:03:44",1404.2,2,millcool
2864,16828191,wanghongwei111,"2026-09-14 13:07:32",1403.7,2,wanghongwei111
2865,16731983,Gracie,"2026-09-27 05:10:06",1403.5,2,gracie428
2866,16655098,"Brotron Carbide","2026-09-27 03:34:44",1403.5,2,brotroncarbide
2867,16764301,"Quýt đây đừng sợ","2026-09-20 15:19:28",1403.4,2,ponschannel
2868,16773448,"Qamar usman","2026-09-26 16:51:58",1403.3,2,qamarmath
2869,16861256,lizh2025,"2026-09-16 15:02:06",1402.9,2,lizh2025
2870,16893402,tedo,"2026-09-15 00:05:46",1402.8,2,takuroedo
2871,16810030,fukumayo,"2026-09-23 05:07:59",1402.8,2,fukumayouta
2872,16669604,"Abhijit Pise","2026-09-13 21:25:57",1402.6,2,abhijitpise
2873,16915820,CjzmFeng,"2026-09-27 06:12:33",1402.5,2,cjzmfeng
2874,16722295,"Yuya Shintani","2026-09-20 16:06:02",1402.3,2,uplus26e7
2875,16881350,xwl_tree,"2026-09-18 10:40:29",1401.0,2,xwltree
2876,16863335,"Bright Choice AI","2026-09-27 04:02:07",1400.3,2,brightchoiceai
2877,16713335,"Muhammad Imran","2026-09-14 09:42:21",1400.1,2,muhammadimranchitral
2878,16654742,"Aastik Rajan15","2026-09-14 11:58:25",1399.9,2,aastikrajan15
2879,16884861,Sky,"2026-09-13 07:20:40",1399.3,2,dhaksheshwarm
2880,16868001,"Young MacDonald","2026-09-18 15:16:22",1399.3,2,natert
2881,16672448,"Crisis Liu","2026-09-23 05:47:19",1399.1,2,crisisliu
2882,16892272,"Leo #3","2026-09-14 15:44:18",1399.1,1,leo123321
2883,16697411,VynoDePal,"2026-09-20 23:47:47",1397.9,2,kvynodjo
2884,16686155,梁圣的恩情还不完,"2026-09-14 14:08:46",1397.3,2,yyyyhhhhwww
2885,16886979,"Ivan Toropin","2026-09-13 21:21:17",1396.8,2,ivantoropin
2886,16622788,Fitzcarraldo,"2026-09-26 09:37:41",1396.7,2,ivankuc
2887,16861637,薄荷喵呜,"2026-09-12 09:39:16",1396.6,2,bohemiao
2888,16639642,c-number,"2026-09-13 03:29:40",1396.6,2,cnumber
2889,16710499,sukeke,"2026-09-15 04:28:10",1396.2,2,sukeke
2890,16769435,"Nguyễn Mạnh","2026-09-21 04:23:56",1396.1,2,nguyenmanh97
2891,16740431,yuikag,"2026-09-16 02:50:40",1395.8,2,yuikag
2892,16623326,"Tatiana Malygina","2026-09-26 22:31:17",1395.4,2,latticetower
2893,16726616,9Hash,"2026-09-26 10:46:04",1395.3,2,hashimrazi
2894,16845112,"Robert Baburin","2026-09-20 18:23:29",1395.1,2,robertbaburin
2895,16780279,"N Divij","2026-09-12 18:30:06",1395.0,2,divijio
2896,16678618,"Manu Nicholas Jacob","2026-09-26 16:04:53",1393.4,2,manunicholasjacob
2897,16832231,lst1923,"2026-09-26 22:06:29",1393.3,2,lst1923
2898,16918568,"Penn Lam","2026-09-24 09:56:43",1393.3,2,pennlam
2899,16659395,HyperX,"2026-09-15 11:53:22",1393.2,2,"diversedharun,harishinkaggle"
2900,16668157,"vineet dairashri","2026-09-24 21:14:39",1392.8,2,vineetdairashri
2901,16735353,我是刘大聪,"2026-09-14 16:55:50",1392.7,2,smartorz
2902,16881631,"Arjun Sharma","2026-09-12 14:47:32",1392.0,2,arjundsharma
2903,16707303,meTeam,"2026-09-24 18:14:20",1391.9,2,aaronzribi
2904,16672121,"Tiger bonbon","2026-09-14 03:41:59",1391.3,2,fujiwarayuto
2905,16875464,tllswelp,"2026-09-13 11:07:16",1390.8,2,tllswelp
2906,16649314,"Yuka,Ota","2026-09-14 08:17:18",1390.3,2,yukaika
2907,16641816,"Toshiki Honda","2026-09-16 15:03:37",1390.2,2,toshikihonda
2908,16777836,キムチ納豆,"2026-09-13 07:07:18",1389.5,1,ccchikuwa
2909,16783537,JustinybGao,"2026-09-20 15:51:23",1388.8,2,justinybgao
2910,16679987,"Said Mohamed Omary","2026-09-21 11:31:47",1388.5,2,saidmohamedomary
2911,16780995,"Silver Surfer","2026-09-25 09:29:46",1388.3,2,hausch11
2912,16840588,Q.Ai,"2026-09-13 19:36:27",1388.1,2,"alperennbaran,hseyinemre134"
2913,16652272,"nadhir hasan","2026-09-13 14:07:09",1388.0,2,nadhirhasan
2914,16630784,"🚜 Sub-Par Seedlings","2026-09-15 16:54:05",1387.5,2,"dwellement0baser,michaellist,oneupkiwi,wilhelmberghammer"
2915,16791254,player123,"2026-09-21 15:21:23",1387.4,2,prashantbhattarai093
2916,16862912,"Nicolas Krusche","2026-09-15 00:03:10",1386.5,2,nicolaskrusche
2917,16698726,加油,"2026-09-14 12:25:38",1386.4,2,honeeyl
2918,16947863,"Minato Namikaze","2026-09-25 15:19:20",1386.0,2,arunklenin
2919,16846069,"Bryce Muhlnickel","2026-09-14 03:27:19",1386.0,2,tokenjunkielabs
2920,16841799,珍珠,"2026-09-14 16:49:56",1385.9,2,luochen6
2921,16875849,"Yaotong Niu","2026-09-15 13:37:34",1385.7,2,yaotongniu
2922,16796133,NoMoreThan20Words,"2026-09-15 00:19:25",1385.2,2,nomorethan20words
2923,16683865,Shin7jp,"2026-09-27 06:26:37",1385.0,2,shin7jp
2924,16802442,"Rabia Eda Yılmaz","2026-09-15 19:10:02",1384.8,2,truthisneverlinear
2925,16941692,twotodevnull,"2026-09-26 06:13:57",1384.8,2,twotodevnull
2926,16840921,evolved,"2026-09-15 05:03:46",1384.6,2,algunion
2927,16633773,copasta,"2026-09-13 06:16:43",1384.4,2,copasta
2928,16674878,KirillKlem,"2026-09-13 18:19:27",1383.8,2,kirillklem
2929,16858523,"Taivanbat Bayarsaikhan","2026-09-24 08:03:28",1383.2,2,taivnaaiwnl
2930,16722399,"Meta learners","2026-09-27 05:05:01",1383.1,2,aditya2909rb
2931,16707865,"bb aa","2026-09-20 09:47:41",1382.9,2,bbaa233
2932,16658426,RIVEN23,"2026-09-15 04:02:51",1382.7,2,riven5
2933,16725287,NoahRyan,"2026-09-13 10:37:32",1382.6,2,beginner080
2934,16802410,"Aleksandr  Larko","2026-09-14 02:42:42",1382.1,2,alexxanderlarko
2935,16881755,MudassarPAPI,"2026-09-14 08:59:06",1382.1,2,mudassarpapi
2936,16793755,"Juank Suarez","2026-09-20 02:45:18",1381.9,2,juanksuarez
2937,16697540,"Jared Floersch","2026-09-24 12:24:14",1381.6,2,jaredfloersch
2938,16761418,"Piggy Piggy","2026-09-14 23:37:49",1381.0,2,txgg123
2939,16835641,baojidehuangmao,"2026-09-17 10:38:44",1381.0,2,"brittneylewis2,innocentdzzz"
2940,16728774,あなまか,"2026-09-25 23:42:10",1380.4,2,arakish
2941,16884368,LaManbo,"2026-09-13 10:51:44",1380.3,2,encizhang
2942,16854439,"Yosef Zoabi","2026-09-13 21:05:15",1379.9,2,yosefzoabi
2943,16942588,Isabe11aM00re,"2026-09-25 19:37:41",1379.7,2,"dan1e1c1ark,henryy0ung,isabe11am00re,s0ph1amart1n"
2944,16905027,"xiaomeng lin","2026-09-26 15:10:44",1379.3,2,xiaomenglin
2945,16885455,"Ali Azizi","2026-09-19 12:36:06",1379.0,2,aliazizi1
2946,16863498,Jackmama-nolfwin,"2026-09-13 04:36:37",1378.9,2,nolfwin
2947,16738653,"Julien Trocmé","2026-09-25 12:47:01",1378.0,2,julientrocm
2948,16802843,Dream,"2026-09-16 02:45:24",1377.4,2,"jamesl8,tzeweilim"
2949,16809200,v0m0v,"2026-09-13 12:09:18",1377.4,2,maguchiya
2950,16939133,wang,"2026-09-26 13:59:57",1377.0,2,tombryant
2951,16842482,Litvin,"2026-09-27 06:08:30",1376.4,2,wodo888
2952,16847370,"Suleyman Yollyyev","2026-09-25 05:54:55",1375.7,2,suleyman71
2953,16879614,"Razvan Stancioiu","2026-09-22 20:24:54",1375.6,2,razvanstancioiu
2954,16625219,MJVinay,"2026-09-25 15:57:09",1374.9,2,mallajayanthvinay
2955,16807802,嘴爷,"2026-09-14 02:14:43",1374.8,2,zui0711
2956,16796235,"Keside Onyeocha","2026-09-20 01:25:05",1374.4,2,kesideonyeocha
2957,16871327,"Anh Bui","2026-09-18 04:29:28",1373.2,2,bibanh
2958,16867375,YUXUCH,"2026-09-18 13:21:43",1372.6,1,yuxuch
2959,16920623,yeqinxin,"2026-09-25 04:12:54",1372.4,2,yqx123456
2960,16731501,"Shiv Satyam","2026-09-13 22:14:15",1372.2,2,shivsatyam
2961,16855071,Janvi_ch,"2026-09-13 18:22:18",1371.8,2,janvich
2962,16684641,t.me/aetheranime,"2026-09-13 10:22:28",1371.7,2,yfrite
2963,16658382,vladee,"2026-09-26 22:09:08",1371.6,2,vladee
2964,16623603,"Renji Starfall","2026-09-13 14:14:01",1371.2,2,renjistarfall
2965,16861885,"Олег Бабков","2026-09-26 22:00:13",1369.4,2,jabberwock78
2966,16870577,"Kenan Zhang9","2026-09-21 02:18:25",1369.1,2,kenanzhang9
2967,16715216,Colin,"2026-09-15 12:36:41",1369.1,2,umcolin
2968,16884932,torvile,"2026-09-13 05:54:14",1368.8,2,torvile
2969,16792799,Kohecchi,"2026-09-15 16:17:53",1368.1,1,kohecchi
2970,16877958,"Igor Buinyi","2026-09-27 03:28:35",1367.6,2,buinyi
2971,16761657,Picu,"2026-09-25 15:44:04",1367.4,2,rumoschilling
2972,16743342,"Артём Свинобоев","2026-09-13 11:38:29",1366.9,2,ssstelmah
2973,16885734,zylvento,"2026-09-13 10:02:37",1366.8,2,"lorvexa,zylvento"
2974,16622820,"Sergey Nefedov","2026-09-13 18:00:39",1366.2,2,sergionefedov
2975,16875733,Fronta,"2026-09-13 06:47:59",1366.0,2,mirichima
2976,16682892,"Alvaro Llamojha","2026-09-24 06:44:17",1365.7,2,alvarollamojha
2977,16654322,"Debatreya Biswas","2026-09-24 14:55:19",1365.3,2,debatreyabiswas
2978,16653311,"Stanislav Tsepa","2026-09-25 17:34:22",1364.5,2,mrtsepa
2979,16885807,S3unburst,"2026-09-13 10:25:40",1363.6,2,s3unburst
2980,16656312,"retiring to farm","2026-09-25 14:55:10",1362.9,2,"avnermlim,belati,hilariusjeremy,matthewpramana,nicholasarditirta"
2981,16688808,"Niranjan Nakkala","2026-09-25 11:28:27",1362.6,2,niranjanmudhiraj
2982,16866868,mr_children_0617,"2026-09-14 13:01:56",1362.3,2,mrchildren0617
2983,16862390,huytngo,"2026-09-13 02:44:09",1361.4,2,huytngo
2984,16639168,Sergey,"2026-09-13 08:22:45",1360.3,2,sergeymikhailovn
2985,16877997,Mirlan,"2026-09-13 07:44:53",1359.9,2,zmtrxq
2986,16749352,"Ian Virchenko","2026-09-14 10:23:15",1359.4,2,yvainr
2987,16847763,MartinZiserman,"2026-09-11 23:53:37",1359.3,2,zarmii
2988,16715066,akahane,"2026-09-16 21:06:58",1359.1,2,shuheiakahane
2989,16905838,lin_,"2026-09-24 12:41:31",1359.0,2,linabohachuk
2990,16949344,M1R0OFFICIAL,"2026-09-24 00:09:03",1358.9,1,m1r0official
2991,16706004,Divyansh,"2026-09-23 19:47:12",1358.8,2,sehgaldivyansh
2992,16865554,"parker tan","2026-09-18 10:42:33",1358.2,2,parkertan
2993,16741321,"S. B.","2026-09-25 06:01:56",1358.2,2,aughra
2994,16881882,Fl,"2026-09-14 21:42:24",1357.8,2,flagon
2995,16654109,"Mohamed Amine Aichaoui","2026-09-22 21:38:11",1357.5,2,mohamedamineaichaoui
2996,16881613,refluxor,"2026-09-12 14:44:46",1357.3,2,refluxor
2997,16948046,"Jeroen Cottaar","2026-09-23 14:38:47",1357.0,2,jeroencottaar
2998,16847578,"Tim Chernov","2026-09-27 02:34:15",1356.4,2,saffff
2999,16716867,"Kevin Gemilang","2026-09-19 04:52:17",1356.2,2,kevingemilang
3000,16659286,shane18,"2026-09-27 06:00:54",1356.0,2,shane18
3001,16806146,"Factual Explorer","2026-09-12 20:05:48",1355.9,2,factualexplorer
3002,16882077,telep,"2026-09-22 15:21:34",1355.7,2,vitaliypyvovar1
3003,16942429,"yangjian zhu","2026-09-26 01:53:40",1355.6,2,yangjianzhu
3004,16662984,"Mark Schatza","2026-09-17 18:27:19",1355.6,2,markschatza
3005,16855088,Re:dorf,"2026-09-15 12:44:10",1355.4,2,reydorf
3006,16731194,"Neglected Turtle","2026-09-26 06:48:43",1355.2,2,pleaselike
3007,16886066,latentb,"2026-09-13 11:55:55",1355.1,2,latentb
3008,16878707,"Shiva Somasundaram Balaji","2026-09-13 05:58:09",1354.7,2,shivasomasundaramb
3009,16885599,Suiban,"2026-09-22 12:19:22",1354.7,2,suiban410219
3010,16865854,lancerhim,"2026-09-14 04:18:21",1354.1,2,lancerhim
3011,16632708,__Taichicchi__,"2026-09-25 23:31:41",1353.7,2,hutch1221
3012,16809721,siren2345,"2026-09-22 14:35:50",1353.6,2,siren2345
3013,16629873,UncleWKTK,"2026-09-13 05:24:28",1353.3,2,unclewktk
3014,16691670,wangbin.dev,"2026-09-17 16:58:12",1352.5,2,wangbindev
3015,16945180,"Anton Nikonov","2026-09-25 12:16:58",1352.1,2,antonnikonov
3016,16696099,moss,"2026-09-13 09:31:52",1351.7,2,kenyashimizu
3017,16630418,butterchicken,"2026-09-25 08:17:33",1350.0,2,"ritanshuprasad,sriramlingavel01"
3018,16855156,"Lior Toledano","2026-09-15 18:15:51",1350.0,2,liortoledano
3019,16715912,"Hiroshi Sakiyama","2026-09-25 15:56:51",1349.9,2,hiroshisakiyama
3020,16885704,tavrico,"2026-09-13 09:52:55",1349.2,2,tavrico
3021,16859745,111,"2026-09-25 16:54:39",1348.8,2,guoz112
3022,16733016,Quillbolt,"2026-09-26 11:14:01",1348.4,2,tunminhhunh
3023,16842293,"WANG HONGXIANG","2026-09-20 15:33:21",1348.4,2,wanghongxiang
3024,16942273,"Sravanthi Kovvuri","2026-09-23 12:14:18",1346.3,2,sravanthikovvuri
3025,16870485,agentic,"2026-09-16 19:21:30",1346.2,2,"audiuphile,mark5221,sidchevvan"
3026,16884902,yovrini,"2026-09-13 05:49:06",1345.7,2,yovrini
3027,16832226,"DI27 RF","2026-09-13 02:34:01",1344.4,2,di27rf
3028,16748559,GodofThunder2407,"2026-09-13 06:18:15",1344.1,2,godofthunder2407
3029,16852377,"Zhong Lyu","2026-09-25 08:57:10",1344.1,2,zhonglyu
3030,16642846,"Leonid Zaporozhets","2026-09-26 09:30:34",1343.7,2,leonidzaporozhets
3031,16635973,"Code by Nadiia","2026-09-24 11:05:35",1343.4,2,codebynadiia
3032,16730854,src,"2026-09-26 07:50:08",1343.2,2,skthtu
3033,16704580,"Yunho Hwang","2026-09-27 05:52:20",1342.7,2,yunhohwang
3034,16657587,PxlPau,"2026-09-13 00:34:27",1342.5,2,studybeetutoring
3035,16839489,Q1du,"2026-09-12 10:12:02",1342.4,2,zjecust
3036,16681049,"SiLin “Can SiLin” Can","2026-09-13 05:44:26",1342.3,2,"k3rn3l,silincansilincan"
3037,16671596,Sibato,"2026-09-22 00:41:44",1341.8,2,sibato
3038,16881818,gradfield21,"2026-09-12 15:44:29",1341.1,2,gradfield21
3039,16881237,"Chunlai Li","2026-09-26 12:30:35",1340.2,2,lichunlai123
3040,16761167,"Tejasteju M P","2026-09-24 04:29:56",1339.9,2,tejastejump
3041,16892458,orangeaugust,"2026-09-26 11:13:30",1339.8,2,orangeaugust
3042,16660041,"Hoàng Quốc Việt ","2026-09-13 04:56:59",1338.1,2,viethwang3i
3043,16797154,"Elvern Neylmav Tanny","2026-09-13 23:37:07",1338.1,2,elvernneylmavtanny
3044,16818508,"Napster Y","2026-09-27 03:40:55",1337.4,2,napstery
3045,16859409,wia'ma,"2026-09-26 00:45:31",1337.4,2,wangyiqicy
3046,16916104,"Dayi Zhang","2026-09-22 15:27:26",1337.0,2,dayizhang
3047,16845314,ryvhii,"2026-09-21 06:51:36",1336.5,2,ryvhii
3048,16858414,wantOchange,"2026-09-13 01:00:32",1335.8,2,wantochange
3049,16668262,spbforce,"2026-09-27 04:42:32",1335.0,2,spbforce
3050,16798152,"A secretive person","2026-09-18 14:09:57",1334.9,2,asecretiveperson
3051,16885770,"Rahul Jangra","2026-09-13 10:13:19",1334.7,1,leonado10000
3052,16946333,KIT,"2026-09-23 09:13:30",1334.2,2,ray6767
3053,16665841,"Mohit Rao","2026-09-14 05:22:15",1334.1,2,vmohitrao
3054,16630803,"Mirza Milan Farabi","2026-09-13 21:59:25",1333.9,2,mirzamilanfarabi
3055,16643554,"Arnie Jimenez","2026-09-16 16:50:18",1333.8,2,arniejimenez
3056,16870800,Myasui,"2026-09-27 06:01:32",1333.1,2,zaki38
3057,16864988,"jiangling wang","2026-09-13 10:59:00",1332.5,1,jianglingwang
3058,16884822,reziavon,"2026-09-13 05:38:11",1332.3,2,reziavon
3059,16822395,"Vladimir Galatenko","2026-09-24 02:41:17",1332.3,2,vladimirgalatenko
3060,16928266,"Arun Khatua","2026-09-24 05:25:15",1331.5,2,arunkhatua
3061,16684401,WQAAAA,"2026-09-12 03:28:35",1331.2,2,wqaaaa
3062,16728076,uuu,"2026-09-13 09:12:31",1330.2,2,vovafinogenov
3063,16654848,DovyDigital,"2026-09-25 00:28:21",1330.0,1,dovydigital
3064,16740815,Remielle,"2026-09-27 05:59:48",1329.8,2,remielle
3065,16663929,"Erman Man","2026-09-12 02:05:39",1328.5,2,ermanman
3066,16862084,weiooocnnnnnn,"2026-09-15 11:52:22",1328.1,2,weiooocn
3067,16699045,"Abu Kayyisah Basyid","2026-09-24 17:36:05",1326.9,2,abukayyisahbasyid
3068,16740034,BSCode,"2026-09-14 02:27:32",1326.8,2,bscode
3069,16830984,lizhengui,"2026-09-13 06:34:44",1326.5,2,lizhengui
3070,16755049,gamesu7107,"2026-09-12 18:24:15",1326.5,2,gamesu7107
3071,16737041,presucc,"2026-09-13 04:13:37",1326.3,2,presucc
3072,16854815,marching_zzz,"2026-09-27 02:33:13",1325.9,2,marchingzzz
3073,16839754,"Lauresowe 3D","2026-09-12 10:00:06",1325.2,2,lauresowe3d
3074,16632527,"GIVE ME A JOB","2026-09-10 09:35:11",1324.9,2,tarokogawa
3075,16881121,Annsatz,"2026-09-14 14:59:00",1324.1,2,ansatzkong
3076,16677568,yarneo,"2026-09-16 10:07:53",1324.0,2,yarneo
3077,16859269,BAILW,"2026-09-25 16:46:48",1323.9,2,baimatubama
3078,16669843,"hikaru kitagawa","2026-09-21 04:20:12",1323.8,2,hikarukitagawa
3079,16784516,pejipej,"2026-09-26 22:07:46",1323.6,2,pejmaneghbali
3080,16756965,gchauhan,"2026-09-15 06:57:02",1323.3,2,gchauhan
3081,16705318,arminhej96,"2026-09-22 05:17:55",1322.3,2,arminhej96
3082,16689863,yukichi0403,"2026-09-15 12:39:45",1321.3,2,yukitake93
3083,16790931,100rabh,"2026-09-12 16:42:27",1320.7,2,saurabhkumar234
3084,16723988,yuyinghuang,"2026-09-13 07:00:33",1320.2,2,yuyinghuang
3085,16880960,Kiriesh,"2026-09-16 18:45:37",1320.0,2,kiriesh
3086,16888282,Sheeesh---,"2026-09-21 18:08:35",1320.0,1,hamzaaitmohamed
3087,16881783,novasync88,"2026-09-12 15:27:48",1319.8,2,novasync88
3088,16641309,klog,"2026-09-12 04:48:32",1319.8,2,mhrzmmhrzm
3089,16731926,"Pardheev Krishna","2026-09-12 12:08:13",1319.2,2,"anandkumar0901,ayushjiwatramani,nidhibsh,nitindatanylatics,pardheev"
3090,16665641,"Alexander Shahramanyan","2026-09-24 18:02:47",1318.7,2,alexshah
3091,16881585,Venqira,"2026-09-12 14:31:19",1317.7,2,venqira
3092,16722818,"Mukesh R","2026-09-14 09:13:30",1317.6,2,mukeshr06
3093,16881521,Juniperss,"2026-09-12 14:16:09",1317.4,2,juniperss
3094,16859690,Molood,"2026-09-10 20:30:43",1317.4,2,molooda
3095,16629699,radiant-allomancer,"2026-09-11 00:50:02",1317.2,2,radiantallomancer
3096,16775571,Gaurav06520,"2026-09-15 12:38:42",1316.7,2,gaurav06520
3097,16639731,williamrawling,"2026-09-27 03:11:34",1316.3,2,williamrawling
3098,16771703,"Moomin and his farm","2026-09-12 07:03:58",1316.1,2,ataraxyyeah
3099,16862806,kitsada,"2026-09-19 09:59:59",1316.0,2,wangwaen
3100,16743392,tellurium_rrr,"2026-09-26 14:23:46",1315.4,2,telluriumrrr
3101,16734447,"Ali Bauyrzhan","2026-09-25 20:12:33",1315.4,2,alibauyrzhan
3102,16657265,"Hemant Kumar","2026-09-18 13:53:47",1314.5,2,hemantrajputt
3103,16644818,chudddc,"2026-09-24 14:43:09",1313.9,2,chudddc
3104,16857987,fujia,"2026-09-19 05:16:43",1313.6,2,fujiasama
3105,16783173,"Michael Shihong Zhang","2026-09-13 05:39:27",1313.1,2,"excelexx,festyve"
3106,16867641,YK,"2026-09-10 17:17:04",1313.1,2,yukitashiro
3107,16621063,Broskis,"2026-09-11 03:19:55",1313.0,2,"aikyatansinha,r1cksync,vamshikrishnaemmadi"
3108,16808020,"Pulkit Arora 🇮🇳","2026-09-11 09:15:58",1312.9,2,pulkittarora
3109,16657785,"Himanshu Kumar","2026-09-27 05:57:06",1312.9,2,himanshujha2812
3110,16730323,fufufukakaka,"2026-09-26 00:23:34",1312.2,2,fufufukakaka
3111,16630142,zawawannko,"2026-09-11 08:03:32",1312.0,2,zawawannko
3112,16879360,"Neural Subscribed Operator","2026-09-12 06:55:46",1311.8,1,nacl3084
3113,16635233,"Szymon Kłapiński","2026-09-12 10:11:30",1308.8,2,szymonkapiski
3114,16885509,HAL,"2026-09-14 07:58:55",1307.2,1,"asunalin,ljimmy2005007"
3115,16630984,TakamaruEX,"2026-09-14 08:20:46",1307.1,2,takamaruex
3116,16799598,RameshG888,"2026-09-11 08:42:57",1307.0,2,ramesh888
3117,16623385,yurunougyou!,"2026-09-10 12:25:26",1306.7,2,isakatsuyoshi
3118,16869555,"Karthik Nambiar","2026-09-15 07:13:16",1306.7,2,karthiknambiar387239
3119,16630797,"Seok, Jeongeum","2026-09-27 00:58:13",1306.4,2,seokjeongeum
3120,16699455,vijaikm,"2026-09-22 11:56:07",1306.1,2,vijaikm
3121,16657887,"Yermak Petro","2026-09-26 23:23:16",1306.0,2,yermakpetro
3122,16662735,"Kurian George","2026-09-11 17:16:25",1305.7,2,kuriangeorge
3123,16741243,"Yasin Mert Şahin","2026-09-26 10:59:21",1305.6,2,ymertsahin
3124,16692725,"Zhen Li","2026-09-12 10:05:10",1305.2,2,zhenlisak
3125,16682318,Bibek,"2026-09-13 20:49:12",1305.2,2,bibek777
3126,16860566,黄旭伟aaaabbs,"2026-09-25 14:49:18",1305.2,2,aaaabbs
3127,16664761,"Udit Jain #2","2026-09-12 00:14:14",1304.7,2,iamudit
3128,16825815,linchenge,"2026-09-25 14:36:14",1304.5,2,linchenge
3129,16855665,"Yash Yadav","2026-09-13 06:58:11",1304.4,2,yash2072005
3130,16689186,NCK,"2026-09-12 04:31:04",1304.4,2,drnchaitanyakumar
3131,16864072,"Matvey Skovordin","2026-09-10 04:24:07",1304.0,1,kickassnumberone
3132,16802578,Yuuki4543,"2026-09-11 06:18:16",1303.9,2,yuuki4543
3133,16772119,Workybara.ai,"2026-09-12 03:16:14",1302.9,2,workybaraai
3134,16843892,luxinyayaya,"2026-09-15 03:23:21",1302.8,2,luxinyayaya
3135,16858157,osteo,"2026-09-11 01:33:23",1302.2,2,logstwo
3136,16678609,quantcrypto3,"2026-09-19 01:51:13",1302.1,2,quantcrypto3
3137,16862944,Luchsus,"2026-09-14 23:29:16",1301.4,2,jansteindlstarlinger
3138,16685047,Yvonne.,"2026-09-21 08:34:31",1301.1,2,zdawer250
3139,16701612,Kiki,"2026-09-11 06:43:31",1301.0,2,rouiou
3140,16661462,"Dania Amer","2026-09-24 01:19:39",1300.3,2,dania35
3141,16655411,フナコシ,"2026-09-22 18:24:58",1299.8,2,kokifunakoshi
3142,16661276,Middle,"2026-09-26 13:32:14",1299.2,2,aydagul
3143,16848765,XJHya233,"2026-09-13 11:56:26",1299.0,2,xjhya233
3144,16708546,"Blue Rain","2026-09-12 04:15:32",1298.7,2,bluefeather386
3145,16688587,yamashu,"2026-09-21 01:17:33",1297.7,2,yamashuuu
3146,16881267,"juu meng","2026-09-13 07:07:40",1297.1,2,juumeng
3147,16712329,"Andrej Carpenter","2026-09-22 07:36:56",1296.2,2,andrejcarpenter
3148,16669461,"suzy su","2026-09-12 12:38:38",1295.8,2,suzysu997
3149,16784992,Prasad.tgs,"2026-09-25 15:00:49",1295.5,2,sivaprasadnaidu
3150,16719364,Yeh!AIGame,"2026-09-26 07:23:01",1295.4,2,"luluyeh,yehshibang"
3151,16735837,yaki-imo,"2026-09-11 04:35:42",1295.3,2,taichiakiyama
3152,16772090,"SHIVAJI SHAIK","2026-09-20 07:13:54",1295.2,2,shivajishaik
3153,16857624,flatton,"2026-09-16 23:02:27",1294.7,2,tomokifujihara
3154,16669038,"Nabeel Shar","2026-09-13 09:17:32",1294.2,2,nabeelshar
3155,16671520,sci-shi,"2026-09-22 14:17:14",1293.9,2,scishi
3156,16678930,"Just a moroccan","2026-09-26 12:14:44",1293.7,2,zbidaamine
3157,16875671,"Nikolay Shaulsky","2026-09-26 09:15:39",1293.0,2,nikolayshaulsky
3158,16624073,SoftRL,"2026-09-22 13:34:39",1292.1,2,"maruichi01,ppocharl,puws06,tatsukisato,unikina"
3159,16688313,"Gnosys Labs","2026-09-18 00:56:10",1291.9,2,gnosyslabs
3160,16866424,"gmmm mmod2","2026-09-11 07:38:54",1291.6,2,gmmmmmod2
3161,16832971,"Scott Willis","2026-09-27 05:44:09",1291.5,2,scottgwillis
3162,16696738,rekhasri,"2026-09-18 17:25:22",1291.4,2,rekhasri
3163,16713281,SirShifu,"2026-09-10 22:19:52",1291.3,2,sirshifu
3164,16658185,"Juwon Kweon","2026-09-22 01:35:01",1291.1,2,juwonkwon
3165,16849377,try,"2026-09-26 13:13:47",1290.4,2,weishanshan033
3166,16850105,Pantheon,"2026-09-14 07:40:15",1289.8,2,skyenxt
3167,16781506,un0o7,"2026-09-11 13:10:36",1289.7,2,hjhsdsdww
3168,16659957,LeFarmers,"2026-09-24 19:10:00",1289.3,2,"jaydonjp,kuantumknight"
3169,16658801,"Thuc Nguyen Dang 111","2026-09-13 05:21:36",1289.1,2,thucnguyendang111
3170,16623298,Mikhail_Komkin,"2026-09-26 22:58:30",1288.8,2,mikhailkomkin
3171,16881857,Pheonix,"2026-09-17 11:51:43",1288.4,2,vikasg1711
3172,16882304,"Lokesh Prajapat","2026-09-12 18:20:47",1287.9,1,lokesh0252
3173,16898290,"Ryan Jonathan Valencia","2026-09-17 17:33:18",1287.1,2,ryanjonathanvalencia
3174,16797847,"levski shampion","2026-09-12 23:19:08",1287.0,2,mariomalev
3175,16814701,e0970145,"2026-09-10 11:43:21",1286.5,2,maxxtucker
3176,16628875,TakahiroHon,"2026-09-17 02:59:51",1286.0,2,takahirohon
3177,16865261,"Kamal Kadakara","2026-09-27 02:44:44",1285.2,2,kamalkadakara
3178,16729765,"Caio Ruiz","2026-09-27 05:34:18",1284.8,2,chvruiz
3179,16862840,"Ammar Aziz","2026-09-12 11:11:53",1284.7,2,cabtainamamr
3180,16700510,"Shadow Recon","2026-09-25 08:33:13",1283.7,2,gaurav065
3181,16641956,SixGODD,"2026-09-20 01:06:51",1283.1,2,sixgodd
3182,16710469,Qimra1729,"2026-09-11 08:09:04",1282.6,2,qimra1729
3183,16756477,Ender,"2026-09-24 23:40:32",1282.3,2,eamonnkashyap
3184,16663808,"Fae Gaze","2026-09-10 20:30:29",1281.2,2,achievement
3185,16702674,"Varun S G","2026-09-18 05:49:16",1281.1,2,warun7
3186,16881694,Novardion,"2026-09-13 11:28:43",1279.9,2,novardion
3187,16756765,DharmParmar,"2026-09-23 01:19:56",1279.2,2,dharmparmar
3188,16661667,"Wufang Hong","2026-09-10 07:14:27",1278.5,2,wufanghong
3189,16748487,Hiters,"2026-09-11 00:54:16",1278.4,2,mikehongsz
3190,16670715,i3,"2026-09-24 08:33:45",1277.8,2,ishijima
3191,16781550,Lumberjacks,"2026-09-19 16:21:59",1277.3,2,jamesmcgarryiv
3192,16843617,Jenny124685,"2026-09-24 05:14:36",1277.3,2,jenny124685
3193,16758232,mech_39,"2026-09-10 21:20:57",1277.2,2,mech39
3194,16672128,Cliffton,"2026-09-27 04:29:20",1277.1,2,rieltzx
3195,16768016,JohnBlake,"2026-09-26 06:49:17",1276.9,2,jaybeeja
3196,16880407,kimuraaa,"2026-09-21 07:58:10",1276.9,2,kimuraaa
3197,16760509,"gnanadeepika karanam","2026-09-26 17:57:13",1276.4,2,gnanadeepikakaranam
3198,16867005,cryptvector2,"2026-09-11 13:22:09",1276.4,2,cryptvector2
3199,16670879,"old macdonald","2026-09-07 16:11:15",1276.0,2,djschmit
3200,16691084,"Ke Ma Ke","2026-09-13 09:01:36",1276.0,2,kemake
3201,16847304,"eryue shisi","2026-09-14 02:41:20",1275.8,2,eryueshisi
3202,16717794,souldrive,"2026-09-13 13:18:14",1275.3,2,souldrive
3203,16664609,Re2lawd,"2026-09-24 09:51:49",1275.0,2,re2lawd
3204,16660250,Moshel,"2026-09-12 23:06:43",1274.5,2,moshel
3205,16868685,"Kotaro Simizu","2026-09-11 20:39:54",1274.2,2,"kotarosimizu,mahiro1214"
3206,16918530,lingsio,"2026-09-22 06:17:59",1273.9,2,shinshengchiou
3207,16759508,george-nigmatulin,"2026-09-26 20:20:53",1273.7,2,georgenigmatulin
3208,16708791,atsu0905,"2026-09-27 01:16:01",1273.6,2,atsu0905
3209,16870461,Fumi,"2026-09-26 06:02:01",1273.2,2,cheersbeer
3210,16735238,DHKim0324,"2026-09-26 19:32:40",1272.0,2,dhkim0324
3211,16867327,Zorvella,"2026-09-11 03:16:36",1272.0,2,zorvella
3212,16832866,bgaoi2,"2026-09-09 15:09:29",1271.9,2,bgaoi2
3213,16865917,"Yihao Wei","2026-09-13 10:07:46",1271.4,2,yihaowei
3214,16791163,woldy,"2026-09-27 05:13:09",1271.4,2,woldywei
3215,16849766,"Uncle Scooge","2026-09-11 13:27:24",1271.2,2,"guzzbr,pascalcoimbra"
3216,16896283,"WENBO ZHANG","2026-09-24 00:48:40",1270.6,2,wenbozhang2026
3217,16662618,"Soledad Santiago","2026-09-27 05:56:14",1270.4,2,soledadsantiago
3218,16660020,"Gaddam Shiva Teja","2026-09-24 20:55:02",1270.2,2,shivateja005
3219,16622835,"Max Manushin","2026-09-11 01:04:29",1270.2,2,innerf1re
3220,16711317,"yf D","2026-09-26 13:35:58",1270.0,2,dengvitruviano
3221,16722849,"Dhruv Bansal","2026-09-10 22:03:08",1270.0,2,dhruvb2028
3222,16854573,"这是 AI 的胜利","2026-09-10 09:15:16",1269.9,2,iaptainmy
3223,16652764,hikahika,"2026-09-11 13:31:34",1269.2,2,naganohikaru
3224,16811496,Marie,"2026-09-23 05:17:53",1268.7,2,mariashatrova
3225,16861723,"Landon Hershberger","2026-09-15 22:04:40",1268.6,2,landonhershberger
3226,16907406,herok0809,"2026-09-16 16:49:09",1268.1,2,herok0809
3227,16715205,GCarnovale,"2026-09-24 01:40:57",1267.8,2,gcarno
3228,16841595,Jaso1024,"2026-09-10 01:44:10",1267.2,2,jaso1024
3229,16623980,Nikita,"2026-09-14 10:05:57",1267.0,2,ivanovnikitawork
3230,16627194,GzmCR632,"2026-09-11 07:01:14",1266.6,2,gzmcr632
3231,16630015,星之海,"2026-09-26 07:48:07",1266.2,2,web3cainiao
3232,16814378,"Jay Prrajapati","2026-09-09 13:53:13",1265.9,2,jayprrajapati
3233,16720797,"Vibe Farmer","2026-09-11 02:14:27",1265.8,2,pulakkantibhowmick
3234,16808822,-lingluo-,"2026-09-22 04:22:20",1265.2,2,lingluoo
3235,16857932,"Ahmed Ansari","2026-09-16 11:57:46",1265.1,2,ahmed1ansari
3236,16698287,"Reinforcement Forgetting","2026-09-24 23:34:50",1264.5,2,ethanjschauder
3237,16634104,FarmGoose,"2026-09-10 09:10:47",1264.2,2,yizhanglou
3238,16792013,"Alec Polansky","2026-09-10 01:58:49",1263.8,2,alecpolansky
3239,16730735,YUK,"2026-09-14 18:00:10",1263.0,2,yu0307
3240,16736838,アナコンダ,"2026-09-09 13:48:32",1263.0,2,"ei1333,unosss"
3241,16668622,"Michael McGrain","2026-09-10 10:38:27",1262.9,2,michaelmcgrain
3242,16623309,zyvren,"2026-09-11 15:14:31",1262.6,2,"nusratahmmedmaisha,sharif485"
3243,16871483,carnivore,"2026-09-25 16:57:19",1261.7,2,prapproved
3244,16876040,hgh404,"2026-09-22 20:49:08",1261.6,2,"gamejoker,hgh1024"
3245,16634519,"Darshan Makwana","2026-09-10 10:17:03",1261.4,2,ellipticaloranges
3246,16691270,"Piyal Chowdhury","2026-09-21 18:53:53",1261.2,2,piyalchowdhury
3247,16844456,Touk00,"2026-09-13 04:20:04",1260.2,2,touk00
3248,16801797,Tv,"2026-09-13 03:11:19",1259.7,2,linyeah
3249,16717549,"Adejumo Boluwatife","2026-09-11 19:09:23",1259.6,2,adejumoboluwatife
3250,16883478,Aggri_goon,"2026-09-16 10:48:29",1259.4,2,ryonagakubo
3251,16746796,kaguramena,"2026-09-10 07:13:17",1259.3,2,kaguramena
3252,16890052,Code4life,"2026-09-15 16:46:33",1258.1,2,"huylngcgia,taovietducofficial"
3253,16770055,"san yin26","2026-09-15 08:14:39",1256.7,2,"amadeusan,sanyin26"
3254,16857939,"Le Duy Dong","2026-09-10 16:11:23",1256.4,1,lduynglduyng
3255,16810275,Adam,"2026-09-27 03:25:47",1256.4,2,potonglantie93
3256,16764349,Solo,"2026-09-12 22:58:37",1254.4,2,solosolo
3257,16839821,"Stepan Pankratov","2026-09-09 14:47:50",1254.2,2,infam62
3258,16657671,CyberRacoon,"2026-09-15 10:38:45",1254.1,2,racoontw
3259,16635055,chch,"2026-09-25 09:21:47",1253.6,2,chchentw
3260,16771337,titako0000,"2026-09-10 09:00:19",1252.9,2,titako0000
3261,16640991,sometimeafter,"2026-09-09 17:35:05",1252.4,2,xinyeee
3262,16633793,adakoda,"2026-09-09 11:55:49",1252.2,2,adakoda
3263,16870600,"Huayu Wen","2026-09-11 14:17:55",1251.9,2,huayuwen
3264,16635062,DL,"2026-09-10 04:16:38",1251.5,2,distiller
3265,16677596,Sere1n,"2026-09-11 15:08:02",1251.1,2,chacc0
3266,16676085,"Giordano Dolenz","2026-09-11 17:20:50",1251.1,2,giordanodolenz
3267,16635209,4eta,"2026-09-23 16:25:06",1250.9,2,bio4eta
3268,16811414,Y-Kitaro,"2026-09-26 14:43:05",1250.8,2,yhataktaro
3269,16676739,"Jonathan Zheng Jiahao","2026-09-10 02:53:21",1250.2,2,jonathanzhengjiahao
3270,16663252,"MD Concepcion","2026-09-25 20:13:51",1249.7,2,mikedconcepcion
3271,16782564,"Chris Tu","2026-09-26 06:43:35",1249.6,2,christu831004
3272,16728238,ubcict232,"2026-09-27 01:25:36",1249.5,2,ubcict232
3273,16867407,Lanqira,"2026-09-11 03:08:56",1249.1,2,lanqira
3274,16861998,bobodict,"2026-09-09 17:26:50",1248.8,2,bobodict
3275,16739578,"Pietro Valocchi","2026-09-15 06:34:30",1248.2,2,pietrovalocchi
3276,16670020,nanare,"2026-09-16 16:43:03",1247.7,2,nanaresudo
3277,16786092,Shiru2,"2026-09-09 19:34:32",1247.7,2,shiru2
3278,16672997,"Francesco Montone","2026-09-11 10:56:31",1247.0,2,francescomontone
3279,16769885,kurushun,"2026-09-10 02:10:21",1246.9,2,kurushun
3280,16843384,"Anatoly Lyutov","2026-09-11 11:54:44",1246.9,2,anatolylyutov
3281,16859804,seele,"2026-09-09 10:20:41",1246.8,1,seele1917
3282,16789509,"Yang Wei Hao","2026-09-09 13:02:55",1246.2,2,aichangeworld
3283,16722888,GarrieD,"2026-09-12 14:53:50",1245.6,2,garried
3284,16640701,momoon,"2026-09-27 05:33:41",1245.2,2,nomuraryota
3285,16779957,养了一群扫福瑞,"2026-09-09 12:13:36",1244.8,2,whq0q7
3286,16778334,"Onkar Belure","2026-09-09 16:22:19",1244.0,2,onkarbelure
3287,16866567,Variiiiiii,"2026-09-11 10:09:24",1243.3,2,variiiiiii
3288,16627581,AidenSong123,"2026-09-12 14:15:30",1242.3,2,aidensong123
3289,16692678,Nerozud,"2026-09-23 18:24:54",1242.1,2,"lorerubiano22,nerozud"
3290,16851444,"Vũ Tuấn","2026-09-25 15:13:25",1242.1,2,vtunksdlvnj6
3291,16758893,"Sercan Yeşilöz","2026-09-09 12:34:34",1242.0,2,sercanyesiloz
3292,16729186,Virtute,"2026-09-16 06:25:56",1241.7,2,nameless001
3293,16841960,WessonZ,"2026-09-10 02:11:20",1241.6,2,wessonz
3294,16811247,"Luca Mussino","2026-09-10 20:53:58",1241.5,2,lucamussino
3295,16866946,truxivan,"2026-09-10 13:46:58",1241.3,1,truxivan
3296,16741542,"let cats farm","2026-09-19 22:33:26",1240.8,2,amonkizawa
3297,16670276,"Egor Trushin","2026-09-10 08:19:32",1240.6,2,egortrushin
3298,16833052,"we lose some 🏆","2026-09-26 14:40:54",1240.3,2,sayangoswami
3299,16658290,rrishavrraj,"2026-09-25 18:07:56",1240.0,2,"rrishavrraj,shubhamkumar9812"
3300,16839834,nouvya,"2026-09-10 15:48:43",1239.3,2,nouvya
3301,16660987,AdrianWang2003,"2026-09-09 09:32:53",1239.1,2,"adrianwang2003,benlou04"
3302,16712796,"Kumar Saurabh","2026-09-17 08:13:59",1239.0,2,bakakaka
3303,16871705,Bertholdt,"2026-09-24 11:10:06",1239.0,2,bertholdt
3304,16623608,"Dmitry Larko","2026-09-08 23:05:52",1238.9,2,dmitrylarko
3305,16677217,Panos,"2026-09-15 12:44:36",1238.6,2,panosc
3306,16683488,"Ripudaman Parmar","2026-09-19 12:56:14",1238.3,2,"ktkgpt,ripudamanparmar"
3307,16858196,"Cường Dược Sĩ","2026-09-22 19:12:00",1238.2,2,cngdcs
3308,16712007,"Dipin Kothavoor","2026-09-14 13:54:52",1237.9,2,dipinkothavoor
3309,16859585,momo,"2026-09-10 03:06:37",1237.8,2,fyenneyenn
3310,16886357,"Sun Jaden","2026-09-13 21:34:56",1237.6,2,sunjaden
3311,16734667,sadanamaru,"2026-09-10 12:22:11",1237.2,2,sadanamaru
3312,16641713,"ronsen sun","2026-09-11 08:01:06",1236.9,2,ronsensun
3313,16786496,"Lê Quang Cảnh","2026-09-12 05:44:25",1236.9,2,zhincez
3314,16857861,Satua,"2026-09-11 06:36:26",1236.7,2,satyasrinivasanandh
3315,16698134,Hossein,"2026-09-11 02:29:53",1236.7,2,tomi85
3316,16843047,liyuting,"2026-09-10 07:27:21",1236.0,2,lytqwq
3317,16854541,yangyiqing6,"2026-09-15 06:14:21",1235.1,2,yangyiqing6
3318,16720696,Ankit0017,"2026-09-09 14:57:00",1235.1,2,ankit0017
3319,16860118,Hironobukawaguchi,"2026-09-09 11:53:30",1234.9,2,hironobukawaguchi
3320,16870350,praneethb7,"2026-09-26 22:01:09",1234.8,2,praneethbudati
3321,16731836,"Theo Venturian","2026-09-11 18:03:45",1234.5,2,theodorraulventurian
3322,16634082,"Mikey Marszewski","2026-09-11 02:26:39",1234.2,2,mikeymarszewski
3323,16854090,"Kaichi Morimoto","2026-09-09 11:22:01",1234.1,2,kaichimorimoto
3324,16814716,edder0798,"2026-09-12 07:57:25",1234.1,2,"edder0798,wangxi608"
3325,16661701,premjampuram,"2026-09-09 11:13:52",1234.1,2,"aasthasinha9,anji2705,premjampuram,sheetallodhi"
3326,16855868,PapaSoda,"2026-09-10 17:45:16",1233.9,2,papasoda
3327,16624303,seven,"2026-09-09 09:18:12",1233.6,2,morikawatakeshi
3328,16805144,heliosli,"2026-09-21 13:29:51",1232.9,1,heliosli
3329,16656806,"Arshad Shemil k","2026-09-09 08:33:09",1231.6,2,arshadshemilk
3330,16669826,Jesse,"2026-09-12 07:51:27",1231.1,2,jesneuman
3331,16699246,"Labh Khatke","2026-09-11 15:53:22",1230.1,2,labhkhatke
3332,16862056,konchu2,"2026-09-10 11:32:13",1229.6,2,konchu2
3333,16858113,wli889661,"2026-09-09 13:38:01",1229.5,2,wli889661
3334,16862298,"Varadaraj Borkar","2026-09-13 13:12:11",1228.9,2,varadarajborkar
3335,16756592,"Abdalrahman Eissa","2026-09-25 12:47:21",1228.7,2,abdalrahmaneissa
3336,16623938,flashthunder,"2026-09-24 14:39:21",1228.4,2,thunderflash
3337,16809445,takusemba,"2026-09-09 14:50:14",1228.1,2,takusembba
3338,16663498,"Braxton Dyer","2026-09-23 14:23:54",1227.8,2,braxtondyer
3339,16860708,"Nav N","2026-09-10 07:47:42",1227.5,2,navidata
3340,16695242,"Utkarsh Prakash Srivastava","2026-09-08 15:55:37",1227.1,2,utkarshps
3341,16724755,K.nosaka,"2026-09-10 12:07:13",1226.0,2,kenseinosaka
3342,16876071,NITISH5236GOEL,"2026-09-26 05:12:35",1225.4,2,nitish5236goel
3343,16654403,"Skibidi Six Seven","2026-09-08 14:20:24",1225.0,2,iam4722202468
3344,16659843,"Amer Alkhalili","2026-09-25 18:34:26",1224.9,2,ameralkhalili
3345,16860251,"Fabian Henning","2026-09-09 11:37:30",1224.9,1,crustacean
3346,16782708,lcx666,"2026-09-10 12:33:05",1224.8,1,chengxinliang
3347,16709501,Galaxantic,"2026-09-09 06:02:29",1224.8,2,neel21yt
3348,16844845,"Dinesh Amalathasan","2026-09-15 19:55:18",1224.2,2,amaldinesh
3349,16630833,"Savan Javia","2026-09-10 10:01:49",1223.8,2,savanjaviya
3350,16773964,trung,"2026-09-24 13:47:55",1223.4,2,trung2006
3351,16725564,NoPlanB,"2026-09-23 18:01:29",1223.0,2,kduncanrobertson
3352,16808840,Devansh3007,"2026-09-10 05:02:13",1222.9,2,devansh3007
3353,16689488,"Ming Fong","2026-09-10 02:48:20",1222.5,2,evilpegasus
3354,16659465,AravindLochan,"2026-09-08 10:00:39",1222.0,2,aravindlochan
3355,16661648,"Vân Nguyễn","2026-09-15 14:45:09",1222.0,2,vunnguyen
3356,16625798,grifth,"2026-09-23 06:10:26",1221.6,2,grifth
3357,16659670,MeeMee,"2026-09-10 07:07:22",1221.6,2,yagi46
3358,16810813,Scorn100,"2026-09-09 17:11:13",1221.0,2,scorn100
3359,16861083,Shoto,"2026-09-09 15:14:42",1221.0,1,bloodymonday
3360,16663748,Calmracer,"2026-09-08 16:17:56",1220.5,2,ethanhall123
3361,16863538,e-toppo,"2026-09-10 01:15:27",1220.0,1,masatomatsui
3362,16758629,karinkaito,"2026-09-16 01:08:30",1219.9,2,karinkaito
3363,16774823,fan2goa1,"2026-09-09 07:23:33",1219.8,2,zfun0926
3364,16840564,starlovelmj,"2026-09-09 02:16:02",1218.3,2,starlovelmj
3365,16635747,"Jeki Wan Taufik","2026-09-08 15:14:33",1217.9,2,jek1wantaufik
3366,16661846,"Jeffrey Pike","2026-09-09 16:05:56",1217.4,2,jeffreypikeai
3367,16860160,"Kohei #2","2026-09-09 11:20:08",1217.4,1,confirm
3368,16732409,kawhi0.0,"2026-09-10 03:44:50",1217.0,2,kawhi00
3369,16844672,"sleeping king","2026-09-09 02:11:59",1216.9,2,sleepingking
3370,16736120,"Ricky #2","2026-09-08 02:47:36",1216.8,2,rickyds97
3371,16794758,wppepi,"2026-09-09 03:06:09",1216.4,2,"foxsuzuran,malossov,wppepi"
3372,16838766,"Justin Gao","2026-09-08 08:27:29",1216.4,2,justingao
3373,16841077,melowdramtic,"2026-09-10 02:31:53",1216.2,2,melowdramtic
3374,16763001,Eb3lss,"2026-09-09 11:08:19",1216.1,2,eb3lss
3375,16688130,"Lujia Liang","2026-09-16 21:00:32",1215.2,2,lujialiang123
3376,16718823,"Rafael Molina Castaño","2026-09-12 20:45:02",1215.1,2,rafaelmolinacastano
3377,16706265,questiondlmarks,"2026-09-10 06:09:35",1214.3,2,questiondlmarks
3378,16884338,"Emmet Banker","2026-09-24 01:53:27",1214.1,2,emmetbanker
3379,16750843,jammings,"2026-09-09 13:11:04",1214.0,2,jammings
3380,16843635,"Просто Человек","2026-09-08 18:03:16",1212.8,2,gomunkul
3381,16644702,cracker_1_war,"2026-09-10 07:18:48",1212.4,2,cracker1war
3382,16650824,Orsted_hitogmi,"2026-09-16 07:59:15",1212.3,2,orstedhitogmi
3383,16784485,betterme,"2026-09-09 15:54:54",1211.8,2,betterme12345
3384,16856437,"Roshan S. Chauhan","2026-09-14 09:33:55",1211.6,2,vrosenta
3385,16769277,卡心农场,"2026-09-18 17:14:44",1211.4,2,"hkd2333,hsiaosuan"
3386,16621687,ropeadope,"2026-09-23 10:47:05",1211.2,2,silkross
3387,16763418,overwhelmer,"2026-09-16 17:39:13",1210.7,2,overwhelmer
3388,16743648,Hei_shao,"2026-09-12 18:48:52",1210.6,2,heishao
3389,16673524,"Zikai Chen","2026-09-26 03:20:09",1209.7,2,"auroraxxiiaa,kyrie1102kai"
3390,16916142,aryandongare27,"2026-09-18 10:34:00",1209.5,2,aryandongare27
3391,16870447,"louie lau","2026-09-11 08:22:30",1209.1,1,louielau
3392,16806879,tetsuro731,"2026-09-09 11:46:20",1208.1,2,tetsuro731
3393,16672241,dupakdungking,"2026-09-15 13:32:04",1207.7,2,primarizki
3394,16655519,CurveCowboy,"2026-09-26 23:06:22",1206.9,2,curvecowboy
3395,16840862,HaoKwok,"2026-09-09 03:50:41",1206.8,2,haokwok2002
3396,16633445,Wal8800,"2026-09-10 06:30:12",1206.2,2,wal8800
3397,16774941,Samvrcai,"2026-09-16 22:56:19",1206.2,2,samvrcai
3398,16753710,tax_free,"2026-09-10 17:08:47",1206.1,2,taxfreepython
3399,16796014,keith70,"2026-09-08 07:18:36",1205.8,2,keith70
3400,16806006,2,"2026-09-23 08:45:53",1205.6,2,smallvv
3401,16841565,"dar Zaa","2026-09-08 18:04:18",1204.9,2,darzaa
3402,16680524,Nealdarkdarkdark,"2026-09-08 04:36:02",1204.7,2,wklyb1
3403,16757123,"Sripad Modali","2026-09-16 14:48:11",1204.3,2,sripadmodali
3404,16845280,"Samuel Watson","2026-09-11 07:06:59",1202.8,2,scwatson
3405,16774884,assssstnuar,"2026-09-21 10:18:41",1202.4,2,assssstnuar
3406,16728959,"no pain no gain","2026-09-11 09:19:44",1202.3,2,ilyayurov2000
3407,16852605,VTH,"2026-09-08 06:35:01",1202.2,2,storm2501
3408,16680290,prospers,"2026-09-08 05:37:42",1202.1,2,prospers
3409,16846391,"here we go","2026-09-09 05:28:41",1202.0,2,j1aliangx
3410,16797457,Aamod06,"2026-09-26 16:15:07",1201.5,2,aamod06
3411,16741563,"Paul Pawletta","2026-09-15 09:16:16",1201.2,2,paulpawletta
3412,16840536,"Philip Snyder","2026-09-08 05:18:07",1201.0,2,darkhorsecodes
3413,16655474,Focus,"2026-09-09 12:04:51",1200.3,2,overvalueawareness
3414,16763200,"Alexander Nord","2026-09-07 18:04:42",1200.0,2,"alexandernord123,pizza987"
3415,16766171,Jonaid,"2026-09-10 22:22:27",1199.8,2,jonaidshianifar
3416,16842066,Atomo333,"2026-09-08 10:35:55",1199.6,2,atomo333
3417,16721382,"Milan Leonard","2026-09-12 07:20:12",1199.3,2,milanleonard
3418,16848686,"xiang156 xu","2026-09-08 03:23:16",1199.2,2,xiang156xu
3419,16765484,smsxgz,"2026-09-08 19:09:03",1198.6,2,smsxgz
3420,16693272,ush,"2026-09-25 13:35:18",1198.5,2,kusuha
3421,16777107,Pipiripipap,"2026-09-09 10:03:38",1198.5,2,yohalf
3422,16779254,MaxZhuCHN,"2026-09-23 04:58:22",1197.4,2,maxzhuchn
3423,16758709,dk07dk,"2026-09-12 07:13:48",1197.3,2,dk07dk
3424,16652173,"Shardul Gharat","2026-09-22 03:52:12",1197.0,2,shardulgharat
3425,16909962,"Peter Shu","2026-09-17 02:29:52",1196.9,2,petershuikun
3426,16841113,Andy,"2026-09-07 01:22:11",1196.3,2,andrewmedran0
3427,16715729,Ajay_Rao_43,"2026-09-09 05:25:11",1196.0,2,ajayrao43
3428,16808631,ALkkGame,"2026-09-14 15:16:47",1195.5,2,alkkgame
3429,16697736,"Daniel Correa","2026-09-26 16:35:27",1195.1,2,dcorrea1
3430,16855035,"rock paper scissors","2026-09-08 15:03:00",1194.7,1,downbythesallygarden
3431,16665191,JoJa,"2026-09-22 04:49:21",1194.7,2,"mojyou,noahzx"
3432,16630111,jannchie,"2026-09-23 09:27:46",1194.3,2,jannchie
3433,16624979,"Mohamed abdelrazik","2026-09-25 20:36:52",1194.2,2,mohamed3abdelrazik
3434,16653805,mohsen2050,"2026-09-14 18:25:43",1194.0,2,mohsen2050
3435,16829834,Luxuer,"2026-09-26 08:49:59",1193.7,2,luxuer
3436,16891040,"Nasri Siwar","2026-09-18 18:05:16",1193.6,2,sassounasri
3437,16771010,42X,"2026-09-09 13:43:36",1193.5,2,infcyx
3438,16794871,IMosia,"2026-09-21 08:03:49",1193.0,2,ivanmosiagin
3439,16740851,Zefirrr,"2026-09-19 14:48:39",1192.7,2,zefirrrr
3440,16688450,SpiralTip,"2026-09-14 04:11:41",1192.0,2,spiraltip
3441,16700846,"Vaibhav Patel","2026-09-16 08:09:33",1191.7,2,vaibhavpatel
3442,16730473,Kyohei,"2026-09-08 00:42:18",1191.1,2,kyohei3
3443,16858828,BlueSky_sora,"2026-09-26 17:06:45",1191.1,2,blueskysora
3444,16809097,volumatic,"2026-09-10 11:00:51",1191.0,2,"kkeevviinn666,volumatic"
3445,16857458,HIIHIH,"2026-09-27 00:34:34",1190.4,2,hiihih
3446,16719771,"Oleg Papulov","2026-09-26 11:37:32",1190.3,2,olegpapulov
3447,16842967,yoshiki116,"2026-09-11 05:05:19",1190.0,2,yoshiki116
3448,16810104,Mahoraga,"2026-09-27 04:29:24",1189.6,2,hemanthraju311
3449,16842645,zard599,"2026-09-26 08:29:40",1189.3,2,zard599
3450,16934847,yuuri,"2026-09-27 06:00:26",1187.9,2,yuuuuuuuuri
3451,16790472,"Manurupan M","2026-09-20 07:09:36",1186.7,2,manurupanm
3452,16841313,"Daniel Harkin","2026-09-09 18:24:13",1186.0,2,danielharkin
3453,16857973,guochangZhang,"2026-09-09 04:24:41",1186.0,1,guochangzhang
3454,16924472,Rajusah,"2026-09-26 16:13:55",1185.5,2,rajucode
3455,16672858,Lyesterday,"2026-09-07 10:14:39",1185.3,2,ilyas93
3456,16754974,BurntPotato,"2026-09-09 00:06:54",1185.2,2,burntpotato
3457,16842044,StackOverflowed512,"2026-09-07 17:53:32",1185.2,2,stackoverflowed512
3458,16639570,"Vishesh Banna","2026-09-08 13:07:51",1185.2,2,visheshbanna
3459,16728109,"Sidharth Hulyalkar","2026-09-11 06:16:26",1185.0,2,sidharthhulyalkar21
3460,16668748,"Harrison Interactive","2026-09-24 12:07:26",1184.9,2,nosiru
3461,16805940,Foxure,"2026-09-12 01:51:33",1184.8,2,foxure
3462,16845193,Kaan111,"2026-09-17 15:37:21",1184.4,2,kaan111
3463,16854416,"Artemiy Shirokov","2026-09-08 12:53:33",1183.8,1,tema7707
3464,16795704,haodada001,"2026-09-10 01:49:03",1183.7,2,haodada001
3465,16733111,qihuaz,"2026-09-13 06:35:14",1183.3,2,qihuaz
3466,16707561,"Nick Rom111","2026-09-26 10:03:54",1183.2,2,nickrom111
3467,16840819,clammpon,"2026-09-25 12:45:09",1183.0,2,clammpon
3468,16668647,"THIRUPATHI KANNAN K","2026-09-07 14:59:51",1182.3,2,thirupathikannank
3469,16815985,leemc95,"2026-09-08 21:31:33",1182.2,2,leemc95
3470,16841097,"Arsonist Duck","2026-09-17 20:21:55",1182.0,2,herbertthebird
3471,16771080,"Ricky Shao","2026-09-07 17:16:14",1181.9,2,rickyshao
3472,16656776,ShaoCharles,"2026-09-09 14:16:17",1181.3,2,shaocharles
3473,16786158,"Yi-Chia Chen","2026-09-22 06:48:34",1181.2,2,threerabbits
3474,16854616,"Dd National","2026-09-12 13:29:04",1180.4,2,ddnational
3475,16710546,"Russlan Ramdowar","2026-09-09 05:03:58",1179.9,2,russlan
3476,16923006,"Nguyen Cat Luong","2026-09-19 21:12:51",1179.4,2,nguyencatluong
3477,16791712,"xiang W","2026-09-08 14:24:56",1179.3,2,"dekonsu,xiangwaaaaa"
3478,16765488,chenyinheng30,"2026-09-24 04:38:39",1178.3,2,chenyinheng30
3479,16848095,"Risha Apps","2026-09-08 15:41:31",1177.8,2,rishaapps
3480,16854744,"Rostislav Epifanov","2026-09-10 12:14:58",1177.6,2,rostepifanov
3481,16845083,"Restu Anggoro Kasih","2026-09-07 12:44:58",1177.4,1,restuanggorokasih
3482,16657341,raccoonForest,"2026-09-08 06:45:18",1176.4,2,gkanamoto
3483,16866086,"Table Feng","2026-09-15 15:22:21",1176.3,2,tablefeng
3484,16705499,byncpy,"2026-09-26 20:22:41",1176.0,2,jinliangbi
3485,16655501,Savko,"2026-09-21 06:02:04",1174.7,2,savchenko
3486,16671425,"Gajenddra Raj","2026-09-11 01:18:29",1174.4,2,gajenddra
3487,16779942,"YueKai Yu","2026-09-07 01:12:38",1173.9,2,yuekaiyu
3488,16634156,"Hiroyasu Okuno","2026-09-27 03:38:36",1173.0,2,hiroyasuokuno
3489,16715358,wuy1hao,"2026-09-07 10:23:01",1173.0,2,wuy1hao
3490,16741997,hikarinosenshi,"2026-09-08 00:50:58",1172.7,2,hikarinosensh1
3491,16664619,"Trupen Patel","2026-09-08 15:52:17",1172.2,2,trupenpatel
3492,16786139,Trezerg,"2026-09-09 03:22:46",1172.1,2,progtrollwarrior16
3493,16726431,Manav,"2026-09-07 14:42:18",1172.0,2,manavsangwan
3494,16849295,"Israa Saede","2026-09-07 17:30:03",1171.9,1,esraaalsaeede
3495,16665294,"Thái Văn Tài","2026-09-23 08:01:51",1171.7,2,thivnti
3496,16637241,M4nd4l0r14n,"2026-09-07 21:50:19",1171.2,2,thiagobcunha
3497,16725851,hetspookjee,"2026-09-07 21:54:39",1170.6,2,hetspookjee
3498,16799362,"James Weatherhead","2026-09-06 21:45:45",1169.5,2,jamesweatherhead
3499,16823782,yuyutech(Genuine),"2026-09-08 04:32:19",1169.4,2,yuyutechgenuine
3500,16736404,¡olé!,"2026-09-08 04:30:34",1168.6,2,hjx1024
3501,16672549,"ReinFARMent Learning?","2026-09-11 03:38:53",1168.5,2,arksey
3502,16777406,"Toheeb Ogunade","2026-09-08 22:46:05",1168.5,2,toheebogunade
3503,16662846,"Kerem Ercin","2026-09-27 03:57:04",1168.4,2,keremercin
3504,16802719,uta_ccc,"2026-09-06 07:15:44",1167.8,2,utaccc
3505,16732352,ORiginators,"2026-09-09 10:47:23",1167.2,2,"sachinpandey721,sunritpal"
3506,16840338,"Shoma Arakawa","2026-09-12 08:55:21",1167.0,2,shomaarakawa
3507,16759913,"Peter Cnudde","2026-09-07 20:08:25",1166.7,2,petercnudde
3508,16658700,"szlachetny snieg","2026-09-27 03:19:00",1166.4,2,takayukiimoto
3509,16665352,"Paul Nassiri","2026-09-22 12:01:10",1166.1,2,laszlolevray
3510,16661034,"Devesh Mehta","2026-09-23 14:54:58",1165.4,2,deveshmehtaaie
3511,16679810,"Patrick Joël MAIRLOT-MBEZELE","2026-09-10 17:54:50",1165.0,2,pigenesis75
3512,16898040,王ruizhe,"2026-09-19 07:56:03",1164.6,2,ruizhe28
3513,16660444,"Сергей Мизин","2026-09-24 16:29:09",1164.1,2,seeergo
3514,16631400,JZ,"2026-09-20 23:44:22",1163.9,2,zhoujiachen
3515,16918095,Free-joint,"2026-09-25 07:40:00",1163.8,2,"huangzehua,percivallin"
3516,16708880,yotsutose,"2026-09-10 10:18:49",1163.4,2,yotsutose
3517,16842187,"rongkai bao","2026-09-06 05:34:57",1161.9,2,rongkaibao
3518,16792927,EnricRovira,"2026-09-23 22:27:44",1161.3,2,enric1296
3519,16639800,"Yong Ming-Jia","2026-09-15 06:14:00",1161.3,2,ymingj
3520,16822109,Meticulousss,"2026-09-10 16:32:31",1159.7,2,meticulousss
3521,16661970,"BOB'S ROOM","2026-09-09 12:30:24",1159.7,2,"bobpop123447,datasutudent"
3522,16896006,jrw208,"2026-09-22 21:27:28",1159.5,2,jrw208
3523,16810472,YuanKing77,"2026-09-06 03:11:18",1159.3,2,yuanking77
3524,16724993,Bonkoturyu,"2026-09-10 07:59:12",1159.1,2,bonkoturyu
3525,16839343,"SAURABH VISHWAKARMA","2026-09-15 17:13:31",1158.9,2,surabhv21
3526,16803592,"Bishal Lamichhane","2026-09-16 13:33:25",1158.8,2,bishallamichhane44
3527,16730247,DOM-VASCONCELOS,"2026-09-23 09:45:05",1158.7,2,domcreator
3528,16655109,"Tia He","2026-09-10 00:54:40",1158.7,2,altheahe
3529,16849883,"Rifa Tamanna","2026-09-07 22:07:04",1158.1,2,rifatamanna1109
3530,16726559,william,"2026-09-05 02:03:48",1157.8,2,hiricodev
3531,16838588,"Nadeem Ishikawa","2026-09-08 23:04:10",1157.5,2,nadeemishikawa
3532,16719090,CHSTO,"2026-09-12 21:35:49",1157.5,2,haotianqi
3533,16764476,daviddnd,"2026-09-15 07:40:48",1157.4,2,daviddnd
3534,16667998,Speril,"2026-09-11 03:51:03",1157.2,2,speril
3535,16623646,"Minal kharat123","2026-09-27 01:42:23",1156.9,2,minalkharat123
3536,16623806,黒田彩人,"2026-09-07 21:37:20",1156.8,2,ayato0705
3537,16656810,IskanderAkhmetov,"2026-09-26 18:32:08",1156.7,2,iskander2017
3538,16686444,"Syakirin Pahimi","2026-09-06 16:21:15",1156.4,2,syakirinpahimi
3539,16686424,"Thần Thoại","2026-09-08 16:58:05",1155.7,2,thanthoai
3540,16717756,Dominick,"2026-09-26 12:41:04",1155.7,2,kcinimod
3541,16666393,saikyo,"2026-09-07 02:04:55",1155.2,2,kyosaikyo
3542,16687716,"Joshua Fernando","2026-09-16 12:51:45",1154.9,2,joshuafernandoj
3543,16824564,"piu ATI","2026-09-06 10:02:27",1154.7,2,piuati
3544,16743484,"薄和叶 Lv.INF","2026-09-03 14:24:47",1154.4,2,lumine01
3545,16736542,YuRuiZe,"2026-09-06 10:16:45",1154.1,2,ruoyuruize
3546,16717253,Sybery_AI,"2026-09-13 19:51:41",1153.9,2,syberyai
3547,16832556,"Harshit Raj #2","2026-09-10 16:45:16",1153.5,2,harshitraj2123221
3548,16830000,"Danilo Lapegna","2026-09-21 06:52:23",1153.2,2,danilolapegna
3549,16728229,twomoon,"2026-09-08 05:22:46",1152.5,2,twomoon036
3550,16683952,"Maksimov Evgeniy","2026-09-04 01:23:59",1152.4,2,maxevg
3551,16659711,williams,"2026-09-06 23:23:25",1152.4,2,williams
3552,16667922,JungHwan,"2026-09-06 00:05:59",1151.3,2,najunghwan
3553,16893007,thegoatman7,"2026-09-18 04:04:52",1151.1,2,thegoatman7
3554,16700501,Konno,"2026-09-08 02:40:46",1151.0,2,nearfield1234
3555,16768043,"Cropy and Paste","2026-09-13 17:56:08",1150.8,2,tfriedel
3556,16802630,takotakosan,"2026-09-09 03:10:10",1150.8,2,takotakosan
3557,16793478,noisyislands,"2026-09-26 12:58:25",1150.7,2,noisyislands
3558,16689366,"Cuong Le","2026-09-06 15:24:57",1150.6,2,ad1999
3559,16844769,phi,"2026-09-09 18:19:54",1150.5,2,fahisplr
3560,16870585,ba,"2026-09-11 08:25:46",1150.4,2,yusukebaba
3561,16726889,stnick,"2026-09-05 19:13:36",1150.3,2,stnick
3562,16748527,Tsubasa_00,"2026-09-10 00:22:27",1150.2,2,tsubasa00
3563,16845510,bugkeeper,"2026-09-08 06:24:57",1150.0,2,bugkeeper
3564,16697205,"Gould Research","2026-09-08 17:19:28",1149.4,2,"georgeking1,gouldh,gradybos,shanemullahy"
3565,16784829,"Masahiro Yamagata","2026-09-26 15:05:37",1149.2,2,masahiroyamagata
3566,16893831,"Sasan Nazari","2026-09-16 00:07:26",1148.5,2,sasannazari
3567,16840452,pan6628,"2026-09-10 04:38:21",1148.3,2,pan6628
3568,16765207,Cathy,"2026-09-10 01:48:38",1148.0,2,cathyyou
3569,16740464,"Jorrawar Grewal","2026-09-08 00:43:17",1147.9,2,jorrawargrewal
3570,16783517,"dongdong zhang","2026-09-07 03:22:34",1147.9,2,mcdongdongzhang
3571,16639369,"Kyuhwan Cho","2026-09-18 23:24:42",1147.9,2,octoarden
3572,16731822,Senn88,"2026-09-08 13:54:19",1147.6,2,senn88
3573,16843173,"Hansen Zhong","2026-09-06 15:51:46",1146.8,2,onegameonedream
3574,16625050,"how to place pokemon","2026-09-25 22:58:31",1146.8,2,ktverdov
3575,16675897,"KANG ZHIPENG","2026-09-16 01:26:34",1145.8,2,kangzhipeng
3576,16810490,katlun,"2026-09-26 21:18:02",1144.2,2,"hoyin1212,katlun"
3577,16797036,tksfjn,"2026-09-12 04:06:53",1143.9,2,tks3210
3578,16704613,alexbstl,"2026-09-14 01:43:31",1142.5,2,alexbstl
3579,16707562,Snipine,"2026-09-08 01:17:09",1142.5,2,boluosnow
3580,16937692,"Sergio D","2026-09-25 20:58:22",1142.2,2,ser8147
3581,16660477,SeaGoat,"2026-09-27 00:50:15",1142.0,2,vbandaru
3582,16841542,Smmyth,"2026-09-06 22:18:52",1142.0,2,smmyth
3583,16677107,gagacrow,"2026-09-07 16:11:58",1141.9,2,gagacrow
3584,16730484,Esperanza,"2026-09-10 00:42:17",1141.5,2,deanpixton
3585,16715383,"Leo Lilley","2026-09-09 03:36:39",1141.5,2,leolilley
3586,16745949,"Miaohua Zhang","2026-09-26 06:55:00",1141.4,2,miaohuazhang
3587,16654068,"Renoir Vieira","2026-09-05 17:42:47",1141.0,2,renoirvieira0
3588,16774700,たたたた,"2026-09-27 03:55:16",1140.5,2,tatatata1111
3589,16842273,2424,"2026-09-08 14:29:16",1140.4,2,takutonishi
3590,16755328,"yang zhang","2026-09-27 06:02:53",1140.3,2,zhang1221ai
3591,16918646,MsMarch.7,"2026-09-18 09:12:24",1140.0,2,msmarch7
3592,16690820,"Alan C52","2026-09-26 16:00:32",1139.5,2,alanc52
3593,16792123,coder2403,"2026-09-12 17:08:38",1138.9,1,coder2403
3594,16843986,"Young Jim","2026-09-07 00:05:04",1138.7,2,youngjim
3595,16838807,"tony boakye","2026-09-08 11:41:30",1138.1,2,tonyboakye
3596,16725081,ZhouYongqi,"2026-09-06 14:55:06",1138.0,2,xy0v0zhang
3597,16669666,RhoenSprudel,"2026-09-11 19:08:43",1137.9,2,rhoensprudel
3598,16661768,"Lợi Trần Bảo","2026-09-13 19:43:53",1137.4,2,litrnbo
3599,16654266,古德拜吃,"2026-09-26 02:11:29",1137.2,2,nosaewang
3600,16679694,"Yaro Perventsev","2026-09-26 21:53:07",1137.1,2,yaroslavperventsev
3601,16845426,"Erlik Khan","2026-09-13 23:03:03",1136.6,2,erlikkhan
3602,16805509,"Adel Zebiche","2026-09-06 17:28:28",1136.5,2,adelzebiche
3603,16764342,malone001,"2026-09-11 08:18:49",1136.3,2,malone001
3604,16845063,"Gaston Zarate","2026-09-22 05:36:22",1136.1,2,gastonz195
3605,16838898,"Minh Trịnh","2026-09-06 13:38:05",1135.6,2,minhtrinh2002
3606,16806809,air,"2026-09-06 09:54:14",1135.1,2,air041001
3607,16654463,Mark,"2026-09-04 19:38:01",1134.6,2,robotmf
3608,16730375,Floth,"2026-09-07 15:14:58",1134.4,2,suwat513
3609,16801995,"XD tsui","2026-09-03 20:41:03",1133.8,2,xdtsui
3610,16853941,"Baha Enes Ören","2026-09-08 14:52:10",1133.2,2,bahaenesren
3611,16781110,yqz,"2026-09-04 17:57:19",1133.0,2,yuqizheng
3612,16795131,XuanxuChem,"2026-09-11 13:18:00",1132.8,2,zhaonoah
3613,16791369,dataix,"2026-09-26 23:15:37",1132.4,2,codymachody
3614,16838953,HHHyyds,"2026-09-05 12:31:34",1131.5,2,hhhyyds
3615,16732433,syuuuuu,"2026-09-06 12:53:05",1131.5,2,syuuuuukun
3616,16797251,"Nguyễn Mạnh Niên","2026-09-06 11:29:31",1131.3,2,jacobrichard312
3617,16697923,"Vincent Debout","2026-09-12 22:24:00",1131.0,2,vdebout
3618,16664293,"Adam Lloyd","2026-09-05 07:12:04",1130.7,2,alloyd256
3619,16657646,mountainbob,"2026-09-21 14:12:49",1130.6,2,shongpakmanoon
3620,16842817,darcy132,"2026-09-06 13:16:34",1129.3,2,darcy132
3621,16783328,AggriTrader,"2026-09-15 13:56:09",1128.5,2,leoluo
3622,16734894,"MP Gamimg","2026-09-25 10:09:15",1128.4,2,okadahiroshi
3623,16839429,"Igor Aranovsky","2026-09-08 08:55:51",1128.3,2,igoraranovsky
3624,16688281,"Luke Stafford","2026-09-22 15:43:55",1127.5,2,luketstafford
3625,16803141,"Verdant Meridian","2026-09-08 14:13:17",1126.9,2,xinweizhang003
3626,16862895,"Quinn Brighton","2026-09-12 00:01:22",1126.3,2,quinnbrighton
3627,16727536,lelelove1225,"2026-09-06 12:58:48",1126.3,2,lelelove1225
3628,16824014,"Kotaro Kikuchi","2026-09-07 10:57:06",1125.7,2,kotaro1129
3629,16777894,"Matthew Neba","2026-09-06 21:37:08",1125.0,2,matthewneba
3630,16721688,"Hi Im Ryo","2026-09-04 15:05:22",1124.8,2,loto610
3631,16917732,qianqiuwushang,"2026-09-26 16:58:56",1124.2,2,qianqiuwushang
3632,16663681,Kometa,"2026-09-20 06:03:24",1123.6,2,petarknezevic1
3633,16885684,LiYiTingTom,"2026-09-21 15:53:41",1123.1,2,liyitingtom
3634,16804549,Feidudu,"2026-09-04 15:51:54",1123.0,2,zenanshao
3635,16750726,prince22466,"2026-09-26 06:40:24",1122.0,2,prince22466
3636,16738820,"Ying Li","2026-09-14 15:06:54",1121.6,2,lyee919
3637,16758839,"Yusuf Murtaza","2026-09-06 10:23:21",1119.9,2,yusufmurtaza01
3638,16667964,Shuiys,"2026-09-05 18:41:46",1119.1,2,ysshui
3639,16658287,ArturoSirvent,"2026-09-12 05:20:34",1118.2,2,arturosirvent
3640,16848220,ggmljs,"2026-09-10 05:10:42",1117.6,2,ggmljs
3641,16810859,"Michael Silverblatt","2026-09-06 12:39:49",1117.4,2,msilverblatt
3642,16796600,skyShenzi5822,"2026-09-08 08:06:25",1116.6,2,skyshenzi
3643,16820988,人畜无害,"2026-09-24 09:01:58",1116.3,2,slowmo19
3644,16725793,Krilin,"2026-09-03 18:41:48",1116.0,2,krilin
3645,16797393,lingmingzi,"2026-09-05 04:36:26",1115.7,2,lingmingzi
3646,16779007,"Teoh jia sheng","2026-09-26 12:28:41",1115.6,2,"nathanael19,teohjiasheng"
3647,16838520,"Niu Yuanfang","2026-09-07 07:50:24",1115.1,2,niuyuanfang
3648,16869870,"Electric Weasle","2026-09-13 15:27:16",1114.6,2,electricweasle
3649,16640878,"Krishna Yadu","2026-09-06 08:18:51",1114.6,1,krishnayadav456wrsty
3650,16811433,"Bx LLLLLLLL","2026-09-05 21:54:10",1114.6,2,bxllllllll
3651,16808352,Rheinmetall,"2026-09-25 16:34:55",1114.4,2,rheinmetall
3652,16702430,"ZeLong Leo","2026-09-24 02:45:37",1114.3,2,zelongleo
3653,16841276,EmmaL09,"2026-09-09 22:09:29",1113.9,2,emmal09
3654,16814637,random_numb,"2026-09-24 06:23:11",1113.6,2,randomnumb
3655,16778388,"straw hats","2026-09-20 14:26:24",1113.5,2,rushikeshgaonkar
3656,16707639,Fujinawa,"2026-09-15 12:14:48",1113.3,2,wasshoiwasshoi
3657,16632231,"Samrish B","2026-09-05 18:17:55",1113.3,2,samrishb
3658,16697877,"Sky kun","2026-09-13 22:36:13",1113.1,2,skykun
3659,16641099,sieru-copan,"2026-09-25 12:03:44",1111.7,2,sierucopan
3660,16797063,Nianhua1,"2026-09-05 03:35:11",1111.6,2,nianhua1
3661,16634336,"Arko Bera","2026-09-08 19:08:41",1111.2,2,cartoonistbeard
3662,16811890,Bobbbbbbbbx,"2026-09-03 15:25:01",1111.0,2,bobbbbbbbbx
3663,16717186,"Roumak Das","2026-09-04 03:41:55",1110.5,2,roumak77
3664,16695931,"Kers Aoyagi","2026-09-05 19:24:41",1110.4,2,kersaoyagi
3665,16669715,housssaamos,"2026-09-06 19:42:41",1110.3,2,housssaamos
3666,16851959,Darren0724,"2026-09-11 12:15:26",1109.7,2,darren0724
3667,16796840,ezalbxx,"2026-09-10 04:09:31",1109.6,2,ezalbxx
3668,16860587,"Mayo Mafia","2026-09-14 12:41:03",1108.9,2,vasujain12344
3669,16822414,Yassinovich,"2026-09-06 12:50:02",1108.5,2,yassinovich
3670,16857923,Haruki.O,"2026-09-12 08:23:32",1108.2,2,ho0707
3671,16721805,kavunidze,"2026-09-03 11:04:48",1108.0,2,kartu72
3672,16808433,thenokol,"2026-09-07 12:26:33",1107.6,2,thenokol
3673,16707702,"anton leyn","2026-09-08 16:30:11",1107.4,2,antonleyn
3674,16810060,galileo680,"2026-09-05 23:45:08",1107.1,2,keter333
3675,16799554,dengddd,"2026-09-03 15:30:23",1106.9,2,dengdgq
3676,16771397,its_mrz,"2026-09-07 17:48:52",1106.2,2,itsmrz
3677,16763274,vinceybb,"2026-09-27 06:08:22",1106.1,2,vinceybb
3678,16719578,blueblue222,"2026-09-11 04:36:53",1106.0,2,blueblue222
3679,16657637,"Ronnie Atuhaire","2026-09-26 06:27:08",1105.7,2,ronnieatuhaire
3680,16927297,galaxy2025,"2026-09-20 01:15:33",1105.2,1,galaxy2025
3681,16644255,Rister,"2026-09-04 00:05:35",1104.6,2,"rister101,stharundhatri"
3682,16839548,"Александр Прохоров","2026-09-08 12:30:54",1104.3,2,obbwd12
3683,16861544,"Hiroyuki Fujimaki","2026-09-27 01:07:33",1104.2,2,hiroyukifujimaki
3684,16750364,Tangruichen,"2026-09-23 19:19:29",1103.9,2,device666kunkun
3685,16658898,"SRI shiva","2026-09-26 13:57:49",1103.4,2,srishiva
3686,16745351,ChrisXie,"2026-09-08 02:14:19",1103.1,2,chrisstan
3687,16662204,SM_30,"2026-09-05 15:45:06",1103.1,2,sagarmane104
3688,16725195,易研学社,"2026-09-06 07:27:43",1103.1,2,"chency17,fengwann,mingyingxin,sjojasdq,tbtbbb"
3689,16839209,yuuuu.T,"2026-09-06 02:01:37",1102.7,2,yuuuut
3690,16734813,"Johan BONILLA MENDIETA","2026-09-05 15:23:38",1102.6,2,johanbonillamendieta
3691,16674720,"Prathmesh Lagdive","2026-09-27 05:52:10",1102.2,2,"aglavevaibhav,prathmeshlagdive,shriyashkurud"
3692,16779321,HarryP12,"2026-09-11 16:45:35",1102.1,2,harryp12
3693,16810802,"Musa Khan","2026-09-03 16:40:12",1099.7,1,lazer999
3694,16773069,Grant,"2026-09-05 10:49:32",1099.2,2,leolin05
3695,16695685,"kwon yong deuk","2026-09-27 06:03:02",1098.9,2,kwonyongdeuk
3696,16806535,"zhangzhuang li","2026-09-03 18:31:12",1098.6,2,zhangzhuangli
3697,16730834,TomoyaM,"2026-09-10 00:00:39",1098.2,2,tomoyamiyaake
3698,16654791,"Dev Rath","2026-09-10 16:32:18",1097.8,2,devbratrath
3699,16635065,T88,"2026-09-07 09:02:57",1097.4,2,t88take
3700,16626462,mango,"2026-09-04 01:11:13",1096.9,2,mango789
3701,16806587,"Dear Shark","2026-09-17 07:12:32",1096.9,2,dearshark
3702,16786255,OceFFFF,"2026-09-26 06:46:42",1096.8,2,oceanfujimoto
3703,16790359,"laoma fighting","2026-09-07 05:30:45",1096.7,2,laomafighting
3704,16738810,mararaa,"2026-09-04 10:21:18",1096.6,2,mararaa
3705,16741683,"Lance Wu","2026-09-05 02:17:10",1096.6,2,lancewu722
3706,16623630,noobanot,"2026-09-03 12:05:20",1096.5,2,noobanot
3707,16765763,latter0206,"2026-09-06 07:00:54",1096.5,2,shoheiyamanaka
3708,16816445,"Danila Lebedev","2026-09-08 13:54:33",1095.8,2,danilalebedev
3709,16824069,"Phương Nguyễn Việt","2026-09-04 03:52:08",1095.5,1,phngnguynvit
3710,16727147,"Alan Smith","2026-09-09 11:26:14",1095.2,2,acorncupcake
3711,16695229,X1a0Ch3n,"2026-09-04 16:14:07",1095.2,2,xiaochen20236673
3712,16657228,"Vladimir Babin","2026-09-21 06:07:32",1095.1,2,vovababin
3713,16780141,"One Zero001","2026-09-03 08:43:16",1094.9,2,onezero001
3714,16773039,zyiqun,"2026-09-04 06:12:36",1094.6,2,zyiqun
3715,16721237,phoenixai0,"2026-09-08 14:15:57",1094.2,2,phoenixultra
3716,16836457,Andrew9603,"2026-09-06 12:28:37",1094.0,2,benxvyan
3717,16802039,"Anna Currie","2026-09-04 10:24:33",1093.5,2,hcnfgxsghvbkhbty
3718,16845366,cdaden,"2026-09-08 06:00:19",1093.3,2,cdaden
3719,16683199,"Filippo Gombac","2026-09-02 17:16:47",1093.2,2,filippogombac
3720,16753646,"[Deleted] 7d100524-25e6-4751-98db-b4fdce26a5ee","2026-09-02 14:22:45",1093.0,2,del=effabded1aa6d176
3721,16657904,xfhdh1,"2026-09-06 09:51:45",1092.9,2,xfhdh1
3722,16838821,小等等,"2026-09-16 07:41:23",1092.9,2,atwelve
3723,16672040,"Tom Yim","2026-09-07 04:31:34",1092.0,2,tomyim
3724,16824101,"Bala Murugan AIML","2026-09-04 02:20:12",1091.8,1,balamuruganaiml
3725,16623480,xmaster6y,"2026-09-08 18:26:54",1091.4,2,xmaster6y
3726,16632214,roomer,"2026-09-05 03:55:23",1091.3,2,"matsuphy,mqme526,yasunamiura"
3727,16825772,liujieyou,"2026-09-14 12:01:35",1090.8,2,liujieyou
3728,16743788,"Emmanuel Lo","2026-09-04 13:07:50",1089.8,2,emmanuello
3729,16851712,VelloNChiru,"2026-09-25 02:30:27",1089.8,2,janelawrence
3730,16838305,"Zhiyan Chen","2026-09-05 09:20:32",1089.6,2,zenosga
3731,16716475,"dong & shen","2026-09-03 04:47:45",1089.4,2,"dongcookies,muyouqian4"
3732,16657825,MilanJoshi,"2026-09-01 12:04:31",1089.4,2,mlnjsh
3733,16659776,"Ben Hamilton","2026-09-08 23:36:18",1089.3,2,kineticaxisstudio
3734,16805882,nmdcddwzml,"2026-09-10 11:46:04",1089.2,2,mujian63
3735,16626979,"An - Claudex","2026-09-24 10:28:30",1089.1,2,myotterspace
3736,16768323,thuvuduy16,"2026-08-31 18:59:54",1088.1,2,thuvuduy16
3737,16790542,shiba-inu,"2026-09-21 14:06:32",1087.7,2,npinpi
3738,16775506,"lin qiy","2026-09-05 13:32:19",1087.5,2,linqiy
3739,16652750,"Bahadir Selim Bakla ","2026-09-24 23:38:57",1087.5,2,bahadirselimbakla
3740,16730049,"r2d2 Dasari","2026-09-20 20:15:24",1087.0,2,r2d2dasari
3741,16639583,typeIIIfairy,"2026-09-27 04:47:36",1086.9,2,typeiiifairy
3742,16736050,SuperZero11,"2026-09-10 07:44:19",1086.6,2,anandaverma
3743,16686827,Kronki,"2026-09-05 12:24:58",1086.5,2,kronki
3744,16654995,"Artem Voronov","2026-09-14 11:14:51",1086.4,2,artemyvoronov
3745,16854250,"Jenil Emp","2026-09-21 13:06:46",1086.2,2,jenilemp
3746,16659430,"John Keith Weber","2026-09-06 16:32:54",1085.9,2,johnkeithweber
3747,16858618,NaokaK,"2026-09-09 06:58:14",1085.2,1,naokak
3748,16639520,"Cary Jin","2026-09-05 22:54:44",1085.2,2,strigiformes
3749,16773607,sky1,"2026-09-04 13:54:00",1085.1,2,skyk1jn
3750,16633850,Pascal,"2026-09-05 04:01:56",1085.0,2,pascalledesma
3751,16702429,iamlonely,"2026-09-08 16:27:53",1084.9,2,iamlonely
3752,16662810,HarshitSama,"2026-09-19 10:23:32",1084.9,2,harshitsama
3753,16639746,"Kyle Wang","2026-09-04 15:12:00",1084.7,2,ky1ewan9
3754,16821420,Sight,"2026-09-26 18:59:38",1084.5,2,"cai12341234,crimsurfer,jingwenxu85,sakurasss,yuankunzou3"
3755,16713540,Anruan,"2026-09-05 16:45:53",1084.4,2,xiaowanshen
3756,16750273,"Nil Lic","2026-09-14 16:44:57",1084.3,2,nillic
3757,16623856,aowhite,"2026-09-03 06:12:31",1084.1,2,brandnewyork
3758,16675739,"Jithendra Maddala","2026-09-12 05:12:26",1084.0,2,jithendramaddala
3759,16666296,A.P.R.I.L,"2026-09-12 16:42:30",1082.7,2,puneeth333
3760,16808178,qianyuatkaggle,"2026-09-08 00:37:32",1082.6,2,qianyuatkaggle
3761,16664518,senxichong,"2026-09-18 08:01:00",1081.8,2,senxichong
3762,16717113,"Dovydas Ruokis","2026-09-11 19:58:21",1081.4,2,dovydasruokis
3763,16899030,CardPilotLab,"2026-09-17 00:32:05",1081.3,2,EldieEnfiel
3764,16682932,"Iulian Curte","2026-09-13 10:07:59",1081.1,2,iuliancurte
3765,16756902,"Matt Palmer","2026-09-06 04:17:51",1080.6,2,palmsey
3766,16809249,Moro,"2026-09-06 02:48:13",1078.7,2,moromoromoro
3767,16658409,AlexMasip,"2026-09-03 15:37:32",1078.5,2,alexmasip
3768,16639771,"DK Armada","2026-09-06 06:33:12",1077.8,2,dkarmada
3769,16818589,"Rachmat S. Haryadi","2026-09-10 16:48:09",1077.4,2,rachmatsharyadi
3770,16828244,AGSaturn,"2026-09-06 19:42:52",1077.3,2,polyuhst
3771,16820116,cotora2121,"2026-09-05 17:42:49",1077.2,2,cotora2121
3772,16794740,"Alexander R Luz","2026-09-11 16:15:45",1077.1,2,alexanderrluz
3773,16791752,bayachay,"2026-09-13 02:26:18",1076.8,2,bayachay
3774,16673250,Prashant,"2026-09-04 16:46:37",1076.8,2,"kajalsinghrajpoot,prashantxo"
3775,16734290,CodeAMANSA,"2026-09-09 14:52:52",1076.6,2,bcollazo
3776,16682283,"RL is all you need","2026-09-08 13:59:11",1075.8,2,"bpmf577,junzhejiao,jwj1342,liaodid,mrschang"
3777,16771605,Psyrax,"2026-09-17 16:00:11",1075.3,2,psyrax012
3778,16848645,"Chee Keong Sim","2026-09-10 14:59:11",1075.1,2,cheekeongsim
3779,16743191,"Ryoya Kochiyma","2026-09-05 13:28:19",1074.8,2,"kazutotakekuma,ryoyakochiyma"
3780,16662568,RaghavMundhra1,"2026-09-23 22:44:35",1074.6,2,raghavmundhra1
3781,16706442,tipstar0125,"2026-09-05 11:50:46",1074.3,2,dragonty
3782,16774727,"Dannya AbdulHadi","2026-09-04 11:48:50",1074.3,2,dannyaabdulhadi
3783,16634239,"Radhakrishnan Guhan","2026-09-05 19:54:20",1074.1,2,rmsgrk
3784,16728103,Immutable,"2026-09-06 21:33:16",1074.0,1,dishcleaner
3785,16722995,July,"2026-09-10 10:42:05",1073.6,2,julyzseven
3786,16749205,"Wish Coding Guy","2026-09-02 10:33:15",1073.2,2,tommycyd
3787,16811637,mohui666,"2026-09-03 09:21:41",1071.6,2,mohui666
3788,16783521,xiannaix,"2026-09-04 09:28:00",1071.2,2,xiannaix
3789,16747577,"Nolan BONHOMME","2026-09-03 13:22:05",1070.9,2,nolanbonhomme
3790,16657395,"Uchechukwu Ajuzieogu","2026-09-03 14:10:11",1070.3,2,uchechukwuajuzieogu
3791,16734199,Iliamna,"2026-09-06 20:44:33",1070.2,2,decotoj
3792,16693382,Sandrone,"2026-09-07 15:57:25",1069.4,2,luvgoelo
3793,16841667,Zwxiang123,"2026-09-06 01:27:21",1069.3,1,zwxiang123
3794,16655381,"Varshith K","2026-09-10 22:42:07",1069.3,2,var3604
3795,16680172,TTANE,"2026-09-27 06:06:01",1069.0,2,otmaneelmahdaouy
3796,16677252,カワシギ,"2026-09-27 02:30:34",1069.0,2,kawashigi
3797,16735253,银龙,"2026-09-07 07:00:02",1069.0,2,boyanyanbo
3798,16657594,"Wojciech Krasowski","2026-09-02 20:37:04",1069.0,2,ci3l4k
3799,16667731,"Agent 33","2026-09-24 19:53:19",1068.5,2,agent33
3800,16798174,"Jan Bartos","2026-09-07 22:28:55",1068.5,2,janbartos
3801,16795982,Vordax,"2026-09-03 18:17:12",1068.1,2,vordax
3802,16785924,Abhinav_26104,"2026-08-31 15:17:41",1067.4,2,abhinav26104
3803,16794696,"Paul Bryan Elefante","2026-09-08 00:39:10",1067.3,2,heuljax
3804,16675351,-Beterraba,"2026-09-05 18:45:27",1067.2,2,"afonsoo,miguelottoni"
3805,16782954,"Team Dajiang","2026-09-19 13:02:19",1067.2,2,"jihuaye,toolazyhhh123"
3806,16659210,HASHP100D,"2026-09-05 11:23:41",1066.8,2,hashp100d
3807,16822745,Jetpack,"2026-09-18 17:14:08",1066.4,2,"m1ngch1,victorye04"
3808,16935054,"jae young ji","2026-09-27 02:18:49",1066.4,2,sayul0102
3809,16665311,"huayang sun","2026-09-05 06:20:01",1066.3,2,okami001
3810,16719083,"Justin Mai 16","2026-09-07 22:30:10",1066.0,2,justinmai16
3811,16695521,"Chen Ken","2026-09-19 11:39:00",1066.0,2,nutastray
3812,16678462,"Eric Han Wang","2026-09-22 22:39:00",1064.3,2,ericwang03
3813,16665700,张广麒,"2026-08-31 08:41:33",1064.2,2,zzggqq
3814,16694186,souju00,"2026-09-14 10:52:51",1064.0,2,souju00
3815,16714365,meryol,"2026-09-25 21:58:42",1064.0,2,meryol
3816,16742470,AK,"2026-09-06 07:57:50",1063.8,2,aman1391
3817,16651792,LX,"2026-09-02 10:29:49",1063.7,2,sunnylx
3818,16803930,"Farrukh Ismoilov","2026-09-02 11:30:29",1063.3,2,fismoilo
3819,16695556,"Prajwal Dongre","2026-09-20 05:45:05",1062.3,2,prajwaldongre
3820,16727544,"Mostafa H","2026-09-01 10:03:53",1061.9,2,mostafahaghiri68
3821,16686513,Vipul_Kumar75476,"2026-09-22 00:05:05",1060.9,2,vipulkumar75476
3822,16716613,Arvin,"2026-09-08 01:18:15",1060.9,2,chesterx
3823,16806394,Flowers,"2026-09-02 04:03:16",1060.5,1,"guyueyuan,oliver34,wu12138test"
3824,16730707,"James Michael","2026-09-04 14:12:29",1059.7,2,ingenio
3825,16771457,"HK Fama","2026-09-05 17:51:47",1059.2,2,kenho211
3826,16756630,Shreyas,"2026-08-30 09:58:08",1059.2,2,shreyasdongre25
3827,16747036,Illusion,"2026-09-04 13:34:36",1059.0,2,briankimtaikab
3828,16682195,celefefwefwe1,"2026-09-02 16:48:52",1058.9,2,celefefwefwe1
3829,16737937,xamad,"2026-09-01 13:19:27",1058.9,2,giannicerrato
3830,16761641,Diavolo,"2026-09-05 09:31:08",1058.6,2,jeanmarcbah
3831,16843970,dharana77,"2026-09-24 08:27:42",1058.3,2,ylee4574
3832,16655311,"Plant City Planter","2026-09-02 19:03:12",1058.1,2,michaellombard
3833,16790658,lxymmd,"2026-09-10 07:59:16",1058.0,2,lxymmd
3834,16892727,Pi,"2026-09-26 14:24:12",1057.9,2,liemdt
3835,16757418,Janus,"2026-09-20 02:21:48",1056.5,2,khaled1alhasan
3836,16667724,"Masashi Onda","2026-09-02 12:43:58",1056.1,2,masashionda
3837,16654490,"Furious Monk","2026-09-27 03:04:24",1055.8,2,furiousmonk
3838,16783124,Logorhythms,"2026-09-24 12:31:20",1055.7,2,mohammadsaidulislam
3839,16779652,cheezyp,"2026-08-31 06:26:25",1055.5,2,cheezyp
3840,16623890,"rapika rosalia","2026-09-01 17:40:24",1055.0,2,rapikarosalia
3841,16770785,Brahim,"2026-09-26 07:54:04",1054.9,2,brahimdriss
3842,16660121,10pi,"2026-09-02 01:21:07",1054.6,2,meredith10pi
3843,16639979,naphthalene,"2026-09-01 10:40:26",1053.9,2,"aaa0342,leehyungjoon,minjek,trv449"
3844,16852043,"pig da","2026-09-08 05:32:31",1053.8,2,qijunjie
3845,16734979,NiuLAI,"2026-09-24 07:23:38",1052.6,2,"chunsingyu,chunyinhui,jaminmei"
3846,16779831,地里偷偷尿尿,"2026-09-06 14:21:55",1052.5,2,jjsdfd22
3847,16688642,"Natalia Mawyin","2026-09-05 11:08:38",1052.0,2,nmawyin
3848,16871907,"Junya _318","2026-09-14 04:15:18",1051.4,2,junya318
3849,16654715,"Aqib Raza","2026-09-02 19:21:26",1051.4,2,aqibrazadev
3850,16655169,Musliadi,"2026-08-31 05:51:39",1051.3,2,timscientia
3851,16732221,ringbearer,"2026-09-27 00:04:05",1051.0,2,mehmetbarankrat
3852,16656659,"James Y","2026-08-31 09:51:47",1050.9,2,redoctopusk
3853,16839975,AlexHan,"2026-09-05 13:16:50",1050.7,1,gksgusrb1212
3854,16655633,johnny,"2026-08-31 04:55:56",1050.4,2,jonykarki
3855,16805609,Gleb,"2026-09-01 22:11:48",1050.3,1,korelin
3856,16730577,"Team Rocket’s Orbital Farm","2026-09-25 09:45:06",1050.1,2,koheitsutsumi
3857,16659215,"Zhizhou Sha","2026-08-31 12:43:52",1049.7,2,zhizhousha
3858,16775286,DanilAbdullin,"2026-09-02 05:42:51",1049.6,2,danilabdullin
3859,16624506,zhongtian,"2026-09-26 15:03:01",1048.9,2,kmtbang
3860,16778792,"Karthik #2","2026-09-26 21:30:44",1048.6,2,karg14
3861,16757384,straw_Yu,"2026-09-09 01:41:11",1048.3,2,strawyu
3862,16742825,"Ritwik Raha","2026-09-05 00:03:10",1048.2,2,ritzraha
3863,16661393,"razab Bawa","2026-09-06 12:43:30",1048.1,2,razabbawa
3864,16764068,"Chika Komari","2026-09-02 11:18:48",1048.0,2,gothamjocker
3865,16725410,LE4VES,"2026-09-08 09:27:15",1046.4,2,le4ves
3866,16622934,"Ümit Anık","2026-09-05 13:54:40",1046.0,2,mitank
3867,16795391,MECHINE,"2026-09-01 03:05:47",1044.6,2,nainglinwai
3868,16732484,tanzaku,"2026-09-06 07:58:50",1044.5,2,tanzaku
3869,16887947,"Blips and Chitz","2026-09-23 23:10:46",1044.3,2,michaelriedl
3870,16811502,"Avi Porath","2026-09-14 04:33:01",1044.2,2,aviporath
3871,16793344,zyichi,"2026-09-02 06:41:30",1042.6,2,zyichi
3872,16748187,"Violet Notes","2026-09-09 13:20:38",1042.1,2,dominicjamil
3873,16798544,esprit,"2026-08-31 23:47:56",1041.3,1,takuji
3874,16670527,"Balram Gupta","2026-09-18 05:06:28",1040.5,2,"akankshaparab,bg28898"
3875,16794841,thisArmin,"2026-08-31 04:29:30",1039.6,1,thisarmin
3876,16718956,hassan,"2026-09-01 16:14:25",1039.1,2,hasankhhan
3877,16732813,Soomana1z,"2026-09-08 17:20:16",1038.6,2,soshionodera
3878,16902856,"Laura Vanegas Torres","2026-09-27 02:34:04",1038.6,2,lauravanegastorres
3879,16684994,TKNP,"2026-09-26 21:29:03",1037.8,2,"justnik77,katasonoveugene,romankatasonov,sergey140146659"
3880,16771361,"It's Ratcha","2026-09-07 18:59:25",1037.7,2,itsratcha
3881,16622919,Waffle,"2026-09-23 23:19:28",1037.4,2,waffle3z
3882,16737702,"kaneko takafumi","2026-09-25 14:27:07",1037.3,2,kanekotakafumi
3883,16689266,"Oleksandr Dudnev","2026-09-09 06:14:10",1037.3,2,dantist
3884,16757704,Faustine,"2026-09-23 00:54:18",1037.3,2,faustine649
3885,16621831,"Tsung-Yeh, Hsieh","2026-09-09 18:31:09",1036.4,2,"tsungyehhsieh,xinyuloong"
3886,16783630,"fan yanbing","2026-08-30 11:33:12",1036.2,2,jackpudding
3887,16795041,"Denis Revenko","2026-09-01 13:02:36",1036.0,2,denizzko
3888,16793261,Von_Feynman,"2026-08-30 13:35:43",1035.2,1,terrenceluo1017
3889,16847289,"Hengxiang Yu","2026-09-21 07:24:59",1035.2,2,hengxiangyu
3890,16661304,"Jonathan Roy","2026-09-14 17:05:57",1035.2,2,jonathanroy7
3891,16802745,"Fuat Çakıcı","2026-09-27 00:15:38",1035.0,2,fuatcakiicii
3892,16766941,"S Kim","2026-09-10 22:16:57",1033.4,2,sunnyk92
3893,16782227,"chen yue li","2026-09-03 01:34:30",1033.3,2,yueelc
3894,16730705,chris,"2026-09-27 02:02:03",1033.0,2,chris62
3895,16729906,"Krzysztof Madziar","2026-08-28 05:05:13",1032.6,2,krzysztofmadziar
3896,16796980,ChenyuBaii,"2026-09-11 09:56:01",1032.3,2,chenyubaii
3897,16793106,"Пал Лаич","2026-08-30 12:45:34",1032.2,1,skypunkaudiowalker
3898,16738895,SangGold,"2026-09-13 09:18:56",1032.1,2,sanggold
3899,16698340,"Yanxi Jiang","2026-08-26 03:24:55",1031.1,2,yanxijiang
3900,16860049,Himanshu,"2026-09-15 12:12:33",1031.0,2,himanshuffbfujbf
3901,16778019,Mr.Frundles,"2026-09-03 02:21:58",1030.8,2,watehell
3902,16654526,"Jin Niu","2026-08-26 18:25:33",1030.6,2,gufanmingmie
3903,16729092,"ayman elamin","2026-09-27 04:08:19",1030.2,2,aymanelamin
3904,16669810,CREART,"2026-08-29 16:06:18",1028.7,2,gustardust
3905,16667147,"Daksh Bhalala","2026-08-26 06:41:04",1028.6,2,dakshbhalala
3906,16663166,Rey4Dan,"2026-09-26 23:15:13",1028.3,2,rey4dan
3907,16664537,"Lenin Goud","2026-08-27 01:07:37",1027.5,2,leningoud
3908,16914530,ZKH-Harness,"2026-09-27 06:06:53",1027.5,2,"hanyazhang,kanny912,zhaoruichen"
3909,16628456,kiro,"2026-09-08 06:39:53",1027.5,2,kirosamurai
3910,16689569,JovanaLab,"2026-08-27 22:43:51",1026.8,2,"choonesenlu,joxitsai"
3911,16756633,TheDanKing,"2026-08-31 05:49:23",1026.5,2,thedanking
3912,16668162,AlejandroAlvarez,"2026-09-26 13:12:47",1026.1,2,theworm
3913,16637458,OlivierS,"2026-09-09 03:41:58",1025.5,2,oliviers
3914,16675777,"Ml BOY","2026-09-07 18:15:38",1023.8,2,mlboy1
3915,16879133,xiepengo,"2026-09-13 14:05:18",1023.4,2,xiepengo
3916,16765154,dreamcxy,"2026-08-31 03:54:16",1023.2,2,dreamcxy
3917,16764738,Lucasty,"2026-08-25 07:04:36",1022.8,2,lucaswty
3918,16773320,kaka,"2026-09-17 08:53:18",1022.6,2,kakawin
3919,16784056,"anh nông dân may mắn","2026-09-26 21:21:10",1022.3,2,nguyen1tri
3920,16745416,yamato035073,"2026-08-30 22:24:34",1021.9,2,yamato035073
3921,16652912,"Kyle Ellard","2026-09-04 11:51:13",1021.5,2,kyleellard
3922,16662696,"Cengizhan Tümer","2026-08-31 20:54:21",1021.0,2,cengizhantmer
3923,16658280,"Hemanth Reddy Katta","2026-09-14 22:15:43",1020.8,2,hemanthreddykatta
3924,16734225,"Vijay athithya ","2026-09-02 07:06:29",1020.6,2,vijay09
3925,16770397,Ryu,"2026-09-03 20:15:16",1019.5,2,bexultanashenov
3926,16662651,CoatiAI,"2026-09-16 11:06:40",1019.5,2,gjhordan
3927,16806048,duck_raccooon,"2026-09-02 15:03:04",1019.4,2,duckraccooon
3928,16838843,"qiu ji123","2026-09-12 02:58:46",1019.4,2,qiuji123
3929,16691247,"Aneesh Rao","2026-08-27 17:11:07",1019.0,2,sidrao2006
3930,16791549,"Eugenio Schiavoni","2026-08-31 19:14:40",1018.3,2,eugeniokukes
3931,16733708,RyanHo,"2026-08-29 03:59:12",1017.8,2,ryanrx
3932,16752733,zjukop1,"2026-08-25 03:29:28",1017.6,2,zjukop1
3933,16627472,CloverFarm,"2026-09-08 13:23:55",1017.5,2,ljs2546
3934,16844343,"Gotovtsev Artyom","2026-09-18 20:30:04",1016.8,2,artemgotovtsev
3935,16630516,"Seb (allegedly)","2026-09-09 09:22:48",1016.7,2,sebmallia
3936,16641982,ZotAZaw3,"2026-08-28 09:43:47",1015.5,2,zotazaw3
3937,16748647,"Adar Cohen","2026-08-24 21:27:43",1015.4,2,adarcohen
3938,16634153,AnpAn_Men,"2026-08-29 19:47:31",1014.5,2,anpanmen
3939,16771843,"Surekha Ramireddy","2026-09-01 15:34:18",1014.4,2,surekharamireddy
3940,16626655,"Surya milenial","2026-08-30 08:21:22",1014.3,2,suryamilenial
3941,16775684,ketterking,"2026-09-26 07:56:50",1013.9,2,"ketterwang,wwppyywwww"
3942,16722731,"E&M Pioneer","2026-08-30 11:18:55",1013.6,2,hzq2004
3943,16764431,"William Diment","2026-09-14 07:50:42",1013.6,2,williamdiment
3944,16904320,"Flying Duck","2026-09-24 05:15:07",1013.5,2,dreame1
3945,16775771,"Ewia Tng","2026-09-09 04:57:46",1013.3,2,ewiatng
3946,16775443,NoName,"2026-09-04 23:49:43",1012.9,2,thesonalsingh
3947,16734699,PangMinShih,"2026-08-28 08:39:27",1012.5,2,shihbonbon
3948,16760656,CharTFboy,"2026-08-24 09:19:37",1012.3,2,chartfboy
3949,16672468,ComposeMage,"2026-09-08 01:51:40",1011.8,2,composemage
3950,16712432,hengck23,"2026-08-25 17:58:30",1010.8,2,hengck23
3951,16844154,シュークリーム,"2026-09-07 03:31:45",1010.8,2,syucream
3952,16755244,SZU蓝心,"2026-09-01 11:50:45",1010.7,2,jiazhanliu
3953,16669403,mrgrishninsb,"2026-09-13 13:22:10",1010.2,2,mrgrishninsb
3954,16674310,"Ayaz Ahmed Kazi","2026-08-29 18:49:13",1010.2,2,ayazahmedkazi
3955,16790233,"prateek chandra","2026-08-30 15:55:55",1009.8,2,prateekchandra7005
3956,16770927,kaptaan45,"2026-08-28 08:06:32",1009.2,2,kaptaan45
3957,16753194,"Saicharan Ramineni","2026-08-26 19:33:02",1008.6,2,godlydonuts
3958,16782193,nal_nh906,"2026-09-02 01:42:32",1008.4,2,hhan09
3959,16762139,AltriaE,"2026-08-25 15:27:52",1008.4,2,altriae
3960,16762537,Controlvector,"2026-08-25 08:28:11",1008.2,2,"controlvector,yxdu01"
3961,16770998,ket,"2026-08-31 22:14:53",1007.8,2,kentken
3962,16850995,"KOSUKE MATSUDA","2026-09-27 05:10:50",1007.6,2,kosukematsuda
3963,16635029,"Oleg Melnik","2026-09-17 16:28:52",1007.6,2,olegmelnik
3964,16692744,"VAIBHAV RASTOGI 90","2026-09-03 23:43:33",1007.4,2,vaibhavrastogi90
3965,16738279,zhangshuosc,"2026-08-26 05:11:57",1007.2,2,zhangshuosc
3966,16774129,"Chen Audrey","2026-09-04 13:38:19",1006.4,2,chenaudrey
3967,16761019,"yiwen hou","2026-08-25 14:48:43",1006.4,2,hevenhina
3968,16838736,"kauan cassiano","2026-09-05 06:42:48",1005.7,1,kauancassiano
3969,16689697,Kmart0112,"2026-09-21 17:38:23",1005.7,2,kmart0112
3970,16857723,"Mask Learning","2026-09-27 06:04:35",1005.6,2,"clipcode,daskrank,maskgen,nnmerge,opscfg"
3971,16780317,jrcjrcjrc,"2026-09-04 06:03:51",1005.2,2,jrcjrcjrc
3972,16802775," SonSheungmin","2026-09-03 06:55:03",1005.1,2,sonsheungmin
3973,16742232,"Prema Ananda","2026-09-18 15:40:40",1005.0,2,premaananda108
3974,16662222,MinerUNLEASHED,"2026-08-24 16:28:40",1005.0,2,minerunleashed
3975,16769028,"Rishabh Yadav","2026-09-17 01:59:59",1004.9,2,riishabhhh
3976,16689274,Anyeson,"2026-09-18 12:04:00",1004.6,2,anyeson
3977,16638019,Randynho,"2026-09-15 16:13:30",1003.7,2,randynho
3978,16893654,"Arhaan Aggarwal","2026-09-24 01:14:00",1003.3,2,arhaanaggarwal2
3979,16740392,"Amey Thakur","2026-08-25 12:01:41",1003.2,2,ameythakur20
3980,16716549,notoverkil,"2026-08-28 08:16:38",1002.8,2,notoverkil
3981,16807054,"JSU xiaopoche","2026-09-03 06:35:02",1002.6,1,xhmuvw
3982,16736111,hexingwei33,"2026-09-23 15:12:47",1002.2,2,hexingwei33
3983,16630323,kaggricultureomnidimensionalut,"2026-08-28 10:51:28",1002.0,2,kumarandatascientist
3984,16692443,xmkevin2004,"2026-09-08 15:10:46",1001.9,2,"deersirz,qiuzaooppo,xmkevin2004"
3985,16739018,"Zhou Songyu","2026-09-25 10:45:53",1001.8,2,zhousongyu
3986,16666468,"J Penman","2026-09-09 07:04:10",1001.0,2,jpenman
3987,16774410,"Rishabh Roy","2026-08-26 09:01:38",1000.4,1,rishabhr0y
3988,16778808,"Candace Dudleson","2026-08-31 23:19:12",999.9,2,candacedudleson
3989,16830390,"Hajime Kumami","2026-09-27 06:09:58",999.3,2,hajimekumami
3990,16761788,"Corenthin Buffard","2026-08-26 13:16:28",999.1,2,cbuffard
3991,16668756,"Clark Kitchen","2026-09-09 00:54:50",999.0,2,clarkkitchen
3992,16741826,StackKnight,"2026-08-28 02:12:12",998.9,2,stackknight
3993,16770299,"أحمد فهد الربيش","2026-08-25 09:55:13",998.4,2,ghr111
3994,16665753,"Mansour A. S. Ataa","2026-08-26 10:28:34",998.4,2,profmansoor
3995,16704603,Tmaxxer,"2026-08-28 14:45:38",998.2,2,tmaxxer
3996,16727214,"Jaivardhan Raahi","2026-09-24 04:34:53",998.2,2,jaivardhanraahi
3997,16623736,Garigariyong,"2026-09-01 04:31:17",997.7,2,garigariyong
3998,16658500,"abhinav rai1","2026-09-26 21:08:47",997.4,2,abhinavrai1
3999,16752121,adhsdrtjh,"2026-08-23 15:02:25",996.9,2,adhsdrtjh
4000,16664379,N_Matsumoto24,"2026-09-24 08:32:13",996.8,2,nmatsumoto24
4001,16729554,"JingSong Yang","2026-08-28 05:33:55",996.7,2,jingsongyang
4002,16742228,"bangqun ZHAO","2026-08-27 05:20:56",996.2,2,bangqunzhao
4003,16685450,Nadeem,"2026-08-25 09:21:14",995.9,2,nadeembinshajahan
4004,16713007,"Jerry Hwa","2026-09-23 11:52:48",995.4,2,"jerryhwa,richarrdyu"
4005,16654042,B.Pushpanjali,"2026-09-23 07:50:41",994.7,2,"bpushpanjali,vinithwade"
4006,16748907,EdwardHwang@123,"2026-08-24 15:32:00",994.1,2,edwardhwang123
4007,16848207,vlad,"2026-09-15 11:56:09",993.9,2,khizanov
4008,16758279,"GO HIROSHIMA 2","2026-08-29 02:51:47",993.8,2,gohiroshima2
4009,16863344,masat,"2026-09-09 23:46:30",993.8,1,masatttt
4010,16664002,"Guilherme Zanini de Sá","2026-09-25 12:43:12",993.4,2,guilhermezaninides
4011,16844770,Richard,"2026-09-22 05:48:05",993.3,2,richardwg
4012,16853131,"Awesome Egg","2026-09-10 07:27:41",993.0,2,newegg
4013,16805171,Mario,"2026-09-26 21:29:39",992.9,2,mwalkiew
4014,16724452,Jay,"2026-08-20 00:34:34",992.5,2,jayshimada
4015,16708965,"Witold Dziurdz","2026-08-23 16:33:47",992.2,2,witolddziurdz
4016,16664683,"Halapeño Farms","2026-09-14 00:35:12",991.8,2,haladaj
4017,16832186,"Noah Öksüz","2026-09-15 13:38:56",991.8,2,noahksz
4018,16666195,"Yihan Guo","2026-08-28 08:44:06",990.9,2,yihanguo
4019,16870771,wangxt1,"2026-09-11 06:19:14",990.6,2,wangxt1
4020,16755921,"Natnael Yerga","2026-08-24 16:43:22",990.1,2,natnaelyerga
4021,16790391,"Kevin Cao","2026-08-29 13:38:03",989.8,1,kevincao2
4022,16768676,Doit,"2026-08-25 02:09:47",989.6,1,aifccnb
4023,16828844,"SHOUHEI IKEDA","2026-09-06 23:29:56",989.6,2,shouheiikeda
4024,16709115,"PARK HYUNSIK","2026-08-26 01:51:31",989.5,2,hyunsikpark
4025,16784611,sardarkhanyadav,"2026-08-28 16:45:33",988.5,2,sardarkhanyadav
4026,16748000,"Rohit Raj Singh","2026-09-15 13:50:22",987.8,2,rohitrajsingh555
4027,16938353,"Damilola Oladapo","2026-09-27 03:14:56",987.4,2,wizardskull
4028,16767625,"Saurabh Yadav","2026-08-24 17:56:22",987.4,1,saurabhyadav1305
4029,16737057,Wiz,"2026-08-24 03:15:13",986.5,2,williamzhou001
4030,16778489,dataWr3cker,"2026-08-28 20:40:52",986.4,2,gourabr0y555
4031,16660492,"Deven Bagul","2026-08-29 11:56:30",986.2,2,devenbagul
4032,16730449,"Shinichiro Yoshida","2026-09-25 17:12:44",986.0,2,sysd00
4033,16856449,Sting,"2026-09-16 17:12:20",985.7,2,sarlnovax
4034,16759813,tyf_scu,"2026-08-23 17:11:18",985.7,2,tyfscu
4035,16763444,"crazy achiever","2026-08-28 18:51:13",985.6,2,crazyachiever
4036,16711608,"Thomas Greissler","2026-08-24 00:01:46",985.2,2,thomasg22202020
4037,16762940,"Davide Andreolli","2026-09-06 09:20:28",985.1,2,davideandreolli
4038,16691154,UnknownRobi,"2026-08-31 22:50:27",985.0,2,canrobichaud
4039,16630711,"Aleks Lviv","2026-09-25 00:52:02",984.5,2,alekslviv
4040,16665337,BHackers,"2026-08-26 17:13:11",984.2,2,clarencepagaduan
4041,16800775,SunSeeker染汐,"2026-09-01 16:47:33",983.9,2,sunseekerrx
4042,16861578,Markura,"2026-09-19 04:56:28",983.5,2,markura
4043,16794205,"kiwi apple","2026-09-01 18:56:25",983.5,2,kiwiapple
4044,16721079,"six seven swag","2026-09-24 16:24:04",983.4,2,polinababiichuk
4045,16725304,"Alexandru A","2026-08-29 07:34:25",983.3,2,alexandrua01
4046,16732851,chenry2003,"2026-08-24 02:27:53",983.2,2,chenry2003
4047,16759075,"Michael Day","2026-08-24 10:38:52",982.8,2,michaelday99
4048,16876214,Yunfei_Z,"2026-09-17 16:32:21",982.3,1,zhaoyunfei
4049,16724228,LSS0334,"2026-08-26 00:15:54",980.7,2,lss0334
4050,16848720,嘎达嘎达,"2026-09-08 07:39:07",980.7,1,eggyeggygggy
4051,16753515,"Yosif EL-Rammaal","2026-08-25 16:57:09",980.5,2,yosifelrammaal
4052,16782984,crinoid,"2026-09-02 10:59:06",980.4,2,takemi
4053,16883641,"Benedek Brandschott","2026-09-27 03:07:51",980.1,2,benedekbrandschott
4054,16748933,Lixrixy,"2026-08-26 06:11:03",979.5,2,lixrixy
4055,16764545,ArX,"2026-08-24 09:44:45",979.4,2,arx1993
4056,16655255,MalelizarazoP,"2026-08-26 13:34:53",979.4,2,malelizarazop
4057,16732446,"Nuri DUDAK","2026-08-29 09:00:59",979.3,2,nuridudak
4058,16894622,"Matthew B","2026-09-23 08:29:26",978.8,2,mcb68945
4059,16658245,ziliangCok,"2026-08-28 16:08:13",978.7,2,ziliangcok
4060,16786603,"Shutong Hou","2026-09-27 02:19:48",978.2,2,praxel123
4061,16672202,HealthStone,"2026-08-29 21:04:07",977.6,2,healthstone
4062,16730320,Rosebuddychomp,"2026-09-12 07:54:11",977.6,2,rishabhshetye
4063,16759705,2nod,"2026-09-19 02:17:04",977.4,2,tsunoten
4064,16743904,minamoto,"2026-08-25 16:53:16",977.3,2,usermina
4065,16739898,"solo levelling","2026-08-18 21:08:16",976.6,2,munibmemon
4066,16716081,"dunky su","2026-08-23 06:36:50",976.6,2,dunkysu
4067,16765313,Hosuke,"2026-09-01 04:19:31",976.3,1,hosuke
4068,16740159,CY,"2026-09-05 09:33:08",976.3,2,aimeny
4069,16738657,Mactorr,"2026-09-02 22:44:15",976.2,2,mactorr
4070,16769082,"Little Xi","2026-08-26 03:31:32",975.6,2,littlexi0
4071,16758791,"qw yi123","2026-09-22 13:41:44",975.6,2,qwyi123
4072,16727784,Baen,"2026-08-24 06:44:33",975.4,2,cairh22
4073,16662819,THeLAB,"2026-09-25 16:30:40",975.3,2,feuorme
4074,16733932,"Jasper Turnidge","2026-08-24 06:36:23",975.3,2,jasperturnidge
4075,16693193,"Efrain Garay","2026-09-04 20:55:13",975.0,2,efraingaray7
4076,16666165,ChrisLeiteScha,"2026-08-24 15:20:36",974.9,2,chrisleitescha
4077,16753125,"Rudransh Singh Rathore","2026-08-26 03:10:23",974.6,2,rudranshsinghrathore
4078,16840001,agheieff,"2026-09-05 13:16:29",974.6,1,agheieff
4079,16764206,yanjixiang,"2026-08-25 11:37:34",974.6,2,yanjixiang
4080,16639796,rmizuta,"2026-08-28 15:07:43",974.5,2,rmizuta
4081,16757903,"Om Singh","2026-08-27 07:05:06",974.4,1,spoilyfrog
4082,16709824,pizzahut,"2026-09-19 20:23:22",973.6,2,csalazoltntams
4083,16743216,xerkey,"2026-09-08 13:52:41",973.3,2,xerkey
4084,16675704,reeemii,"2026-08-26 08:51:15",973.1,2,reeemii
4085,16904612,"Naveen Reddie","2026-09-18 04:19:28",972.7,2,naveenreddie
4086,16726994,bird,"2026-08-23 05:00:19",972.6,2,whitebird
4087,16743016,"MD Zeeshan","2026-08-20 18:13:32",971.9,2,makrovh
4088,16830753,"youyi li","2026-09-06 02:50:01",971.5,2,liyouyi
4089,16780130,与君作田,"2026-08-29 14:01:35",971.5,2,zhaoxi1244
4090,16658618,"philip georgiev","2026-09-23 13:07:35",971.2,2,philipgeorgiev
4091,16675610,"Srikar Medisetti","2026-08-30 12:06:25",971.0,2,deathaunter
4092,16864558,"Henghan Dong","2026-09-27 03:00:34",970.7,2,henghandong
4093,16778358,"Lê Nguyễn Việt Cường","2026-08-28 03:46:51",970.4,2,lengvietcuong
4094,16716930,"Direc M","2026-08-31 04:54:06",970.2,2,direcm
4095,16727529,윤영일,"2026-09-22 10:15:57",970.0,2,iongil
4096,16753831,zhangjiaweii,"2026-09-04 07:26:21",969.5,2,zhangjiaweii
4097,16623470,rurumi,"2026-09-02 05:21:15",969.1,2,rurururumi
4098,16758152,MiguelLFCG,"2026-08-30 11:20:49",968.4,2,miguellfcg
4099,16736969,"york li13","2026-08-19 01:07:02",968.2,2,yorkli13
4100,16693663,"YoungCheol Son","2026-08-27 00:51:34",968.0,2,sonyc5720
4101,16733748,"Ashutosh Agarwal","2026-09-25 03:56:21",967.2,2,ashutoshagarwal088
4102,16886319,novacryptic,"2026-09-13 12:37:51",967.0,2,novacryptic
4103,16712943,"Cesar Marcondes","2026-09-04 13:20:02",966.8,2,cmarcond
4104,16933477,curlybaboon,"2026-09-21 12:52:19",966.7,2,curlybaboon
4105,16622627,"Erik van de Ven","2026-09-23 14:18:28",966.7,2,erikvdven
4106,16663767,"Tommy Mancino","2026-08-31 23:03:57",966.6,2,tommymancino
4107,16704589,"Lobato MBA IA Big Data","2026-09-26 20:01:06",966.3,2,lobatombaiabigdata
4108,16738721,"Luan Kunyu","2026-09-04 07:05:21",965.0,2,luankunyu
4109,16715244,uri_kkyhr,"2026-08-15 04:53:37",964.8,2,urikkyhr
4110,16842071,buddyY26,"2026-09-07 13:06:08",964.8,2,buddyy26
4111,16805870,"Ngo Trung","2026-09-12 17:12:53",964.3,2,trungngotdt
4112,16719262,sadjeen00,"2026-08-14 02:15:50",963.8,1,sadjeen00
4113,16634093,gezi,"2026-09-09 08:07:03",963.5,2,goldenlock
4114,16871894,sx2154,"2026-09-20 14:56:27",963.4,2,sx2154
4115,16841296,Flesymevoli,"2026-09-06 08:49:58",963.1,2,flesymevoli
4116,16692272,Ddere008,"2026-08-21 18:43:56",963.0,2,ddere008
4117,16784133,"HASNAIN HAIDER","2026-09-01 17:02:27",962.9,2,techzero
4118,16755071,"Varun Rao","2026-08-26 18:46:59",962.8,2,varunraosfanlkan
4119,16666578,STRAF,"2026-08-23 23:07:25",962.3,2,nikosstraf
4120,16675655,TrebolNoir_,"2026-09-01 12:59:42",961.8,2,trebolnoir
4121,16822583,"TA ME CHEM","2026-09-13 09:26:11",961.7,1,tamechem
4122,16721070,LiuChen1350,"2026-08-26 05:30:30",961.4,2,liuchen1350
4123,16715579,Uvais,"2026-08-24 00:58:56",961.3,2,joshuaedwinjacobv24f
4124,16733297,sohasoha42,"2026-08-18 17:50:51",961.3,2,sohasoha42
4125,16712535,"Benjamin Beaujard","2026-08-18 11:03:03",960.9,2,benjaminbeaujard
4126,16729691,YinuoChen271,"2026-08-17 15:42:51",960.4,2,yinuochen271
4127,16765215,"arlenjim ","2026-08-24 19:32:48",960.3,2,arlenjim
4128,16925475,AdrianValerio,"2026-09-20 04:21:19",960.2,2,adrianvalerio
4129,16677577,"Harsha Vardhan Konisa","2026-09-13 17:33:53",960.1,2,harshavardhankonisa
4130,16845582,"Julio Cesar Filho","2026-09-08 06:10:03",959.9,2,juliocesarfilho
4131,16839557,Superspork,"2026-09-08 03:25:46",959.6,1,superspork
4132,16675831,"Thayaparan Kumarakuru","2026-09-24 17:34:36",959.5,2,"kavishkasubashana,mrkala,thayaparankumarakuru"
4133,16768955,Hunedjekdsfkd,"2026-08-25 03:56:30",959.1,1,hunedjekdsfkd
4134,16739363,kulukkuluu,"2026-09-26 20:42:07",958.9,2,kulukkuluu
4135,16844277,"Akash Chanran","2026-09-09 16:48:32",958.9,2,"akashchanran,shruti9345"
4136,16758634,Ernnnn4u,"2026-08-24 17:00:46",958.7,2,ernnnn4u
4137,16732792,amaotone,"2026-08-20 14:27:36",958.4,2,amaotone
4138,16655195,Pirhosseinlou,"2026-08-24 18:17:43",958.4,2,pirhosseinlou
4139,16663584,"Deployable LLMs","2026-09-27 05:11:13",958.4,2,"lucasveronese,planetoidleser,sinhakprat"
4140,16659972,"Pelamovic ","2026-08-25 18:03:34",958.4,2,pelamovic
4141,16720720,道海孤舟,"2026-08-21 06:59:41",958.1,2,unseenanch
4142,16707193,"radji kraim","2026-08-26 11:53:17",957.8,2,radjikraim
4143,16712185,"Vishal Khomane","2026-09-02 15:32:38",957.8,2,vishal567
4144,16782196,"jingyang tu","2026-09-01 01:49:08",957.1,2,jingyangtu
4145,16739488,Restodecoca,"2026-08-19 16:42:34",956.8,2,restodecoca
4146,16690308,"Fatima Sarhan","2026-09-19 14:01:01",956.6,2,fatimasarhan
4147,16779780,SiVitr2fDrXS.2N,"2026-08-30 15:06:17",956.0,2,sivitr2fdrxs2n
4148,16723991,"James Holland","2026-08-17 01:40:17",955.8,2,jkhollandjr
4149,16657553,graceyunliu,"2026-09-16 02:43:23",955.5,2,graceyunliu
4150,16677592,keniii,"2026-08-25 00:29:31",955.3,2,kartheeswaran28
4151,16750457,"Adrian Ricardo da Silva","2026-08-25 11:21:43",955.2,2,adrianricardodasilva
4152,16745499,"lurs lurs","2026-08-29 02:02:15",955.0,2,lurslurs
4153,16713127,Felis,"2026-09-18 13:00:27",955.0,2,ilyaafanasenko
4154,16856021,PSI,"2026-09-08 19:26:40",954.9,1,vinayak121
4155,16736250,Yizhi,"2026-08-31 06:03:48",954.6,2,yizhitao
4156,16701633,"Jacob Davis","2026-08-23 15:06:50",954.6,2,jacobtdavis
4157,16655718,eveyxy,"2026-09-05 08:58:28",953.9,2,eveyxy
4158,16635681,"Shubham Phapale","2026-09-05 12:46:36",953.9,2,shubhamphapale
4159,16766320,vp_mass,"2026-08-25 20:19:08",953.9,2,vpmass
4160,16769795,"Edi Marian","2026-08-25 11:01:09",953.8,2,edimarian
4161,16666054,Ani,"2026-09-04 21:33:20",953.6,2,anirudhk333
4162,16744905,"Nator X","2026-08-26 22:15:29",953.3,2,natorx
4163,16664566,"Lormann ","2026-08-23 06:24:29",952.6,2,lormann
4164,16664477,"The T-MAN","2026-08-26 18:51:40",952.5,2,otmaneelmahda
4165,16719414,SahilKumarTolani,"2026-09-10 16:16:07",952.0,2,sahilkumartolani
4166,16793229,"Waseem Mushtaq","2026-08-30 13:38:14",952.0,1,waseemmushtaq045
4167,16729225,"Aayush Sigdel","2026-09-03 15:47:50",951.7,2,aayushsigdel
4168,16753618,mushichou4,"2026-08-22 10:20:51",951.6,2,mushichou4
4169,16670791,Hugelidus,"2026-08-25 03:43:18",951.3,2,hugelidus
4170,16759625,gkg223,"2026-09-03 19:17:02",951.0,2,gkg223
4171,16727842,"Iadh Jarray","2026-08-17 13:45:11",950.7,2,iadhjarray
4172,16625339,kazusw,"2026-09-23 06:28:56",950.5,2,kazusw
4173,16709246,"Tariku Mehdi","2026-09-03 00:25:56",950.2,2,tarikumehdi
4174,16667843,"durgesh dere","2026-08-21 16:10:13",950.2,2,durgeshdere08
4175,16792329,"Kumkum Barot","2026-09-27 06:01:56",949.8,2,kumkumbarot02062003
4176,16696098,Valmorlee,"2026-08-23 19:40:07",949.8,2,valmorlee
4177,16757566,"Ankit Kumar","2026-08-23 12:03:53",949.7,2,imankit57
4178,16740399,"Lynn Pigott","2026-08-24 03:32:08",949.7,2,lynnpigott
4179,16721453,"Random Mambo","2026-09-26 14:01:43",949.7,2,beaten67
4180,16728067,"Chenzhao Li","2026-08-18 08:04:21",949.6,2,heartquest
4181,16662949,"Will English","2026-08-18 17:13:22",949.4,2,dubascudes
4182,16632777,"Alexandrine Cakpo","2026-08-20 10:20:22",949.3,2,alexandrinecakpo
4183,16621741,"Andrey Naymushin","2026-08-24 09:46:41",949.1,2,andrewsokolovsky
4184,16691506,Dipak_ISM,"2026-08-29 13:07:18",948.8,2,dipakism
4185,16709295,"Isaac Owomugisha","2026-08-20 16:22:52",948.4,2,cmplxxyttmt
4186,16945082,"Colin's COK and Friends","2026-09-23 05:41:01",948.4,1,"emartinez22,genericcname,sammchargue"
4187,16779275,XuetingWang,"2026-09-01 08:50:53",948.0,2,snoopy262
4188,16715506,"Moo Point","2026-08-17 21:44:26",947.8,2,"gnarlycow,tianmeiwang"
4189,16673303,"Samuel Sundararaman ","2026-09-26 22:10:19",947.8,2,neopok919
4190,16683813,WangQrkkk,"2026-09-23 15:58:31",947.2,2,wangqrkkk
4191,16654021,"Swachhith B","2026-08-24 08:40:04",947.2,2,swachhithb
4192,16738899,Grayden_Lee,"2026-08-21 11:42:07",947.2,2,haozelii
4193,16697922,TingyuanLi277,"2026-08-21 03:39:03",946.5,2,tingyuanli277
4194,16752018,三浦桂基,"2026-08-30 04:00:30",946.4,2,keikipc
4195,16770884,VegetabledogNeo,"2026-08-31 01:23:25",946.4,2,vegetabledogneo
4196,16672003,carlscamt,"2026-08-14 17:19:42",946.2,2,carlscamt
4197,16841536,"Berkay Hasret","2026-09-07 00:29:45",945.7,2,berkayhasret
4198,16738745,"Anh Quân","2026-08-24 13:41:30",945.7,2,qunanh
4199,16725432,Ezra,"2026-09-10 21:42:30",945.7,2,ezberch
4200,16745312,"Alexie Huynh","2026-08-22 08:27:27",945.4,1,alexiehuynh
4201,16685074,"Emir Can","2026-08-30 20:16:36",945.4,2,aerospacer
4202,16661772,R3ddrag0n,"2026-09-02 19:43:09",945.2,2,r3ddrag0n
4203,16708185,XiaoYan12,"2026-09-13 17:57:28",945.1,2,xiaoyan12
4204,16725335,"Chris #2","2026-08-29 15:32:47",945.1,2,kagglecompetechris
4205,16742048,SuperGiantLam,"2026-08-25 02:08:17",945.1,2,zptpsz
4206,16771994,"Jaden Tang","2026-09-15 09:28:23",944.7,2,"aayanshah,jadentang17"
4207,16724584,"Jinx JK","2026-08-18 09:08:26",944.6,2,jinxjk
4208,16778410,"uriel villegas govea","2026-08-28 00:25:47",944.5,2,urielvillegasgovea
4209,16632164,"Tim Shini","2026-08-30 18:04:29",944.5,2,timshini
4210,16705907,Adrià,"2026-09-11 10:14:39",944.3,2,adriamb3
4211,16721383,"Emon xu","2026-08-21 16:14:05",944.2,2,emon0xuyym
4212,16670118,"Álvaro Benítez","2026-08-29 15:46:04",944.1,2,lvarobentezlvarez
4213,16691946,"Hassan Algizani","2026-08-13 20:20:09",943.7,2,hassanalgizani
4214,16698223,"Feng Jiahui","2026-08-18 08:35:04",943.6,2,junipersky
4215,16732654,Goated_Farmers,"2026-08-23 17:09:50",943.6,2,"mugundhjb,srinathduvvuri"
4216,16672199,Vachan,"2026-08-20 07:33:48",943.5,2,vachanpadival
4217,16724353,PrathamGupta,"2026-08-17 02:04:38",943.5,2,prathamguptaaaaaaa
4218,16764422,"ong bee","2026-09-09 02:25:57",943.5,2,ongbee
4219,16665214,Epiphany_Thu,"2026-08-21 12:06:53",943.3,2,epiphanythu
4220,16670297,"Gebreab K. Zewdie","2026-08-26 00:22:15",943.0,2,gzewdie
4221,16716991,XristosFilip,"2026-08-18 16:43:34",942.4,2,xristosfilip
4222,16654662,"2/3 rounded to two decimals","2026-08-22 00:36:50",942.4,2,rnold2
4223,16663569,XYZ,"2026-09-27 05:52:24",942.1,2,h249748fkv7lyhik897
4224,16690970,"Raoul Biagioni","2026-08-22 06:37:40",941.9,2,raoulbiagioni
4225,16709203,Ayush_Patel,"2026-08-25 03:34:12",941.8,2,ayushpatel1305
4226,16719006,bouiboui,"2026-08-20 18:55:02",941.8,2,bouiboui
4227,16716697,"Habil Tobi","2026-08-28 20:57:52",941.7,2,habiltobi
4228,16786013,sakarush,"2026-09-02 13:17:42",941.5,2,sakarush
4229,16726011,"Dawid Fleischer","2026-08-25 18:37:25",941.5,2,dawidfleischer
4230,16743124,"Leo's Demiurge","2026-09-08 15:06:04",941.3,2,jelurge
4231,16666057,StopPlantingStartGameTheorying,"2026-09-08 07:53:27",941.1,2,mymelodyenjoyer
4232,16689601,"Prathmesh Adsod","2026-08-18 03:55:13",941.1,2,prathmeshadsod
4233,16756750,Charu,"2026-08-22 00:45:03",940.7,2,charu13a
4234,16728901,dqvide,"2026-08-17 19:53:39",940.7,2,dqvide
4235,16634172,"Mario Cicala","2026-09-05 03:06:37",940.4,2,mariocicala
4236,16769769,"Artur Shafiev","2026-08-29 05:29:31",940.3,2,arturshafiev
4237,16729273,"Munib Ur Rehman Memon","2026-08-24 20:48:08",940.2,2,muniburrehmanmemon
4238,16728914,d0gied,"2026-08-17 15:12:08",940.2,2,d0gied
4239,16699772,MrAnalyst,"2026-09-05 10:43:49",940.0,2,mranalyst
4240,16736138,Anand,"2026-08-21 06:00:12",940.0,2,gazzal
4241,16638823,YDDDDDD999,"2026-09-06 18:22:40",939.8,2,ydddddd999
4242,16713267,"yq l68135","2026-08-21 21:35:52",939.3,2,yql68135
4243,16680967,Tyooughtul,"2026-08-16 00:58:06",939.3,2,yooughtul
4244,16665966,aj000,"2026-09-26 14:12:53",939.2,2,anishjagdaleaj
4245,16701362,"Papa Annan","2026-08-20 21:26:39",939.0,2,papaannan
4246,16790548,"Francesco Del Sesto","2026-08-31 10:47:27",938.9,2,francescodelsesto
4247,16658983,"Titi Huang","2026-09-19 03:19:15",938.8,2,titihuang
4248,16678346,"Farhan Abid","2026-08-16 08:41:15",938.6,2,farhanabidtech786
4249,16870431,"Adam Brink","2026-09-11 11:09:17",938.4,2,adambrink
4250,16737561,"Raj Aryan Singh","2026-08-18 11:50:54",938.4,2,kratos14raj
4251,16638177,stpete_ishii,"2026-08-30 05:35:41",938.3,2,stpeteishii
4252,16846297,"Zihan Ni","2026-09-07 08:06:53",938.1,2,lunangai
4253,16771277,zhaowenyi7,"2026-08-31 09:18:04",937.9,2,zhaowenyi7
4254,16732381,Raphdraft,"2026-09-03 01:11:34",937.9,2,raphdraft
4255,16722303,JohannPongratz,"2026-09-10 08:07:38",937.6,2,johannpongratz
4256,16726281,rperez04,"2026-08-22 23:15:13",936.9,2,rperez04
4257,16707749,Yuzu,"2026-09-04 10:22:41",936.8,2,yuzuoctopus
4258,16643125,"CARLOS CAADA ROSTRO","2026-08-21 19:23:34",936.6,2,carloscaadarostro
4259,16754560,Kam,"2026-08-21 14:02:39",936.5,1,kamting
4260,16665336,"maoyuan ma","2026-08-18 11:41:09",936.3,2,maoyuanma
4261,16890232,"Yihan Guo #2","2026-09-18 02:40:07",936.1,2,kagglebushswill
4262,16746112,"Jonathan Martschinke","2026-08-24 08:52:51",935.9,2,jonathanmartschinke
4263,16722319,"༺ANIS YT༻","2026-08-19 13:08:47",935.8,2,anisyt
4264,16710389,GuerillaMoon,"2026-08-19 22:33:46",935.8,2,guerillamoon
4265,16725346,sokoranohimazin,"2026-08-18 19:39:07",935.6,2,sokoranohimazin
4266,16725342,little_d1d1,"2026-08-16 04:24:39",935.5,2,littled1d1
4267,16665543,"Charan Manthena","2026-09-06 08:59:20",935.4,2,charanmanthena
4268,16668721,"Efe Can Celiksoy","2026-08-13 22:00:41",935.4,2,efecnc
4269,16732104,sizumita,"2026-09-12 01:21:14",935.2,2,sizumita
4270,16680065,Vishodhan,"2026-08-14 23:46:15",935.1,2,vishodhan
4271,16875537,HeIIo.Darkness,"2026-09-13 23:22:12",935.1,2,heiiodarkness
4272,16653129,"Prashanth Reddy Biyyani","2026-08-20 13:53:37",934.7,2,"prashanthbiyyani,shivagurrala,sumu1526"
4273,16639250,"Hamed Seyed-allaei","2026-08-21 19:11:09",934.6,2,pinocchio
4274,16739298,"ricardo assaad","2026-08-18 19:03:22",934.6,2,ricardoassaad
4275,16733576,"Ojas Aklecha","2026-08-17 18:34:02",934.5,2,ojasaklecha
4276,16714498,Zubekanov,"2026-08-18 01:14:49",934.2,2,zubekanov
4277,16943744,"Quinn Cossette","2026-09-23 20:34:13",934.1,2,quinncossette
4278,16712459,松原琉喜,"2026-08-14 14:54:47",934.0,2,ryuki12kyo
4279,16925327,danmleo,"2026-09-25 10:55:45",933.3,2,danmleo
4280,16687068,digiliwigili,"2026-08-22 12:49:07",933.2,2,kukchyievervin
4281,16666665,Team-Veraxion,"2026-08-31 08:24:24",933.1,2,"anuragvelekat,ayushiitomar,faizmemon,hariharigandikota"
4282,16774237,"Dennis SH Lai","2026-08-30 17:21:31",933.0,2,dshihlai
4283,16636094,Hax2456,"2026-08-15 10:05:01",932.4,2,hax2456
4284,16697458,"Lissandra Kruse Fuganti","2026-09-01 15:19:00",931.8,2,lissandrakruse
4285,16664120,SaiDuttaAbhishekDash,"2026-08-21 20:30:01",931.4,2,saiduttaabhishekdash
4286,16683193,Paami,"2026-08-24 01:21:00",931.3,2,coldpaami
4287,16715319,ocha_heaven,"2026-08-19 13:10:14",931.1,2,ochaheaven
4288,16664759,OrGanAIc,"2026-08-14 22:58:18",930.9,2,arghyaranjandas
4289,16665927,"bhavya shah","2026-08-17 11:06:22",930.9,2,bhavyashah007
4290,16754086,Beenvvv,"2026-08-25 05:57:29",930.8,2,beenvvv
4291,16675486,"SALAH ELDIN ELNABARAWY","2026-08-18 21:17:22",930.7,2,salaheldinelnabarawy
4292,16690612,"Mina Gayid","2026-08-16 12:59:16",930.6,2,minagayid
4293,16634143,"manual player","2026-08-14 00:41:13",930.2,2,prospal
4294,16936191,WDK777,"2026-09-23 16:12:36",930.2,2,wdk777
4295,16763813,Sydney,"2026-09-26 01:39:40",930.2,2,n3yan7
4296,16726071,"PDF ULTRA","2026-08-20 19:36:33",929.7,2,"alengevorgyan,gab0yan"
4297,16756557,"Marius Heuser","2026-08-24 21:41:31",929.5,2,mariusheuser
4298,16726660,"Prime Leo","2026-08-23 14:21:53",929.4,2,primeleo
4299,16655877,"Harish K","2026-08-25 19:09:49",929.3,2,harishk2209
4300,16660268,"Sébastien Mametz (Pixs)","2026-08-14 09:08:39",929.0,2,sbastienmametzpixs
4301,16719536,"Mandy Lin","2026-08-14 03:18:29",929.0,2,ydnamlin
4302,16663445,"ali dzaki","2026-09-13 14:59:25",928.9,2,alidzaki
4303,16841647,patitod,"2026-09-06 01:22:09",928.8,2,anasofaescobar
4304,16724947,teacherli0,"2026-08-16 03:09:09",928.7,2,teacherli0
4305,16692639,"Bharat Kumar0925","2026-09-04 19:52:25",928.6,2,bharatkumar0925
4306,16823751,"Tyler Knecht","2026-09-25 14:56:47",928.4,2,tknecht
4307,16625856,takai380,"2026-09-01 02:34:05",928.4,2,takai380
4308,16720841,liuhc1017,"2026-09-14 12:24:08",928.3,2,liuhc1017
4309,16673234,MACvengers,"2026-08-19 16:34:04",927.9,2,"astrojaswanthkumar,ikpikp"
4310,16744127,Faiz,"2026-08-21 20:33:33",927.9,2,souraditya26
4311,16725441,lemon1219,"2026-08-21 15:37:35",927.8,2,lemon1219
4312,16694710,ponsuk,"2026-08-17 19:01:09",927.7,2,ponsuk
4313,16743790,"yuji y","2026-08-28 10:53:06",927.5,2,yujiyyy
4314,16841344,"Abdoul Ahad Diop","2026-09-10 20:22:54",927.5,2,abdoulahaddiop
4315,16684075,"Tianfang Li","2026-09-25 02:41:25",927.4,2,tianfangli1
4316,16635668,"Mirza Yasir Abdullah Baig","2026-09-25 05:30:19",927.3,2,myab07
4317,16738278,yansf677,"2026-09-01 12:24:29",927.3,2,yansf677
4318,16675905,HydFarms,"2026-08-30 11:22:11",926.9,2,"kumaramar,ronithjaju,shiveshcgatech,vidhishah115"
4319,16685160,Yura,"2026-08-17 07:27:50",926.8,2,yuratrubitsyn
4320,16760295,"Luke Hurt","2026-08-24 01:03:42",926.4,2,lukehurt
4321,16727379,"Nicholas Chua","2026-08-20 16:28:44",926.1,2,nickckb
4322,16674684,next-best-agent,"2026-08-17 15:28:53",926.0,2,"minhduy13ly,tdtu981"
4323,16675503,"Jeff Marc E. Cadet","2026-08-30 17:56:07",926.0,2,jeffmarcecadet
4324,16729054,"Shantanu Kesarkar","2026-08-27 05:50:23",925.7,2,shantanukesarkar
4325,16651672,"Xiaolei Lian","2026-08-19 03:18:04",925.5,2,xiaoleilian
4326,16729640,"Наталья Скляр","2026-08-21 18:11:07",925.4,2,natsklyar
4327,16744043,Take,"2026-08-23 14:17:27",925.3,2,takeuchidaisuke2001
4328,16722120,nekoha,"2026-08-15 15:01:16",925.2,2,nekoha
4329,16698576,monnu,"2026-08-19 05:55:01",925.2,1,fuumin621
4330,16667324,"Muhammed selim Bilic","2026-08-26 17:02:17",924.4,2,muhammedselimbilic
4331,16735582,"Tumaini Makena","2026-08-18 06:01:09",924.4,1,tumainimakena
4332,16697936,"Sami Cakiral","2026-08-15 19:43:40",924.1,2,samicakiral
4333,16660233,ko9ma,"2026-09-08 08:42:33",923.8,2,kohojung
4334,16737843,"Muhammad Shoaib Memon","2026-08-23 19:52:52",923.7,2,muhammadshoaibmemon
4335,16644145,"Mehdi Azouz","2026-09-07 11:22:07",923.7,2,mehdiazouz
4336,16638375,"Tran H Hoang","2026-08-14 17:01:27",923.4,2,tranhhoang
4337,16710141,htatsumi,"2026-08-15 01:07:11",923.1,1,tatsumihasebe
4338,16699745,"Norbert Szolnoki","2026-08-18 11:39:55",922.9,2,norbertszolnoki
4339,16724060,"Mạnh Linh Hoàng","2026-08-15 15:54:52",922.9,2,manhlinh1501
4340,16646679,tong00,"2026-08-17 12:02:11",922.9,2,tong00
4341,16843436,ktaery,"2026-09-27 04:09:34",922.3,2,ktaery
4342,16664762,"John Marinton","2026-09-22 13:52:40",921.8,2,marintonjohn
4343,16661784,"XU XUXIANG","2026-08-27 12:57:06",921.8,2,"mikeaaaa14,xuxuxiang"
4344,16724351,"Luxshan Thavarasa","2026-08-24 09:58:38",921.8,2,luxluxshan
4345,16663240,"Rilen T. L.","2026-08-18 13:45:46",921.6,2,"jairosilvabastos,rilentl"
4346,16710128,"KeHao Liu","2026-08-14 01:52:29",921.5,2,kehaoliu
4347,16653379,"Asakawa Ruriko","2026-08-30 00:31:08",921.3,2,asakawaruriko
4348,16691976,"Harini Panigrahi","2026-08-14 16:57:32",921.2,1,harinipanigrahi
4349,16661352,"Porch Goose","2026-08-21 02:52:24",920.9,2,jaclyndeem
4350,16637329,Rucbic,"2026-08-19 17:32:21",920.7,2,rucbic
4351,16657803,"Arya Mazloomi","2026-08-14 00:17:11",920.6,2,aryamazloomi
4352,16665125,"David Schindler15","2026-08-14 04:58:39",920.3,2,"davidschindler15,mz3207"
4353,16750344,Vaasu0501,"2026-08-28 16:49:39",920.1,2,vaasu0501
4354,16695695,"Siva Kumar","2026-09-26 17:34:13",920.0,2,sivapnlr80
4355,16765953,"Muhammad Ahmed","2026-08-26 13:46:48",919.0,2,muhammad4hmed
4356,16772803,"Linneu Holanda","2026-09-25 02:25:46",919.0,2,linneuholanda
4357,16722330,"Jean-Louis Roy","2026-08-31 07:44:08",918.8,2,jeanjean111
4358,16639732,"Junbeom Lee23","2026-08-15 02:45:23",918.6,2,junbeomlee23
4359,16664128,"Michael Todd Overdorf","2026-08-17 00:32:51",918.3,2,michaeltoddoverdorf
4360,16671694,evananann,"2026-08-19 07:46:36",918.1,2,evananann
4361,16675161,iVl44d,"2026-09-24 11:18:03",917.3,2,ivl44d
4362,16651833,"Hồ Khánh Duy","2026-08-14 17:52:23",917.2,2,hkhnhduy
4363,16729372,"Gaspard Plt","2026-08-17 21:58:55",916.9,2,gaspardplt
4364,16744355,"Sameera T","2026-08-22 10:13:47",916.9,2,sameeramaq
4365,16659763,clarkzhang1031,"2026-08-13 12:27:10",916.8,2,"clarkzhang1031,huafeihuang"
4366,16668700,"Pranshu Ghori","2026-08-17 22:02:35",916.6,2,pranshughori
4367,16708226,asi1024,"2026-08-16 13:14:53",916.3,2,asi1024
4368,16682471,Soumya2003,"2026-09-17 09:22:26",915.9,2,soumya2003uyvv755
4369,16633222,maxingkong733,"2026-08-18 23:32:58",915.9,2,maxingkong733
4370,16669897,"Tahsan Ferdous","2026-08-14 19:30:09",915.8,2,tahsanferdous
4371,16634166,Yuki.O,"2026-08-19 01:38:42",915.4,2,yukiohkawa
4372,16703300,"Fahd EL ANSARI","2026-08-15 23:47:17",915.3,2,fahdelansari
4373,16625241,"Mutoy Choi","2026-09-01 07:42:20",915.1,2,mutoy1
4374,16802892,YUYA,"2026-09-06 08:34:05",914.2,2,yuyaizumikawa
4375,16726064,"sana slama","2026-08-15 17:01:13",914.2,1,sanaslamamm
4376,16660840,"An Garcia","2026-09-25 14:11:29",914.2,2,angarcia
4377,16721947,groots,"2026-08-16 06:32:40",913.8,2,muhammadismail433
4378,16709529,alhlbx5,"2026-09-03 22:48:54",913.7,2,alhlbx5
4379,16734492,Orynx,"2026-08-19 08:01:33",913.5,2,"inderj1,jayveersingh6"
4380,16691524,"Martim Nascimento","2026-09-05 15:54:47",913.2,2,martimnascimento
4381,16675807,cubreto,"2026-08-26 15:00:34",913.2,2,cubreto
4382,16667787,"Daryl Brach","2026-08-17 09:41:51",912.2,2,dbrach
4383,16623226,"Hafida Belayd","2026-09-05 17:12:33",912.0,2,hafidabelayd
4384,16679443,albu,"2026-08-15 19:22:12",912.0,2,albuslaev
4385,16732685,Tanmay,"2026-08-23 18:16:07",911.8,2,blankkz
4386,16698930,MrKiwi,"2026-08-19 09:34:31",911.8,2,mrkiwi
4387,16738235,tenfish,"2026-09-22 15:26:05",911.7,2,"oygdri,takatoyoshikawa"
4388,16693934,evnchn,"2026-08-23 15:41:50",911.6,2,evnchn
4389,16656394,"Pushkar K.G","2026-08-18 09:29:08",911.4,2,dejokz
4390,16630839,steubk,"2026-09-25 05:24:44",911.3,2,steubk
4391,16678872,ibrahim,"2026-08-17 19:30:32",911.0,2,skyfish77
4392,16692548,"Rockstar Farmer","2026-08-19 05:15:37",911.0,2,yuhaili
4393,16698884,VVVoyager,"2026-08-14 03:55:10",910.8,2,"haoxuanshan,hengnui"
4394,16694091,"Nan Leng","2026-08-23 07:41:41",910.5,2,nleng66ca
4395,16663590,"Jakub Dolének","2026-08-13 13:08:32",910.3,2,dolenek
4396,16691987,0xalgos,"2026-08-17 09:35:28",910.2,2,anandvashishtha5362
4397,16698214,Juandix,"2026-08-18 03:35:51",910.1,2,juandix
4398,16677945,"Quân Trần","2026-08-25 06:43:39",909.9,2,wuntrn
4399,16691012,"Sanzhar Almasuly","2026-08-29 07:28:34",909.5,2,sanzharalmasuly
4400,16666946,pwxc00,"2026-09-25 10:44:55",908.9,2,alert04
4401,16771677,"hedy huangyuheng","2026-08-27 02:13:28",908.8,2,hedyhuangyuheng
4402,16640368,"Nkosi Ndwandwe","2026-09-06 05:03:26",908.7,2,nkosindwandwe
4403,16628295,qwertykeypadapple,"2026-08-13 19:05:04",908.6,2,qwertykeypadapple
4404,16672530,GUGUGAGA,"2026-08-14 04:33:54",908.4,2,"ruiyangzhang23,taoguo079"
4405,16634691,bot-farmer,"2026-08-19 06:16:19",908.0,2,shauryam25
4406,16623445,"Hasin Raihan Dhrubo","2026-08-16 09:28:12",907.7,1,hasinraihandhrubo
4407,16709214,"Ariel Suntasig","2026-08-17 19:46:09",907.0,2,arielsuntasig2001
4408,16719100,"Abhiraj Singh","2026-08-14 12:02:33",907.0,2,cyberdrago
4409,16724795,yangqi1234,"2026-08-23 08:26:23",906.9,2,yangqi1234
4410,16701868,AJ,"2026-09-09 20:53:34",906.8,2,abduljabbarcalica
4411,16654548,DataSluts,"2026-08-28 07:00:12",906.6,2,"rahulmedida,siddarthnayak50,sivasu07"
4412,16667734,SuroRitch,"2026-08-15 16:23:52",906.1,2,suroritch
4413,16663284,"Aman Prakash","2026-08-12 20:58:28",905.8,2,amanprakash777
4414,16656584,Spintronic,"2026-08-19 15:24:17",905.8,2,spintronic
4415,16701897,"Alejandro Lavandeira Casais","2026-08-14 12:56:12",905.7,2,alejandrolavandeira
4416,16632444,"Issac “Izreal” Davis","2026-08-13 20:42:03",905.3,2,issacizrealdavis
4417,16719238,"Rômulo Siqueira","2026-08-20 00:15:16",905.1,2,romulosiqueira
4418,16653890,YUKRUB,"2026-09-11 08:55:14",905.0,2,yukrub
4419,16662940,"The Coder Geek Squad Leader","2026-08-17 09:23:58",904.2,2,soulemaneisissifou
4420,16708624,"Aboubacar HEMA","2026-08-19 14:24:02",904.0,2,"aboubacarhema,marcmare,wilfredkouadjo"
4421,16727191,"Alexander Kokshenin","2026-08-20 02:08:15",903.9,2,kokshenin
4422,16621219,"Inna Campo","2026-08-15 09:08:23",903.8,2,innacampo
4423,16713178,Funno,"2026-08-19 17:32:54",903.7,2,yes711
4424,16738461,monnosuke,"2026-09-25 01:17:23",903.6,2,shiomi1012
4425,16727019,uitsnf,"2026-08-23 15:45:22",903.6,2,uitsnf
4426,16651088,ych~sun,"2026-09-11 13:06:05",903.3,2,ychsun
4427,16629403,Galza98,"2026-09-20 06:26:24",903.2,2,galza98
4428,16635317,"KAKA Minishijie","2026-08-26 04:36:55",903.0,2,kakaminishijie
4429,16781170,"Ulugbek Salohiddinov","2026-08-28 02:38:15",902.7,2,ulugbeksalohiddinov
4430,16656519,"Chris Laska","2026-08-25 19:45:39",902.6,2,chrislaska
4431,16622242,"Robert Koval","2026-08-15 07:02:17",902.2,2,robertkoval
4432,16668069,jackhsia,"2026-08-23 15:56:13",902.2,2,jackhsia
4433,16717792,han10086,"2026-08-13 15:05:21",901.9,2,han10086
4434,16695615,Celinao,"2026-08-14 08:02:47",901.5,2,celinao
4435,16674447,"Nathan Thor","2026-09-18 11:07:56",900.4,2,devofpie
4436,16719002,Astraeus,"2026-09-14 15:53:57",900.4,2,astraeusdotdev
4437,16658931,"somewhere after","2026-08-19 08:16:29",900.4,2,amaterasuuuuu
4438,16724109,"small fry in the underworld","2026-09-11 05:51:16",900.3,2,wwwwhitley
4439,16678172,"Eishkaran Singh","2026-08-19 19:12:02",899.9,2,eishkaran
4440,16821267,1417,"2026-09-11 13:14:32",899.9,2,"dongyuhao,liuyihang026,yejialin"
4441,16740320,NguyenAn27,"2026-08-20 00:46:32",899.9,2,nguyenan27
4442,16666939,20237208_黄奕恺,"2026-08-22 12:53:27",899.6,2,mrhuangyy
4443,16723941,teraSurfer40141,"2026-08-16 01:16:49",899.3,2,r00tt00r
4444,16622367,mg,"2026-08-23 17:49:21",899.3,2,"egorkashpar,sashaboriskin,smooky"
4445,16655335,Justus,"2026-08-19 14:18:38",898.7,2,justus0
4446,16659123,sd,"2026-08-18 17:46:56",898.4,2,siddharthadevkota
4447,16668788,ConnieCodes,"2026-08-17 13:40:25",898.3,2,conniecodes
4448,16675240,Leifson1337,"2026-09-25 12:17:00",898.2,2,leifson1337
4449,16748246,"Eric S","2026-08-26 12:50:54",897.9,2,ericsangberg
4450,16740700,"Vyas Senthilkumar","2026-08-19 04:26:42",897.8,2,vyassenthilkumar
4451,16726232,"sayed rafi","2026-08-18 21:13:00",897.7,2,sayedrafi
4452,16718572,MLarpers,"2026-08-22 14:06:48",897.5,2,"koteikachannel,mrhornetik"
4453,16696607,"Manish modak","2026-09-27 02:52:37",897.5,2,manishmodak
4454,16622939,"Kamal Das","2026-08-27 12:47:13",897.4,2,kmldas
4455,16665838,wenbodai,"2026-09-01 12:41:51",897.2,2,wenbodai
4456,16661509,JSON_Voorhees,"2026-09-26 20:04:05",896.6,2,michaelgreenhut
4457,16775412,"moo moo","2026-09-08 15:54:28",896.5,2,"amrof122,yassinamr11"
4458,16710094,winwinwin,"2026-09-03 13:22:51",896.3,2,"ouyangruize,teecemackenieo"
4459,16664164,"Elzandi Irfan Zikra","2026-08-15 15:53:21",896.2,2,"dyahayuretnoningsih2,zangetsufuin"
4460,16735075,"Ronchen Luo","2026-08-18 04:29:47",896.1,2,ronchenluo
4461,16738825,RishabhSpark,"2026-08-28 05:11:27",896.1,2,rishabhspark
4462,16658150,Gravity-x73d,"2026-08-17 09:16:29",895.9,2,gravityx73d
4463,16682557,"Soumalya Mandal","2026-08-14 14:57:29",895.3,2,mrcyberhunter
4464,16759652,Fnoa,"2026-08-23 12:26:39",894.9,2,trasibulo
4465,16658081,ando,"2026-08-20 01:52:23",894.7,2,andoshunsuke
4466,16655305,"Junior Sohou","2026-08-14 00:15:42",894.1,2,juniorsohou
4467,16685626,"Livingstone Selassie","2026-08-16 00:26:50",893.8,2,"hackerx019,livingstoneselassie"
4468,16713155,AdarshAleti,"2026-08-18 05:39:57",893.5,2,adarsh1077
4469,16731432,sieradni,"2026-09-01 06:12:00",893.3,2,sieradni
4470,16623791,rakumo,"2026-08-19 23:46:04",893.2,2,sirakumo
4471,16697689,"Pavel Pakhmutov","2026-08-12 23:11:23",892.9,2,pavelpakhmutov
4472,16670755,"Amine zeDDouk","2026-08-18 09:37:41",892.9,2,aminezeddouk
4473,16672653,Cultuurstelsel,"2026-08-13 16:59:47",892.8,2,ryuorlandotamin
4474,16692851,ichnixhelle,"2026-08-12 22:20:24",892.7,2,ichnixhelle
4475,16724262,"Obu obu","2026-08-15 10:48:05",892.3,2,obuobu
4476,16696631,"saya akan lawan!","2026-08-21 18:42:23",892.3,2,nurhadibudhy
4477,16724233,"Rafal Porwol","2026-09-24 22:02:55",892.2,2,rafalporwol
4478,16685850,K,"2026-08-14 06:37:41",892.1,2,kolci017
4479,16732428,"Darren Amadeus Martin","2026-08-19 00:48:02",891.9,2,darrenamadeusmartin
4480,16707598,Kamazarashi,"2026-08-18 05:40:15",891.7,2,kamazarashi
4481,16750477,"Tapabrata Biswas","2026-08-25 13:11:13",891.6,2,"dumbakaash,ishanhira"
4482,16763978,"Swayam Gode","2026-09-07 16:15:33",891.4,2,swayamgode2
4483,16727090,"Deep Blue Pasture","2026-08-17 02:28:34",891.1,2,shamanah
4484,16634824,yuki16,"2026-08-27 02:55:04",891.0,2,yuki16
4485,16718947,"Dani Ortega","2026-08-25 07:07:35",891.0,2,daniortega99
4486,16744658,Shree85,"2026-09-22 21:05:43",890.8,2,shree85
4487,16748717,mt,"2026-08-20 13:09:12",890.5,1,mtanakaslgfreak
4488,16889392,Prit_44421,"2026-09-14 11:29:09",890.2,2,prit44421
4489,16745294,"Ahmed Ehab Fathi","2026-09-05 01:27:13",890.1,2,ahmedehabfathi
4490,16691702,kss,"2026-08-13 19:30:20",890.0,2,l0glikelihood
4491,16720088,"Oiti Roy","2026-08-14 06:26:04",889.8,1,oitiroy
4492,16634238,SoWwe,"2026-08-29 18:17:46",889.7,2,sowwe4
4493,16691830,"Nikita Lugovoy","2026-08-15 03:39:17",888.4,2,nikital7
4494,16641288,nakagawaren0805,"2026-09-12 10:35:10",888.4,2,nakagawaren0805
4495,16840694,"cory cozy","2026-09-06 11:48:38",888.4,2,corycozy
4496,16696887,kt-Kitayama,"2026-09-01 13:23:49",888.1,2,ktkitayama
4497,16711928,Leraaaa,"2026-09-26 11:32:14",888.0,2,leraaaa
4498,16925900,"Marco Papotti","2026-09-26 14:48:26",887.1,2,marcopapotti
4499,16743741,Arooran,"2026-08-24 13:37:47",887.1,2,arooransivakarunai
4500,16722986,"Abhiram 9803","2026-08-15 18:43:09",887.0,2,abhiram9803
4501,16756415,"Mihai Balan","2026-08-31 06:39:25",887.0,2,mihaibalan
4502,16756925,"Dread Development","2026-09-05 11:38:51",886.6,2,"dreaddevelopment,seanornberg"
4503,16766840,"Andrey ","2026-08-24 14:27:38",886.4,1,anti1111
4504,16631595,CuteClaw,"2026-08-14 01:25:52",886.4,2,bloodmoonwq
4505,16785505,"Rishiraj Acharya","2026-09-08 04:26:42",886.3,2,rishirajacharya
4506,16770648,"Yoshitaka Nozaki","2026-08-26 00:38:06",886.1,1,yoshitakanozaki
4507,16730288,matsurih,"2026-09-26 09:36:20",885.8,2,matsurihime
4508,16656807,Yoganjaneyulu,"2026-08-13 09:20:17",885.5,2,yoganjaneyulu
4509,16657610,"H Bharath","2026-08-31 18:54:57",885.1,2,hbharath
4510,16695093,"Ryota Murai","2026-08-27 15:28:04",884.6,2,rmuraix
4511,16679560,LEET,"2026-08-15 00:45:52",884.3,2,soufianelasfar
4512,16698439,"Pournami Prakash","2026-09-12 20:17:14",884.0,2,pprakas
4513,16710661,"Pengyi Peng1","2026-09-03 05:48:27",883.9,2,pengyipeng1
4514,16623152,"agentic warriors","2026-09-27 00:32:53",883.8,2,"ibadia,isabellawoo01"
4515,16690113,m0chi1216,"2026-08-16 15:07:24",883.7,2,m0chi1216
4516,16766905,Antigone_duckduck,"2026-08-24 16:38:37",883.6,2,antigonexzh
4517,16664860,ANUJPUROHIT18,"2026-09-01 05:03:07",883.5,2,anujpurohit05
4518,16732754,ikeuchy,"2026-08-29 04:10:41",883.3,2,ikeuchy
4519,16649108,"Steve AVOMO","2026-08-17 03:12:41",882.8,2,aurelsteve77
4520,16655179,"I Need an Internship","2026-08-15 02:39:23",882.8,2,dimasibnumuthi
4521,16749618,Fon1as,"2026-08-21 09:36:42",882.5,2,fon1as
4522,16658803,"Rahul Jiwane","2026-08-21 06:19:57",882.3,2,rahuljiwane
4523,16632788,"Bright O.H.","2026-08-23 03:45:36",882.0,2,brightoh
4524,16715187,maker2026,"2026-09-09 00:38:59",881.5,2,maker2026
4525,16674683,"Ali Esam","2026-09-11 17:00:03",881.5,2,zyxsu0
4526,16659614,"Heikki Leskelä","2026-08-22 16:35:42",881.4,2,heikkileskela
4527,16735102,"Zhiqi Liu","2026-08-31 02:57:12",881.4,2,crazyqiqi
4528,16656990,"NALLA SUMANG","2026-08-30 03:15:46",880.7,2,sumangnalla
4529,16730903,noynkmr,"2026-08-25 05:47:01",880.5,1,noynkmr
4530,16766982,"Sir Dona ","2026-08-25 15:54:46",880.3,2,sirdona
4531,16649313,"Jiajun HAN","2026-08-14 07:13:57",880.2,2,jiajun1
4532,16624824,GoofyGenius,"2026-09-09 16:05:59",880.0,2,goofygenius
4533,16735125,mtskggle,"2026-08-22 04:50:43",879.6,2,matsusakaggle
4534,16732462,"Aji Samudra","2026-08-24 09:05:21",879.5,2,ajisamudra
4535,16717630,Amer,"2026-08-13 21:23:41",879.5,2,amerhu
4536,16622251,"Moroz Roman","2026-08-20 06:22:05",879.3,2,crissyro
4537,16727219,"Chukka Venugopalam","2026-09-26 16:47:09",879.1,2,chukkavenugopalam
4538,16726115,helloworld311,"2026-08-17 05:52:20",878.9,2,helloworld311
4539,16723132,Bridgeport,"2026-08-21 20:25:32",878.7,2,bridgeport
4540,16714980,Chenaters,"2026-08-16 08:41:10",878.7,2,chenaters
4541,16655559,"Fajri Yanuar Shiddiq Juanda","2026-08-13 01:40:20",878.3,2,fajriyanuar
4542,16687596,AjPrem,"2026-09-14 02:49:09",878.3,2,"ajprem,jefferysingh,neelcasula"
4543,16656931,pns,"2026-08-15 09:45:46",878.0,2,"nikhilkasyap07,premsivasai,saranboddu"
4544,16759864,exaucedossou,"2026-08-22 17:56:40",877.6,2,exaucdossou
4545,16749347,Shibungi,"2026-09-01 06:52:21",877.6,2,shibungi
4546,16726870,"Svanik Kolli","2026-08-16 00:11:14",877.3,1,svanikkolli
4547,16761849,viber3221,"2026-08-24 13:38:59",877.1,2,viber3221
4548,16734450,"Ian Teigen","2026-08-18 00:04:38",877.1,2,ianteigen
4549,16633096,anvai_agents,"2026-08-20 05:50:45",876.8,2,"anandgaikwad7781,vaidehidhamnikar"
4550,16710587,durgasai,"2026-09-01 13:14:36",876.6,2,dsainvg
4551,16669191,"Mohammed Nomaan","2026-09-19 19:48:47",876.4,2,nomaanz
4552,16841747,"Carlos Bósquez","2026-09-27 04:40:36",876.1,2,carlosbsquez
4553,16696561,"Ali Ramazanov","2026-09-22 07:46:58",876.0,2,aliramazanov
4554,16753985,"Narenthira Balaji","2026-08-21 10:54:17",876.0,1,narenthirabalaji
4555,16665050,"Praneeth Palugula","2026-08-14 06:28:56",875.8,2,praneethpalugula
4556,16842806,"Yan Tao Tang","2026-09-07 10:41:41",875.6,2,yantaotang
4557,16672243,"Fazil Putra","2026-08-14 01:24:17",875.6,2,fazilputra
4558,16662615,"Anurag irawit","2026-09-01 14:16:49",875.4,2,anuragirawit
4559,16675088,"Andrei Chulkov","2026-08-15 19:43:12",874.8,2,andreichulkov
4560,16770952,"Satyajeet Kumar","2026-08-25 20:42:40",874.6,2,m4rcuseryx
4561,16839110,0x3f,"2026-09-26 03:43:58",874.6,2,zhangbowen1005
4562,16634650,UnfriendlyAI,"2026-08-24 11:44:47",874.2,2,unfriendlyai
4563,16728723,"Ronith Rashmikara","2026-08-18 03:28:52",873.9,2,ronithrr
4564,16688368,"Lam Vo","2026-08-15 16:39:23",873.9,2,nhatlam
4565,16710421,SZ_00_zyz,"2026-08-20 02:54:53",873.8,2,sz00zyz
4566,16930655,"Abdalrahman mohamed","2026-09-23 14:42:21",873.6,2,abdalrahmanmohamed3
4567,16743737,"Joanna C.","2026-08-20 23:07:09",873.4,2,joannaciesielski
4568,16803651,gyujinst,"2026-09-05 01:44:38",873.3,2,gyujinst
4569,16709793,"Victor Hotz","2026-08-13 18:48:06",872.9,2,victorhotz
4570,16705328,"Ester Arias","2026-09-27 06:16:51",872.7,2,esterarias
4571,16705176,"Ruslan Raupov","2026-08-20 09:10:24",872.5,2,ruslanraupoff
4572,16768022,"Miles Oberting","2026-08-31 23:48:39",871.7,2,milesoberting
4573,16623753,HZM,"2026-09-11 04:34:07",871.7,2,leehann
4574,16729421,Oblivix,"2026-09-02 04:16:25",871.7,2,"aradhyatiwariii,oblivix"
4575,16669494,"Abdullah Razi","2026-09-03 18:39:36",871.2,2,abdullahroninrazi
4576,16666853,"Bisola Olasehinde","2026-08-31 13:08:21",871.2,1,bizzyvinci
4577,16711910,"Artem Zapara","2026-08-18 16:48:51",871.0,2,artemzapara
4578,16651623,"Sarvesh Talele","2026-08-28 05:18:58",871.0,2,sarveshtalele
4579,16665919,"Labmem Tang","2026-08-31 03:06:37",870.4,2,labmemtang
4580,16668049,"Masayoshi Kurihara","2026-08-14 06:20:21",870.2,2,masayoshikurihara
4581,16748421,lulzx,"2026-08-20 17:52:11",869.8,2,lulzxy
4582,16731243,"[Deleted] dab36be1-9992-4710-95f4-39a9f7a2cd3c","2026-08-24 15:13:27",869.7,2,del=fd92954ed0c92f1a
4583,16714058,"Ahmet Erdem Pamuk","2026-08-12 18:59:18",869.6,2,ahmeterdempamuk
4584,16768647,vaultguard,"2026-09-14 21:08:32",869.6,2,vaultguard
4585,16774228,"Anggit Maulana Abdi","2026-08-28 14:37:01",869.3,2,anggitmaulanaabdi
4586,16690020,shantaitichu,"2026-08-17 09:40:30",869.3,2,shantaitichu
4587,16697223,"Azizii Gill","2026-09-09 21:27:12",869.0,2,aziziigill
4588,16692110,"Ahmed Khudair","2026-08-11 22:33:06",869.0,1,ahmedkhudair121
4589,16751267,Guojun1,"2026-08-21 01:57:23",868.9,1,guojun1
4590,16894541,"Deepak Mahajan","2026-09-17 05:27:59",868.6,2,xdipzz
4591,16680931,"Rattan Singh","2026-08-16 04:23:37",868.3,2,rattans
4592,16728460,oh-Artistburger-AHA-TastyMeat!,"2026-08-16 11:54:46",868.2,1,akikukeo1
4593,16633709,"kitory Yeah やきとり","2026-08-15 22:30:08",867.9,2,kitoryyeah
4594,16715628,Dian,"2026-08-17 01:57:33",867.5,2,clas233
4595,16748524,TongY26,"2026-08-21 08:33:16",867.0,2,tongy26
4596,16775386,kaggler,"2026-08-31 09:29:41",867.0,1,deepkim
4597,16658014,Bharath,"2026-09-26 20:35:40",866.9,2,pes2ug23cs121
4598,16803602,ihiratch,"2026-09-06 15:57:56",866.5,2,ihiratch
4599,16661423,"Rishavendra Sharma","2026-08-31 08:38:23",866.5,2,rishavendrasharma
4600,16755278,Kaz,"2026-09-04 15:27:28",866.0,2,kazuyago
4601,16729484,"Sankalp Nagineni","2026-08-16 17:35:31",866.0,2,sankalpnagineni
4602,16715024,"Ömer Özbek","2026-08-22 13:50:34",865.7,2,omerozb
4603,16661132,"Jia Chen","2026-09-26 19:42:49",865.4,2,jiachenjasper
4604,16639230,Rylan,"2026-08-15 13:15:45",865.3,2,"liuruihan333,wangxiaodundun"
4605,16808914,slfmmm,"2026-09-02 11:50:26",865.3,1,slfmmm
4606,16663313,onlysmrtsumx,"2026-08-12 01:29:30",864.9,2,onlysmrtsumx
4607,16778206,yuanlao153,"2026-08-28 15:00:04",864.9,2,yuanlao153
4608,16674479,"Alan Rosston","2026-08-14 08:20:49",864.9,2,alanrosston
4609,16803913,"SUJIB BARMAN","2026-09-01 16:42:07",864.8,1,cardata
4610,16689447,"Ivan Berrutto","2026-08-13 04:14:38",864.7,2,ivanberrutto
4611,16701969,旧楚狂人,"2026-08-15 14:20:59",864.1,2,jiuchukuangren
4612,16851557,SunaoCool,"2026-09-11 04:15:13",864.0,2,yoshikinishita
4613,16700737,HechtJP,"2026-08-13 11:12:06",863.5,2,hechtjp
4614,16696983,"JKM Ventures","2026-08-17 22:58:03",863.4,2,jeffreydrew
4615,16650372,Greed,"2026-08-12 17:18:47",863.3,2,greedshen
4616,16724533,"Yusei Ito","2026-08-22 19:18:19",862.9,2,yuseiito
4617,16663992,小陈同学,"2026-08-18 07:26:54",862.5,1,czastu
4618,16725642,"Arav Sharma","2026-08-17 03:51:14",862.5,2,aravsharma26
4619,16726512,shash,"2026-08-15 19:41:18",861.4,1,zshashz
4620,16699610,"Sneha ","2026-08-17 01:00:34",860.3,2,kharya3
4621,16695691,neural-canvas,"2026-08-12 20:46:37",859.8,2,mrsanap
4622,16729828,spunkrock,"2026-08-16 20:08:06",859.7,1,spunkrock
4623,16811576,Zi,"2026-09-03 01:52:15",859.4,1,kaigaokaigao
4624,16809168,"Shaun the Sheep ","2026-09-26 11:43:12",859.4,2,badlandsram
4625,16716949,ligaydima,"2026-09-22 07:02:19",859.0,2,ligaidima
4626,16857894,"Ludwig Agurto Contador","2026-09-12 22:35:55",858.7,2,ludwigagurtocontador
4627,16655368,"Mohammed Maqsood L","2026-08-19 10:40:17",858.5,2,mohammedmaqsoodl
4628,16734578,"Pascal Andreas","2026-08-26 17:42:14",858.2,2,pascalandreas
4629,16725242,chinchilla,"2026-08-19 10:53:07",857.9,2,tgwstr
4630,16697024,"Jiri Prudky","2026-09-06 06:00:57",857.7,2,jiprud
4631,16653955,"tanmay singhal","2026-08-29 12:00:53",857.3,2,anexperiencedidiot
4632,16693886,spellstriker,"2026-08-12 22:03:20",857.2,2,spellstriker
4633,16664334,"Satishvaran Ragu","2026-08-28 03:07:19",857.1,2,satishvaranragu
4634,16713771,bndang,"2026-09-19 21:22:11",856.9,2,bndang
4635,16765526,"Kotala Kishan Reddy","2026-08-24 08:56:22",856.9,1,kotalakishanreddy
4636,16714059,Yentür,"2026-08-12 18:47:44",856.7,1,meryentr
4637,16920916,"wiki Alexander","2026-09-23 06:11:41",856.5,2,wikialexander
4638,16756399,"old Ryne Mac had a farm","2026-08-21 19:44:11",856.4,1,rynemac
4639,16773559,"Abhishek Mahto","2026-08-26 06:40:07",856.2,1,abhishek3115
4640,16712888,Vux,"2026-08-20 14:32:16",855.9,2,weiyu85
4641,16714902,HunterBlue,"2026-08-13 18:54:47",855.7,2,marianacodebase
4642,16658097,Sujay,"2026-09-17 06:08:01",855.4,2,sujayprodduturi
4643,16694149,maxout,"2026-09-21 06:18:06",855.2,2,"aadijoshi19,kavyabhand"
4644,16765065,"Rohith T R","2026-08-26 13:28:38",855.1,2,rohithtrgod
4645,16671821,donglee,"2026-08-13 09:13:09",855.0,1,dongleeovo
4646,16700995,"Maram Ali","2026-08-15 09:13:15",854.9,2,msama01
4647,16926108,"Pavan G","2026-09-27 04:02:48",853.8,2,exemplar
4648,16681275,"CUG HeQiao","2026-08-12 09:06:14",853.4,2,cugheqiao
4649,16772450,"Muneeba Badar","2026-08-25 21:19:13",853.1,2,muneebabadar
4650,16738467,EnriFermi,"2026-08-26 23:51:18",853.0,2,enrifermi
4651,16841176,"Bruce Cole","2026-09-09 00:39:28",853.0,2,brucecole
4652,16677832,"Maryam Tahir","2026-08-25 15:07:42",852.6,2,maryamtahir09
4653,16809122,"federico battello","2026-09-10 15:05:02",852.5,2,federicobattello
4654,16729650,"Tapiwa Makandigona - Zimbabwe21","2026-08-31 11:36:48",852.5,2,mukanya1994
4655,16684163,MohamedFD,"2026-08-13 12:32:47",852.3,2,mohamedfd
4656,16667839,Viet-Tien,"2026-08-22 19:46:21",851.7,2,tiena2cva
4657,16732586,Juniex,"2026-09-22 13:52:52",851.7,2,"juniex,shirleyshirleyye"
4658,16941390,yukikotani,"2026-09-25 00:00:27",851.5,2,yukikotani2231
4659,16633580,Vinymo,"2026-08-23 15:32:23",851.0,2,vinymo
4660,16701759,xycai,"2026-08-14 17:23:35",851.0,2,xycaipku
4661,16709462,"KK #2","2026-08-14 09:06:37",851.0,2,kk2909
4662,16699659,"Dimas Pasha Akrilian","2026-09-01 01:59:59",850.9,2,dimaspashaakrilian
4663,16662023,"Vikas Kumar","2026-09-08 17:17:57",850.9,2,vikshit104
4664,16703099,GansPiro,"2026-08-13 18:34:26",850.4,2,ganspiro
4665,16633414,"sagar tripathy","2026-08-13 15:57:56",850.3,2,sagar8trip
4666,16781516,"Hongbin Guokaggle","2026-08-29 04:16:00",850.2,2,hongbinguokaggle
4667,16625611,"Karl Smile","2026-08-28 16:42:46",849.8,2,karlsmile
4668,16635509,simmons1025,"2026-09-24 00:57:55",849.5,2,simmons1025
4669,16689952,"Lazarus Ogero","2026-08-11 16:44:08",849.5,2,lazarusogero
4670,16761728,"Vybhav Nath C A","2026-08-30 12:19:48",849.3,2,shadowfax2000
4671,16725354,"Swaroop piduguralla","2026-08-19 14:23:28",849.1,2,pnsaimanitejaswaroop
4672,16654381,"Dmitry Belan","2026-08-30 17:16:29",848.6,2,dimong4
4673,16728272,"Daris Dzakwan Hoesien","2026-08-16 10:48:22",848.1,1,darisdzakwanhoesien2
4674,16663241,"Kris Adamatzky","2026-08-13 09:49:19",847.4,2,krisadamatzky
4675,16666033,"Shota Takano","2026-09-27 05:00:07",847.1,2,shotatakano
4676,16775781,"I am GroOth","2026-09-26 12:45:32",847.0,2,gideonoba
4677,16927988,"Ravi Ramakrishnan","2026-09-20 05:22:13",847.0,1,ravi20076
4678,16773266,newbyy,"2026-08-26 05:21:47",846.9,1,newbyy
4679,16738705,"Atilla Y","2026-09-12 06:51:34",846.6,2,atillay
4680,16652904,TonightIsOver,"2026-09-26 13:02:54",846.3,2,tonightisover
4681,16636909,"wking edewd","2026-08-21 11:21:57",846.2,1,wkingedewd
4682,16629292,"Syed Saad Hasan Emad","2026-08-17 06:14:38",846.0,1,syedsaadhasanemad
4683,16666884,"Antonio Stanciu","2026-08-15 14:33:52",846.0,2,stanciuantonio
4684,16729874,"Shane Schisler","2026-09-26 19:33:37",845.7,2,seschis
4685,16632146,Haker_Sam,"2026-08-27 10:45:31",845.1,1,hakersam
4686,16621735,VN-Orion,"2026-08-21 11:42:27",845.0,2,fastthanh78
4687,16767528,"Umut Toygar Göz","2026-08-30 13:01:54",844.8,2,umuttoygargoz
4688,16665230,"Jack Burley","2026-09-27 02:36:04",844.5,2,jackburley
4689,16659314,Sandeep063,"2026-08-25 12:44:22",844.1,2,sandeep063
4690,16770302,stardxx,"2026-08-26 02:21:35",844.0,2,stardxx
4691,16695608,"Elie Elias","2026-09-12 11:11:33",843.7,2,elieelias
4692,16763120,"Shivam Singh #2","2026-08-23 16:56:35",843.6,1,shivamsingh17072001
4693,16688153,"Panchajanya Banerjee (Pancham)","2026-08-16 20:28:27",843.6,2,delayedkarma
4694,16627995,"Fire Bird","2026-08-11 20:36:45",843.4,2,xuanleekaggle
4695,16681749,"rohith vinice","2026-08-11 23:55:16",843.2,2,rohithvinice
4696,16691714,"Wesley Juraschek","2026-08-19 06:07:37",843.0,2,wesleyjuraschek1
4697,16693058,"Yuvraj singh","2026-09-18 11:41:37",842.6,2,yuvrajsingh789
4698,16830837,"Damilare Olayemi","2026-09-08 08:35:23",842.6,2,damilareolayemi
4699,16663352,"Avnish Sharma","2026-08-31 14:42:23",842.5,2,kewlaz
4700,16700116,Goldian,"2026-08-21 16:13:40",842.5,2,goldian
4701,16729227,Marjao,"2026-08-16 16:49:12",842.4,2,muniburrehman2020
4702,16789587,"José Luis","2026-09-08 06:49:13",842.3,2,joseluissz
4703,16709744,"Emre Bayram","2026-08-14 09:04:57",841.9,2,emrebayram
4704,16769866,"Suzuki Riki","2026-08-25 12:11:09",841.7,2,suzukiriki
4705,16663694,"Dimitri ZABRE","2026-09-18 22:22:32",841.6,2,dimitrizabre
4706,16682936,"Latifa Riziki","2026-08-12 09:38:13",841.3,2,latifariziki
4707,16656948,"alexander kern","2026-08-24 18:02:17",841.2,2,alexanderkern
4708,16748330,Okan,"2026-08-21 11:15:17",841.0,2,okanzkaya
4709,16684012,ceh,"2026-08-16 04:58:18",841.0,2,emilhessman
4710,16624896,"Akmal Azzam o'g'li","2026-08-18 06:03:51",840.8,1,akmalmir
4711,16656731,"Muhammad Ali","2026-08-14 06:47:06",840.6,2,sardaralimaqsood
4712,16692138,"Bishwa Thakur","2026-09-05 09:15:47",840.5,2,bishwathakur
4713,16772993,"dirty farmers","2026-08-26 06:33:12",840.0,2,jamesgui2007
4714,16698256,Mint,"2026-08-17 18:39:08",839.1,2,rorandangerous
4715,16708333,"Phạm Vương","2026-08-11 16:17:10",838.0,2,vuongphamqq
4716,16692103,HaniJezo,"2026-08-11 20:32:40",838.0,1,hanijezo
4717,16632579,ZZfancy,"2026-08-11 12:04:42",837.9,2,zzfancy
4718,16763383,"Alexandru Sitaru","2026-08-25 07:05:06",837.6,2,sitaru
4719,16733547,"Mark Grayson","2026-08-17 18:53:21",837.6,2,flyingsinclair
4720,16740103,Adjakou,"2026-08-24 07:31:02",837.3,2,adjakou
4721,16831372,"Hazel caviar","2026-09-05 08:07:40",836.3,2,hazelcaviar
4722,16925842,Naoya,"2026-09-27 06:19:37",836.3,2,takashimanaoya
4723,16710672,"Yasemin Koç","2026-08-14 05:52:52",835.7,2,yaseminmkoc
4724,16695964,"JiMing Feng","2026-08-17 10:56:45",833.7,2,jimingfeng
4725,16651052,lty,"2026-08-18 02:33:01",833.6,2,linwei9
4726,16767164,"yuhan wu","2026-08-26 09:37:53",833.5,2,yuhanwu487
4727,16665702,"Aman Gupta","2026-09-08 16:26:19",833.3,2,amangupta0014
4728,16673097,"Sonu Kushwaha","2026-09-01 11:10:15",833.3,2,sonukushwaha124
4729,16771780,Trichoderma,"2026-09-06 04:58:38",832.9,2,brunoescalhao
4730,16707584,sadatch,"2026-08-13 05:18:28",832.9,2,sadatch
4731,16693159,"Zonglin Han","2026-08-13 17:10:08",832.7,2,zonglinhan
4732,16709300,炫酷的小克里斯,"2026-08-19 15:54:28",832.5,2,tinfufans
4733,16749153,"Arnav Mishra","2026-09-12 05:10:43",832.4,2,arnavmishra02
4734,16667729,"Daniel Wu","2026-08-15 14:35:27",832.3,2,danielwuu
4735,16627400,"Krasnov Daniil","2026-08-11 06:04:48",831.8,2,daniilkrasnovvv
4736,16695501,brocade,"2026-08-15 00:01:12",830.8,2,brocade
4737,16682303,"Kapadiya Nirav Kumar","2026-08-18 06:24:30",830.7,2,kapadiyaniravkumar
4738,16697675,"Isaac Grossman","2026-08-30 23:21:35",830.6,2,kingisaac
4739,16697021,Vaishnavi22052006,"2026-08-11 18:43:08",830.5,2,vaishnavi22052006
4740,16624682,FrederikZ,"2026-09-02 10:17:51",830.5,1,zkirederf
4741,16675305,"Justin Sabu Sebastian","2026-08-22 23:19:57",830.3,2,justinsabusebastian
4742,16657494,Trex,"2026-08-12 14:00:14",830.0,2,trexzone
4743,16676154,"Tuan Tran","2026-08-10 16:29:40",829.4,2,thtuan
4744,16662653,"Jordan Schaeffer","2026-09-09 01:49:11",829.0,2,jordanmschaeffer
4745,16623020,Muhandro,"2026-08-20 16:29:57",828.8,2,muhandro
4746,16659692,"Hùng Nguyễn Huy (Hiirooo)","2026-08-11 03:47:45",828.8,2,hngnguynhuy
4747,16692090,sans,"2026-08-12 03:14:55",828.6,2,sans6262q
4748,16634654,unknown,"2026-08-13 02:11:22",828.2,2,abdullahshafi2021
4749,16719551,JamesYip7,"2026-08-20 10:24:50",828.1,2,jamesyip7
4750,16681620,wanwanuil,"2026-08-13 12:43:19",827.6,2,wanwanuil
4751,16843755,oguzok,"2026-09-27 06:03:31",827.4,2,oguzok
4752,16889423,ShinChua,"2026-09-14 12:50:22",827.2,1,shinchua
4753,16679767,Salut!,"2026-08-12 21:56:55",827.2,2,denismekhanikov
4754,16698942,"PRADHAN RS","2026-08-13 18:06:58",827.2,2,pradhanrs
4755,16645712,"Changye Li","2026-08-24 06:23:33",827.1,2,antoinegg1
4756,16660371,"José Luis Gómez","2026-08-13 01:37:42",826.9,2,josluisgmezz
4757,16690567,"Falih Kaleel","2026-09-26 14:52:12",826.6,2,alphajet185
4758,16691591,"Dheeraj Kumar #3","2026-08-12 04:05:32",825.9,2,kdheeraz
4759,16754552,Touyu,"2026-09-24 23:29:39",825.9,2,yutoaoki
4760,16924409,Obsidian,"2026-09-26 10:12:21",825.4,2,edwardkhunt
4761,16716468,"Sakhawat Hossen","2026-08-15 03:28:07",825.3,2,sakhawathossen
4762,16692164,Abdulrahman.su10,"2026-08-11 20:35:39",824.6,1,abdulrahmansu10
4763,16806886,dreamtear,"2026-09-02 05:55:56",824.3,1,mohanzeng
4764,16809277,"Shuntaro Tanaka","2026-09-11 01:01:20",823.8,2,shuntarotanaka
4765,16745092,zakihiro,"2026-08-21 07:59:39",823.7,2,zakihiro
4766,16676043,"Tejash Rai","2026-08-14 07:16:01",823.5,2,tejashrai
4767,16805763,"Masaya Kawamata","2026-09-04 03:39:48",823.4,2,masayakawamata
4768,16705584,"Adil Munawar","2026-08-29 21:18:33",823.2,2,adilmunawar
4769,16660331,A.K.NITHIN,"2026-08-12 12:07:32",823.1,2,aknithin
4770,16785100,5386,"2026-09-10 11:08:04",822.9,2,"ismktkaggle,rairai314,satosis"
4771,16661093,"INDRAJIT SWAIN","2026-08-15 13:23:37",822.6,2,indrajitswain
4772,16780558,hxrdxk,"2026-08-29 18:36:48",822.5,2,hxrdxk
4773,16673110,"Sri Jayavel K","2026-08-20 08:18:31",821.5,2,srijayavelk
4774,16674649,寿!,"2026-08-12 06:45:37",821.3,1,taka3776toshi
4775,16660711,ricardo,"2026-08-15 22:34:26",821.2,2,magania
4776,16830784,栀蓝thy,"2026-09-15 10:03:44",821.1,2,tianhaoyuan86
4777,16667994,"Zhian Wei","2026-09-11 06:57:54",820.0,2,zh1anwe1
4778,16696769,"maximo lorenzo y losada","2026-08-12 13:07:35",819.7,2,maximolorenzoylosada
4779,16676356,"Wander waal","2026-08-11 02:48:56",819.6,2,wanderwaal
4780,16949339,Kuriboh,"2026-09-26 19:43:15",819.5,2,cauchyeix
4781,16706315,"Desert Fox88","2026-08-11 12:02:03",819.0,2,desertfox88
4782,16927276,"julian andres viejo garrido","2026-09-26 03:26:34",818.9,2,salmaviejo
4783,16625615,"Mobeen Fatima","2026-09-24 10:19:55",818.3,2,mobeenfatimah
4784,16657857,hust_xll,"2026-08-12 05:38:12",817.9,2,hustxll
4785,16656316,"Richard Tang","2026-08-11 01:09:34",817.8,2,richardgtang
4786,16672374,"kelly waldeck","2026-08-11 21:07:30",817.1,2,kellywaldeck
4787,16688136,"Armanzhan Ayan","2026-08-11 16:49:36",817.1,2,armanzhanayan
4788,16678638,Loshtradz,"2026-08-26 18:40:35",816.1,2,loshtradz
4789,16737113,"Sergei Myshianov","2026-08-20 03:24:23",815.9,2,sergeimyshianov
4790,16640058,"Justin CH123","2026-08-11 09:15:28",815.6,2,justinch123
4791,16724779,"Gavin Cao","2026-08-16 09:00:53",815.5,2,gavinxgcao
4792,16633886,mudesteven,"2026-08-16 02:54:25",815.4,2,fastlight2007
4793,16701573,"Haggai Musoda","2026-08-17 20:04:00",815.2,2,haggismusoda
4794,16728955,"Chris Murphy","2026-09-07 23:33:26",815.1,2,mur418
4795,16683441,Eura73,"2026-08-21 08:07:47",814.7,2,eura73
4796,16669778,UknesIruka,"2026-09-18 18:30:56",814.4,2,uknesiruka
4797,16632675,"Baran Kucuk","2026-08-11 15:09:58",814.2,2,barankucuk
4798,16706283,haogood666,"2026-08-11 08:25:40",814.1,1,haogood666
4799,16793134,sawasawasawa,"2026-09-07 09:06:57",814.0,2,yukisawamura
4800,16670433,"Mohammad Osamah Atif","2026-08-19 08:46:32",813.9,2,osamatif
4801,16875777,YinboLiu,"2026-09-17 11:11:46",813.5,2,yinboliu
4802,16650485,nasu726,"2026-08-13 13:51:20",813.3,2,nasu726
4803,16640869,taijunhao,"2026-08-12 10:26:30",813.2,2,taijunhao
4804,16662166,duy,"2026-08-31 08:50:51",813.1,2,hduynguyen
4805,16687724,Yijue1,"2026-08-11 02:15:05",812.8,2,yijue1
4806,16663820,taka,"2026-09-16 22:06:10",812.8,2,takaakiishi
4807,16709069,"James Mcquay","2026-08-14 18:05:40",812.8,2,jamesmcquay
4808,16660333,"Deanos Crew","2026-08-11 13:10:19",812.0,2,jamescole0101
4809,16684947,Hoaquason,"2026-09-04 08:54:54",811.6,2,"datnguyen0102,mibombaclat"
4810,16790115,Starumi,"2026-08-31 00:39:22",811.1,2,starumi
4811,16653153,Gbining,"2026-09-23 15:25:35",810.3,2,gbining
4812,16689770,"Abdillah Sagif","2026-08-11 10:11:23",810.1,2,abdillahsagif
4813,16636004,"Ragunath Ravi","2026-08-11 10:59:07",810.0,2,ragunathravi
4814,16804961,explise,"2026-09-02 08:13:03",810.0,2,explise
4815,16661983,"Victor's Team","2026-08-12 12:05:19",809.6,2,"dlordsjustified,jezrealmomoh,joludare,victorokpe"
4816,16767431,Nine1Eight,"2026-08-24 16:51:12",809.5,1,wethepeople918
4817,16702774,FilipJ,"2026-08-16 18:34:05",809.3,2,filipjarmua
4818,16679371,ΛYMΞNRH,"2026-08-11 06:43:55",809.2,2,aymnrh
4819,16665058,"Llin Ding","2026-09-01 05:38:32",809.1,2,"greatneuro,llinding"
4820,16696608,beanbamboozled,"2026-08-10 10:45:19",808.7,2,beanbamboozled
4821,16722902,"Grigorii IU","2026-08-22 01:54:09",808.6,2,grigorii220
4822,16666410,"Binil George","2026-08-12 10:40:43",808.3,2,binilg
4823,16940838,"Dean Wuu","2026-09-23 02:06:11",807.8,2,deanwuu
4824,16656691,"Sahaj Deep Singh","2026-08-12 01:39:36",807.5,2,sahajdeepsingh9877
4825,16700630,apoyusiken,"2026-08-12 06:10:52",807.3,2,umutarpay
4826,16695376,Garv88,"2026-08-13 12:19:20",807.2,2,garv88
4827,16696895,BrokeFarm,"2026-09-27 01:15:11",807.2,2,brucec
4828,16696644,"Franklin T","2026-09-13 07:17:43",807.1,2,franklin0410
4829,16688436,Zuu3scode,"2026-08-12 15:19:16",806.6,2,zuu3scode
4830,16679519,"Петьо Лазаров","2026-08-10 22:30:35",806.4,2,pesosz
4831,16660479,"Lakhindar Pal","2026-08-31 13:26:49",806.3,1,lakhindarpal
4832,16702482,"Carlos Navarro","2026-08-14 05:26:26",805.9,2,navarr0
4833,16655210,Amon,"2026-08-16 06:09:04",805.5,2,kingaemon
4834,16655952,"Tianfu Wang (王天夫)","2026-08-12 15:08:12",805.5,2,wangtf96
4835,16705441,CooperJiang,"2026-08-13 06:57:44",805.3,2,gingersna
4836,16676025,"Csaba József","2026-08-31 19:31:00",805.3,2,"jcsaba,peterkiss4"
4837,16668334,Suavemango,"2026-08-12 05:18:03",805.0,2,suavemango
4838,16644891,yankang_XZK,"2026-09-02 18:29:53",805.0,2,yankang233
4839,16692457,t2better,"2026-08-12 11:56:41",804.9,2,t2better
4840,16660911,"Animesh Ratna","2026-08-23 22:01:35",804.3,2,animeshratna
4841,16692490,"Enes Coşkun","2026-08-11 05:37:38",804.1,2,enscskn
4842,16709473,"Selahattin Günter","2026-08-23 14:07:42",804.1,2,selahattingnter
4843,16693925,"Francisco Corredor","2026-09-26 20:36:17",804.0,2,franciscocorredor
4844,16655715,Chin,"2026-08-12 06:20:32",803.5,2,qinyukun
4845,16633006,Kaiser,"2026-09-01 06:36:38",803.3,1,kaiserm
4846,16658487,radozaprazny,"2026-09-12 14:09:06",802.6,2,radozaprazny
4847,16655693,DePie,"2026-09-24 02:35:28",802.5,2,phucthaiv02
4848,16695137,"Samantha Nicole Bracamonte","2026-09-26 19:53:35",802.5,2,snrbracamonte
4849,16657429,"xiao cat q","2026-08-12 01:41:13",802.5,2,xiaocatq
4850,16708573,Benser,"2026-08-15 14:41:24",802.3,2,benser
4851,16770777,"Oscar Legoupil","2026-09-09 15:43:18",801.9,2,oscarlegoupil
4852,16707993,"Sangita Bannore","2026-08-11 14:33:47",801.2,1,sangitabannore
4853,16672579,"Udbhaw Anand","2026-08-22 13:15:18",801.2,2,udbhawanand
4854,16817309,"TeddyDog Lovely","2026-09-03 10:44:15",800.7,2,teddydoglovely
4855,16667233,EdGy2k,"2026-08-10 10:41:12",800.3,2,edgy2k
4856,16659890,"Cu Spoon","2026-08-25 22:02:11",800.1,2,cuspoon
4857,16666733,"Alberto MV","2026-08-10 23:06:33",799.9,2,albertomv
4858,16912040,YUYAN457,"2026-09-18 08:13:27",799.8,2,yuyan457
4859,16666282,"Bang sion","2026-08-22 10:06:06",799.8,2,bangsioni
4860,16624651,"Zihao Zeng","2026-09-27 06:15:40",799.6,2,zihaozeng0021
4861,16687594,"Andrew Markley","2026-08-13 01:19:04",799.6,2,andrewmarkley1
4862,16663919,hnhyhj,"2026-08-13 04:05:56",799.5,2,hnhyhj
4863,16662749,Jordan,"2026-09-27 06:17:34",799.5,2,extergeist
4864,16725680,henri66,"2026-08-15 21:09:47",799.5,2,henri665
4865,16793275,"Biao Cao","2026-08-30 13:44:48",799.1,1,biaocao398
4866,16701466,"HELIOS reasonning","2026-08-11 22:38:55",799.1,2,heliosreasonning
4867,16662213,"Yang Zong-Yu phD","2026-09-24 03:00:14",799.1,2,yangzongyuphd
4868,16705370,TS2333,"2026-08-11 03:40:40",799.0,2,ts2333
4869,16695903,cerensukaramese,"2026-08-14 09:18:05",798.8,2,cerensukaramese
4870,16745264,wpang,"2026-09-25 00:08:24",798.7,2,wangshu
4871,16660653,kanchana's,"2026-09-21 17:23:31",798.6,2,"saikanchana,yuvarajkanchana"
4872,16658746,marinxbt,"2026-09-11 14:18:24",798.5,2,marinxbt
4873,16733121,saturnliu,"2026-09-10 17:20:24",798.2,2,saturnliu
4874,16676275,Scorpi,"2026-08-12 01:34:25",798.1,2,scorpi
4875,16704622,ray,"2026-08-11 16:30:13",797.9,2,rayenezanned
4876,16623444,"sary sary","2026-09-22 20:50:21",797.9,2,sarysary
4877,16762837,Nagamatsur,"2026-09-17 12:24:55",797.5,2,rihitonagamatsu
4878,16631777,KiKi,"2026-09-03 04:27:02",796.9,2,kingkiller2164
4879,16706825,"Niranjana Vincent ","2026-09-23 01:06:38",796.9,2,nj54425
4880,16760101,"Big Moo","2026-08-25 00:52:06",796.8,2,abdullahramadan1
4881,16779063,"Yendrew Y","2026-09-26 12:10:52",796.7,2,yendrewy
4882,16780967,"black hole sun","2026-09-01 02:25:21",796.2,2,danielefiorino
4883,16667052,"Dandan Li","2026-08-15 18:07:17",795.8,2,clcll532x
4884,16768644,Momoko,"2026-08-25 03:22:50",795.7,1,yangmengyuanmomoko
4885,16659803,nRuaif,"2026-08-22 02:47:10",794.9,2,phngdoan
4886,16793535,Pink,"2026-09-15 08:44:32",794.8,2,farjanaafrinswarna
4887,16695176,"Zakaria Settar","2026-08-16 21:52:31",794.4,2,zakariasettar
4888,16762019,yukino,"2026-09-27 06:15:42",794.3,2,"jifengjianhao666,mqingcs"
4889,16656181,Vishwa,"2026-08-11 05:46:58",794.1,2,rv1922
4890,16712651,riicon,"2026-09-26 14:45:17",793.8,2,risakashiwabara
4891,16643233,"Marco DG","2026-08-11 06:20:14",793.7,2,marcodg
4892,16660037,shehai.lrs,"2026-08-11 13:37:32",793.2,2,shehailrs
4893,16669643,"Athenix Kaggriculture","2026-08-24 18:23:54",792.6,2,sdafdsfsdfgdsg
4894,16808116,WWAWW,"2026-09-15 03:47:37",792.5,2,masatowaragai
4895,16624088,Pomiro,"2026-08-11 04:41:24",792.2,2,pomiro
4896,16675582,DavidX,"2026-08-11 06:05:18",791.2,2,davidasx
4897,16672075,"Kameron Green","2026-08-11 05:49:32",790.8,2,hgenix20
4898,16688265,"Kyle #2","2026-08-11 01:51:35",790.8,2,georgeturbo
4899,16700314,Giallar,"2026-08-14 16:45:53",790.7,2,andreykrotkikh
4900,16786082,"Noberto Frota","2026-08-29 00:40:42",790.4,1,nobertofrota
4901,16701221,"Othman Istaiteh","2026-08-10 13:25:38",790.4,2,istatieh
4902,16705192,"John Ogah","2026-08-16 03:54:21",789.8,2,johnogah
4903,16660594,XIAODOUZI,"2026-08-17 12:06:50",789.5,2,xiaodouzi666
4904,16671666,showtree,"2026-09-02 01:53:55",789.3,2,showtree
4905,16659618,"Jeevan Jolly","2026-08-13 13:51:52",788.7,2,jeevanjolly
4906,16881964,"Vipeen Kumar","2026-09-21 06:20:46",788.1,2,vipeen
4907,16635330,tekatoncat,"2026-08-16 23:42:10",788.1,2,tekatoncat
4908,16904681,yzhaolabs,"2026-09-20 10:26:40",788.1,2,zhaoyuanzhen
4909,16677723,"Trip Meiners","2026-09-22 14:40:41",787.2,2,tripmeiners
4910,16639476,耶✌,"2026-08-30 19:52:36",786.9,1,qifeihhh666
4911,16689471,wenjinyang,"2026-08-11 13:32:09",786.6,2,wenjinyang
4912,16807134,"Chaowei Liang","2026-09-09 01:53:25",786.2,2,chaoweiliang
4913,16697142,Kujaomega,"2026-08-10 22:13:02",786.2,1,kujaomega
4914,16761975,lixiuqixiaoke,"2026-08-26 09:59:11",785.8,2,lixiuqixiaoke
4915,16784719,"Ayush Shekhar","2026-09-26 06:32:29",785.7,2,ayushshekhar56
4916,16885421,"Lee Minseung","2026-09-26 15:30:40",785.6,2,leeminseung
4917,16662718,xlnt,"2026-08-22 12:37:49",785.3,2,"princebisht,xlnt404"
4918,16652741,"Sergi Bas","2026-09-23 16:29:27",785.3,2,sergibas
4919,16848998,yiweigan,"2026-09-22 13:17:52",785.0,2,yiweigan
4920,16713031,"Nahid Hossain Redom","2026-08-13 15:38:30",784.9,2,nahidhossainredom
4921,16655323,roma,"2026-08-09 19:49:51",784.7,2,mnroma
4922,16770979,"Paulo Martins","2026-09-27 00:57:45",784.7,2,paulomartins87
4923,16726422,"Praveen Kumar","2026-08-29 11:25:55",784.3,2,pankajrepswal
4924,16635238,"Tai Tien Ta","2026-09-03 03:25:55",784.0,2,tittin
4925,16679347,"Youssef EL MSIYAH","2026-08-09 12:07:55",783.6,2,youssefelmsiyah
4926,16729859,wintermute,"2026-09-24 07:44:41",783.6,2,siraev
4927,16664481,"Siddhu Jaykay","2026-08-12 14:02:29",783.6,2,siddhujaykay
4928,16672247,"Movie Watch2022","2026-08-18 19:48:12",783.6,2,moviewatch2022
4929,16823736,"Logan Seitz","2026-09-09 15:07:29",783.4,2,loganseitz26
4930,16890654,"Niloofar Y.","2026-09-24 17:12:56",783.1,2,niloofaryoonesi
4931,16806003,"Hazqeel Afyq","2026-09-20 08:53:15",783.0,2,hazqeelafyqathaillah
4932,16736816,LLE,"2026-08-22 16:50:40",783.0,2,"rajaditya01,saiash"
4933,16751992,Coding4Fun07,"2026-09-26 10:56:46",783.0,2,coding4fun07
4934,16696208,"kazwzn S","2026-09-22 12:06:22",783.0,2,kazwzns
4935,16684852,後藤将斗,"2026-08-24 14:51:20",782.9,2,masato09
4936,16622487,"Sam kramer_1028","2026-08-18 09:40:58",782.5,2,samkramer1028
4937,16624625,"Harsha Vardhan","2026-08-10 07:33:35",781.7,2,harshacode101
4938,16828106,AG,"2026-09-20 00:12:01",781.7,2,lacroix7771
4939,16729863,Monkeyzl,"2026-08-22 20:02:21",781.6,2,monkeyzl
4940,16704027,"Alan Cai","2026-08-10 22:36:40",781.6,1,alancai27
4941,16659529,"Sanchit Jain","2026-09-25 22:33:41",781.2,2,sanchit1609
4942,16729800,"Alchemical Retard.","2026-08-20 07:28:07",781.0,2,alchemicalretard
4943,16925552,JacobQIQI,"2026-09-22 13:58:21",780.5,1,jacobqiqi
4944,16726173,"Aman Bihari","2026-08-23 12:51:05",780.2,2,amanbihari
4945,16670545,"Mouad AIT HA","2026-08-18 20:03:55",779.6,2,mo0103
4946,16690829,JeremyH43,"2026-08-16 00:06:30",778.4,2,jeremyh43
4947,16732140,Miaa1526,"2026-08-24 08:58:42",778.3,2,miaa1526
4948,16658875,"Noah Bishop","2026-08-10 09:56:34",777.9,2,noahbishop1
4949,16694065,zhangwei02,"2026-08-30 09:29:12",777.8,2,zhangwei02
4950,16691275,"Muhiminul Islam   Mahim","2026-08-12 10:04:35",777.3,2,muhiminulislammahim
4951,16743015,"Sword's Frost","2026-09-26 00:09:57",777.1,2,alexwilliam7
4952,16839972,"Yusuf Lee","2026-09-05 15:16:20",776.7,1,yusuflee
4953,16653984,"Howard Lyu","2026-08-08 18:35:00",776.0,2,howardlyu
4954,16660259,Marcus,"2026-08-08 17:23:34",775.0,2,marcuseno
4955,16683982,Kenny,"2026-08-16 19:43:13",774.8,2,kmonar
4956,16694744,XiaoZhiren,"2026-08-10 13:03:56",774.4,2,"ruikangan,xiaozhiren"
4957,16661707,"Rudolf HOUNLETE","2026-08-09 11:41:08",774.1,2,queystanle
4958,16746592,Harvester,"2026-08-21 13:57:05",773.9,2,yudhis16
4959,16675752,"Simon Rüba","2026-08-10 14:23:16",773.1,2,simonrba
4960,16693374,"Henfry De Los Santos","2026-08-12 11:43:51",772.7,2,henfrydelossantos
4961,16696852,MYGEMER,"2026-08-09 15:43:13",772.6,1,mygemer
4962,16639236,"Dhavan Shah","2026-08-12 18:20:38",772.5,2,dhavanshah99
4963,16760247,kriskur123,"2026-09-15 14:23:38",772.1,2,kriskur123
4964,16847300,"Lam PayGi","2026-09-08 02:02:17",771.9,2,lampaygi
4965,16722500,"Mike Murunov","2026-08-16 15:18:17",771.6,2,mikhailmurunov
4966,16818689,Takashi,"2026-09-24 11:35:16",771.5,2,takashi1
4967,16940857,"Melon Man","2026-09-26 11:58:55",771.5,2,alvinandrada
4968,16671174,Alexandre008,"2026-08-09 12:29:49",771.5,2,alexandre008
4969,16823144,"AARAV JADAV","2026-09-26 16:51:40",771.3,2,aaravjadav
4970,16671837,"Ronald K Wilson ","2026-09-21 14:14:14",771.2,2,ronaldkwilson
4971,16905921,关注塔菲喵,"2026-09-16 16:11:46",770.8,2,zuberi05
4972,16685828,Ztr0,"2026-08-09 05:53:10",770.4,2,y1amadeus
4973,16671314,"Robot Farm","2026-08-29 16:54:23",770.4,2,codearranger
4974,16654122,"Peter Thompson","2026-08-10 17:59:36",770.4,2,mightytreefolk
4975,16917996,Agentculture,"2026-09-22 09:28:26",770.3,2,"ericchen001,huzhenyi,sylvia47,thx123456121"
4976,16676911,"Michał Ścibak","2026-09-26 19:36:53",770.2,2,michacibak
4977,16680646,Naym0425,"2026-08-14 04:20:36",769.3,2,naym0425
4978,16664242,"Alex Lee","2026-08-11 03:43:12",769.0,2,aiexanderr
4979,16652849,Hejunhui,"2026-08-16 14:15:29",768.9,2,website98
4980,16910441,Ultracodes,"2026-09-20 11:27:09",768.7,2,"guanchaosun,lh123463,yitao111"
4981,16652827,"Rob C","2026-08-14 03:04:30",768.3,2,robertcheah
4982,16622319,"Roman Tamrazov 52","2026-09-26 20:02:46",767.5,2,romantamrazov
4983,16923114,Pruthvij08#,"2026-09-19 06:44:33",767.5,2,pruthvij08
4984,16657598,"Arun Mallikarjuna","2026-08-10 04:29:14",767.4,2,arunmallikarjuna
4985,16695182,"Ali Haydar Özdağ","2026-08-10 14:29:59",767.2,2,ahoirg
4986,16702909,SG4265,"2026-09-07 21:14:54",767.0,2,sg4265
4987,16644378,"hicham bedrani","2026-08-28 11:33:17",766.9,2,hichambedrani
4988,16672980,"Thomas Prinz","2026-08-09 13:57:51",766.7,2,xardiphotography
4989,16724895,russ,"2026-08-19 08:55:30",766.6,2,mdevian
4990,16742442,"Anton Dugin","2026-08-21 09:51:07",766.3,2,antondugin
4991,16907268,"Ilya Fedorov","2026-09-19 16:29:53",766.1,2,sorrow321
4992,16920167,AI+Agriculture,"2026-09-21 02:33:40",766.0,2,"alexanderzhiyuanliu,duyutong6,jackdeng123,lgz666"
4993,16653208,FabienDaniel,"2026-08-07 10:17:38",765.5,2,fabiendaniel
4994,16659662,MOHSIN525,"2026-09-01 15:43:49",765.5,2,mohsin525
4995,16681226,"tingting shen","2026-08-10 09:24:23",765.1,2,tingtingshen99
4996,16869317,Pikachuexeallen,"2026-09-12 19:46:36",765.0,2,pikachuexeallen
4997,16663678,"Fabiano Adelino","2026-09-25 14:48:28",764.9,2,fabianoadelino
4998,16857621,"stack overflow","2026-09-12 01:24:42",764.7,2,"cudastack,dlbyte,dsbeta"
4999,16676038,"Adyanth M","2026-08-09 05:12:40",764.5,2,adyanthm
5000,16811703,KaggricultureX,"2026-09-20 02:45:19",764.2,2,"hanwang666,huanghaoyu7280,lannuo,liangzixiabc"
5001,16749776,DataLover,"2026-08-20 16:34:37",763.9,1,paulknidler
5002,16815105,"Saurav Chaudhari","2026-09-03 08:46:53",763.8,2,saur3x
5003,16732537,Rapha,"2026-09-27 01:49:43",763.6,2,raphaabels
5004,16732679,argon,"2026-08-19 08:32:47",763.2,2,argonlabs
5005,16660430,"Hassaan Ibrahim","2026-08-10 12:45:55",762.9,2,hassaanibrahim
5006,16846968,kfous,"2026-09-25 16:20:28",762.8,2,kfousekis
5007,16635612,Julian,"2026-09-26 15:14:39",762.5,2,mob404
5008,16789865,AgroByte-dev,"2026-09-02 14:39:25",762.5,2,ylyasyylkybayev
5009,16664179,animelonerboy,"2026-08-09 15:52:55",762.3,2,adambasa5
5010,16728633,draven,"2026-09-12 07:35:01",762.3,2,ustchx
5011,16634174,phibkro,"2026-08-07 03:10:52",762.2,2,phibkro
5012,16672660,"Straw Hat","2026-08-11 06:14:47",761.8,2,"anuragugargol,tanishafagare114"
5013,16736429,Rudra278,"2026-08-18 12:07:42",761.5,1,rudra278
5014,16667124,"Chaotic Era","2026-08-12 01:26:13",761.5,2,sani84
5015,16665935,eternitywinner,"2026-08-08 14:41:53",761.5,2,eternitywinner
5016,16674744,"Burhan Ul Tayyab","2026-08-10 10:55:43",761.5,2,babychick
5017,16659610,gareeb,"2026-08-10 15:46:50",761.5,2,"arjund29,saqlainsqx,yashawl194"
5018,16884751,"full-auto agent","2026-09-16 04:26:04",761.4,2,"idcode,pychat,regularl2,tokenrank"
5019,16711725,meatori-nu,"2026-09-05 13:40:48",761.4,2,meatorinu
5020,16880045,"Underground Farmers","2026-09-13 13:04:19",761.3,2,xavierwi
5021,16926195,koutwiring,"2026-09-24 20:54:24",761.2,2,koutwiring
5022,16684639,Bru3ll,"2026-08-09 15:50:45",760.6,2,bru3ll
5023,16630372,Q.qlmmm,"2026-08-24 18:25:02",760.5,2,qlammi
5024,16731924,CuddleYokai,"2026-08-19 10:57:11",760.4,2,cuddleyokai
5025,16639496,"Sai Teja Bandaru","2026-08-11 14:51:49",760.3,2,saitejabandaruin
5026,16661100,"Muhammad Junaid","2026-09-06 21:24:50",760.0,2,junaid512
5027,16713590,"Александр Арутюнян","2026-08-13 05:20:18",759.6,2,alexarut17
5028,16623461,MightyK,"2026-08-09 05:36:23",758.6,2,anhhkhoi
5029,16692677,"Ashish Dubey","2026-08-10 06:17:34",758.4,2,ashish124536
5030,16884814,"Happy Farmers","2026-09-16 04:30:33",758.1,2,"loopide,mapmicro,modelkit"
5031,16910408,Yuumi080911,"2026-09-20 09:42:09",758.0,2,"haiyunzhang,yuumi080911"
5032,16670202,"Elizabeth Park","2026-08-09 20:33:17",757.7,2,elizabethpark
5033,16663928,Auxileon,"2026-08-09 16:20:13",757.6,2,auxileon
5034,16639125,"Caio Coelho","2026-08-09 15:38:12",757.4,2,caio41
5035,16665976,"Daksh Goyal","2026-08-08 20:36:06",757.1,2,dakshgoyal387
5036,16623189,"Aditya Mishra","2026-08-09 03:42:06",756.9,2,adityamishranika
5037,16625472,"luna is free！","2026-08-29 16:39:51",756.2,2,simingtan
5038,16660385,"Jose Santiago Echevarria","2026-08-25 12:02:45",755.3,2,jmsechevarria
5039,16904566,FLA,"2026-09-20 10:42:53",755.1,2,"athnnna,fanglong,fengzq777"
5040,16694751,im_justmatthew,"2026-08-10 11:27:00",755.1,2,imjustmatthew
5041,16669273,Parag,"2026-08-07 02:10:29",755.0,2,paragkale
5042,16683909,"Krzysztof ""Chris"" Karaszewski","2026-08-14 08:41:11",754.9,2,futureofworkchannel
5043,16889300,"Chris McCarthy","2026-09-23 08:20:29",754.9,1,chrismccarthy
5044,16637898,"Marek Nurzynski","2026-09-26 19:39:58",754.9,2,marek3000
5045,16681480,"Kevin Nguyen","2026-08-14 18:16:29",754.7,2,haidangnguyen1802
5046,16666826,"Simone di costanzo","2026-08-07 19:38:11",754.5,2,simonedicostanzo
5047,16857685,kaggriwaves,"2026-09-13 02:25:51",754.4,2,"cliwave,cyberpsi,hyperacc"
5048,16830531,"Nikos Chatzinikolaou","2026-09-24 14:53:07",753.8,2,nikoschatzinikolaou
5049,16692970,LakoMoor,"2026-08-09 17:43:25",753.8,2,lakomoor
5050,16670406,"jessica jennifer","2026-08-20 15:55:41",753.6,2,jessicajennifer
5051,16663457,Furqan102102,"2026-08-09 12:02:35",753.5,2,furqan102102
5052,16644150,"J.M.Mubasshir Rahman","2026-08-09 17:15:01",753.2,2,jmmubasshirrahman
5053,16680075,I_luv_magick,"2026-08-07 09:50:30",752.9,2,iluvmagick
5054,16698735,Larfii,"2026-08-21 18:01:02",752.9,2,larfii
5055,16795676,cold_star,"2026-09-04 03:54:22",752.6,1,a406161167
5056,16919136,"First Farming","2026-09-19 13:15:58",752.6,2,"chengxuanyang,dongshangyu,lxinye09,pengwenlong"
5057,16661899,AAI,"2026-08-09 14:23:08",752.5,2,aiolapo
5058,16835621,"Atharv Santosh","2026-09-05 02:49:27",752.2,1,atharvsantosh
5059,16666625,"Nguyen Ngoc Thien","2026-08-07 16:12:04",751.9,2,ngocthienai
5060,16830079,"Quan Vu","2026-09-04 11:35:57",751.7,2,quan0095
5061,16659585,"Anas Riaz","2026-08-08 20:20:23",751.6,2,anasriaz
5062,16670065,"Artyom Sayapin","2026-09-22 16:26:22",751.2,2,spielmeister
5063,16663780,"Hamza Kanice","2026-08-09 00:08:11",750.8,2,hamzakanice
5064,16638998,"khalid harouach","2026-09-17 13:32:02",750.6,2,khalidharouach
5065,16630249,"Aymar Avohoueme","2026-08-20 10:22:33",750.5,2,aymaravohoueme
5066,16658278,"Malcolm Durosaye","2026-09-17 12:31:05",750.4,2,malcolm95
5067,16679683,Aberrchan,"2026-08-08 17:44:32",750.3,2,aberrchan
5068,16667245,"KAIWALYA RAUT","2026-08-09 09:04:25",750.3,2,kaiwalyaatulraut
5069,16664409,"Kathi Munishwar","2026-08-09 03:37:05",750.1,1,kathimunishwar
5070,16668758,"Aman Vishwakarma","2026-08-09 17:33:00",750.1,2,amanvishwakarma01
5071,16845420,"Terrance Luangrath","2026-09-08 05:41:53",750.1,2,tksluangrath
5072,16653262,"tianwen zhang1","2026-08-08 16:21:18",750.0,2,tianwenzhang1
5073,16857488,BC+,"2026-09-23 04:59:23",749.9,2,"lachesism,neoist,wangtianyi8,zhihaoweng"
5074,16664283,"Nguyễn Hữu Công","2026-08-07 05:24:48",749.8,2,nguynhucng
5075,16929367,SimulationXYZ,"2026-09-22 15:40:49",749.8,2,"biandatong,fan41786,taomarktao,ycc13688881999"
5076,16792989,ALKRIS,"2026-08-31 14:35:26",749.5,2,wasimjbuh
5077,16857762,Fablers,"2026-09-13 02:32:06",749.1,2,"cvcost,fluxdev,lossvis,zetaex"
5078,16674977,BarbateP,"2026-09-20 10:57:34",749.0,2,barbatep
5079,16694317,"PRITIKA SA","2026-08-09 07:17:19",748.7,2,pritikasa
5080,16928267,"GPT 6 Astra Ultra Fast","2026-09-21 12:24:15",748.7,2,"dorags,linmiaohan,zhiruizheng111"
5081,16857636,Tm-ACCS,"2026-09-13 02:24:43",748.4,2,"bitsmini,corebase,llmrun,opsneo"
5082,16692883,coolguy,"2026-08-08 20:56:21",748.2,1,vihangpagare334
5083,16671403,"Alex Karpowicz","2026-08-08 18:36:52",748.1,2,alexkarpowicz
5084,16640332,"ning gu","2026-08-21 00:01:22",748.0,2,morninggu
5085,16673179,"Muhammad Faraz Aftab","2026-08-09 10:18:58",747.9,2,muhammadfarazaftab
5086,16683036,"Ritesh Thawkar","2026-08-14 08:34:08",747.9,2,riteshthawkar
5087,16623932,"Axel Ahmer","2026-09-19 16:55:30",747.4,2,blondie1
5088,16732008,"Phoebe Lin","2026-09-05 01:05:06",747.4,2,phoebe0511
5089,16634468,"Kun Zhang","2026-09-01 11:38:47",747.3,2,beicicc
5090,16665015,"laiba razzaq10","2026-08-07 14:21:49",747.3,2,laibarazzaq10
5091,16720234,Aditya109,"2026-09-08 05:20:00",747.3,2,"aditya109,tathagattyger"
5092,16657989,"vishnu gopal P","2026-08-08 12:27:56",747.2,2,vishnugp
5093,16841445,Challo,"2026-09-26 02:28:49",747.2,2,germantardioperez
5094,16660537,Furina,"2026-08-08 13:52:01",747.1,2,cjlcjlcjl
5095,16631101,"Muneeb ul Hassan","2026-08-10 09:56:41",747.1,2,muneeb2405
5096,16658173,Tamizharuvi,"2026-09-19 08:42:47",746.7,2,tamizh1
5097,16753820,sbite0138,"2026-09-10 14:12:17",746.6,2,sbite0138
5098,16669971,"Luka Philip","2026-08-08 16:09:32",746.6,2,lukaphilip
5099,16624253,DTrieu,"2026-09-25 13:46:55",746.6,2,hodinhtrieu
5100,16660101,Zarathustra,"2026-08-12 02:48:18",746.5,2,rezkyadytama
5101,16655497,cszf_first,"2026-08-09 02:06:46",746.4,2,cszffirst
5102,16665500,"Madan kumar","2026-08-13 17:31:57",746.2,2,winklemad
5103,16923138,"Davi Santos","2026-09-26 17:31:44",746.1,2,davissantos1
5104,16660613,今日洗澡明日香,"2026-08-07 09:58:49",746.0,2,"jasperkag,ryjiang,timmengzh,yningc"
5105,16698489,"JIUZHOU CHAN","2026-09-22 18:50:06",745.9,2,jiuzhouchan
5106,16692469,neoistheone,"2026-08-08 18:38:13",745.8,1,neoistheone
5107,16679848,Nikola010,"2026-08-13 16:29:19",745.7,2,nikola010
5108,16711204,"harden james","2026-08-12 08:00:14",745.7,1,ffusername
5109,16679237,"Danilo Sepúlveda","2026-08-06 21:26:28",745.2,1,daniloseplveda
5110,16671372,"Meet Sabhaya","2026-08-08 06:02:13",745.2,2,meetsabhaya
5111,16685990,VictorAndrew,"2026-09-05 22:20:04",744.8,2,vicktvr
5112,16634078,"yoho kumedayo","2026-08-15 12:48:29",744.8,2,dorachinyastyle
5113,16664666,"Rheal Thomas","2026-08-21 19:29:44",744.8,2,rhealthomas
5114,16642579,"Desyat IO","2026-08-09 17:31:59",744.3,2,desyatio
5115,16854347,"Arul Gandhi","2026-09-12 10:19:13",744.3,2,arulgandhi
5116,16729165,コーラ,"2026-08-23 07:30:40",744.1,2,cola0912
5117,16656347,OctahedronBB,"2026-08-07 00:52:27",744.0,2,octahedronbb
5118,16866155,gomamonaka,"2026-09-12 10:10:10",743.8,2,gomamonaka
5119,16688579,"Long Hu","2026-08-09 09:41:04",743.6,1,longhul
5120,16655076,"Tita Kongolo","2026-08-08 09:08:57",743.6,2,titakongolo
5121,16698467,"Ra'uf Fauzan Rambe","2026-08-10 04:29:13",743.4,2,rauffauzanrambe
5122,16660488,tehyoni,"2026-09-24 06:39:28",743.3,2,"gooberdambi,sidcat,suaeng,tehyoni"
5123,16656515,"Rushal Manandhar","2026-09-26 05:41:31",743.1,2,rushalmanandhar
5124,16784731,Alfred,"2026-09-20 21:54:16",742.8,2,holleyalfred
5125,16670040,galaxyhunter,"2026-08-17 19:22:06",742.5,2,pkharkwal
5126,16760841,KIsXcl,"2026-08-24 14:34:11",742.0,2,kisxcl
5127,16658670,EveryJust,"2026-08-07 08:33:35",741.9,2,"everyjust,zfc666wsnd"
5128,16698071,nixotrix,"2026-09-07 21:16:50",741.8,2,nixotrix
5129,16654623,"Asher Goldstein","2026-08-09 17:54:27",740.9,2,ashergoldsteincd21
5130,16630441,"yjhv buddies","2026-08-07 09:50:05",740.5,2,bender1123123
5131,16666632,to1_10i,"2026-08-19 20:27:42",740.4,2,to110i
5132,16645078,"A Aswanth Raj","2026-08-09 08:57:36",740.4,2,aaswanthraj
5133,16639645,RamenBoy,"2026-09-08 14:38:35",740.4,2,ramenboyjapan
5134,16631665,"jatan sanghvi","2026-09-07 14:03:17",740.1,2,jatansanghvi
5135,16688898,"Sanskar Omar","2026-08-09 11:10:44",739.6,2,sanskaromar7
5136,16643193,"Shoroogh Ahmadi","2026-08-13 10:36:43",739.6,2,shorooghahmadi
5137,16661249,Yaohui,"2026-08-26 14:59:02",739.5,2,yaohui85
5138,16659958,brainpick,"2026-08-24 21:54:50",739.4,2,prathvirajpalekar
5139,16672629,"Alex Boyd","2026-09-06 15:37:19",739.3,2,alexrayboyd
5140,16662712,"Roman Stupin","2026-08-27 23:52:01",739.2,2,rcnegby
5141,16678288,"Speedrun retirement","2026-08-30 18:59:23",738.9,2,"josephkimanikamau,nanducode"
5142,16722112,nyori,"2026-09-23 16:27:08",738.4,2,nyoriworks
5143,16656118,Mutte1904,"2026-08-07 05:03:56",738.3,2,mutte1904
5144,16667219,"Komil Parmar","2026-08-08 10:00:55",738.3,2,komilparmar
5145,16672520,"Nah I'd win","2026-08-07 08:09:12",738.1,2,asutriy
5146,16680408,mochogo,"2026-08-07 05:42:33",738.1,1,mochogo
5147,16731259,"Manvik singh rathore","2026-08-30 17:18:55",738.1,2,manviksinghrathore
5148,16641535,Tutti,"2026-09-06 15:16:23",738.0,2,malk271828
5149,16825767,f7e6n5g4,"2026-09-25 09:15:53",737.6,2,f7e6n5g4
5150,16736559,"Team Rot-Weiß","2026-08-19 13:22:35",737.5,2,moritzpaal
5151,16668329,HakimTaoufik,"2026-08-18 13:06:18",737.4,2,hakimtaoufik
5152,16658213,"Ahmet Abdullah Gültekin","2026-09-26 21:20:04",737.3,2,abdullahgultekin
5153,16661739,"Spandan Mhapsekar","2026-08-08 10:39:41",737.0,2,spandanmhapsekar
5154,16683852,"Abhiram Anil","2026-08-08 06:26:11",736.7,2,abhiramanil
5155,16669608,"Jesy Lu","2026-08-13 16:21:53",736.0,2,jesylu
5156,16674550,"Jebastin Nadar","2026-08-06 10:09:16",735.5,2,samfc10
5157,16623485,XtraLearning,"2026-08-09 17:10:36",735.4,2,xcessivesmash
5158,16720913,Candidates,"2026-08-23 17:18:05",735.3,2,"ulyanovmmm,vladimirarchipov"
5159,16753850,"Ahmad Ali","2026-09-09 17:58:10",734.9,2,ahmadali1243534
5160,16802695,"Taras Sam","2026-09-07 17:36:00",734.9,2,tarassam
5161,16838800,"LEE Dailun","2026-09-09 13:59:27",734.7,2,peterccll
5162,16671622,"Isaac Diaz Lopez","2026-09-27 02:25:44",734.5,2,isaacdiazlopez
5163,16633043,"Ryan Adams","2026-09-08 23:48:54",734.5,2,ryanadamsai
5164,16670058,"Dahoui Alex Armel ","2026-08-07 01:02:07",734.4,2,dahouialexarmel
5165,16670361,"Saud Saudesen","2026-08-15 22:16:42",734.0,2,saudsaudesen
5166,16658789,Zhanpeng.W,"2026-08-08 10:05:26",734.0,2,zhanpengw
5167,16729472,"Boris Pletenev","2026-08-16 17:23:56",733.9,1,borispletenev
5168,16662592,"Vladislav Yushkevich","2026-08-09 14:54:24",733.8,2,"crazyflyingsheep,vladislavyushkevich"
5169,16670221,fle3n,"2026-08-08 19:48:37",733.8,2,fleongg
5170,16633276,"Nolan Liang","2026-08-09 03:26:47",733.6,2,iamlkn
5171,16678506,SireeshLimbu,"2026-08-08 08:39:43",733.2,2,sireesh
5172,16935826,Ayush,"2026-09-27 04:52:04",732.9,2,"aniketchonu,ayush20081303"
5173,16690897,"Ashok Kumar Garain","2026-08-08 13:26:11",732.5,1,ashokkumargarain
5174,16670807,mannogun,"2026-09-04 23:15:49",732.5,2,arcanejumper
5175,16624003,weedfarmer,"2026-08-08 05:34:16",732.2,2,aleksanderhan
5176,16654832,mohit,"2026-08-07 00:01:08",731.9,2,mohitvarred
5177,16660120,gktdgktdgktd,"2026-08-07 07:50:45",731.7,2,gktdgktdgktd
5178,16659525,"Dang Khoa Nguyen","2026-08-17 09:51:16",731.7,2,khoadangnguye
5179,16802598,zxcqqe,"2026-09-27 02:59:57",731.5,2,anonimniygeniy
5180,16732722,Kusanagi,"2026-08-24 21:52:54",731.5,1,kusanagiap
5181,16667479,"Leon Christians","2026-09-13 17:12:37",729.8,2,leonchristians
5182,16782792,"[Deleted] bdc3c175-811b-438f-9c3a-c2d9c80c106a","2026-08-29 07:16:45",729.7,2,del=e8b93c44cf962f9e
5183,16904592,RLMAX,"2026-09-21 14:23:16",729.3,2,"haoyangdaviddong,mingsiguo,risottoolive,yuanqinyi"
5184,16655353,"Pablo Montenegro","2026-08-09 02:13:47",729.2,2,pablomontalb
5185,16670117,"Raj Aryan","2026-08-07 18:15:04",728.9,2,rajaryan2503
5186,16847456,waHAHA,"2026-09-07 09:53:07",728.7,1,wangshen1994
5187,16653117,"li jiaqi77","2026-08-07 05:32:06",728.7,2,lijiaqi77
5188,16635518,"ROFIQUL ALAM SHEHAB","2026-08-09 11:49:00",728.5,2,rofiqulalamshehab
5189,16624485,"Nishant Dahal","2026-08-10 02:24:42",728.4,2,nishantdahal
5190,16675753,Khafidin,"2026-08-12 05:16:26",728.3,2,khafidin
5191,16662161,"Touhidul Alam Seyam","2026-08-10 12:39:51",728.0,2,seyamalam
5192,16698822,JJN8825,"2026-09-26 16:38:20",727.8,2,jjn8825
5193,16689084,Tam1m,"2026-08-29 09:56:39",727.3,2,booleanwolf
5194,16653939,"Amr Yasser","2026-08-06 17:56:07",726.7,2,amryasswe
5195,16673002,xubenzheng,"2026-08-07 15:40:31",726.4,2,xubenzheng
5196,16673155,"Babar Khilji","2026-08-06 15:55:26",726.2,2,babarkhilji
5197,16686843,"Juraj Zelman","2026-08-09 08:40:09",726.1,2,jurajzelman
5198,16705242,"Chonghao Peng","2026-09-04 21:45:52",726.1,2,chonghaopeng
5199,16683439,Goober,"2026-08-10 19:46:41",725.8,2,kongzhisyuen
5200,16668034,ggggalaxy,"2026-08-28 04:56:40",725.7,2,ggggalaxy
5201,16659727,shuaiqiyang,"2026-09-16 01:16:36",725.3,2,shuaiqiyang
5202,16669930,"Ilya Klimanov","2026-08-25 13:30:13",725.2,2,ilyaklimanov
5203,16665529,Venneth,"2026-08-08 12:32:20",725.2,2,venneth
5204,16655763,"Diogo Sena","2026-08-22 17:08:45",725.2,2,diogodmsena
5205,16666147,"Khalid Bin Hethlain","2026-09-15 20:43:36",725.2,2,khalidbinhethlain
5206,16665898,chengsongtao,"2026-08-23 00:12:59",724.5,2,cheng618
5207,16665561,LuoXingda,"2026-08-07 08:22:42",724.2,2,luoxingda
5208,16654626,bgsszsa,"2026-08-07 12:01:33",724.1,2,bgsszsa
5209,16675981,"Luca R","2026-09-26 15:30:45",724.1,2,luck058
5210,16758431,"Mathews Jere","2026-08-26 18:10:25",723.7,2,mathewjere
5211,16639606,Peach2587,"2026-08-12 03:19:13",723.7,2,momokayoshioka
5212,16755091,Charlie,"2026-09-24 01:54:36",723.5,2,zephyrlennox
5213,16664827,"Jose Miguel Diez de la Lastra","2026-08-07 16:08:49",723.4,2,josemigueldiez
5214,16659000,xjlgg123,"2026-08-08 12:35:10",723.2,2,xjlgg123
5215,16893333,Chista,"2026-09-17 23:10:55",723.1,2,"amirelite,asimir"
5216,16676280,agniii,"2026-08-06 17:05:08",723.1,2,agniii
5217,16663369,csteeve,"2026-09-26 18:25:26",722.6,2,csteeve
5218,16687463,"Manolo Chow","2026-08-09 22:56:20",722.5,2,manolochow
5219,16732667,Doug,"2026-08-26 23:26:49",722.2,2,dougsgrott
5220,16742806,"Oğuz Karabulut","2026-09-11 07:47:41",722.2,2,ouzkarabulut
5221,16630758,"Keshav Joshi","2026-08-20 18:53:37",722.0,2,keshavjoshi22
5222,16684762,X-xuhui,"2026-08-08 10:07:58",720.6,2,xxuhui
5223,16936773,"shahab shahsavar","2026-09-26 03:17:27",720.4,2,shahabshahsavar
5224,16667091,"Nico Feiler","2026-08-07 14:27:47",720.4,2,nicofeiler
5225,16699699,rudykane,"2026-08-11 16:06:34",720.2,2,rudykane
5226,16807875,meghana,"2026-09-10 23:44:54",720.1,2,meghana284
5227,16657861,"Liao Zixu","2026-08-25 04:28:34",719.9,2,liaozixu
5228,16668995,"MD.Firoj Khondokar","2026-08-06 11:05:13",719.6,2,mdfirojkhondokar
5229,16734490,Tomeiser,"2026-09-24 11:23:16",719.5,2,tomeiser
5230,16654081,"Aleksei Ponomarev","2026-08-06 00:43:57",719.4,2,alekseiponomarev
5231,16718916,"ROBERT SSEBAMBULIDDE","2026-08-14 19:21:24",719.3,2,robertssebambulidde
5232,16679155,jeziorop,"2026-08-06 20:34:53",719.0,1,jeziorop
5233,16668545,Ronty00,"2026-08-06 08:24:07",718.8,2,ronty00
5234,16657957,"Mounika Kommireddy","2026-08-08 07:57:32",718.7,2,mounikakommireddy
5235,16677675,"Roman Mironov","2026-08-06 17:30:28",718.7,1,helloromiro
5236,16665169,"Rahul Barakoti ITM","2026-08-07 10:58:30",718.6,2,rahulbarakotiitm
5237,16644552,Keanan,"2026-08-08 11:35:17",718.5,2,citerne
5238,16656345,sunchang71,"2026-08-05 14:05:13",717.7,2,sunchang71
5239,16731074,UmutUygurr,"2026-09-26 19:23:53",717.6,2,"dilahbaheci,umuttuygurr"
5240,16664890,ideal_m99,"2026-09-19 19:12:14",717.5,2,idealm99
5241,16676677,"Clark Stéphane","2026-08-07 18:58:45",717.4,2,clarkstphane
5242,16684568,"[ODS] waniz","2026-08-08 11:04:42",717.4,1,wanizz
5243,16666358,"GAYATHRI SALINI","2026-08-07 07:55:26",717.4,2,gayathrisalini09
5244,16671844,I2nfinit3y,"2026-08-07 02:27:10",717.3,2,i2nfinit3y
5245,16658025,"Dennis Gioche","2026-08-06 09:08:34",717.3,2,dennisgioche
5246,16624977,Avikumar93801,"2026-08-11 05:55:19",717.2,2,avikumar93801
5247,16669518,Galagala,"2026-08-07 18:35:59",717.1,2,b12705059
5248,16657942,"Gokul Prasath","2026-08-04 23:38:18",716.6,2,beastgokul
5249,16676283,jnurik,"2026-08-07 17:24:01",716.5,2,nurdauletmoldik
5250,16666686,yolo,"2026-08-08 12:08:38",716.5,2,avin55
5251,16742239,"Benny Joseph","2026-09-17 13:06:06",716.4,2,pbennyjoseph
5252,16655156,"Pranjal Ranjan","2026-08-06 23:58:43",716.3,2,pranjalranjan299
5253,16667606,Manifolds1,"2026-08-06 16:36:46",716.2,2,ptrakuldit
5254,16670671,"TAUIL Abd Elilah","2026-08-11 01:17:39",716.1,2,tauilabdelilah
5255,16702509,KošičanSVK,"2026-08-17 18:04:22",716.0,2,ryanstoner
5256,16635890,Poojan,"2026-08-06 09:44:47",715.7,2,poojankumartandel
5257,16682182,"himanshu chauhan2406","2026-09-26 11:54:31",715.6,2,himanshuchauhan2406
5258,16665353,Sakshamm2587,"2026-08-17 16:50:43",715.5,2,sakshamm2587
5259,16656393,"Faris Abqari","2026-08-07 00:15:25",715.5,2,farisabqari11
5260,16682336,"Çınar Efe Yetişen (Student)","2026-08-19 08:29:20",715.4,2,narefeyetienstudent
5261,16765310,"Aria Muse","2026-09-27 05:09:34",715.2,2,ariamuse
5262,16783131,Hawkeye,"2026-09-03 07:15:17",714.9,2,pragneshbagary
5263,16699080,"Karthikeya Thatipamula","2026-09-12 04:52:19",714.3,2,karthikeya18
5264,16669400,"Martin Konôpka","2026-08-06 12:16:13",714.3,2,rumburakk
5265,16744809,"Ruben Romero Fernández-Monge","2026-08-25 18:00:39",714.2,2,salieri7
5266,16664368,"Ujjwal Reddy","2026-08-10 19:43:26",714.0,2,ujjwalreddyks
5267,16734312,truebelief,"2026-09-09 00:11:41",713.9,2,truebelief
5268,16666609,"visit palja.co","2026-08-15 03:34:49",713.6,2,sselrats
5269,16811628,"Roger Yang","2026-09-08 03:12:08",713.2,2,rogerjyang
5270,16621802,fgwiebfaoish,"2026-08-13 12:21:54",713.0,2,fgwiebfaoish
5271,16663178,Sm00thiecodes,"2026-08-07 11:00:29",712.2,2,sm00thiecodes
5272,16659820,Accayo14,"2026-08-06 14:20:30",712.2,2,accayo14
5273,16936771,"Elvis Diniz","2026-09-22 10:49:26",712.1,2,elvisdiniz
5274,16640582,Attension_Seeker,"2026-08-10 06:57:51",712.1,2,aisipu
5275,16669542,Agzam,"2026-08-06 05:09:43",712.0,2,mazgag
5276,16698538,"Haozhe Wang 2022","2026-08-24 00:50:02",711.7,2,haozhewang2022
5277,16896810,Xcution,"2026-09-16 18:23:35",711.7,2,gghhjjkk
5278,16665431,"Monojit Nandy","2026-08-06 11:50:38",711.7,2,vedarthmn
5279,16668668,"George Byne","2026-08-25 10:10:36",711.6,2,georgebyne
5280,16677240,"Jeevan Malla","2026-08-07 07:37:46",711.3,2,jeevanmalla
5281,16699784,nianyu,"2026-08-10 09:46:32",711.3,2,nianyuc
5282,16934428,shib,"2026-09-24 18:37:26",711.1,2,shibendum
5283,16797134,Yooho0,"2026-09-07 16:25:05",711.0,2,yooho0
5284,16670378,"Ari Carter","2026-08-08 23:18:02",711.0,2,aricarter
5285,16866109,AAA-建材批发旭哥,"2026-09-12 03:44:40",710.5,2,aaawenxu
5286,16654486,alijs,"2026-08-06 14:27:22",710.4,2,alijs1
5287,16661229,Gena,"2026-08-04 15:18:42",710.3,2,gdonchyts
5288,16669491,"Parakh Sharma","2026-08-06 10:59:33",710.3,2,parakh20
5289,16656009,"Steven Liu","2026-08-31 06:25:02",710.2,2,thornkey
5290,16668029,Timbo615,"2026-08-07 11:56:21",710.2,2,timbo615
5291,16642154,Burkina_team_mate,"2026-08-06 15:30:54",710.1,2,"belemkalilou,tedjosegregorybere"
5292,16635781,wacata,"2026-08-19 14:53:05",710.1,2,wacata
5293,16673682,MJ.LIU.T,"2026-08-06 08:14:05",710.0,1,mjliut
5294,16862705,karlmorg37,"2026-09-22 20:10:48",709.8,2,karlmorg37
5295,16639280,"Faruk Çiftler","2026-08-09 11:27:46",709.6,2,abdullahfaruk
5296,16659565,Tekin24,"2026-08-13 21:25:21",709.5,2,tekin24
5297,16631016,木下陽平,"2026-08-06 14:52:20",709.4,2,yoheikaggle
5298,16790145,"Casper du Jardin Kejser","2026-09-04 09:12:34",709.2,2,casperdujardinkejser
5299,16638909,mbscgi,"2026-08-04 22:48:03",709.0,2,mbscgi
5300,16681065,SYC,"2026-08-07 03:22:25",708.9,1,yichengs
5301,16724556,"Yixiang Wu","2026-09-23 03:00:15",708.8,2,yixiang964
5302,16662496,KhalidKhan,"2026-08-05 05:31:07",708.8,2,feedfeed
5303,16667101,SundharSteyn,"2026-09-23 16:27:30",708.8,2,sundharsteyn
5304,16660091,bcTiann,"2026-08-06 05:55:54",708.7,2,bctiann
5305,16712577,"nattapon nakakong","2026-09-22 02:49:39",708.7,2,nattaponnakakhong
5306,16660555,"Nguyễn Nhật Thanh","2026-08-07 03:45:29",708.5,2,nguynnhtthanhhhhh
5307,16839782,"mou chen111","2026-09-05 15:00:04",708.4,2,mouchen111
5308,16745450,GusNicho,"2026-08-24 03:30:55",708.4,2,pineapplepencil
5309,16853733,Eugene,"2026-09-26 11:05:57",708.2,2,eugenejyuan
5310,16930968,"Harvey Zheng","2026-09-24 04:34:49",708.2,2,harveyzheng07
5311,16847548,"Abhinav Sai Podugu","2026-09-10 06:59:09",708.0,2,abhinavsaipodugu
5312,16655294,Mobzya,"2026-08-26 23:11:15",707.9,2,mobzya
5313,16639043,"saroj bono","2026-08-28 18:42:55",707.8,2,sarojbono197
5314,16702796,Yavuz.YILMAZ,"2026-09-07 12:22:45",707.7,2,yvztpe
5315,16674367,"zongze Yan","2026-09-22 05:31:47",707.7,2,aaayan
5316,16656296,Fususu,"2026-09-05 04:32:44",707.1,2,phuongncn
5317,16640472,"Vsevolod Rakita","2026-09-27 06:21:08",706.9,2,vsevolodrakita
5318,16675027,namanbnsl,"2026-08-06 13:02:52",706.6,2,namanbnsl
5319,16656444,"christopher athans crow","2026-08-05 00:08:13",706.3,2,cchrisaa
5320,16635679,WUHAOZHE618,"2026-08-15 04:08:45",706.2,2,wuhaozhe618
5321,16658723,"Waleed Alkhateeb","2026-08-05 13:31:44",706.0,2,waleedalkhateeb
5322,16772626,"Dr. Mikholae Hutchinson","2026-09-05 19:48:53",705.9,2,drmikholaehutchinson
5323,16732022,Mosamosa,"2026-09-03 00:42:06",705.9,1,mosamosa
5324,16627751,lzeee,"2026-09-24 08:23:42",705.8,2,shzgong
5325,16623236,"Yonatan Nemtsov","2026-08-06 00:28:01",705.8,2,yonatannemtsov
5326,16658717,"Aditya Kapadia","2026-08-06 14:32:16",705.5,2,adityakapadia2003
5327,16671407,JBro13,"2026-08-07 02:29:02",705.3,2,jbro13
5328,16686707,"Sébastien henry","2026-09-17 14:36:54",705.2,2,sebmontreal
5329,16654743,"Jaume Batlle i Ferrer","2026-09-25 06:18:38",705.2,2,jaumebatlleiferrer
5330,16655828,ack07,"2026-08-06 04:52:07",705.2,2,its07amit10
5331,16717448,getalife();,"2026-09-20 08:55:13",705.2,2,"byteknight28,dhairyapandya24,rounakagrwl"
5332,16664775,DoubleZs,"2026-08-06 02:55:02",704.9,2,zhang051018
5333,16652896,"R^2 negative","2026-08-04 23:14:38",704.9,2,rktqwe
5334,16916213,"Arjun Hans","2026-09-18 02:13:40",704.8,2,arjunhans
5335,16659761,cheng-han,"2026-08-06 08:16:10",704.7,2,neoshie
5336,16875632,HexTex,"2026-09-12 04:34:49",704.6,2,hexlab
5337,16818086,wwewwt,"2026-09-08 05:44:07",704.4,2,wwewwt
5338,16731990,Karl0106,"2026-09-18 08:35:18",704.4,2,karl0106
5339,16675203,HK,"2026-08-06 11:38:05",704.4,1,hizurukonishi
5340,16866097,"Pradeep Kumar Mahato","2026-09-16 14:21:29",704.0,2,pradeepkr12
5341,16665256,zhoujqi,"2026-08-06 18:31:31",704.0,2,zhoujqi
5342,16724269,lava,"2026-09-25 13:51:26",703.6,2,fanxiaozhen
5343,16806251,"Seok Jun Kim","2026-09-08 07:51:16",703.2,2,sjk1225
5344,16655114,"Hippo Farming Ltd.","2026-09-21 15:22:01",702.7,1,felixmneumann
5345,16658709,"Kaggler Albafica","2026-08-06 10:05:39",702.7,2,kaggleralan
5346,16659435,Zerabyte_X,"2026-08-04 09:52:16",702.6,1,zerabytex
5347,16667714,ZhexinJiang,"2026-08-06 11:26:30",702.3,1,zhexinjiang
5348,16644861,"kanzaler ensemble","2026-08-11 14:30:36",702.1,2,kanzalerensemble
5349,16658265,kraken,"2026-09-05 15:23:26",701.9,2,krn0209
5350,16643095,ckyasb,"2026-08-05 14:39:42",701.9,2,ckyasb
5351,16632426,Santhana,"2026-09-26 23:27:23",701.8,2,santhanalekshmic
5352,16669282,sky233,"2026-08-06 17:06:04",701.8,2,sky233
5353,16802341,"Yousef Turk","2026-09-08 04:00:16",701.6,2,yousefturk
5354,16656170,"Chakrabhuana V  Deva","2026-08-05 06:54:50",701.4,2,chakrabhuanavdeva
5355,16663052,gh,"2026-09-13 21:30:08",701.3,2,grzegorz
5356,16652986,"Justin Kimlim","2026-08-26 03:12:37",701.1,2,justinkimlim
5357,16678965,MrGS,"2026-08-09 01:18:09",701.1,2,gabrielsderhll
5358,16764081,"Demir Durbakayım","2026-08-29 21:21:56",700.9,2,sixcode
5359,16929792,"Ganesh K","2026-09-22 19:25:02",700.6,2,ganeshk2846
5360,16654209,"Nirav Mehta 1612","2026-08-10 15:41:47",700.6,2,niravmehta1612
5361,16652900,cjen07,"2026-08-07 23:33:05",700.6,2,cjen07
5362,16727696,Milkman,"2026-08-19 15:05:17",700.5,2,talhasahi
5363,16668357,"B.Pardha Manoj Reddy","2026-08-24 16:57:25",700.5,2,pardhamanojreddy
5364,16632446,"Abdul Wahab Khan","2026-08-06 04:53:37",700.5,1,abdulwahab2321
5365,16623448,HoJoonYun,"2026-08-09 13:43:43",700.4,2,hojoonyun
5366,16758174,REBEL_K,"2026-08-27 18:30:45",700.3,2,rebelk
5367,16797785,"Vivek Verma","2026-08-31 20:36:45",699.9,2,cosmicescape
5368,16639241,"Alissa King","2026-08-04 05:05:30",699.8,2,alissaking
5369,16661410,tmxdlr,"2026-08-05 12:40:54",699.5,2,tmxdlr
5370,16886420,infoproje,"2026-09-13 12:58:25",699.4,2,infoproje
5371,16661019,lmq,"2026-08-04 14:47:23",698.9,2,lmminhquang
5372,16662730,Operator-X,"2026-08-08 10:06:04",698.8,2,"jpexee,lavlinjaisonme23b250"
5373,16663899,"Abdelrahman Aboegela","2026-08-05 13:54:26",698.7,2,abdelrahmanaboegela
5374,16656171,ishu,"2026-08-04 03:27:45",698.2,2,ishhverma
5375,16735488,"arhaan rai","2026-09-01 19:18:46",698.1,2,arhaanrai
5376,16641326,IY,"2026-08-05 19:27:31",697.9,2,irotrader
5377,16728345,ron,"2026-09-19 21:49:15",697.8,2,romart
5378,16832844,aliREZA,"2026-09-17 23:55:15",697.7,2,afazlik1
5379,16770724,Louras,"2026-08-26 09:49:05",697.5,2,louras
5380,16770454,"Nawaf Almutairi","2026-09-12 19:23:12",697.4,2,nawafbalmutairi
5381,16659217,Dynamic_fire07,"2026-08-05 18:51:51",697.3,2,"dynamicfire07,tryingmybest123"
5382,16729564,"Eirik Tveiten","2026-08-19 13:04:02",697.2,2,eiriktveiten
5383,16643922,Konstantin03,"2026-09-07 17:03:30",697.1,2,konstantin03
5384,16666301,"James Felipe","2026-09-03 05:42:24",697.0,2,jamesfelipe
5385,16664170,SpookyHippo,"2026-08-06 02:44:29",697.0,2,spookyhippo
5386,16684470,"Soumi Ghosh","2026-08-11 10:59:07",696.9,2,soumighosh911
5387,16636148,SanggeunParrk,"2026-08-05 04:04:32",696.8,2,sanggeunparrk
5388,16764419,"Leo #2","2026-08-30 08:17:12",696.8,1,nanlihao
5389,16629983,Amundsen,"2026-08-05 06:51:46",696.7,2,amundsen
5390,16664300,"swajay nandanwade","2026-08-05 04:57:10",696.5,2,swajaynandanwade
5391,16665399,"Shivam Shrivastava","2026-08-13 15:32:37",696.4,2,shivamshrivastava180
5392,16668039,NotEnoughTokens,"2026-08-06 13:04:52",696.1,2,"adofai,jonghyun7777,taglink"
5393,16662872,"Artem Garbart","2026-08-05 09:41:29",696.0,2,artyomgarbart
5394,16641093,"Satish ","2026-08-20 04:18:42",695.7,2,satishkommanaboina
5395,16722341,"Pham Huu Bao Chung","2026-09-16 08:57:18",695.3,2,phamhuubaochung
5396,16656304,"Gururaj Athani","2026-09-12 02:26:55",695.2,2,gururajathani
5397,16840641,"Yukar Fu","2026-09-26 07:31:34",695.0,2,yukarfu
5398,16624600,ariacat,"2026-08-06 07:16:44",695.0,2,ariacat
5399,16858849,"Mark Diamond","2026-09-13 22:11:38",694.7,2,ponkle
5400,16670304,"Daniel Tomaro1","2026-08-09 03:03:06",694.6,2,danieltomaro1
5401,16634752,"Praise the SHOVEL","2026-08-03 16:16:28",694.5,2,barnobarno
5402,16825081,huohuaya,"2026-09-09 06:09:50",694.5,2,huohuaya
5403,16654726,"James Mancillas","2026-08-07 15:46:12",694.5,2,jamesmancillas
5404,16644221,"Guzha Panashe H","2026-08-22 15:34:41",694.2,2,guzhapanasheh
5405,16894603,"Riyan Ahasan Araf","2026-09-16 02:11:59",694.2,2,riyanahasanaraf
5406,16719793,dhuruvapriyan,"2026-08-14 16:06:42",694.2,2,dhuruvapriyan
5407,16695555,S4K50M,"2026-08-12 14:39:41",693.8,2,setiasaksham
5408,16729515,"Emmanuel Tolani","2026-08-29 15:03:36",693.7,2,emmanueltolani
5409,16668060,"Spiros Skarmoutsos","2026-08-08 12:48:07",693.4,2,spirosskarmoutsos
5410,16623665,Giba,"2026-08-05 22:44:41",693.3,2,titericz
5411,16849443,"Abhishek Kumar Gupta","2026-09-08 17:27:49",693.3,2,guptabhishekumar
5412,16690889,"B A S E L #","2026-08-08 14:47:22",693.1,2,basselll
5413,16786115,"Andy Phan","2026-09-07 01:10:28",693.0,2,andyphan
5414,16667205,"Andrew Lee","2026-08-06 11:16:52",692.9,1,andrewlee23023
5415,16628727,dominyellow,"2026-08-04 11:44:21",692.8,2,dominyellow
5416,16698045,"Vikhas S G","2026-09-07 06:12:25",692.8,2,vikhassg
5417,16713291,Lperalt,"2026-09-20 02:20:12",692.7,2,lucianobastidas
5418,16625013,sash,"2026-08-05 01:00:10",692.6,2,sash2104
5419,16935335,"Joshua Attridge","2026-09-22 07:07:14",692.5,2,joshuaattridge
5420,16659676,Light,"2026-08-05 03:07:39",692.5,2,aadarshashrestha007
5421,16841816,JasonDTao,"2026-09-14 06:38:01",692.5,2,jasondtao
5422,16654491,"Amedeo Biolatti","2026-09-25 19:08:34",692.5,2,abiolatti
5423,16740633,zhangtingyu11,"2026-08-20 04:34:32",692.2,2,zhangtingyu11
5424,16663407,Denis,"2026-08-11 17:42:21",692.1,2,matsiusheuski
5425,16654419,kreiack,"2026-08-09 23:47:00",692.1,2,kreiack
5426,16706523,"Aussie lover","2026-09-24 23:38:00",691.9,2,aussielover
5427,16881685,"Vladislav Mlechko","2026-09-12 16:41:48",691.7,1,vladislavmlechko
5428,16762634,"Clement Ling","2026-09-11 08:49:26",691.6,2,clementling
5429,16637519,Temprao,"2026-08-03 12:16:43",691.5,1,maruimono928
5430,16753826,"Jai Mata Di","2026-08-31 10:09:11",691.4,2,mrigshira
5431,16630760,dkzmn,"2026-09-04 08:59:03",691.2,2,dmkzmn
5432,16662904,Bharathms1902,"2026-08-08 11:41:54",690.9,2,bharathms1902
5433,16693164,nuggettttt,"2026-08-09 02:14:22",690.9,2,nuggettttt
5434,16658684,"Takayuki Michishita","2026-09-13 11:00:03",690.8,2,takayukimichishita
5435,16651613,"Devin Zhou","2026-08-05 02:27:36",690.2,2,devinzhou
5436,16744640,"Marcin Skalski","2026-09-01 18:25:08",690.1,2,marcinskalski
5437,16666242,"Lalwani Palash","2026-08-08 07:45:46",689.9,2,lalwanipalash
5438,16666163,"Muthuraman Raman 7","2026-08-06 05:25:09",689.8,2,muthuramanraman7
5439,16762021,Dhananjai1729,"2026-09-26 12:19:33",689.7,2,dhananjai1729
5440,16748741,"pt ptao","2026-08-26 12:50:45",689.7,2,ptptao
5441,16650018,EiMengLove,"2026-08-05 10:27:31",689.7,2,konicty
5442,16633240,Igor,"2026-09-20 01:59:30",689.6,2,igor14497
5443,16848841,Spacejam,"2026-09-07 16:15:52",689.6,1,spacejam1221
5444,16664291,"William Dennis","2026-08-11 07:57:27",689.4,2,williamdennis
5445,16715255,"xiaocai liu","2026-09-13 19:19:43",689.1,2,xiaocailiu
5446,16691938,"PRASHANT SUTHAR11","2026-09-25 12:12:57",689.1,2,prashantsuthar11
5447,16765743,page0526,"2026-08-26 02:08:11",689.0,2,page0526
5448,16762722,"Bruno Romero García","2026-08-31 20:24:32",689.0,2,brunoromerogarca
5449,16670765,"tensor choko","2026-08-05 23:03:23",688.9,1,tensorchoko
5450,16823948,"Alexey Stepanov","2026-09-04 21:57:25",688.8,2,alexey0508
5451,16713463,"Dillen Perumal","2026-08-29 16:39:37",688.6,2,dxllen
5452,16635159,Abdulsamad,"2026-08-06 11:48:04",688.5,2,abdulsamadjod1234
5453,16943185,VarchaswaV,"2026-09-22 21:48:07",688.4,2,varchaswav
5454,16667503,Yuzuki,"2026-08-05 12:19:45",688.4,1,yuzukiohya
5455,16657817,"rohith sai midigudla","2026-08-05 12:36:40",688.4,2,rohithsaimidigudla
5456,16642207,"Nerijus Areska","2026-08-04 00:01:32",688.1,2,nerijusareska
5457,16687135,"Kavya Bhandari","2026-08-22 17:20:43",687.9,2,kavyabhandari1998
5458,16667547,"miaoqing long","2026-08-06 03:31:43",687.8,2,miaoqinglong
5459,16641141,"Yuri Barbashov","2026-09-26 18:31:05",687.8,2,yuribarbashov
5460,16943704,"Qutaiba Kaleem","2026-09-26 04:12:44",687.7,2,qutaibakaleem
5461,16757741,"Malte Bories","2026-08-25 20:08:35",687.5,2,maltebories
5462,16623540,TheDuck,"2026-08-22 15:50:49",687.3,2,jaxroth
5463,16677965,felipe9695,"2026-08-12 21:23:05",687.2,1,felipe9695
5464,16796145,Qian,"2026-09-01 15:04:00",687.1,2,"aurelianz,qianyuchaoni"
5465,16664400,Boruiyang21,"2026-08-05 14:56:03",686.8,2,boruiyang21
5466,16650396,RaymondZhao0304,"2026-08-04 00:39:30",686.8,2,raymondzhao0304
5467,16623798,RuiKimura4,"2026-08-27 00:30:45",686.8,2,ruikimura4
5468,16722117,"Zhou Zhengyu","2026-09-25 14:47:07",686.5,2,"yanwenwang921,zhouzhengyu118"
5469,16653122,Wei_Chance,"2026-08-23 10:25:14",686.4,2,bystanderq
5470,16807575,Rf28,"2026-09-03 10:29:55",686.2,2,rehyyy
5471,16625663,sota1111,"2026-09-03 01:43:41",686.1,2,sota1111
5472,16658384,UwU,"2026-08-10 04:20:44",686.0,2,claudesewitz
5473,16664819,"SUBHASRI  S","2026-09-20 04:45:35",686.0,2,subhasri2007
5474,16690050,PersistentLife,"2026-08-08 17:16:17",685.5,2,persistentlife
5475,16661010,"Dante Dyches-Chandler","2026-08-05 04:36:09",685.5,2,dantedycheschandler
5476,16644390,"Manan Gupta","2026-08-05 17:08:32",685.3,2,obirdy
5477,16663591,"Joseph Franck","2026-08-25 10:07:56",685.1,2,josephfranck
5478,16683764,bf01,"2026-08-21 21:19:05",685.0,2,jalperov
5479,16655339,harmo-miu,"2026-08-23 05:57:37",684.9,2,harmomiu
5480,16658571,"Yusuke Sato","2026-08-27 03:06:42",684.9,2,wanko123
5481,16656934,"Aleks Kolesnik","2026-09-26 20:25:35",684.9,2,aleksandrkolesnik
5482,16792155,abc,"2026-09-03 06:45:13",684.7,2,"datqg0,quangnguyn132"
5483,16726025,"Yanrun Chen","2026-09-07 12:15:23",684.7,2,yrchen98
5484,16644774,lungjyuanz,"2026-08-07 01:03:20",684.7,2,lungjyuanz
5485,16657294,"Ragul M","2026-08-04 07:08:51",684.6,2,ragul7002
5486,16655396,Tesla1AC,"2026-08-08 08:18:09",684.6,2,mathornton
5487,16632686,strike,"2026-08-06 06:21:38",684.5,2,nicolia
5488,16709304,"Aleksey SCHUKIN","2026-09-26 20:46:23",684.0,2,alekseyschukin
5489,16656709,"Anh-Vu Mai-Nguyen","2026-09-21 21:06:46",683.9,2,mainguyenanhvu
5490,16709136,ryanocm,"2026-08-13 15:08:49",683.5,2,ryanong
5491,16939844,YH,"2026-09-23 00:23:49",683.4,2,febyeji
5492,16660819,nya654nya,"2026-09-14 08:30:21",683.1,2,nya654nya
5493,16632250,"Mesut Gözdemir","2026-08-05 17:54:14",683.1,2,gfkfu123
5494,16639330,"Dead Signal Works","2026-08-02 12:40:32",683.1,2,brooklynhalmstad
5495,16663273,"Mason Frias","2026-08-06 22:57:08",683.0,2,masonfrias
5496,16835371,"Eli Ziv","2026-09-06 00:11:52",683.0,2,eliziv027
5497,16918433,"Mingkang He","2026-09-27 02:32:07",683.0,2,mingkanghe
5498,16700298,tmgf,"2026-09-26 07:43:37",682.6,2,tiagomgfernandes
5499,16898029,"Leonid Kononenko","2026-09-18 04:47:05",682.5,1,"aleksandraavetisova,leonidkononenko"
5500,16655534,"Charles Mills","2026-08-06 16:40:27",682.4,2,charlesqmills
5501,16676054,"Vladislav Konstantinov","2026-08-08 09:33:35",682.4,2,vladkonstantinov
5502,16659883,"Ahmad Hfdx5","2026-08-05 03:33:48",682.2,2,ahmadhfdx5
5503,16653855,"Klgv Klgv","2026-08-06 11:54:38",682.1,2,klgvklgv
5504,16666245,"Cagatay Morcicek","2026-08-13 06:53:40",682.0,2,thisismylabs
5505,16623969,"Akira Imae","2026-09-21 07:19:19",682.0,2,imaeakira
5506,16766274,"Satwato Dey","2026-09-24 20:50:22",681.9,2,satwato
5507,16775250,Junrong,"2026-08-30 00:00:13",681.6,2,fjhgjf
5508,16682353,"counter puncher","2026-09-16 13:38:14",681.3,2,ahmadabdoumalickdiop
5509,16659033,"Farzana Shaju","2026-08-05 07:18:29",681.2,2,"farzanashaju,shaikhharisjamal"
5510,16655712,"Smart Manoj","2026-08-04 01:55:13",681.2,2,smartmanoj
5511,16833063,"Fidel Escalona","2026-09-26 23:50:21",681.2,2,fbescalo
5512,16621557,"Vijay Krishna Lanka","2026-09-27 05:51:08",681.1,2,vijaykrishnalanka
5513,16919251,"Eric Fan","2026-09-19 19:04:44",681.1,2,ericfan1110
5514,16659045,Rai1,"2026-08-08 11:53:28",681.0,2,rai2003
5515,16714894,"Mitsuaki Inoue","2026-09-27 03:09:02",680.9,2,mitsuakiinoue
5516,16650701,"Oliver Wang","2026-08-03 16:17:36",680.8,2,oliverwang15
5517,16665293,"ADITYA BEECHA","2026-08-10 05:16:38",680.8,2,bechaaditya
5518,16663099,"Md. Abdullah Al Mamun","2026-08-05 02:16:43",680.7,2,mamun18
5519,16651180,yangyefd,"2026-08-03 08:42:57",680.7,1,yangyefd
5520,16658562,mashBrian254,"2026-08-04 10:48:33",680.6,2,mash1990
5521,16631261,Monster,"2026-08-04 15:46:32",680.6,2,tmtngtrng
5522,16654235,"Mwanza Wambua","2026-08-06 10:16:13",680.5,2,mwanzawambua
5523,16876448,"Max Harvestappen","2026-09-23 05:18:56",680.5,2,ryosukefujita
5524,16700265,Reesav,"2026-08-10 14:15:06",680.5,2,reez08
5525,16762494,西松大祐,"2026-09-26 11:46:07",680.5,2,wep212
5526,16669052,"Md. Asif Hossain","2026-09-18 05:29:41",680.3,2,sabuktagin
5527,16770972,"Victoria Makarskaia","2026-08-27 12:28:53",680.3,2,victoriamakarskaia
5528,16633808,mmath2,"2026-08-07 10:52:38",680.3,2,mmath2
5529,16632694,8ct10nz,"2026-08-04 12:02:49",680.2,2,act10nz
5530,16652560,"Ahmed Samir","2026-08-03 12:15:01",679.9,2,ahmedsamir1598
5531,16658569,"Danu A.","2026-08-05 13:12:09",679.9,2,eu1234
5532,16734511,"Marcin Salaterski","2026-09-16 23:18:31",679.8,2,marcinsalaterski
5533,16627023,Farrmer,"2026-08-05 08:02:35",679.7,2,noahfarr
5534,16632536,"Aleksander Sachuk","2026-08-02 21:33:27",679.4,2,alexsssachuk
5535,16655530,AlivRick,"2026-08-05 16:18:54",679.2,2,alivrick
5536,16644415,Ztrk,"2026-09-03 17:04:24",678.8,2,ztrk123
5537,16758383,"Tong Jing Yen","2026-09-03 20:42:50",678.5,2,tongjingyen
5538,16845284,KD0G22,"2026-09-07 20:07:47",678.2,2,kd0g22
5539,16721639,"Ankit Sain","2026-08-25 01:14:02",678.1,2,thisankitsain
5540,16758889,bomboclat,"2026-08-30 08:52:08",678.0,2,sstprk
5541,16653958,seowoohyeon,"2026-08-06 11:48:06",677.9,2,seowoohyeon
5542,16622760,yunus_bayram_kagle,"2026-08-04 07:49:00",677.9,2,yunusbayramkagle
5543,16656420,"Aditya Raj #2","2026-08-18 16:37:49",677.8,2,optimus2005
5544,16875989,NapolianAdmin,"2026-09-26 11:28:22",677.6,2,ninadrai
5545,16661532,"Fedor Baart","2026-08-05 12:34:21",677.5,1,fedorbaart
5546,16660939,"Quenux Studio","2026-09-03 17:07:26",677.4,2,dieguis1976
5547,16658264,XiweiZhou,"2026-09-06 23:35:58",677.4,2,xiweizhou
5548,16660824,"Stitch Clarity","2026-08-04 15:27:53",677.3,2,stevenanctil
5549,16770912,IsonaEi,"2026-08-26 12:48:48",677.3,1,isonaei
5550,16632055,Bugra0,"2026-08-03 22:44:42",677.3,2,bugra0
5551,16670099,"Jon Snyder","2026-08-06 00:27:21",676.9,2,snyderj1515
5552,16677188,Nicooni,"2026-08-06 16:35:01",676.9,1,nicooni
5553,16679144,つるげーねふ,"2026-09-25 05:59:08",676.8,2,atom7666
5554,16925283,"Carlos Gallego Menor","2026-09-19 19:19:37",676.7,2,carlosgallegomenor
5555,16694399,"Sujith Kumar Sashikanth","2026-08-10 00:01:32",676.7,2,sujithsashi
5556,16669227,"Tom Dufresne","2026-08-07 11:17:39",676.5,2,tadufre
5557,16655603,"Veeranuch Leelalai","2026-08-11 12:55:29",676.5,2,veeranuchleelalai
5558,16876275,"JOP OK","2026-09-18 18:09:43",676.5,2,fuveo24
5559,16666900,sooflee,"2026-08-12 14:19:50",675.8,2,sooflee
5560,16923258,nono00,"2026-09-20 16:43:09",675.7,2,nono00
5561,16716522,"Lavanya Bacche","2026-08-17 08:43:40",675.6,1,lavanyabacche
5562,16654006,"Harish Dhanarajan","2026-08-03 17:23:50",675.2,1,harishdhanarajan
5563,16655493,TheDigitalCK,"2026-08-07 12:31:58",675.0,2,thedigitalck
5564,16654946,AliLucky,"2026-08-05 15:07:59",674.9,2,alilucky
5565,16664653,Adir,"2026-08-26 00:49:46",674.8,2,adiradam
5566,16885658,Mio,"2026-09-25 03:05:40",674.8,2,mio114
5567,16941830,"Yasin Baykal","2026-09-23 09:27:10",674.8,2,godmethium
5568,16637797,"Xiangchen Li","2026-08-04 09:47:59",674.7,2,xiangchenli07
5569,16657077,_LT_zyc,"2026-08-05 01:01:42",674.6,1,zyczyc
5570,16949731,"Engel Ai Labs","2026-09-24 00:56:37",674.5,2,joshuaziese
5571,16654153,"Mateus Cruz, Msc.","2026-08-03 17:44:02",674.4,1,matteuscruz
5572,16654271,"Sophie and Yanna","2026-08-19 17:08:47",674.3,2,"morty3500,sophanie"
5573,16655588,"The Devil's World 678","2026-08-07 10:39:23",673.7,2,thedevilsworld678
5574,16667730,"Surya Vijjeswarapu","2026-09-03 18:49:07",673.4,2,suryavijjeswarapu
5575,16794125,"Xero Scythe","2026-09-02 18:57:39",673.1,2,xeroscythe
5576,16706993,Celibistrial,"2026-09-03 20:28:20",673.0,2,celibistrial
5577,16846490,MazharShaikh,"2026-09-12 04:53:27",672.4,2,mazharshaikh
5578,16660376,"Ahmed Sedky 0100","2026-08-06 20:56:37",672.1,1,ahmedsedky0100
5579,16804027,ceir-ceir,"2026-09-03 19:11:09",671.8,2,ceirceir
5580,16711556,"Avvy Lavoienne","2026-08-18 04:44:16",671.8,2,avvylavoienne
5581,16664439,"Tony T","2026-09-10 12:16:04",671.7,2,thekke
5582,16693903,"Alief Randiansyah","2026-08-09 09:37:39",671.3,1,"aliefrandiansyah,salsaaghnia"
5583,16656308,"Srishanth Sriramula","2026-08-08 09:02:13",671.0,2,srishanthsriramula
5584,16664565,"Wayne Chou","2026-08-05 12:30:14",670.8,2,ambientz
5585,16879477,liuzewen123,"2026-09-27 05:59:14",670.5,2,liuzewen123
5586,16774787,wpk1122,"2026-08-29 01:54:49",670.5,2,wpk1122
5587,16775353,"YK Pan","2026-09-14 11:19:52",670.4,2,vansher
5588,16641489,suminshim,"2026-08-03 06:24:39",669.7,2,suminshim
5589,16798401,"Hunter Mimaroglu","2026-09-02 22:00:37",669.7,2,huntermimaroglu
5590,16665994,Rakhansyah,"2026-08-25 13:08:20",669.7,2,rakhansyah
5591,16805598,"I'm just trying out here QQ","2026-09-02 22:31:17",669.6,2,zadatt
5592,16654705,"Abu Saleh","2026-09-09 17:01:47",669.3,2,salehjunior
5593,16850098,"Bob Gerry","2026-09-09 05:35:31",669.1,2,bobgerry
5594,16730180,zshandy,"2026-09-08 04:57:54",669.0,2,zshandy
5595,16634213,kkunizaw,"2026-08-03 20:47:58",669.0,2,kkunizaw
5596,16872090,DanielAarhus,"2026-09-17 07:10:37",668.7,1,danielaarhus
5597,16623389,"Mominul Islam Hemal","2026-08-02 11:23:03",668.7,2,mominulislamhemal
5598,16809677,"Phong Khổng Hoàng","2026-09-26 14:45:43",668.7,2,phongkhonghong
5599,16883264,"João Felipe Aguiar","2026-09-13 15:32:14",668.3,2,joofelipeaguiar
5600,16656503,"Thiago Munhoz da Nóbrega","2026-08-04 20:47:37",668.1,2,thiagommtmn
5601,16764445,sukesuke012,"2026-09-03 01:40:16",668.1,2,sukesuke012
5602,16644185,"Mimic Mohsin","2026-08-02 18:38:46",667.9,1,mimicmohsin
5603,16655596,Bela,"2026-08-04 01:18:06",667.8,1,istribaik
5604,16644882,"SAMOILOV MIKHAIL","2026-08-03 02:10:04",667.7,1,samoilovmikhail
5605,16663187,"Teddy McBride","2026-08-07 03:59:53",667.3,2,tedcr100
5606,16658852,"Chhaya Awasthi","2026-08-04 09:37:05",666.9,2,chhayaawasthi
5607,16914081,"Ashmit Janjirkar","2026-09-25 07:33:21",666.9,2,ashmitjanjirkar
5608,16659874,"ding yumeng","2026-08-26 11:59:06",666.9,2,dingyumeng
5609,16738239,"Yaseen Shah7897","2026-09-08 05:57:15",666.9,2,yaseenshah7897
5610,16622940,"Enrico Ambrosio","2026-08-06 19:56:30",666.9,2,enricoambrosio
5611,16718579,"Nazariy Karpov","2026-08-18 07:28:29",666.5,2,nazariykarpov
5612,16679861,Pandabueno,"2026-08-12 15:51:48",666.3,2,ronaldomonzn
5613,16669466,"vuppuluri sriramsubhash","2026-08-06 08:42:50",666.1,2,vuppulurisriram
5614,16945354,"Aakriti Rao","2026-09-23 06:57:11",666.1,2,aakriti0110
5615,16672672,Koiiiiiopen,"2026-08-08 06:25:21",665.6,2,koiiiiiopen
5616,16798334,"Gabriel othávio","2026-09-02 22:08:55",665.4,2,gabrielothvio
5617,16861102,walnut11,"2026-09-27 00:34:40",665.2,2,walnut11
5618,16716089,wuzixiao,"2026-09-08 03:36:02",665.1,2,wuzixiao
5619,16640811,cyberia,"2026-08-02 09:12:23",665.0,1,cyberia
5620,16819277,"Enshi Zhang","2026-09-05 16:26:29",664.9,2,enshizhang31
5621,16736314,"wuret henr","2026-08-20 09:10:48",664.9,2,wurethenr
5622,16668361,NinhNguyen,"2026-09-12 12:55:39",664.4,2,ninhnt110695
5623,16668633,peien5,"2026-08-06 14:44:47",664.4,2,peien5
5624,16621709,smlcr,"2026-08-04 19:35:19",663.9,2,simulacri
5625,16717414,"Akshit Sivaraman","2026-08-13 14:43:40",663.9,2,akshitsivaraman
5626,16726617,"Chase Lebarv","2026-08-19 01:07:58",663.9,2,chaselebarv
5627,16664221,Anish,"2026-08-14 00:53:48",663.8,2,anishmunje
5628,16739551,arao,"2026-08-28 21:24:55",663.8,2,anjanarao
5629,16767453,IterumVici,"2026-09-06 19:28:10",663.8,2,iterumvici
5630,16734321,SubratP85,"2026-08-25 21:03:35",663.7,2,subratp85
5631,16670365,"Konstantin Alekseev","2026-08-10 10:58:09",663.6,2,alekskst
5632,16680239,"Marinto Richee J","2026-08-12 08:21:02",663.4,2,marintoricheej
5633,16815488,"crothety liu","2026-09-05 06:27:35",663.2,2,crothetyliu
5634,16661670,sansm1,"2026-08-04 16:54:59",662.7,2,sansm1
5635,16640461,"Shigeru Kondou","2026-09-17 19:12:22",662.7,2,shigerukondou
5636,16658616,"Amitesh Chaudhary","2026-08-11 10:04:02",662.5,2,amiteshchaudhary
5637,16738506,"Rok Sechs","2026-09-16 21:43:58",662.3,2,rokshimiz
5638,16637489,"Gopal Krishna Gundumalla","2026-08-02 12:39:17",662.3,2,gopalkrishnag
5639,16688884,"As Wasti","2026-08-14 01:34:26",662.1,2,aswasti
5640,16678250,"RMS Danaraj","2026-09-08 19:52:43",662.1,2,salorajan
5641,16633083,bsenst,"2026-08-07 12:38:47",661.8,2,bnzn261029
5642,16718039,Uman_n3l,"2026-08-31 14:40:32",661.8,2,umann3l
5643,16734672,"Artom  Wade","2026-09-18 19:01:18",661.5,2,artomwade
5644,16670424,"Josep Audenis","2026-08-11 17:52:07",661.5,2,josepaudenis
5645,16916717,Rubén,"2026-09-18 18:44:49",661.2,2,rucamaba
5646,16774682,"Tatsuhito Yoshikawa","2026-09-04 02:14:45",661.2,2,tatsuhitoyoshikawa
5647,16663096,Agola_dasacic,"2026-08-04 20:07:50",661.0,2,mnu303
5648,16809371,"Aashir Noman","2026-09-18 10:03:45",660.9,2,aashirnoman
5649,16660853,"lxh unbound","2026-08-05 00:02:02",660.4,2,lxhunbound
5650,16709800,nubx,"2026-08-20 17:12:04",660.3,2,manrajjitsidhu
5651,16640877,Yorix.um,"2026-08-02 13:31:28",660.2,1,yorixum
5652,16626217,"Stanislav Chistyakov","2026-08-05 18:52:47",659.6,2,chistyakov
5653,16875907,"Yash Mathur","2026-09-18 16:13:00",659.5,2,yashmathur03102001
5654,16644566,"Guangjian Dong","2026-08-02 23:59:18",659.2,1,guangjiandong
5655,16754845,"LG Music","2026-09-27 04:31:27",659.1,2,lgmusic
5656,16660470,"Oğuz Kaan Mavice","2026-08-28 09:39:58",659.1,2,oguzkaanmavice
5657,16634036,"Emanuel Lázaro","2026-08-02 14:55:30",659.1,2,emanuellcs
5658,16632571,"nishchal jain","2026-08-03 07:27:14",658.9,2,nishchaljainds
5659,16622312,"Malak Reda","2026-08-03 09:02:41",658.8,2,malak457
5660,16641068,"Rahul Ray","2026-08-05 14:27:07",658.2,2,rahulray5
5661,16884517,"Fizie Fulumaka","2026-09-14 07:46:31",658.2,2,fiziefulumaka
5662,16658261,"Manan Khanna","2026-08-04 07:41:27",658.0,1,manankhanna0
5663,16672264,iiTz_AK,"2026-08-15 12:18:44",657.8,2,iitzak
5664,16713877,FunnyBishop,"2026-08-16 03:19:24",657.2,2,funnybishop
5665,16658048,"Joel jaison 391","2026-08-05 02:31:57",657.1,2,joeljaison391
5666,16659996,Schwifty,"2026-08-12 20:01:01",657.0,2,schwiftyc137
5667,16652984,hxaxd,"2026-08-05 15:09:49",656.6,2,hxaxdcs
5668,16863492,"Andrew Kalita","2026-09-10 03:32:25",656.5,2,andrewkalita
5669,16663933,AnshV1,"2026-08-06 03:03:35",656.5,2,anshv1
5670,16849153,"Zackary Loevseth","2026-09-08 06:14:48",656.4,2,zackaryloevseth
5671,16665764,"izh yng","2026-08-21 06:16:21",656.4,2,izhyng
5672,16646360,"Asrith Singampalli","2026-08-03 08:46:59",656.3,2,asrithsingampalli
5673,16667516,Rosastella,"2026-08-05 16:00:48",656.1,2,rosastella
5674,16882072,"Ahmed Isa Zaweel","2026-09-13 09:57:29",655.5,2,ahmedisazaweel
5675,16669164,コノウイ,"2026-09-23 16:51:48",655.2,2,nickhu0414
5676,16842527,ko_fusion_JPN,"2026-09-26 23:46:34",655.0,2,kofusionjpn
5677,16661685,"Lê Ngọc Lâm","2026-08-13 15:29:40",654.8,2,lengoclam
5678,16652334,"Aldibek [dsmlkz]","2026-08-27 19:33:18",654.8,2,aldibek
5679,16809515,"Александр Трифонов","2026-09-12 20:13:15",654.6,2,cybrvibe
5680,16881370,"xianhao Lin6077","2026-09-15 12:39:40",654.6,2,xianhaolin6077
5681,16678666,"Rudranarayan Pradhan","2026-08-09 12:28:32",654.6,2,itzrnp
5682,16639567,YassY_The_AlchemYst,"2026-08-11 15:07:03",654.3,2,yassineelhallaoui
5683,16749524,zzholo,"2026-09-06 00:16:17",653.7,1,zzholo
5684,16760087,Slizzle,"2026-08-30 04:37:40",653.5,2,sloan98
5685,16636105,"Md. Mehedi Hasan","2026-08-01 14:03:03",653.3,2,mehedi052
5686,16634876,MakiMakiAi,"2026-08-02 07:52:40",652.8,2,makimakiai
5687,16664249,"Rohan Jain","2026-08-17 20:26:14",652.6,2,rohanjain2312
5688,16656379,"Jay Gautam","2026-08-12 12:19:40",652.0,2,jaygautam007
5689,16750864,Ymori,"2026-09-27 03:41:35",651.9,2,yasunorim
5690,16688868,AlbanMaurel7,"2026-08-14 01:34:07",651.9,2,albanmaurel7
5691,16661376,"YERMES AMINE","2026-08-04 14:13:45",651.8,1,yermes
5692,16639471,CaminoLSY,"2026-08-05 01:22:09",651.5,2,lsy37521
5693,16670842,Cole,"2026-08-15 19:50:43",651.4,2,colechristensen
5694,16730199,kawanot,"2026-08-24 09:15:18",651.3,2,kawano
5695,16747914,"Token's Expired","2026-08-22 16:25:39",651.3,2,"adeebshekh,akratisingh0101,shaankapoor21"
5696,16659749,"Kavsik YVS","2026-08-22 19:30:45",651.0,2,kavsiku0512
5697,16675452,Vladislav,"2026-08-12 13:58:35",650.9,2,simmeringoverstep
5698,16763865,SydneyC666,"2026-08-26 08:50:40",650.5,2,sydneyc666
5699,16775210,"Daniel LPD","2026-09-10 14:44:52",650.4,2,daniellpd
5700,16671980,601918_กิตติพงศ์,"2026-08-08 08:28:12",650.4,2,bluexg5502
5701,16894008,"Marcus Jamieson","2026-09-25 10:34:42",650.4,2,marcusjamieson
5702,16707034,"Muhammed Ali Kul","2026-09-15 14:52:53",649.6,2,muhammedalikul
5703,16739640,TeamBanzaiSL,"2026-08-27 17:13:26",649.5,2,teambanzaisl
5704,16634022,"Cihan Atak","2026-08-02 16:00:43",649.4,2,cihanatak
5705,16733131,Rad,"2026-09-23 09:12:43",649.4,2,vnt174
5706,16655897,"Huanchen Jia","2026-09-27 02:56:43",649.3,2,huanchenjia123
5707,16622015,"Ioannis M","2026-08-06 08:12:21",649.2,2,imeintanis
5708,16733195,"Zukas F.","2026-09-27 05:29:31",649.1,2,zukasf
5709,16672095,"Friaseus ","2026-09-26 17:30:23",648.8,2,friaseus
5710,16667874,Vidushiii,"2026-08-10 12:25:42",648.6,2,vidushianand09
5711,16659174,Soulwood,"2026-09-06 04:56:32",648.4,2,soulwood
5712,16623732,A.S.TENSHU,"2026-08-17 16:25:35",648.3,2,kirvk013
5713,16677752,"Senya Ka","2026-08-08 19:16:00",648.2,2,m1greatcool
5714,16699488,"Kelvin Lai","2026-09-25 02:56:40",648.0,2,kelvin84hk
5715,16661585,"Fully Liquidated","2026-09-01 01:57:16",648.0,2,kriskilgroe
5716,16898276,SergioMoras,"2026-09-18 10:49:37",648.0,2,sergiomoras
5717,16944040,guarva,"2026-09-25 10:27:00",647.8,2,guarva
5718,16715399,"Julia Chien","2026-09-05 08:21:06",647.7,2,juliachien
5719,16661353,mithi,"2026-08-11 20:04:07",647.7,2,singhaleo
5720,16697844,Noobykiller16,"2026-08-15 06:08:27",647.4,2,noobykiller16
5721,16672687,Liz,"2026-09-25 23:08:33",647.4,2,lizgarcia3
5722,16942760,"V Manmohan","2026-09-25 10:31:12",647.3,2,vmanmohan
5723,16670759,"Lemmes Yad","2026-08-09 04:37:37",647.1,2,"austinsemmel,jonallday"
5724,16703203,"Hamza Shafik ","2026-08-17 23:48:06",647.0,2,hamzashafik12
5725,16692350,"Emerson Suarez","2026-08-16 05:09:13",646.8,2,jericksystem32
5726,16888646,tinaztepec,"2026-09-19 16:21:38",646.8,2,tinaztepec
5727,16635680,starclan,"2026-08-14 17:50:55",646.7,2,starclan
5728,16718539,"Divyansh Agrawal","2026-08-14 06:58:46",646.6,2,spartan1925
5729,16678044,BJFC,"2026-09-20 16:07:06",646.1,2,"harshithharithsa,svsumanth"
5730,16663444,Thomas,"2026-08-11 04:21:42",646.0,2,tartieret
5731,16923101,Kimodii,"2026-09-20 05:30:33",645.7,2,kimodii
5732,16804094,faheem,"2026-09-22 15:33:10",645.6,2,faheemkhaskheli9
5733,16658252,"Krishnan CS","2026-08-20 05:28:14",645.2,2,krishnanchathadi
5734,16682908,"Masha Mashallah","2026-09-12 09:32:09",645.1,2,mashamashallah
5735,16662050,HandsOffMyBigMelons,"2026-08-13 22:00:12",645.1,2,scrattle
5736,16675475,"Andrey Aristov","2026-08-10 22:02:24",645.0,2,andreyaristov
5737,16654579,"anagha kv","2026-09-23 06:30:22",644.8,1,anaghakv6801
5738,16927400,HaY0801,"2026-09-26 01:56:57",644.7,2,hay0801
5739,16659125,"Meet Parekh","2026-08-19 10:31:09",644.5,2,meetparekh1
5740,16639719,JASONSLIMWONG,"2026-08-02 08:11:22",644.4,2,jasonslimwong
5741,16691310,"Ganesh ","2026-09-24 21:34:39",644.3,2,hotshot1798
5742,16637340,the_vinci_coder,"2026-08-03 16:27:16",644.2,2,lokijt
5743,16639473,"Jeff Borschowa","2026-08-02 00:39:11",644.1,2,jeffborschowa
5744,16853417,"Aditya Prasetyo Budiarso","2026-09-11 11:59:34",643.7,2,artsodeva
5745,16759443,"Ayman machhidan","2026-09-25 08:22:39",643.6,2,aymanmachhidan
5746,16855147,Kao0207,"2026-09-12 12:32:12",643.4,2,kao0207
5747,16838855,"Sze Yu Sim","2026-09-09 01:37:05",643.4,2,szeyusim
5748,16755398,takataok_42,"2026-09-25 18:19:32",643.4,2,takataok42
5749,16675661,June_mk,"2026-09-06 00:08:47",643.3,2,jungoto
5750,16923772,"Aidan Edward Lawson","2026-09-21 05:55:34",642.9,2,modalpathethics
5751,16762719,"Ahmet Bilginoglu","2026-09-02 20:34:49",642.9,2,ahmetbilginoglu
5752,16854339,"ML Underdogs","2026-09-22 06:19:48",642.9,2,mdjubairhasan
5753,16943936,"Wessel van Dijke","2026-09-24 21:23:34",642.8,2,wesselvandijke
5754,16688429,"Omrani Rabah","2026-08-11 22:19:21",642.3,2,omranirabah
5755,16708369,JairSanchez151270,"2026-08-11 16:30:55",642.3,2,jairsanchez151270
5756,16692954,"Adam Nhan","2026-08-16 19:10:48",642.2,2,asnhan
5757,16712321,"Elias Schecke","2026-09-11 15:00:14",641.6,2,eliasschecke
5758,16759229,"Samuel Kurabachew","2026-08-28 22:17:20",641.6,2,samuelkurabachew
5759,16692569,"Mark Kirwan","2026-08-26 08:05:16",641.6,2,markkirwan1990
5760,16691481,"Aditi Salvi","2026-08-18 15:24:53",641.0,2,aditisalvi04
5761,16665301,EricYang03,"2026-08-13 15:49:11",640.7,2,ericyang03
5762,16759162,sgsuh,"2026-09-23 14:41:49",640.7,2,seukgyo
5763,16891184,rbjp557,"2026-09-24 10:35:20",640.6,2,rbjp557
5764,16793626,"KO LIH HAN","2026-09-11 01:29:18",640.5,2,kolihhan
5765,16678246,"Mark Holloway","2026-09-05 22:23:35",640.4,2,markholloway
5766,16662633,"Shekhar Suman","2026-08-15 19:17:49",640.2,2,shekharvc
5767,16924892,"cheng chen","2026-09-26 02:32:48",640.0,2,icebruce
5768,16655217,"Jiawei Zhao","2026-09-26 21:57:57",639.9,2,c789a123
5769,16668021,"bali rasem","2026-08-07 16:15:13",639.9,2,balirasem
5770,16661467,sh_sub97,"2026-08-12 15:20:25",639.8,2,shsub97
5771,16672035,diet1236364,"2026-08-09 23:37:45",639.7,2,kosuke123
5772,16712567,PatWid,"2026-08-18 17:17:20",639.5,2,patwid
5773,16818110,Kactus,"2026-09-16 00:15:43",639.4,2,kactus
5774,16903652,LokeshGiri,"2026-09-26 15:05:34",639.2,2,"lokeshjasrotia,vengatagirig"
5775,16655187,cmxu,"2026-08-05 05:31:07",639.1,2,cmxu77
5776,16660548,"Viraj Bakshi","2026-08-08 18:50:11",639.1,2,virajbakshi
5777,16719081,数学の山田,"2026-09-15 10:28:05",639.0,2,b612sum1
5778,16844092,Johana01,"2026-09-15 08:10:42",639.0,2,johana01
5779,16674532,"shoaib khan","2026-08-08 01:57:11",638.9,2,manifoldinfo
5780,16796509,"Taha Alselwi","2026-09-26 23:42:05",638.8,2,tahaalselwii
5781,16921938,"Hikaru Kambe","2026-09-27 04:59:04",638.7,2,hikarukambe
5782,16657419,"Saivedant Hava","2026-08-05 06:36:39",638.6,2,saivedanthava
5783,16922434,Raduansm,"2026-09-26 23:23:49",638.5,2,raduansm
5784,16758298,"Jack p","2026-08-30 07:36:22",638.4,2,jtv199
5785,16662138,"Luan He","2026-09-05 21:53:24",638.2,2,luanhe
5786,16792512,ckd999,"2026-09-26 23:06:56",638.2,2,ckd999
5787,16656167,"Minh Quang Do","2026-09-11 04:05:53",638.1,2,mrfreddy0209
5788,16667058,"Lê Quốc Duy","2026-08-08 01:03:08",638.0,2,lqucduy
5789,16668923,"duy tran","2026-08-10 18:38:49",637.9,2,duytran23
5790,16674543,"Sujal Agarwal2301","2026-08-09 13:37:43",637.9,2,sujalagarwal2301
5791,16639973,akky,"2026-08-03 15:39:41",637.4,2,tellxxx
5792,16663659,"Omer Rehman","2026-09-02 11:05:02",637.4,2,omerrehman97
5793,16635127,"Sergey Bryansky","2026-08-26 20:39:37",637.3,2,sggpls
5794,16677514,mayoristaNLP,"2026-08-09 16:33:23",637.1,2,mayoristanlp
5795,16665816,Vikas1306,"2026-08-10 05:53:19",636.9,2,vikas1306
5796,16655062,KKS,"2026-08-08 07:36:03",636.6,2,sachisgod
5797,16708189,Facouse,"2026-08-11 16:09:17",636.4,2,facouse
5798,16645705,wataru420,"2026-09-27 05:44:41",636.3,2,wataru420
5799,16654193,fvong,"2026-09-04 07:15:22",636.1,2,fvong35963
5800,16926305,"Ιωάννης Μπερτολης","2026-09-23 16:15:30",636.1,2,"absor97,bertolis"
5801,16934906,"sou yamaguchi","2026-09-21 09:59:04",636.1,2,souyamaguchi
5802,16716300,"Julian Kerignard","2026-09-07 10:12:31",635.9,2,juliankerignard
5803,16652339,"Mohamed Amine Rebhi","2026-08-03 16:03:07",635.9,2,mohamedaminerebhi
5804,16639810,gytdrop,"2026-08-14 12:47:28",635.7,2,"kartikeyrajbhar,shaikaktharali"
5805,16859900,ZZZ234234234,"2026-09-25 10:49:35",635.6,2,zzz234234234
5806,16663356,Farm-ops,"2026-08-06 23:27:37",635.6,2,"dakotavannauker,tsho01"
5807,16640619,"Sơn Nguyễn","2026-08-28 08:19:19",635.1,2,sonnguyen10
5808,16636725,shichi,"2026-08-11 12:47:35",634.9,2,shichi
5809,16662066,"Yug Savalia","2026-09-25 19:48:56",634.9,2,"priyankagarg19,yugsavalia"
5810,16699578,kakanekoka,"2026-09-04 17:45:15",634.7,2,kakanekoka
5811,16716402,"Shashvat Singham","2026-09-26 22:53:59",634.6,2,shashvatsingham
5812,16663515,HamsterSashka,"2026-08-20 14:40:55",634.6,2,hamstersashka
5813,16924397,ngzeonwang,"2026-09-24 08:57:26",634.5,2,ngzeonwang
5814,16675997,"Rintaro Moriwaki","2026-09-16 16:03:10",634.3,2,rintaromoriwaki
5815,16694779,JacobKooi,"2026-08-10 09:16:35",634.3,2,jacobkooi
5816,16656072,Vespidae,"2026-08-14 03:30:03",633.9,2,ianapis
5817,16772394,TNWL,"2026-09-26 11:29:44",633.9,2,vuminh
5818,16713236,kingofeverything,"2026-09-21 16:27:45",633.8,2,"kingofeverything,skyyyang"
5819,16685069,derek_kuang0213,"2026-08-22 10:33:21",633.4,2,derekkuang0213
5820,16725150,"Nicolae Drabcinski","2026-09-01 11:45:51",633.2,2,nickdrabcinski
5821,16799014,"Vaibhav singh kaira","2026-09-12 04:49:54",632.9,2,vaibhavsinghkaira
5822,16669330,"Panagiotis Charalabopoulos","2026-08-26 18:49:46",632.9,2,panagiotischaral
5823,16832474,"Isaac D. Hérnandez G.","2026-09-15 23:52:34",632.7,2,isaacdhrnandezg
5824,16702932,kyconf,"2026-09-12 14:10:46",632.5,2,kyconf
5825,16887820,"Radosław Czajkowski","2026-09-21 17:59:25",632.5,2,radoslaw
5826,16705345,"DEMON JI","2026-08-14 15:02:11",632.4,2,demonji04
5827,16701036,"Tiandong Wang","2026-08-19 11:45:32",632.4,1,condone
5828,16638667,"Sarvesh Nikas","2026-09-23 11:44:21",632.1,2,sarveshnikas
5829,16639223,"SIDHAARTH SHREE","2026-08-19 15:03:55",631.9,2,sidhaarthshree
5830,16865982,"Orest Myth","2026-09-23 13:26:01",631.9,2,orestmyth
5831,16631090,yoikoarmor,"2026-08-09 07:01:44",631.9,2,yoikoarmor
5832,16840735,"Heavy Drivers 2.0","2026-09-16 22:40:25",631.7,2,"cranjuice,pgggggggggggg,sudhanvaed25b055"
5833,16726093,CocoTeam,"2026-08-18 14:22:45",631.6,2,"albaasca,ceemeese"
5834,16822111,hikarimaru,"2026-09-10 14:07:36",631.5,2,hikarimaru
5835,16741188,"Adarsh Samanu","2026-08-20 00:01:33",631.3,2,adarshsamanu
5836,16881453,"fahim magsi","2026-09-13 15:18:43",631.3,2,fahimmagsi
5837,16687883,CherylStoned,"2026-08-11 22:53:28",631.3,2,cherylstoned
5838,16925442,"Stef Sempels","2026-09-22 08:29:38",631.2,2,stefsempels
5839,16643692,Samsay24,"2026-08-02 17:22:45",631.2,1,samsay23
5840,16669392,cobrapigeon,"2026-08-20 18:43:25",631.1,2,cobrapigeon
5841,16663361,protoLabs.studio,"2026-08-06 18:39:50",631.1,2,protolabsstudio
5842,16786485,"Sam Jenkins","2026-09-01 03:50:16",631.1,2,samjenkinsuk
5843,16668868,tawashi,"2026-08-13 06:51:45",631.0,2,tawashi
5844,16623555,yindujuxi,"2026-08-01 10:11:35",630.9,2,yindujuxi123
5845,16662486,"KOTHAPALLI DILEEP","2026-08-10 12:06:14",630.8,2,kothapallidileep
5846,16657095,"Prashant Kumar","2026-08-20 12:59:11",630.7,2,praskr
5847,16654267,maniginam,"2026-09-27 03:00:06",630.4,2,maniginam
5848,16658083,"Gunjan Solanki","2026-09-03 10:39:28",630.4,2,blackhatv1
5849,16635177,Zacchaeus,"2026-08-07 07:04:15",630.4,2,zacchaeus
5850,16741892,astro,"2026-08-20 20:49:49",630.3,2,mayursamrutwar
5851,16662338,jaepyeocho,"2026-09-13 11:39:37",630.2,2,jaepyeocho
5852,16685412,Praveen8775,"2026-09-22 15:48:40",630.2,2,praveen8775
5853,16623645,"ayutin tin","2026-08-14 07:48:31",630.2,2,ayutintin
5854,16698596,ymok,"2026-09-12 02:00:52",629.9,2,iromao
5855,16856888,"Md Mehrab Hossain Opi","2026-09-10 07:16:45",629.8,2,iamopi
5856,16811210,"Matt Dowis","2026-09-04 14:41:36",629.8,2,mattdowis
5857,16665654,"Anurag H H","2026-09-10 15:05:26",629.6,2,anur4ghh
5858,16728204,Meshwa,"2026-09-04 11:17:12",629.5,2,meshwapatel4287
5859,16939742,"Shivang Modi","2026-09-26 08:52:23",629.4,2,shivang22
5860,16822523,bvgr,"2026-09-15 19:17:50",629.3,2,vbeeram
5861,16684710,"Pratik Singh","2026-08-11 11:34:48",628.7,2,pratikks11
5862,16635848,KartoplyanePure,"2026-08-31 20:43:34",628.6,2,"danylotovp,wizardmp"
5863,16688929,"Kangqiao LIU","2026-08-18 07:44:55",628.6,2,kangqiaoliu
5864,16710621,(´･_･`),"2026-08-16 07:14:53",628.4,2,tanakh
5865,16798268,KAEOS,"2026-09-06 20:09:49",628.3,2,hitesh221
5866,16666391,"Harshpreet Singh","2026-08-06 10:32:51",628.2,2,harshpreet931
5867,16763977,"Jong Park","2026-08-26 09:21:40",627.4,2,papercat318
5868,16756176,"Unsh Rawal","2026-09-06 20:29:16",627.2,2,unshrawal
5869,16947217,"Chikkam Sandeep Munna","2026-09-25 20:26:45",627.0,2,chikkamsandeepmunna
5870,16669856,StrugglerK,"2026-09-22 17:10:09",626.9,2,muhammedkaanlker
5871,16630519,"Mehmet Özer","2026-08-01 16:51:55",626.6,2,ozermehmet
5872,16655744,"Ademola Arigbabuwo","2026-09-03 21:44:49",626.5,2,princedemo
5873,16658043,"Tran Huy Hoang1312","2026-08-05 01:58:39",626.4,2,tranhuyhoang1312
5874,16939445,Dylan,"2026-09-26 17:15:34",626.3,2,dylan2778
5875,16658272,"Yash Katiyar","2026-08-08 20:17:05",626.2,2,yashkatiyar409
5876,16718202,"Abhi Kumar Agrawal","2026-08-18 09:52:24",626.2,2,abhikumaragrawal
5877,16635049,rooklift,"2026-08-16 06:27:36",626.0,2,rooklift
5878,16663343,"Abdullah M. Haque","2026-09-13 18:41:14",626.0,2,abdullahmhaque
5879,16807281,sansh0u0,"2026-09-04 02:16:09",626.0,2,sansh0u0
5880,16717483,Caerno,"2026-09-25 19:38:44",625.9,2,caerno
5881,16773966,"Ronel Abraham Mathew","2026-08-26 16:05:26",625.6,2,ronelm
5882,16882001,"Satyam Pote","2026-09-13 00:00:04",625.6,2,satyampote
5883,16658430,bruyantq,"2026-09-23 08:33:16",625.2,2,bruyantq
5884,16665120,nobody,"2026-08-13 14:48:45",625.2,2,rajesh1729
5885,16693137,"Ich Benavides","2026-09-06 18:24:52",625.2,2,jabeichbenavides123
5886,16780969,"Ewa Suknarowska","2026-08-30 15:53:25",625.2,2,ewasuknarowska
5887,16770154,Florian,"2026-09-11 07:52:00",625.1,2,ftusek
5888,16845664,fabio5050,"2026-09-16 04:04:27",625.0,2,fabio5050
5889,16678773,"Steve Probst","2026-09-09 01:51:39",625.0,2,steveprobst
5890,16694269,Aftxb,"2026-08-11 14:58:08",625.0,2,aftxb07
5891,16899024,Whooriiiaaaaa,"2026-09-24 23:24:57",624.9,2,"nickazaria,woupyie"
5892,16852559,永井こうたろう,"2026-09-09 04:01:11",624.6,2,kotakota914
5893,16666833,DenisKoronchik,"2026-09-14 21:19:27",624.6,2,deniskoronchik
5894,16875690,jwboost,"2026-09-16 04:31:31",624.5,2,kiritocui
5895,16728069,Taisei7,"2026-09-09 06:27:49",624.2,2,taisei7
5896,16696724,arkmid,"2026-09-09 13:11:46",624.1,2,arkmid
5897,16696267,"yu lesui","2026-08-10 05:41:40",624.1,2,yulesui
5898,16891179,feng222666888,"2026-09-24 10:49:47",624.0,2,feng222666888
5899,16880938,nousername22,"2026-09-26 19:52:51",623.9,2,nousername22
5900,16862913,MLEDV,"2026-09-11 18:13:10",623.6,2,edwardvaines
5901,16740404,BarrelAged,"2026-09-13 11:27:04",623.4,2,johnhosack
5902,16674324,"luca fregona","2026-08-08 13:37:49",623.4,2,lucafregona
5903,16672103,"fred mahinay","2026-08-24 23:34:48",623.2,2,fredmahinay
5904,16666452,"victor souza","2026-08-09 17:07:51",623.1,2,victorcaio
5905,16664219,JosephGuhlin,"2026-08-10 08:46:16",622.8,2,jguhlin
5906,16857130,"Joao Araujo","2026-09-09 01:11:50",622.3,2,jhcaextra
5907,16656501,"Thái Phạm Công","2026-08-05 03:59:47",622.2,2,thaipc
5908,16654855,"Pedro Rezende Gomes","2026-08-06 00:41:30",622.0,2,pedrorzgomes
5909,16758204,kkKaan,"2026-08-24 07:56:58",621.9,2,kkkaan
5910,16632757,taopy2,"2026-09-27 04:27:15",621.9,2,taopy2
5911,16932197,SamarthPD-21,"2026-09-25 13:57:11",621.9,2,samarthpd21
5912,16724522,"stathis maurog","2026-08-26 07:01:48",621.7,2,stathismaurog
5913,16750175,"Quentin Pr","2026-08-27 18:08:14",621.4,2,quentinpr
5914,16784599,"Engineer Lisa","2026-09-27 02:24:18",621.3,2,lisamhines
5915,16784960,i-yuki23,"2026-08-30 01:13:11",621.2,2,iyuki23
5916,16755568,KHuShIMaHajan,"2026-08-21 18:55:05",621.2,2,bymista4578
5917,16772673,"Alejandro Rendon B.","2026-09-22 22:21:04",620.9,2,alejandrorendonblan
5918,16657332,"Amit Malakar","2026-09-27 06:02:06",620.6,2,amitmalakarjoy
5919,16797025,"Jonathan Glinton","2026-09-11 17:11:01",620.5,2,jonathanglinton
5920,16664828,Leon,"2026-08-09 09:00:09",620.4,2,leonmyl
5921,16687808,GorillaGhost,"2026-08-13 23:23:10",620.3,2,gorillaghost
5922,16755681,nic001,"2026-08-28 08:06:19",620.3,2,mimamura
5923,16640933,"Bhanu prasad","2026-09-21 03:21:24",620.1,2,restlesseagle
5924,16912690,"Tegh Bindra","2026-09-20 04:55:09",619.9,2,teghbindra
5925,16633923,JackyFan123,"2026-08-01 15:22:04",619.8,2,jackyfan123
5926,16892537,"🐖 piggy bank butchery 🥩","2026-09-26 18:34:34",619.8,1,artemkhakimov
5927,16663238,"Francesco Zaccaria","2026-08-21 07:28:57",619.7,2,francescozaccaria
5928,16702713,"Rob Sartin","2026-09-24 21:59:26",619.6,2,robsartin
5929,16662375,"Yunusa Hussein Adeiza","2026-08-14 22:12:49",619.5,2,yunusahusseinadeiza
5930,16736579,rk777848,"2026-09-25 07:51:29",619.3,2,rk777848
5931,16664103,izack2666,"2026-08-07 14:41:10",619.3,2,izack2666
5932,16695633,"Kiran Kumar","2026-09-12 16:57:52",618.8,2,iamrkk
5933,16673346,gabrielep09,"2026-08-11 01:52:41",618.4,2,gabrielep09
5934,16757447,soyukke,"2026-09-13 17:38:12",618.4,2,soyukke
5935,16658050,"changwei shi","2026-08-18 02:45:47",618.0,2,changweishi
5936,16633175,"Umut Kıvanç Sipahioğlu","2026-08-04 15:51:56",618.0,2,umutkvansipahiolu
5937,16941176,"Jesse #2","2026-09-26 20:21:59",617.8,2,atjesse
5938,16667762,KucingGanteng,"2026-09-12 20:04:37",617.7,2,dhiyaussalam
5939,16661943,"Cow Wizard","2026-08-14 02:14:58",617.7,2,cowwizard321
5940,16666341,"Ege Güvener","2026-09-11 17:20:35",617.5,2,egegvener
5941,16719065,"Aldo Rizona","2026-08-17 15:32:26",617.3,2,aldorizona
5942,16624277,"D S S Kumar","2026-08-10 03:22:55",617.1,2,satrusskumar
5943,16676308,DC,"2026-08-19 17:34:02",616.8,2,choudahchiun
5944,16665517,"RUEI-HSIANG. CHANG","2026-08-17 15:23:55",616.5,2,rueihsiangchang
5945,16743617,Dancing_Chaos,"2026-08-31 15:42:35",616.2,2,"bailynlove4ever,ripplecddc"
5946,16893361,lemonjuice2312,"2026-09-19 07:36:26",616.2,2,lemonjuice2312
5947,16905608,ChrisVas123,"2026-09-16 09:44:56",616.1,2,chrisvas123
5948,16677402,"Hıdır Demir","2026-09-10 22:35:54",615.9,2,hdrdmr
5949,16802675,manishcs076,"2026-09-16 21:13:06",615.5,2,manishcs076
5950,16764605,"Bandito Gangesterito","2026-09-22 18:06:53",615.4,2,"mrtrueteller,restovrator"
5951,16698007,"Juanma Serrano","2026-08-23 15:49:31",615.4,2,juanmaserrano
5952,16679079,"cedric stephan ","2026-08-25 20:39:15",615.4,2,cedricstephan
5953,16660955,"Nihal l.suvarna","2026-09-17 14:24:23",615.3,2,nihallsuvarna
5954,16662015,"ryan panda","2026-09-23 20:03:28",615.3,2,hollowpurple
5955,16665476,"Zhanghao Chen69","2026-08-19 12:42:33",615.1,2,zhanghaochen69
5956,16690852,"Naveen Venu Bagadi","2026-08-30 04:38:13",615.0,2,naveenvenubagadi
5957,16918826,NOTSUREKITTY,"2026-09-19 03:56:04",614.7,2,notsurekitty
5958,16735298,Watary0927,"2026-08-22 23:25:11",614.5,2,watary0927
5959,16668089,Goller,"2026-08-26 15:05:53",614.5,2,goller
5960,16793895,"Moh Notif","2026-09-26 23:03:08",614.2,2,mohnotif
5961,16630501,"Haris Ahmed","2026-08-14 10:08:51",614.0,2,harisahmedgenai
5962,16669561,"Nikunj Pahwa","2026-08-15 20:04:36",613.8,2,nikunjpahwa
5963,16724364,Sh4ron,"2026-09-11 15:48:11",613.6,2,sh4ron
5964,16679295,Mk26,"2026-09-04 13:52:05",613.5,2,"manishk26,mans31"
5965,16759351,"Shinsaku Haruta","2026-09-21 12:22:17",613.5,2,shinsakuharuta
5966,16664149,"Bushel Seed","2026-08-12 17:10:56",613.4,2,"dmyung,nicholasmschwartz"
5967,16715251,SoraGinko,"2026-08-28 18:52:17",613.4,2,terrywuu
5968,16929645,"GeneralShizha ","2026-09-20 10:27:45",612.9,2,generalshizha
5969,16634582,"Tarun Chaudhary","2026-08-12 06:36:33",612.6,2,tarunchdev
5970,16670214,"Louis @ tradeInsight.ai","2026-08-21 15:18:11",612.3,2,louisquart
5971,16623886,onepunch999,"2026-08-01 07:30:37",612.2,2,onepunch999
5972,16914138,"Amritesh Anand","2026-09-25 09:38:53",612.1,2,amriteshananad
5973,16797969,probability,"2026-09-07 09:44:49",611.9,2,probabilitywavepeak
5974,16780019,"hamza khokhar890","2026-09-20 16:35:58",611.9,2,hamzakhokhar890
5975,16741660,Dhruv_Goyal990,"2026-09-03 16:20:31",611.9,2,"dhruvgoyal990,prathameshbelavagi"
5976,16694575,"Aloise Mutune","2026-09-17 13:48:22",611.4,2,aloisemutune
5977,16671217,"Akshay V","2026-08-21 04:01:22",611.4,2,akshayv1001
5978,16695822,"Ahmad Elawady","2026-08-18 20:06:59",611.3,2,aielawady
5979,16639492,"Vishnu R Mohan","2026-08-08 20:36:19",611.1,2,vishnurmohan
5980,16852963,LingLingToshite,"2026-09-24 09:32:57",611.0,2,lingtoshitehiroki
5981,16746151,"Nicolas Gomasjaya","2026-08-26 16:57:08",611.0,2,nicolasgomasjaya
5982,16847275,"Giovanni Marco Dall'Olio","2026-09-09 20:43:20",610.2,2,dalloliogm
5983,16688108,Special_octo20,"2026-09-14 19:16:13",610.0,2,specialocto20
5984,16657570,"Guruprasad Parasnis","2026-08-10 12:04:57",609.9,2,guruprasadparasnis
5985,16748955,micchy,"2026-09-23 22:17:27",609.6,2,micchy326
5986,16757614,"Eduardo Molina","2026-09-06 04:04:22",609.4,2,eduardomolinaai
5987,16673477,ArtFix,"2026-08-11 00:51:09",609.2,2,artfix
5988,16876642,Gruberx,"2026-09-25 17:53:44",608.8,2,gruberx
5989,16636954,"Jeff Horon","2026-09-13 16:30:41",608.7,2,jeffhoron
5990,16767802,"Luis Fernando Faria","2026-08-31 20:57:29",608.6,2,luisfernandofaria
5991,16640816,pawaraman,"2026-08-02 19:46:52",608.1,2,pawaraman
5992,16690988,"Aditya Bharadwaj","2026-08-20 10:02:32",607.7,2,adityabharadwaj26
5993,16658224,"Daniel Gallardo Gómez","2026-08-07 08:17:24",607.3,2,danielgallardogmez
5994,16669489,"Yichi Zhang","2026-08-28 19:31:07",607.1,2,yichizhang12
5995,16655340,LGarcia10,"2026-08-17 13:17:31",607.0,2,leonardogarcia10
5996,16635796,MugaBros,"2026-08-04 05:27:02",606.8,2,"drrocktotpalkonwarh,monjyotid"
5997,16766732,"Maziyar Abyari","2026-09-19 08:14:10",606.5,2,maziyarabyari
5998,16676254,"Lazy Lagoon","2026-09-17 16:26:05",606.4,2,"mokshoswal137,taniyasankhe"
5999,16658602,aldoktvns,"2026-08-04 15:51:08",606.4,2,alrette
6000,16684957,"Lucas Ferreira","2026-08-11 18:20:43",606.3,2,lucasdeoferreira
6001,16737986,"Edris Yawar #2","2026-09-05 09:32:08",606.3,2,edrisyawar
6002,16663784,Aniketh2k7,"2026-08-10 06:02:02",606.2,2,aniketh2k7
6003,16635004,"jacob OKOTH O","2026-08-02 05:57:05",606.1,1,jacobokotho
6004,16814805,Muzhi11,"2026-09-21 02:41:31",605.9,2,muzhi11
6005,16667258,"Firman Imam","2026-08-09 02:36:56",605.9,2,piririp
6006,16699838,"Harry Taylor","2026-08-21 10:38:18",605.8,2,harryphysics
6007,16841397,"Petro Tarnavskyi","2026-09-06 12:36:05",605.5,2,petrotarnavskyi
6008,16656013,Asuran,"2026-09-04 04:43:56",605.5,2,zkasuran
6009,16654456,"Tristan Peng","2026-08-09 17:00:48",605.5,2,tristanpeng
6010,16718133,KaranjeetSingh1110,"2026-09-16 15:31:45",605.3,2,karanjeetsingh1110
6011,16777222,"José Daniel Ara","2026-08-27 00:12:53",605.2,2,josdanielara
6012,16721960,"Lê Khang","2026-08-18 19:42:43",605.2,1,kobtdatten
6013,16668298,"Riki Garcia","2026-08-26 15:36:14",605.2,2,rikigarcia
6014,16687788,"Me and the Geese","2026-08-26 15:57:41",605.1,2,skalermo
6015,16739128,"Praneeth Paikray","2026-09-07 11:18:26",605.1,2,paiky1995
6016,16664457,yaohongfu,"2026-08-10 12:30:43",605.0,2,yhfwww
6017,16635670,"Mr.S hanakosan","2026-08-09 00:31:34",604.8,2,earlgreytea15
6018,16675952,bazinga,"2026-09-22 23:21:10",604.4,2,stephanhahn16
6019,16656274,googunmo,"2026-08-08 01:13:58",604.3,2,googunmo
6020,16686715,"Adrien Secondaire","2026-08-08 15:54:58",604.2,2,adriensecondaire
6021,16784154,JoshJML,"2026-09-03 05:39:26",603.9,2,joshjml
6022,16809762,"Ryan Wong","2026-09-04 14:47:39",603.7,2,taggatle
6023,16741121,"Vignesh Nehru","2026-09-22 07:58:54",603.5,2,vigneshnehru
6024,16664241,payoon,"2026-08-07 08:24:05",603.4,2,payoon1234
6025,16808956,"Denis Zerov","2026-09-03 10:59:46",603.2,2,dinoden
6026,16918421,"Joseph Kosednar","2026-09-27 06:12:07",603.1,2,josephkosednar
6027,16684436,Simon-the-sorcerer,"2026-09-26 23:08:05",602.8,2,simonwiller
6028,16670834,romin_123,"2026-08-14 01:25:19",602.7,2,romin123
6029,16950015,"Jacob Stultz1","2026-09-23 22:49:13",602.5,1,jacobstultz1
6030,16664024,"Juan David Bolanos","2026-08-13 17:06:00",602.5,2,juandavidbolanos
6031,16668354,"ashraf saiyed","2026-08-13 13:44:31",602.3,2,ashrafsaiyed58
6032,16636808,"Kaito Ichikawa","2026-09-18 10:15:37",602.2,2,kaitoichikawa
6033,16756113,"George Megre","2026-09-16 07:04:00",602.2,2,georgemegre
6034,16670420,"Mihir Argulkar","2026-08-07 20:03:15",601.9,2,mihirargulkar
6035,16725010,jenninglim,"2026-08-23 08:38:47",601.9,2,jenningl
6036,16747390,SawadaTsurumai,"2026-08-24 09:48:07",601.8,2,sawadatsurumai
6037,16698034,Anatoliy_Fomin,"2026-08-12 12:57:18",601.4,2,anatoliyfomin
6038,16766888,"Alex #4","2026-08-24 14:42:19",601.4,1,alxndrvara
6039,16665042,Neo_0x3f,"2026-08-10 21:36:56",601.2,2,neo0x3f
6040,16665942,"Satvik R Shetty","2026-08-09 03:59:52",601.1,2,satvikrshetty
6041,16664709,kai,"2026-08-18 23:29:11",600.9,2,sungwo101
6042,16738538,ZHANG_WuHua,"2026-08-18 16:21:19",600.8,2,zhangwuhua
6043,16724002,Yahia717,"2026-08-20 20:48:31",600.8,2,yahia717
6044,16624888,okome_niigata,"2026-08-06 06:47:17",600.7,2,okomeniigata
6045,16750036,"Kiệt Lưu","2026-09-05 03:41:19",600.6,2,jaxyss
6046,16660270,Ziel_Lux,"2026-09-22 14:36:05",600.6,2,nahbilafaith
6047,16738805,"Sergey Panasenko","2026-08-31 23:14:50",600.2,2,spanasenko
6048,16660310,KOLONEX.NET,"2026-08-10 12:40:46",600.2,2,danielandresmiranda
6049,16633269,op_star_platinum,"2026-08-09 17:52:52",599.8,2,opstarplatinum
6050,16665984,hepialidae,"2026-08-10 16:05:19",599.7,2,hepialidae
6051,16699292,"Siddharth Kumar Gopal","2026-08-14 16:35:03",599.7,2,siddharthkumargopal
6052,16659974,"anthony sinchi","2026-08-18 00:01:08",599.5,2,anthonysinchi
6053,16630559,khan,"2026-08-02 12:18:56",599.5,2,khansolov
6054,16738994,"Hem Viramgama","2026-08-21 00:34:48",599.4,2,hemviramgama
6055,16876021,"Jeff Law #2","2026-09-17 23:31:28",599.3,2,jlaw99
6056,16775652,"Dat Dinh","2026-09-14 02:48:43",599.1,2,dathbdinh
6057,16668720,"etienne duplessix","2026-08-10 22:48:53",599.0,2,etienneduplessix
6058,16702411,"Aryuemaan Chowdhury","2026-08-21 07:05:31",598.8,1,aryuemaanchowdhury
6059,16888546,"Skskj Sskm","2026-09-16 03:06:12",598.8,2,skskjsskm
6060,16709481,"Gerbilles Saucières","2026-08-22 10:38:44",598.8,2,"benjaminhrt30,volbox1902"
6061,16660805,"Ramon van Dijk","2026-08-05 05:48:21",598.5,2,ramonvandijk
6062,16885575,"Kotaro Imamura","2026-09-18 00:47:04",598.5,2,kotaroimamura
6063,16691580,"Toni Blanco","2026-08-11 13:10:45",598.4,2,toniblanco
6064,16699415,"Dohwan Kwak","2026-08-31 01:05:28",598.3,2,dohwankwak
6065,16731516,Sumit0694,"2026-09-15 21:17:01",598.3,2,sumit0694
6066,16895824,"Dhruv lele","2026-09-20 05:41:57",598.1,2,dhruvlele
6067,16663736,"Life Is Roblox","2026-08-17 18:58:37",598.0,2,alexlisenko
6068,16653222,StevenYuan7788,"2026-08-17 17:38:44",597.7,2,stevenyuan7788
6069,16663200,BONES,"2026-09-26 18:37:23",597.6,2,tusharkumar23321032
6070,16860088,Lockers,"2026-09-09 11:32:59",597.5,1,lockers123
6071,16636454,epigene,"2026-08-02 10:14:52",597.4,2,nadhu59648
6072,16644456,Agbe,"2026-09-26 14:21:57",597.1,2,timmecom
6073,16734712,"Jamshid Ganiev","2026-08-19 06:03:31",596.9,2,jamshidganiev
6074,16665342,Prothos,"2026-08-23 13:44:29",596.7,2,vjuenemann
6075,16655595,ashsah,"2026-08-31 08:37:35",596.7,2,ashsah
6076,16633772,ayuma,"2026-08-03 06:01:01",596.6,2,onthoze
6077,16736856,misaki,"2026-09-26 00:42:12",596.6,2,"dicenull,iroharyo,jinnsou0219,misakima"
6078,16719745,"Masih Pemula Beneran","2026-08-31 02:14:53",596.6,2,mikhaeldhika
6079,16653534,"Mohamed Amine Ettaki","2026-09-14 20:52:45",596.3,2,amine159
6080,16706192,rustlers42,"2026-09-02 15:24:05",596.1,2,"lkshrsch,powerofcreation"
6081,16639970,Gowtham2962s,"2026-09-20 17:35:06",595.9,2,gowtham2962s
6082,16659817,"Viet Anh Ngo ","2026-08-31 09:41:08",595.9,2,vietngogm
6083,16946099,"CupidCloris Zeus","2026-09-27 06:04:01",595.8,2,cupidcloriszeus
6084,16623580,matsu997,"2026-09-22 15:27:14",595.8,2,mastu997
6085,16693949,"Eric Worrall","2026-09-24 12:55:00",595.8,2,ericworrall
6086,16791960,Boladi,"2026-09-10 00:53:38",595.3,2,boladi
6087,16846149,"Arnav Salkade","2026-09-07 15:00:23",595.2,2,arnavsalkade
6088,16657397,"QSS Technosoft AI Team","2026-08-05 07:47:00",595.2,2,"kunalthedev,nishantkumarabes,prathamydvv,prishagdev,shreyakchakraborty"
6089,16631573,uesi,"2026-08-01 12:04:04",595.1,1,uemura687
6090,16869617,"Denis Chernyshov","2026-09-18 22:32:19",594.8,2,denischernyshov
6091,16763838,"L. Barriga","2026-09-09 10:57:18",594.8,2,lbarriga
6092,16790257,"Shivam Kushwaha","2026-08-30 11:55:08",594.6,2,shivamk21
6093,16855646,Seshu,"2026-09-09 14:49:33",594.6,2,seshuthota
6094,16657172,Honkazu,"2026-08-28 16:55:46",594.5,2,janposlusny
6095,16655142,"Stanislav Kuznetsov","2026-09-03 12:58:20",594.4,2,drtduck
6096,16664112,"Ethan Hung","2026-08-08 21:44:57",594.2,2,chinesegorilla99
6097,16668269,"Rashi Jain07","2026-08-05 17:46:37",594.2,1,rashijain07
6098,16660491,"Ryan Hancock","2026-08-08 09:56:54",594.0,2,rychanfox
6099,16687925,BillDoser,"2026-09-11 21:54:35",594.0,2,billdoser
6100,16705348,"Howard lin","2026-08-20 23:01:36",593.9,2,howardlin007
6101,16851573,NaNomin,"2026-09-08 01:55:42",593.8,1,nanomin
6102,16775770,"Ashish Kumar","2026-08-27 17:18:58",593.8,1,whoashish115
6103,16659294,"Muhammad Rafzan","2026-09-05 18:30:44",593.8,2,revianalfariz
6104,16757211,dacho,"2026-09-27 05:54:34",593.7,2,slothcafe
6105,16700546,"Nightshade Family","2026-09-07 13:24:48",593.6,2,"gihanchamod17,vishmithasamarakoon"
6106,16795802,Kk,"2026-09-21 10:03:04",593.6,2,cudamax
6107,16675888,"Rob Gonzalez","2026-08-08 14:58:43",593.3,2,robg475
6108,16713061,Yuk!,"2026-09-26 05:55:25",593.3,2,mitsuyukiokamura
6109,16664804,ryanovovo,"2026-08-05 18:02:38",593.2,2,ryanovovo
6110,16911847,LGC,"2026-09-17 08:21:20",593.2,1,victorlingc
6111,16763886,"Jackson Sauls","2026-09-04 22:59:51",593.1,2,jacksonsauls
6112,16630741,mrk,"2026-08-05 09:49:44",593.1,2,matsubaratakuji
6113,16658660,"Leo Lai","2026-08-13 08:14:45",593.0,2,junweilai
6114,16759623,"zhenglu wen","2026-08-26 06:24:09",592.9,2,zhengluwen
6115,16664159,"james nazareth","2026-08-19 02:13:23",592.8,2,jamesnazareth
6116,16672493,ChloeeeeY,"2026-08-23 06:17:03",592.7,2,chloeeeey
6117,16911383,PurpleNightmare,"2026-09-26 07:35:39",592.7,2,purplenightmare
6118,16776928,aiexpert1120,"2026-09-01 16:48:18",592.5,2,aiexpert1120
6119,16679887,ScriptRed,"2026-08-09 00:36:30",592.3,2,scriptred
6120,16905679,xaxipiruli,"2026-09-26 13:11:42",591.9,2,xaxipirulazo
6121,16786140,valgrinderror,"2026-09-26 15:35:01",591.7,2,valgrinderror
6122,16650160,nori8774,"2026-08-10 06:26:21",591.6,2,norimasayamamoto
6123,16926026,"Michael Pamurahardjo","2026-09-24 17:40:08",591.0,2,michaelpamurahardjo
6124,16810807,Cordiz,"2026-09-03 22:42:51",590.9,2,cordiz
6125,16663922,MoongladeAI,"2026-09-14 03:49:11",590.6,2,moongladeai
6126,16781242,"Bobby Clare","2026-09-03 17:04:16",590.5,2,bobbyclare
6127,16805340,"Md. Rafiul Islam","2026-09-25 16:04:37",590.5,2,rafiulislamrafi
6128,16665759,"Shawn Zhang","2026-08-21 10:18:20",590.3,2,shawnzhang0318
6129,16726941,CJ103CJ,"2026-08-23 12:52:07",590.2,2,cj103cj
6130,16789898,"Trung Phạm Đức","2026-09-23 03:12:41",590.2,2,arscil
6131,16648215,"Terrence Chuwe","2026-08-03 13:32:15",590.2,2,terrencechuwe
6132,16635021,RiLi,"2026-09-27 04:53:36",590.1,2,hisatosenda
6133,16781447,"Cody Schrank","2026-08-31 04:38:57",590.0,2,codyschrank
6134,16695662,"Ollie Lowe2","2026-08-16 16:47:01",589.7,2,ollielowe2
6135,16666188,"XueFeng Chen","2026-09-18 00:46:41",589.6,2,chxfmcs
6136,16633928,ghostiee11,"2026-08-01 01:33:25",589.6,1,ghostiee11
6137,16677105,"Chaitanya Yadav","2026-08-16 10:36:07",589.5,2,xhaitanya
6138,16939496,"Haotian Niu","2026-09-26 06:35:52",589.5,2,haotianniu
6139,16819872,"Shi Van","2026-09-03 16:50:46",589.4,1,shivanufo
6140,16854414,handsomeHBS,"2026-09-26 17:05:37",589.3,2,handsomehbs
6141,16803726,Yaromir_Ko,"2026-09-08 13:25:00",589.1,2,ronanndex
6142,16797395,"LCNN JJ","2026-09-17 16:38:59",589.0,2,supremebeast08
6143,16657290,lol-hiker,"2026-09-08 07:32:03",588.8,2,lolhiker
6144,16658334,"Roy Wei","2026-09-26 16:36:21",588.6,2,renyiwei
6145,16666204,"David Nana Kofi Ofosu-Arko","2026-08-05 11:04:42",588.3,2,davidnanak
6146,16769767,bruhbruh,"2026-08-28 08:51:26",588.3,2,nguyendinhbach69
6147,16683383,Boardgamers,"2026-09-26 22:28:22",588.2,2,"cgchirag,hitishagoyal,nandneepriya,navneetprabhat"
6148,16748979,"Venkata Madhu Sai D ","2026-08-21 19:49:08",588.1,1,venkatamadhusaid
6149,16755548,"Manuel Ramos","2026-08-27 19:06:26",588.0,2,aizpask13
6150,16649344,BeyondAnalytics,"2026-08-28 12:00:36",587.9,2,radumarinion
6151,16685649,YUYUTA,"2026-09-25 10:57:15",587.7,2,yuyuta
6152,16759381,"Subhan Hussain","2026-09-20 09:00:54",587.7,2,subhanhussain0205
6153,16665692,Straw_hats,"2026-09-01 07:40:19",587.4,2,"charanno,tvigneshreddy"
6154,16656460,dlutwzh,"2026-08-08 06:48:33",587.0,2,dlutwzh
6155,16633466,"Aarush pandey","2026-08-25 19:17:14",587.0,2,aarushpandey
6156,16687548,"Shubham Tibrewal","2026-09-22 07:13:23",586.9,2,researchai2026
6157,16727059,ksankeerth1,"2026-09-03 02:28:22",586.8,2,ksankeerth1
6158,16659828,"Lebansty Valan","2026-08-21 14:14:56",586.7,2,lebanstyvalan
6159,16699689,"David Sedláček","2026-08-10 08:38:38",586.7,2,sibicek
6160,16854582,BlackWizard00,"2026-09-08 15:32:36",586.6,2,blackwizard00
6161,16661225,"Monibee Fudgekins","2026-09-16 18:18:38",586.6,2,monibeefudgekins
6162,16786043,Palimpsesto,"2026-09-08 23:44:50",586.6,2,denzelfuentes
6163,16755529,"Rafea Almejrab2025","2026-08-29 16:06:34",586.6,2,rafeaalmejrab2025
6164,16664154,dwdwdwsdedwd,"2026-08-11 06:29:24",586.6,2,dwdwdwsdedwd
6165,16855755,"Jack Yap","2026-09-10 19:43:36",586.5,2,jackyap
6166,16660345,"Aadhithya Ramesh","2026-08-06 08:49:10",586.3,2,aadhithyaramesh
6167,16655578,"Ahmed Merie","2026-08-13 00:11:40",586.3,2,aa7767
6168,16680342,Game_khó_vkl,"2026-09-27 00:00:22",586.1,2,maruusha
6169,16661898,Farfadet,"2026-08-12 06:04:18",586.0,2,farfadet
6170,16714208,TirumalaMarri,"2026-08-29 00:04:15",585.7,2,mtreddy
6171,16686787,"Lars Kammeijer","2026-08-07 21:31:11",585.5,2,larskammeijer
6172,16793189,"Akash Mohan Chaudhary","2026-09-01 18:29:57",585.4,2,akashmohanchaudhary
6173,16631353,"Shivam Shinde","2026-08-01 15:29:24",585.0,2,shindeshivam
6174,16668711,"David Leati","2026-08-28 00:47:39",585.0,2,davidleati
6175,16723528,"Singaraj B","2026-09-05 15:33:26",584.6,2,singarajb
6176,16692401,"Abdurehman Iqbal","2026-08-14 09:13:08",584.6,2,abdurehmaniqbal
6177,16656107,Aotokitsuruya,"2026-09-02 14:35:20",584.5,2,elct9620
6178,16777065,"dani yemane","2026-09-17 20:43:13",584.4,2,daniyemane
6179,16702270,"Jonas Jaku","2026-09-09 06:37:15",584.3,2,jonasjaku
6180,16656912,"Sami Ali","2026-08-07 00:48:33",584.3,2,mrsamiali
6181,16768466,BenJung,"2026-09-16 09:44:23",584.2,2,"benjung2512,hyeonglvl,hyeonho028,limjoonsoo"
6182,16664003,"Nakul Rajpal","2026-08-05 06:29:24",584.1,2,nakulrajpal
6183,16655013,"Adrian Martinez 1111","2026-08-12 00:52:14",583.9,2,adrianmartinez1111
6184,16651661,"Quyền Thịnh","2026-08-07 06:27:45",583.9,2,quynthnh
6185,16730028,"Ken Qian","2026-08-17 03:10:15",583.7,2,kenqian
6186,16660600,"Beria Kalpelbe","2026-08-07 13:46:47",583.4,2,beriakalpelbe
6187,16795923,KaluzaKlein,"2026-09-14 10:50:35",583.3,2,kaluzaklein
6188,16664072,"victor aguilera","2026-09-24 23:34:18",583.1,2,viaguilera
6189,16866712,Ddm_demo,"2026-09-20 14:16:05",583.1,2,ddmdemo
6190,16717952,Aydar,"2026-08-29 21:28:35",583.0,2,aydara
6191,16735408,"Evan S","2026-08-18 20:06:05",583.0,2,evansc123
6192,16670356,"Dziriyin wa9il","2026-08-25 19:56:56",582.9,2,"akumanomu,alioualaeddine"
6193,16825667,"Lê Minh Dương","2026-09-08 05:45:07",582.9,2,minhduonq
6194,16891689,"Jiawei Xi","2026-09-14 19:46:39",582.8,2,jiaweixi56
6195,16777746,"Daniel Bandy","2026-08-29 02:04:01",582.7,2,goddangitboby
6196,16668211,"Alejandro Hernández Mairal","2026-09-03 13:28:29",582.4,2,alherma7
6197,16634204,"m-toshi desu","2026-08-01 06:20:37",582.3,2,mtoshidesu
6198,16798478,"Vinicius Pupin","2026-09-02 21:29:51",582.2,2,viniciuspupin
6199,16659939,"Mouafak Dakhlaoui","2026-09-21 02:34:52",582.2,2,sharmoul
6200,16742073,"nguyễn huệ anh","2026-09-15 15:55:00",582.2,2,akapatu
6201,16786437,"Kiran Narayana K","2026-08-30 06:45:20",582.1,2,kirannarayanak
6202,16823204,"Adilson Eduardo Tostes Carmo","2026-09-26 13:48:16",582.1,2,eduardotostess
6203,16904550,ukiyois,"2026-09-16 19:54:20",582.0,1,ukiyois
6204,16692857,AbeLincoln1865,"2026-08-11 00:10:16",582.0,2,abelincoln1865
6205,16655044,"Darius Kolycius","2026-08-04 09:49:01",581.9,2,dariuskolycius
6206,16796625,Nepsirhc,"2026-09-12 11:15:35",581.6,2,nepsirhc
6207,16718838,"josh mathers","2026-08-14 09:26:33",581.4,2,joshmathers
6208,16665395,"bachi idriss","2026-08-10 15:23:30",581.4,2,bachiidriss
6209,16662128,BenPalmer59,"2026-08-11 19:16:24",581.3,2,benpalmer59
6210,16665932,"Fabian Birringer","2026-08-21 18:31:41",581.3,2,fabianbirringer
6211,16645297,Mark_RowSet,"2026-08-09 05:25:39",581.1,2,markrowset
6212,16787200,"HayDay Protestors","2026-09-23 16:59:25",581.1,2,"aaronjoshuaemmanuel,anjulasankalpa,chamathjayashanka,ghostd,prabhashanmadurawala"
6213,16706456,"Michael van Mill","2026-08-12 09:58:40",580.9,2,michaelvanmill
6214,16687714,nabilux,"2026-08-09 13:27:11",580.6,2,eminesnabil
6215,16699091,Umkaaa,"2026-09-15 14:04:55",580.6,2,umkaaa
6216,16760439,XLX,"2026-09-06 03:20:58",580.5,2,lonelygleaner
6217,16888900,"Koh Endru","2026-09-19 12:08:24",580.4,2,kohendru
6218,16658655,HbjaHbja,"2026-08-12 12:18:51",580.3,2,hbjahbja
6219,16677366,Gmmastermind,"2026-08-07 01:19:13",580.2,2,gmmastermind
6220,16752324,"yunchuan liu","2026-09-06 22:21:06",580.2,2,hoteye
6221,16698069,k_4821,"2026-09-26 21:23:21",580.0,2,edgarondoodevilclub
6222,16774890,SkoopSkoop,"2026-08-31 16:08:04",579.8,2,skoopskoop
6223,16654746,"Michael Mullen","2026-08-06 11:08:31",579.7,2,mmullen200
6224,16777740,hoangnnh67,"2026-08-28 22:12:22",579.7,2,hoangnnh67
6225,16731447,"Rúben Martins","2026-08-19 20:55:42",579.6,2,rubenmartins10
6226,16882160,"John Doe #2","2026-09-12 18:04:56",579.3,1,realgrape
6227,16731260,"Jeel Gajera","2026-08-18 07:44:44",579.2,2,jeelog
6228,16924484,"Sadiq Ali","2026-09-20 07:51:11",579.0,2,sadiqali55
6229,16655629,Mai_Konare,"2026-08-17 06:20:49",579.0,2,maikonare
6230,16671438,"Aot Chanthorn","2026-08-15 16:16:25",578.7,2,aotchanthorn
6231,16947797,"Chris Croft","2026-09-25 12:42:53",578.7,2,chriscroft
6232,16927491,Adilkhan1275,"2026-09-26 03:29:26",578.5,2,adilkhan1275
6233,16661318,"Zeel Kadvani","2026-08-25 11:17:53",578.4,2,zeelkadvani
6234,16679018,"Kushpreet Singh","2026-09-03 23:23:41",578.2,2,kush639
6235,16685938,"Gautier Fauchart","2026-08-12 05:57:21",578.2,2,gautierfauchart
6236,16685785,KSAI,"2026-09-07 14:42:54",578.2,2,kishan2112004
6237,16935929,"Bhavesh Kolhe","2026-09-23 08:47:28",578.1,2,bhaveshkolhe
6238,16760604,"Thananut Phiboonbanakit","2026-08-25 14:04:44",578.1,2,tphiboonbanakit
6239,16799391,"Mehdi El M.","2026-09-07 14:08:22",578.0,2,mehdielm
6240,16755111,ingemarieke,"2026-08-21 15:04:53",577.9,1,ingemarieke
6241,16739167,Yeyuqing0913,"2026-09-07 00:36:15",577.8,2,yeyuqing0913
6242,16717671,Jeremy,"2026-09-22 22:01:27",577.8,2,lukeenness
6243,16658377,Masaya,"2026-09-04 15:10:14",577.7,2,irrohas
6244,16682915,"igeo kK","2026-09-12 23:10:17",577.6,2,igeokk
6245,16844262,"S Aishvarya","2026-09-25 19:23:59",577.4,2,saishvarya
6246,16659341,Aryan88097,"2026-08-05 17:26:57",577.3,2,aryan88097
6247,16655449,tcvieira,"2026-08-06 18:20:34",577.3,2,tcvieira
6248,16663884,DevilQ,"2026-08-23 22:08:52",577.2,2,"parhamesm,samuelescarfone12"
6249,16747180,KaiKogure,"2026-09-03 12:46:04",577.1,1,kaikogure
6250,16663998,"Harith Al-Ani","2026-08-24 00:09:54",577.0,2,abo3losh
6251,16716365,Murphy,"2026-08-21 14:00:29",576.9,2,taeyounglimdt
6252,16780484,"Edmond Kirsch","2026-09-01 17:30:28",576.6,2,edmondkirsch
6253,16880672,"Bennett Hellman","2026-09-18 12:59:02",576.6,2,bennetthellman
6254,16756677,"Pyzh Vladislav","2026-08-24 10:19:44",576.4,2,pyzhvladislav
6255,16755344,"Alizen James","2026-08-23 18:34:30",576.3,2,alizenjames
6256,16722502,Abyss,"2026-08-27 11:26:49",576.3,2,sahiltks
6257,16884815,"Idrees Asghar","2026-09-26 04:54:41",576.2,2,adiladil1275
6258,16732048,jiangletian,"2026-09-27 02:10:31",576.2,2,jiangletian
6259,16670313,HamzZZzzZZa,"2026-08-06 22:01:28",576.2,2,memesalot
6260,16724355,hansama.qht,"2026-09-19 15:23:36",576.1,2,hansamaqht
6261,16673151,skyblue01,"2026-08-27 07:56:10",576.0,2,skyblue01
6262,16745571,"Yifan Xie","2026-09-03 13:55:15",576.0,2,yifanxie
6263,16937197,men-of-culture,"2026-09-24 06:52:33",576.0,2,leejianrong
6264,16675832,"Dean Shalev","2026-08-09 04:12:47",576.0,2,deanshalev
6265,16671646,Luche,"2026-08-08 04:23:32",575.9,2,henrylucky
6266,16833040,"Vadim Demchuk","2026-09-05 06:07:54",575.6,2,vadimdemchuk
6267,16622993,"Yaroslav Tanko","2026-08-18 04:34:12",575.5,2,yaroslavtanko
6268,16657654,TemperaryT,"2026-09-20 00:21:54",575.5,2,temperaryt
6269,16759427,Dhruv,"2026-08-23 12:20:16",575.5,2,dtalati1
6270,16724747,"Md.Mahfujul Karim","2026-09-26 07:07:31",575.5,2,mdmahfujulkarim
6271,16671421,"Gryffin Wang","2026-08-08 23:08:40",575.4,2,gryffindoraf
6272,16683282,ayushk_empire,"2026-08-14 11:50:15",575.4,2,ayushkempire
6273,16654328,"QQ Farm","2026-08-28 12:59:12",575.3,2,"huiiyu,titirmt"
6274,16840445,"Danko Schroeder","2026-09-26 22:44:18",575.3,2,dankoschroeder
6275,16661650,"Docker container","2026-08-15 18:52:39",575.1,2,yossefaymanzedan
6276,16698164,"Ruizhang Zhi","2026-09-25 22:59:36",575.0,2,ruizhangzhi
6277,16738336,"Guo Xuehan","2026-09-02 05:44:05",574.9,2,zmllls
6278,16671940,LJazya,"2026-09-05 02:54:37",574.9,2,jihanelek
6279,16716941,林木子吖,"2026-08-24 09:28:59",574.8,2,linmuzi0108
6280,16796810,JosephErikRibeiro,"2026-09-21 21:23:50",574.8,2,josepherikribeiro
6281,16793892,cjc0013,"2026-08-31 18:27:50",574.7,2,cjc0013
6282,16669393,"ÖMER FARUK YILMAZ","2026-08-07 19:54:59",574.7,2,ofyzero
6283,16707037,"Cedoque BAGBONON","2026-09-20 10:27:32",574.4,2,cedbag
6284,16661529,"AL Najafi","2026-08-08 03:39:39",574.4,2,alnajafi
6285,16717614,Dhanyashree1028,"2026-08-16 15:00:37",574.2,2,dhanyashree1028
6286,16623213,zulfikar.khalwaniev,"2026-08-23 09:08:56",574.2,1,khalwaniev
6287,16734822,Zcy,"2026-09-20 12:04:41",574.2,2,laura831
6288,16767934,"taha berk","2026-08-26 15:21:51",574.1,2,tahaberkterekli
6289,16809158,"Kaito Sada","2026-09-08 05:17:26",574.1,2,kaitosada
6290,16883048,"Amit Gunjan","2026-09-23 00:17:42",574.0,2,daydreamerthinks
6291,16675708,"Mahder Tesfaye Abebe","2026-08-08 08:46:36",574.0,2,mahdertesfayeabebe
6292,16694610,Kshitiz2002,"2026-08-11 15:44:41",573.9,2,kshitiz2002
6293,16808242,keowpwpwkeo,"2026-09-07 18:23:50",573.9,2,keowpwpwkeo
6294,16724202,"Sooriya Senthilkumar","2026-08-23 05:25:47",573.8,2,sooriyasenthilkumar
6295,16937434,iit24m1520,"2026-09-23 06:17:13",573.7,2,iit24m1520
6296,16659951,"CHRISTOPHER CRILLY","2026-09-11 12:23:20",573.6,2,christophercrilly
6297,16897403,"Abel Markose","2026-09-18 03:08:38",573.6,2,"abelmarkose,sreehari3301"
6298,16723729,"Lucas Cimiano","2026-08-29 17:21:55",573.5,2,lucascimiano
6299,16654099,"Bhupin Thapa magar","2026-08-10 09:22:06",573.2,2,vupeenthapamagar
6300,16629844,IsaacJinyu,"2026-08-01 15:39:55",573.0,2,isaacjinyu
6301,16665154,"Omkar Pawar","2026-08-23 12:22:56",573.0,2,omkarrr7
6302,16714100,SuperMercat,"2026-09-09 15:13:08",572.9,2,supermercat
6303,16659444,"ANKIT AGARWAL","2026-09-26 16:43:06",572.9,2,ankwall223
6304,16734595,"Abhimanyu Singh","2026-08-20 12:52:38",572.7,2,abhimanyusingh170702
6305,16925564,"shikigami yao","2026-09-25 13:52:11",572.7,2,shikigamiyao
6306,16692994,turneja,"2026-08-08 23:50:13",572.7,2,turneja
6307,16665990,daffaharil,"2026-08-11 07:56:55",572.6,2,"daffaharil,farhansiddiq"
6308,16743382,"Pavan Rangisetti","2026-09-15 03:42:00",572.6,2,pavanrangisetti
6309,16892971,BeachedRobot,"2026-09-26 02:46:44",572.6,2,beachedrobot
6310,16731009,"Joseph Paris","2026-08-24 05:32:21",572.6,2,josephkparis
6311,16715473,cmrfrd,"2026-08-14 04:58:15",572.4,2,thecmrfrd
6312,16639867,vibecoder,"2026-08-08 05:34:55",572.4,2,kunal808
6313,16712410,aysfshn,"2026-09-09 15:09:08",572.3,2,aysfshn
6314,16664267,"Alan T. Andrea","2026-08-09 03:22:40",572.2,2,alantandrea
6315,16655140,Efthimios,"2026-09-04 08:28:52",572.2,2,efthimiosfousekis
6316,16675457,"Ramana Prabhu Sana","2026-09-21 11:05:54",572.0,2,ramanaprabhusana
6317,16916387,Nathan,"2026-09-18 14:01:04",571.9,2,nathanpradostapia
6318,16668819,"ahmedou sidi med","2026-08-19 00:05:55",571.7,2,ahmedousidimed
6319,16703310,"israel ntumba","2026-09-14 17:42:47",571.7,2,israelntumba
6320,16797356,"Thalía Cantero","2026-09-15 15:41:27",571.4,2,thalicantero
6321,16700785,"VIVEK JAMI","2026-08-19 13:57:57",571.4,2,vivekjami
6322,16657347,"Hibiki M","2026-08-20 15:30:40",571.2,2,hibikibrise
6323,16806165,"Kaige Wei","2026-09-21 03:07:06",571.2,2,kaigewei0403
6324,16727241,Yogesh2850,"2026-08-17 09:55:08",571.0,2,yogesh2850
6325,16667630,Sparsh389,"2026-08-06 15:46:09",570.9,2,sparsh389
6326,16730231,chandler14362,"2026-08-29 03:04:49",570.7,2,chandler14362
6327,16623644,Accer_sz,"2026-08-02 00:27:32",570.7,2,accersz
6328,16713249,"vedant patnala","2026-08-27 22:38:03",570.6,2,vedantpatnala
6329,16660005,DreamX5678,"2026-08-06 07:55:06",570.4,2,dreamx5678
6330,16670708,"Mohammad Usman Sajid","2026-09-03 18:26:11",570.4,2,mohammadusmansajid
6331,16711567,"Finn Brooks","2026-08-15 04:40:11",570.2,2,finnbr
6332,16926090,"Amr Fadhilah Abiyyu Alif Basysyar","2026-09-21 00:35:25",570.2,2,amrfadhilah
6333,16651593,"huanxian chen","2026-08-11 11:13:05",570.1,2,huanxiachen
6334,16756564,"Nicolas Defossé","2026-08-25 21:10:58",570.1,2,nicolasdefoss
6335,16638031,vlad101,"2026-08-21 15:10:27",570.0,2,vlad101
6336,16701034,notnorm,"2026-08-11 10:31:23",570.0,1,notnorm
6337,16655521,"Hemadri Rajyaguru","2026-08-04 02:12:55",569.7,2,hemadrirajyaguru
6338,16666648,"Sriram Reddy19","2026-08-06 08:40:07",569.6,2,sriramreddy19
6339,16632994,primal,"2026-08-12 16:02:29",569.4,2,primalhost
6340,16677701,"Coşkun Bağrıaçık","2026-08-10 00:02:25",569.4,2,cbagriacik
6341,16655663,"Farmland Destroyer","2026-08-19 13:43:22",568.9,2,minghaopang
6342,16677597,InformaBook2,"2026-09-10 05:38:23",568.9,2,informabook2
6343,16796445,"Md Aminul Islam","2026-09-23 23:47:12",568.8,2,aminulabir
6344,16721877,SuzukiTakumi,"2026-09-26 11:09:24",568.7,2,suzukitakumi
6345,16777228,"Zach Locke","2026-09-18 10:25:06",568.6,2,zachlocke
6346,16706455,"John Andrei Martinez","2026-08-18 18:55:04",568.6,2,johnandreimartinez
6347,16686222,"Nika Chaduneli","2026-08-10 01:21:09",568.5,2,nikachaduneli
6348,16941519,Dr.Hazbulla,"2026-09-24 14:05:45",568.5,2,drhazbulla
6349,16826098,Nomushin,"2026-09-11 13:22:26",568.4,2,nomushin
6350,16793489,hendracos,"2026-09-02 03:10:03",568.4,2,hendracos
6351,16711868,"Mark Cooper","2026-08-16 13:09:02",568.1,2,markjcooper
6352,16719696,"Spencer Farrand","2026-08-17 18:40:28",567.7,2,spencerfarrand
6353,16768058,"Ibrahim Anaz","2026-09-26 06:38:46",567.6,2,ibrahimanaz
6354,16623745,chunluran,"2026-09-26 07:44:42",567.6,2,chunluran
6355,16670070,"Kirill Molostov","2026-08-31 12:18:26",567.4,2,kirillmolostov
6356,16791701,"Tired Dad Data","2026-09-12 21:37:23",567.3,2,alexmaggard
6357,16823681,Yielder,"2026-09-10 16:59:40",567.3,2,georgepapasideris
6358,16671942,"JIVRAJ SINGH","2026-09-05 02:33:23",567.2,2,jivrajsingh
6359,16867608,"Paul M","2026-09-25 21:16:56",567.1,1,pillow5
6360,16733046,Afordancja,"2026-08-24 18:22:42",567.0,2,afordancja
6361,16655027,"Artem Zenkevich","2026-08-16 13:09:58",567.0,2,artemzen
6362,16713366,BANKAI,"2026-09-21 18:36:08",566.9,2,igors97
6363,16665471,"Dennis Navamani","2026-08-25 11:10:08",566.8,2,dennisnavamani
6364,16675780,susutem,"2026-09-24 12:14:06",566.7,2,susutem
6365,16841559,dal7,"2026-09-09 04:32:12",566.7,2,purelyconceptual
6366,16697526,"Jurgen Sinjari","2026-08-10 21:21:26",566.7,2,jurgensinjari
6367,16676885,"Riva Kajangu","2026-09-26 23:00:01",566.6,2,rivakajangu
6368,16692896,"Guy Lev","2026-08-20 19:18:52",566.6,2,sarthobi
6369,16808492,"beginner's luck","2026-09-26 11:49:01",566.5,2,"naohs01,tropicalbanana"
6370,16654640,"Halil Akbas","2026-08-28 00:32:12",566.5,2,halilbrahimakbas
6371,16664313,CompilingCoder,"2026-08-06 09:38:17",566.1,2,compilingcoder
6372,16749236,"Michael Müller","2026-09-07 15:57:15",566.0,2,michaelmller
6373,16890342,Bin.Han,"2026-09-21 05:17:00",565.9,2,binhan0514
6374,16810497,Garuda,"2026-09-07 06:32:01",565.6,2,santhoshreddypasnoor
6375,16853993,"Christie Lam","2026-09-16 03:13:27",565.1,2,christielam
6376,16674950,Davide,"2026-09-03 09:22:38",565.1,2,quanttony
6377,16733763,Gaurav,"2026-09-04 00:54:37",565.1,2,gauravahlawat
6378,16745109,deflexor,"2026-08-27 21:35:07",565.1,2,deflexor050
6379,16845009,"Nyasha Gandah","2026-09-15 06:20:21",565.1,2,nyashagandah
6380,16699140,St.Valentine,"2026-08-18 09:49:04",564.7,2,stvalentin3
6381,16850246,"Makarand Gokhale","2026-09-24 01:08:26",564.7,2,makarandgokhale
6382,16655039,"Andrew Yip","2026-08-06 20:14:49",564.7,2,yipcma
6383,16744133,"levr hang","2026-09-08 16:39:27",564.7,1,levrhang
6384,16659663,Chintakrinda_Naveen,"2026-09-22 04:04:37",564.7,2,naveen998
6385,16717245,bernard558,"2026-08-24 22:18:16",564.5,2,bernard558
6386,16712870,"Jose Gibson","2026-08-13 20:09:11",564.5,2,josegibson
6387,16708824,"Tanaka Chiromo","2026-08-20 11:12:22",564.4,2,tanakachiromo
6388,16745972,yamy893,"2026-08-22 02:14:20",564.3,2,yamy893
6389,16752362,"Shashank Jangid (G25AIT2100)","2026-09-26 15:52:26",564.3,2,shashankjangid
6390,16689391,"Tejas Rajput","2026-08-08 17:21:18",564.2,2,tejasrajput123
6391,16666084,"Andaç Demirdelen","2026-08-09 19:18:08",564.2,2,andacdemirdelen
6392,16763113,sowhatwillwelearn,"2026-09-01 11:03:47",564.1,2,sowhatwillwelearn
6393,16809800,XYZ-Siddhartha,"2026-09-19 15:57:03",563.9,2,siddharthaganguly26
6394,16662094,"moncef elm","2026-09-23 09:09:03",563.7,2,moncefelm
6395,16671237,"Jose Alejandro Rivera Jaramillo","2026-08-07 18:13:13",563.6,2,alejandroriveraj
6396,16763088,mason.jr,"2026-08-25 04:29:36",563.5,2,haophanzx
6397,16728799,JulianHahn28,"2026-08-17 21:26:57",563.5,2,julianhahn28
6398,16750447,Morpheus0303003,"2026-08-24 16:58:42",563.4,2,morpheus0303003
6399,16663656,"Andrii Kavetskyi","2026-08-20 21:48:20",563.3,2,andriykavetsky
6400,16851330,umar,"2026-09-16 03:04:16",563.1,2,umar4md
6401,16771001,"0x1369 T-Farm","2026-08-31 04:38:04",563.0,2,xcryst
6402,16664041,"an Expired Engineer","2026-08-17 12:02:21",562.9,2,sanggusti
6403,16764149,"Manish Rai","2026-09-26 23:49:31",562.9,2,magiuscain
6404,16663210,"Marco Nasuelli","2026-09-13 15:58:07",562.9,2,marconasuelli
6405,16666099,"Marcben James Samuel","2026-09-17 05:52:20",562.9,2,marcbenjamessamuel
6406,16664790,"soumic 1088","2026-08-19 08:34:34",562.8,2,soumic1088
6407,16732504,"porsche zheng","2026-08-18 08:19:41",562.8,2,porschezheng
6408,16678157,"Ayush Kumawat","2026-08-14 13:10:02",562.7,2,ayushkumawat21
6409,16924174,"Brijesh Sankhavara","2026-09-19 07:12:58",562.7,1,brijeshsankhavara1
6410,16879958,Sash.a,"2026-09-26 07:10:05",562.7,2,smashaza
6411,16667514,"Kakarott 10","2026-08-06 09:05:43",562.6,2,kakarott10
6412,16664134,"Pelayo Fernández","2026-08-07 10:36:48",562.5,2,pelayofdez
6413,16809136,"Xander Lee","2026-09-04 13:56:48",562.5,2,xndlee
6414,16864562,otaniyu,"2026-09-15 00:53:18",562.4,2,otaniyu
6415,16793802,"Andrew Lam","2026-09-01 09:07:56",562.3,2,andrewlam23
6416,16662421,"Aparna Mantha","2026-08-06 17:23:34",562.0,2,aparnam91
6417,16715225,"Someswararao Tellakula","2026-08-17 01:15:37",562.0,2,someshtellakula
6418,16725871,"Patrice Santiago","2026-09-03 22:19:56",562.0,2,patricesantiago
6419,16795256,"N Nelson","2026-09-05 14:29:25",562.0,2,napoliyannelson
6420,16697261,nbauerle,"2026-08-14 15:10:38",561.7,2,nbauerle
6421,16739449,SelvapriyankaRam,"2026-08-24 18:44:21",561.6,2,selvapriyankaram
6422,16689398,Reesh,"2026-08-11 08:55:10",561.6,2,rishileung
6423,16757280,"manos papagiannidis","2026-09-09 08:30:46",561.5,2,manospapagiannidis
6424,16880022,Abdulbosid,"2026-09-26 21:40:56",561.5,2,abdulbosid
6425,16845570,CHCV,"2026-09-27 05:15:37",561.5,2,chcvpz
6426,16748603,qianzhonhao,"2026-09-03 08:20:45",561.5,2,qianzhonhao
6427,16670615,Ahornsirup,"2026-09-06 21:03:14",561.4,2,ahornsirup
6428,16943628,"Michael Liu","2026-09-23 04:19:13",561.3,2,mliu1204
6429,16658042,"Giampietro Pregnolato","2026-08-13 09:17:36",561.1,2,giampietropregnolato
6430,16657798,"Ian Kim","2026-08-06 05:07:10",561.0,2,ianpkim
6431,16789550,foundtion,"2026-08-30 13:19:22",560.9,2,foundtion
6432,16753353,"Aayush Kumar","2026-09-23 14:16:00",560.9,2,devaayushkumar
6433,16735476,"Matthew Liew","2026-08-18 08:02:11",560.7,2,matthewliew
6434,16663909,HDPark,"2026-08-17 04:48:41",560.6,2,hdpark
6435,16811935,"Bhargavaram Gajula","2026-09-05 18:08:56",560.6,2,bhargavaramgajula007
6436,16777056,"Seb boulba","2026-08-27 21:03:26",560.5,2,sebboulba
6437,16789914,AkikJana,"2026-09-07 16:37:53",560.5,2,firewaterair
6438,16692995,RafaMartinaitis,"2026-08-22 11:50:10",560.4,2,rafaelmartinaitis
6439,16743846,"Hemanth Raja Guttikonda","2026-09-26 21:51:07",560.3,2,"hemanthrajg,poojithakatta18"
6440,16759265,AI老爸,"2026-09-06 15:42:27",560.2,2,tsengchienchih
6441,16731173,AynRmio,"2026-09-17 08:48:38",560.1,2,aynrmio
6442,16705401,"Nguyen Hong","2026-09-26 15:18:53",560.0,2,nguyenhongbubu
6443,16689033,arman1o1,"2026-09-01 05:01:27",559.8,2,arman1o1
6444,16750751,AarizKh,"2026-09-09 16:28:15",559.7,2,aarizkh
6445,16732529,"lixinglong ye","2026-09-09 07:46:16",559.6,2,lixinglongye
6446,16668648,"Mason R. Brito","2026-09-10 16:58:25",559.6,2,masonrbrito
6447,16700885,"Malala Ramaha","2026-09-19 17:11:00",559.6,2,malalaramaha
6448,16661210,vizyourdata,"2026-08-07 11:05:08",559.6,2,vizyourdata
6449,16674841,"Syna Bedi","2026-08-15 09:57:28",559.5,2,synabedi
6450,16696916,Sundar,"2026-08-11 13:04:59",559.3,2,vsundar17697
6451,16730236,加麻不加辣,"2026-09-17 13:03:48",559.3,2,"shiyuanhe123,zihaokang"
6452,16662120,"Harpal Gujral","2026-08-25 18:07:07",559.3,2,harpalgujral
6453,16621407,Kh0a,"2026-09-15 06:55:26",558.9,2,llkh0a
6454,16668439,Lugas024,"2026-08-08 05:33:51",558.9,2,lugas024
6455,16694134,"Sophia Leng","2026-08-24 20:04:10",558.8,1,sophialeng9
6456,16655527,"Saurabh Kumar","2026-08-06 08:14:52",558.6,2,sk25oct
6457,16897043,"Suyog Dahal","2026-09-26 15:45:17",558.5,2,uzumakidahal
6458,16664415,"Imerson Krysthio","2026-08-12 05:37:03",558.5,2,imersonk
6459,16877886,"Mohamed el.harery","2026-09-16 00:51:49",558.5,2,mohamedelharery
6460,16881624,RetrainMap,"2026-09-12 20:08:45",558.4,2,retrainmap
6461,16674504,"Arunabh Gupta","2026-08-18 11:10:33",558.3,2,"arunabhsgupt4,eggsysy"
6462,16664884,Abhijeetgg,"2026-08-12 08:53:50",558.3,2,abhijeetgg
6463,16785687,"AP SEM F STUDENTS","2026-08-31 03:52:37",558.3,2,"advaithn0518,rohanjeyavel,shrivatsamurugan,stitchsages"
6464,16779539,"Dmitri Bugakov","2026-08-27 16:34:42",558.2,2,dmitrybugakov
6465,16725913,StarStone_233,"2026-08-16 07:22:12",558.2,2,starstone233
6466,16709318,"Jana Hagen","2026-08-26 18:00:16",558.0,2,janahagen
6467,16658686,"Alpesh Kumar","2026-08-08 06:12:31",557.9,2,alpeshkumar
6468,16926064,"amit shulstein","2026-09-25 12:06:45",557.8,2,amitshulstein
6469,16635377,het2554,"2026-09-13 07:55:05",557.8,2,crazy2554
6470,16654454,"Haoxiang Li","2026-09-06 09:24:47",557.7,2,haoxiangli789
6471,16658019,ไอติวบ้านปังมาเอาแช้มมมม,"2026-08-08 18:43:05",557.7,2,tewnabhat
6472,16847801,"Joachim Oliver Mampouya","2026-09-08 14:54:14",557.7,2,olivermam
6473,16671680,"Joe Hall","2026-08-10 19:02:30",557.5,2,halljr
6474,16652635,panacea9320,"2026-08-05 10:45:06",557.5,2,panacea9320
6475,16690869,"Yudai Hayashi","2026-08-23 09:14:30",557.2,2,yuhaya9
6476,16792449,SKYisSKYisSKY,"2026-08-31 04:16:07",557.0,2,skyisskyissky
6477,16691518,"Sander Ee","2026-08-09 12:03:09",556.9,2,sanderee
6478,16728220,Naki,"2026-09-08 11:50:44",556.7,2,nanakiohashi
6479,16892496,"Alif Mahmud 1993","2026-09-15 16:35:27",556.7,2,alifmahmud1993
6480,16655272,"Artur Sakhiullin","2026-08-09 14:27:52",556.7,2,artursakhiullin
6481,16676360,"Chris Kang","2026-08-17 10:07:49",556.6,2,rukawa917
6482,16625047,BOBQWERA,"2026-08-02 06:34:18",556.2,2,bobqwera
6483,16732609,"Filippo Paninforni","2026-08-19 18:30:22",556.2,2,filippopaninforni
6484,16658937,SebastianQbiak,"2026-08-05 06:20:18",556.1,2,sebastianqbiak
6485,16663551,"Germinator G-1000","2026-09-18 19:25:47",556.1,2,sinkingpoint
6486,16888433,SINKO1,"2026-09-25 20:49:06",556.0,2,sinko1
6487,16726684,"William Lee","2026-08-19 15:35:28",555.2,2,notyouravgwilly
6488,16854535,Dragon,"2026-09-09 16:48:11",555.0,2,dragon116rus
6489,16767632,"robin baldeo","2026-09-24 22:26:00",555.0,2,robinbaldeo
6490,16707078,"Loïc & Zach","2026-08-24 20:25:24",554.9,2,"locmmeteau,zachariedubus"
6491,16660319,fahimMK,"2026-09-19 16:43:05",554.8,2,fahimmk
6492,16844385,"Michael Leo Tan","2026-09-08 02:56:03",554.8,2,michaelleotan
6493,16677178,"YOUSSEF FAID","2026-08-11 21:10:38",554.7,2,yousseffaid
6494,16730104,BartHeart,"2026-08-20 18:58:23",554.6,2,bartheart
6495,16731996,Chloe,"2026-08-18 02:58:05",554.4,2,chenchloehaimo
6496,16696526,"Reda HEDDAD","2026-09-05 21:17:22",554.3,2,redaheddad
6497,16650930,"Govind Sharma","2026-08-24 09:25:23",554.3,2,govindsarswat
6498,16848416,"Mayank Bhatia","2026-09-07 15:09:19",554.2,2,mikemayankb
6499,16667565,BeeDeeR,"2026-09-23 01:13:42",554.0,2,beedeer
6500,16668175,el_dedalus,"2026-08-06 14:48:01",554.0,2,eldedalus
6501,16782187,"Margo Kim","2026-08-28 19:15:18",554.0,2,margokim
6502,16704437,babybuffalo,"2026-08-25 16:11:16",553.7,2,babybuffalo
6503,16730030,"Jared Wilder","2026-08-17 14:23:15",553.6,2,jaredwilder
6504,16872064,"Jimmy Erickson","2026-09-13 19:43:54",553.6,2,jimmyerickson
6505,16738777,"Balwinder Singh1235","2026-08-20 10:21:34",553.6,2,balwindersingh1235
6506,16720788,Anson,"2026-09-05 19:45:48",553.5,2,anson0496
6507,16637894,"Leonardo Domingues","2026-09-25 17:28:07",553.4,2,leonardodomingues
6508,16658009,"Lando Wang","2026-08-05 02:18:17",553.2,2,landowang
6509,16743815,"Asanka Pradeep","2026-08-23 14:32:46",553.2,2,asanakapr
6510,16793913,"Vrushal Patil","2026-09-06 11:13:36",553.1,2,vrushalpatil
6511,16733873,"Shirish Chinchanikar","2026-08-30 15:53:12",552.9,2,"codemastersj,shirishchinchanikar"
6512,16694064,RRK0123,"2026-08-17 05:30:52",552.8,2,rrk0123
6513,16793680,prajval_p,"2026-09-01 01:03:39",552.7,2,prajvalp
6514,16858944,Ashish_G_A,"2026-09-26 07:32:35",552.4,2,ashishga
6515,16687390,"Mark Calvert","2026-08-08 09:51:55",552.4,2,markycalvert
6516,16664731,UT,"2026-08-21 15:24:42",552.3,2,"sabapunch,wasshan"
6517,16697941,"Raphael Coelho","2026-08-16 15:24:28",552.2,2,raphaelrrcoelho
6518,16702993,PLM,"2026-08-30 13:58:34",552.1,2,"ileabogdan,popu23,razvaniga,rvaurs"
6519,16925954,"Ibrahim Emir Tosun","2026-09-20 10:48:22",552.0,2,tosunn
6520,16658775,"Vincent Pan","2026-08-29 12:55:20",552.0,2,"judithhong,vincentpan2005"
6521,16665133,"Abhishek Dubey","2026-08-10 13:28:57",552.0,2,abhishekdubey911
6522,16670698,"Tamerlan Dadashov","2026-08-09 10:36:12",551.9,2,tamerlandadashov
6523,16823853,Zerbytheboss,"2026-09-06 22:03:05",551.9,2,zerbytheboss
6524,16682876,"Kartik Garg","2026-08-09 05:21:34",551.8,2,kartikgarg97
6525,16837934,"Osman ILICA","2026-09-09 02:30:19",551.4,2,osmanilica
6526,16665894,"Pedro Wu","2026-09-03 03:40:31",551.4,2,pedropei
6527,16674612,"Muhammad Dhiaz Rafilianza","2026-09-25 12:28:11",551.4,2,dhiazr
6528,16771283,taroyan-vamos,"2026-09-08 15:31:54",551.2,2,taroyanvamos
6529,16735624,"Marc Rippee","2026-08-24 05:03:34",551.1,2,marcrippee
6530,16660540,Minikotey,"2026-08-16 15:34:40",550.9,2,juliapatarishina
6531,16659367,"Tayyab Aamir","2026-08-06 10:59:49",550.9,2,duketi
6532,16805275,"Women or something","2026-09-26 04:03:19",550.9,2,"appalachianmounta1n,reneeschmidt"
6533,16731616,"Mohamed Aashik 24","2026-09-14 19:24:28",550.9,2,mohamedaashik24
6534,16677231,"Ahmed Bootaan","2026-08-06 18:08:52",550.8,2,ahmedbootaan
6535,16693233,"Noah Wheeler","2026-09-22 23:13:00",550.8,2,nwheeler806
6536,16659138,allenbcy,"2026-09-10 14:41:18",550.8,2,allenbcy
6537,16657016,"MD. AS-AID RAHMAN","2026-08-26 15:57:49",550.7,2,mdasaidrahman
6538,16738261,"Samuel Moreira","2026-08-24 14:11:40",550.7,2,samuelmoreira420
6539,16684886,HTHub,"2026-08-08 00:12:47",550.5,2,adegokesaidi
6540,16767932,"Mark #3","2026-09-24 12:07:36",550.5,2,markdjadchenko
6541,16632510,shi_koyo,"2026-08-04 08:58:56",550.3,2,shikoyo
6542,16851079,"Nathaniel Marshall","2026-09-08 02:04:22",550.1,2,nm4rshall
6543,16665622,one,"2026-08-11 04:10:11",549.9,2,richardsplayground
6544,16738923,Quantum,"2026-08-29 01:40:45",549.8,2,jawadxhassan
6545,16858948,"Nizar Fathurohman","2026-09-26 10:17:47",549.8,1,nizarfathurohman
6546,16928702,UnkaiNene,"2026-09-24 18:17:23",549.5,2,unkainene
6547,16774524,ShinYingChua,"2026-09-13 15:35:15",549.4,2,shinyingchua
6548,16930840,machineabao,"2026-09-22 19:18:24",549.3,2,machineabao
6549,16637776,MarvelousXun,"2026-08-03 09:33:38",549.2,2,marvelousxun
6550,16660138,"Sanchit Handa","2026-09-12 18:45:23",549.1,2,"harmanjotsingh8,sanchithanda182006"
6551,16639679,"Felix Allistar","2026-09-23 09:14:32",549.0,2,felixallistar
6552,16673981,"Aarya Jadhav","2026-09-22 15:24:49",548.8,2,aaryajadhav0310
6553,16781377,AgriMind,"2026-09-20 23:27:15",548.8,2,slimaneguermat
6554,16707767,"Lai Eu Wen","2026-08-16 16:47:50",548.7,2,laieuwen
6555,16774843,"Assylkhan Kerey","2026-08-30 03:16:54",548.5,2,n0nlyy
6556,16947326,"Sachin Sachdeva","2026-09-23 12:55:56",547.9,2,sachinsachdeva
6557,16686655,"Emir Baki Demirci","2026-09-26 00:48:25",547.8,2,emirbakidemirci
6558,16883042,"Stefan Berger","2026-09-20 21:06:25",547.7,2,stefanberger1111
6559,16672370,"Yash Barhanpurkar","2026-09-10 17:36:18",547.7,2,yashbarhanpurkar
6560,16691552,"Koshtubh Singh Parihar","2026-08-09 03:19:39",547.7,2,koshtubhsinghparihar
6561,16717742,"Ghawwjsb Vsjsjsbs","2026-08-13 22:32:49",547.6,2,ghawwjsbvsjsjsbs
6562,16692680,"Marc-Luca ","2026-08-11 12:02:15",547.5,2,marcluca
6563,16732307,"Shobha Vashishtha","2026-08-17 12:32:07",547.4,1,shobhavashishtha
6564,16848263,Xenongas,"2026-09-08 14:23:14",547.3,2,xenongas1
6565,16689919,"Koren Ben Ezra","2026-08-08 17:49:55",547.2,2,korenbenezra
6566,16655426,engin_zhou,"2026-08-05 15:21:18",547.2,2,enginzhou
6567,16760025,DEBI,"2026-09-26 14:51:42",547.2,2,"mayarabdelfattah,omarelmaghraby03"
6568,16891652,Cristian034,"2026-09-24 09:24:15",547.1,2,cristian034
6569,16732725,MackTen,"2026-08-19 08:14:01",546.9,2,mackten
6570,16623678,"Mahog & Gerar","2026-09-25 14:01:38",546.8,2,"gerardeltoro,mahoganybuttstrings"
6571,16673359,hasshi7965,"2026-09-23 04:34:47",546.8,2,hasshi7965
6572,16659418,"Fonge Bertin","2026-08-06 09:26:33",546.8,2,fongebertin
6573,16743823,"Zeyu Huang_summer","2026-09-14 15:40:41",546.8,2,zeyuhuangsummer
6574,16845593,matsudaatom,"2026-09-07 14:44:59",546.7,2,matsudaatom
6575,16654351,"Manish Kumar","2026-08-04 07:45:22",546.6,2,manishkumarphd2000
6576,16728195,"6 GOD","2026-08-21 15:50:28",546.5,2,tertospacko
6577,16688175,aarav221w,"2026-08-25 23:40:16",546.4,2,aarav221w
6578,16744239,"Diogo Gomes ","2026-08-25 09:39:28",546.2,2,diogogomes
6579,16744898,"Tore Erdmann","2026-09-19 16:19:24",546.1,2,toreerdmann
6580,16640504,"Recep Öztürk","2026-08-26 11:19:31",545.7,2,rcpztrrk1
6581,16673191,juliye,"2026-08-10 03:49:13",545.6,2,juliye
6582,16770674,"Arpit Jain","2026-09-02 11:44:36",545.4,2,arpitjain5
6583,16676534,AlphaBound,"2026-08-25 05:26:32",545.3,2,somsubhrometya
6584,16762994,AdvancedRising,"2026-09-13 14:54:28",545.0,2,advancedrising
6585,16633379,"Artem Prokhorov","2026-07-31 20:53:32",544.8,1,catfield123
6586,16896490,"Yiman Gao","2026-09-21 08:15:16",544.6,2,yimangao
6587,16686743,charmander,"2026-09-11 15:44:15",544.6,2,rahuladhi
6588,16642994,"Danila Galkin","2026-08-13 19:22:17",544.6,2,danilagalkin
6589,16770891,"Oleg Shatov","2026-09-05 16:34:56",544.5,2,bishkek
6590,16691398,"Time to Win","2026-09-03 04:36:52",544.5,2,yatharthdurgapal
6591,16654761,"Mohammed Mukthar","2026-08-05 02:06:15",544.4,2,mohammedmukthar9
6592,16886077,"Rajan Aggarwal","2026-09-17 15:19:02",544.4,2,rajanaggarwal11
6593,16811603,hundun,"2026-09-04 09:48:18",544.4,2,zhongh4oyang
6594,16700441,"Houssem RIAHI","2026-08-27 14:54:09",544.3,2,houssemriahi
6595,16724819,Dwij12,"2026-08-20 18:28:01",544.2,2,dwij12
6596,16729531,alfphafarm,"2026-08-19 19:09:48",544.0,2,vudattumaniteja
6597,16656883,KK,"2026-08-05 10:27:15",543.9,2,kkonzyb
6598,16844670,"Zheng haoling","2026-09-07 04:22:40",543.7,2,zhenghaoling
6599,16718445,"Hamza Elmorjani","2026-08-15 12:16:55",543.7,2,hamzaelmorjani03
6600,16819076,"Keyur Gohel","2026-09-22 16:04:23",543.7,2,venuzdonoa
6601,16763287,Sathishkumartheta,"2026-08-25 18:53:26",543.6,2,sathishkumartheta
6602,16660670,"Chirag Bhatnagar","2026-08-31 09:21:45",543.5,2,chiragbhatn
6603,16622938,"Farmville Redux","2026-08-03 18:58:04",543.5,2,daveconnor
6604,16671256,"Navid Zaman","2026-09-08 13:58:31",543.4,2,navidzaman01
6605,16662103,"Saravana Thiagarajan K","2026-08-05 21:43:42",543.3,2,saravanatk1984
6606,16623112,Tians12,"2026-08-09 19:10:24",543.3,2,tiansang12
6607,16655651,"Kevin Cho","2026-09-14 16:40:58",543.3,2,chokevinjs
6608,16744752,"Dean Johnson","2026-08-27 10:26:20",543.2,2,deanjohnson202
6609,16926169,LeoBode,"2026-09-23 14:47:18",543.2,2,lebo124
6610,16669597,农业农村部,"2026-08-10 19:11:08",543.0,2,"bingzhenghan,hrwan1,krasuszl"
6611,16863952,"Kuei-Hsien Chu","2026-09-10 06:14:39",543.0,2,formosa21
6612,16656690,"Sushant Kumar (xWF)","2026-08-06 04:44:38",542.8,2,sushantkumarxwf
6613,16666249,Kawa_pt,"2026-09-08 22:24:25",542.8,2,kawapt
6614,16740662,宣城市机械电子职业技术学院,"2026-09-15 02:05:22",542.8,2,chenzhengy
6615,16808696,마짱MAZZANG,"2026-09-04 09:41:16",542.7,2,mazzang
6616,16661564,yang20251228,"2026-09-02 03:40:29",542.6,2,yang20251228
6617,16660035,NoNamedeo,"2026-08-27 14:20:15",542.6,1,nonamedeo
6618,16655075,"Félix Rodríguez Roble","2026-08-04 09:16:25",542.6,2,flixrodrguezroble
6619,16885464,"Javier Hernáez","2026-09-19 18:09:39",542.6,2,javierhernaez
6620,16904690,"yuya #2","2026-09-17 07:21:26",542.6,2,pineandtree
6621,16756388,"Sam Scott","2026-08-22 22:04:06",542.5,2,shepard5
6622,16732357,"Thales Augusto Leite de Souza","2026-08-23 23:43:38",542.5,2,thalestals
6623,16846408,"Arpit Gole","2026-09-16 02:21:23",542.5,2,connecttoarpitgole
6624,16686912,@mldsdev,"2026-08-13 02:07:44",542.3,2,lan1mel
6625,16684674,"Ch Muhammad Umer ","2026-08-11 08:11:36",542.3,2,chmuhammadumer
6626,16750666,"Mitali Yadav","2026-09-23 07:31:39",542.2,2,mitaliyadav18
6627,16688220,Aadi,"2026-08-24 23:10:37",542.2,2,aadicv
6628,16669396,Fleo98,"2026-08-10 15:43:34",542.1,2,fleo98
6629,16868576,DarkhanShakhan,"2026-09-15 20:17:01",541.9,2,darkhan1991
6630,16730461,"Mubin Shaikh","2026-08-19 06:09:17",541.9,2,shaikhmubin
6631,16703129,"Pratik Vadher","2026-08-10 21:08:27",541.8,1,pratikvadher
6632,16663708,"Imran Ahamed","2026-09-23 19:36:27",541.7,2,immu4989
6633,16800950,"Mani Kanta Kalluru","2026-09-09 17:17:20",541.7,2,manikantakalluru
6634,16681149,Lee14k,"2026-08-19 17:00:35",541.4,2,lee14k
6635,16866643,"Yan Slabodich","2026-09-15 08:02:34",541.4,2,yanskij
6636,16793150,Comet19,"2026-08-31 10:53:04",541.3,2,comet19
6637,16913155,DT,"2026-09-20 14:19:20",541.1,2,"bhd233,vatlegend"
6638,16658106,"Devam juthani","2026-08-05 08:18:14",541.1,2,devamjuthani
6639,16640888,"Dhe Yeong","2026-09-25 03:38:43",540.9,2,dheyeong
6640,16775237,"Haruki Iwase","2026-09-12 14:38:17",540.9,2,harukiiwase
6641,16660419,"Kai-Shih Chiu","2026-08-06 12:54:22",540.9,2,kaishihchiu
6642,16715495,Yashi003,"2026-08-24 04:44:40",540.8,2,yashi003
6643,16841589,加藤正樹,"2026-09-06 01:59:11",540.8,2,masaki9920
6644,16657104,"Bashar Gamal","2026-09-15 05:51:30",540.7,2,bashargamal
6645,16675461,mins0_0,"2026-08-30 07:50:53",540.6,2,mins00
6646,16663437,inversion,"2026-08-04 20:44:41",540.6,1,inversion
6647,16862124,"Lei Yang23","2026-09-16 18:09:55",540.3,2,leiyang23
6648,16880707,Joy_22@1,"2026-09-25 18:15:40",540.1,2,joy221
6649,16659598,kudston,"2026-09-15 18:38:11",540.1,2,kudston
6650,16675074,ahiokk,"2026-08-07 07:58:44",540.0,2,ahiokk
6651,16718363,"Jarbas Camurça","2026-08-28 11:15:44",540.0,2,pjarbas
6652,16720143,"AMAN PANDEY","2026-08-16 13:57:00",539.8,2,amanapofficial
6653,16786297,isxinhe,"2026-09-19 16:25:26",539.7,2,isxinhe
6654,16663677,"Aghazie David","2026-08-07 00:32:14",539.7,2,aghaziedavid
6655,16656792,"Gnanaprakash R","2026-08-28 15:05:38",539.6,2,gnanaprakashr
6656,16669595,evanca,"2026-08-08 12:27:56",539.6,2,evanca
6657,16699711,"maxscender ","2026-08-13 14:03:35",539.5,2,maxscender
6658,16677303,"Chase Martyn","2026-08-19 02:05:12",539.4,2,chasemartyn
6659,16831074,BiNar,"2026-09-18 19:13:55",539.4,2,durbinar
6660,16895374,JerryWang19,"2026-09-15 08:09:57",539.3,1,jerrywang19
6661,16744534,"Leonardo Custode","2026-09-11 09:16:04",539.2,2,leocus
6662,16844527,"Suyog Gund","2026-09-12 18:30:05",539.0,2,suyoggund
6663,16826099,"Aykut Çağlar","2026-09-15 16:08:32",539.0,2,aykutcaglar
6664,16691271,"Ashler Herrick","2026-08-09 14:54:33",539.0,1,ashlerjohnherrick
6665,16660295,Pentos,"2026-08-10 00:06:56",538.8,2,nishiumi
6666,16775001,"Maarij Aqeel","2026-08-26 14:48:03",538.7,2,maarijaqeel
6667,16665060,Pipeweed,"2026-08-27 18:14:40",538.7,2,pipeweed56
6668,16762206,"mohammad khanjani2026","2026-09-06 05:17:52",538.7,2,mohammadkhanjani2026
6669,16621657,"Nikita Batuev","2026-09-22 23:14:25",538.6,2,batuevnikita
6670,16670544,"William Rients","2026-08-06 00:01:02",538.6,2,williamrients
6671,16630837,"Vishal Sharma","2026-08-05 18:24:44",538.4,2,vishal40182
6672,16687448,"Israel Burns","2026-08-12 08:41:38",538.4,2,israelburns
6673,16690940,NKryst,"2026-08-29 10:57:18",538.3,2,nkryst
6674,16727009,B05801037,"2026-08-18 02:28:48",538.1,2,peteropop
6675,16634316,"Cao Tùng Lâm","2026-09-01 07:16:08",538.1,2,liamislazy
6676,16857823,"Hà Công Nga ","2026-09-10 02:49:42",538.0,2,hcngnga
6677,16681660,"Parham Ghazanfari","2026-08-07 20:18:18",538.0,1,parhamghazanfari
6678,16690352,"Aled von Oppell","2026-09-24 16:04:36",538.0,2,aledgvonoppell
6679,16782993,hayashida,"2026-09-07 14:01:36",538.0,2,daichihayashi
6680,16823519,GarciasN,"2026-09-07 18:43:18",538.0,2,garciasn
6681,16657871,Lucienne,"2026-08-05 03:13:59",537.9,2,yangnianan
6682,16692450,duckypants,"2026-08-23 20:36:59",537.9,2,duckypants
6683,16691164,"Krishna Saathwik","2026-08-13 13:50:40",537.8,2,krishnasaathwik
6684,16728743,Miki_Nuummiu,"2026-09-16 20:54:12",537.8,2,mikinuummiu
6685,16927697,Mikiyaas,"2026-09-25 11:09:28",537.7,2,mikiyaas
6686,16680297,"Ajay Singh","2026-08-08 04:33:24",537.6,2,ajaysinghg
6687,16706413,"Song Research","2026-08-18 00:39:36",537.4,2,sangbong91
6688,16699756,"zhang xin","2026-09-23 02:00:57",537.3,2,zhangxin300
6689,16667500,jiannebab,"2026-08-14 14:29:12",537.2,2,jiannebab
6690,16749104,danielx119,"2026-08-20 16:36:00",537.0,2,danielx119
6691,16674599,"Luka Duvanov","2026-08-19 22:03:46",537.0,2,nekkon
6692,16767800,awee,"2026-09-07 19:34:52",537.0,2,aweertw
6693,16853288,ypl0lpy,"2026-09-09 07:56:50",537.0,2,ypl0lpy
6694,16712746,itsraininnnn,"2026-08-12 16:38:56",536.9,1,itsraininnnn
6695,16718366,RATriculture,"2026-08-28 19:15:28",536.9,2,tarasshchur
6696,16806260,"Kotaro Furuno","2026-09-03 14:36:00",536.9,2,kotarofuruno
6697,16670274,"dankwa wadie","2026-09-01 08:45:40",536.9,2,dankwawadie
6698,16697704,"Leonid Matetskiy","2026-08-09 21:39:06",536.8,2,leonidmatetskiy
6699,16899050,SerenaLsr,"2026-09-16 03:35:02",536.8,2,serenalsr
6700,16773779,"Daichi Tanaka","2026-08-31 03:38:48",536.7,2,daichit64
6701,16892437,chukbert,"2026-09-26 06:29:07",536.5,2,chukbert
6702,16892008,#FeedThePuffer,"2026-09-21 02:24:32",536.5,2,"andrdalbosco,gabmaury"
6703,16670596,prabalsingh_23,"2026-08-26 02:33:14",536.5,2,prabalsingh23
6704,16726080,"Arda Yasar","2026-08-19 06:02:10",536.4,2,ardayasar
6705,16655571,yuken,"2026-08-07 13:27:53",536.2,2,yukenai
6706,16639408,Invictus,"2026-08-11 22:44:04",536.2,2,nicho256
6707,16887280,"ronger zhu","2026-09-17 04:03:22",536.2,2,rongerzhu
6708,16855052,pk954061458,"2026-09-14 10:37:54",536.2,2,pk954061458
6709,16708907,"[Deleted] 84526ff4-3aed-4b4b-a45f-a4486f01cb7b","2026-08-13 20:01:55",536.1,2,del=34c747d6ee8d2bd7
6710,16674106,Nanga_rendu_peru,"2026-09-27 02:12:33",536.0,2,"dineshak07,jaikrishna007"
6711,16702359,"Ethan Pl","2026-08-11 19:43:21",536.0,2,ethanpl
6712,16841827,"pohang milk collector","2026-09-20 14:27:51",535.9,2,"duckhun,idearendil"
6713,16658151,"Nguyễn Phúc Gia Bảo","2026-08-06 15:15:07",535.9,2,kevincrazy678
6714,16693988,"Pranav Gupta","2026-08-18 03:51:41",535.9,2,kumbhakarann
6715,16675264,"Alon Bar Koter","2026-08-06 16:16:43",535.8,2,alonbarkoter
6716,16633934,Alexy,"2026-08-25 04:40:02",535.7,2,alexycactus
6717,16726839,syunsuke,"2026-08-21 23:12:13",535.7,2,syunsuke1024
6718,16667143,"Noct-Tech zombie","2026-08-06 13:46:51",535.6,2,jo3thaboss
6719,16660119,"Dhruva Das","2026-08-05 17:05:52",535.6,2,dhruva77
6720,16752899,"Nicolò Alberti","2026-08-23 09:16:36",535.6,2,nicolalberti
6721,16811259,"Aaryan Agarwal","2026-09-03 20:21:00",535.5,1,aaryanagarwal
6722,16774317,A_yuki,"2026-09-21 16:26:27",535.5,2,yukiys
6723,16889017,Bigwh3el,"2026-09-23 20:52:54",535.2,2,bigwh3el
6724,16697346,"sayyid mogaka","2026-08-10 21:37:36",535.1,2,sayyidmogaka
6725,16762010,"Ivan Piaternev","2026-09-15 08:14:40",535.1,2,iamvanya
6726,16767754,"Dr. T","2026-09-23 06:55:54",535.1,2,davinor
6727,16697800,DR_Mkelvo,"2026-08-09 20:42:15",535.1,1,drmkelvo
6728,16747345,"Alex #3","2026-09-17 08:59:07",534.9,2,alexb99
6729,16761451,gulag,"2026-08-24 03:39:54",534.8,2,moglin
6730,16937883,Philip,"2026-09-21 21:27:47",534.8,2,timmi22194
6731,16658718,"Duong Bao Duy","2026-09-15 13:31:45",534.8,2,duongbaoduy
6732,16849108,raypratik,"2026-09-25 10:19:40",534.8,2,raypratik
6733,16717850,"HeeGwan Lee","2026-09-06 11:51:49",534.8,2,heegwanlee
6734,16659309,irisV11,"2026-08-18 05:23:01",534.6,2,irisv11
6735,16843633,"Arbnor Grubi","2026-09-13 02:32:30",534.5,2,protocool
6736,16675066,Opticulture,"2026-08-16 12:19:48",534.5,2,"bajibaburowthu,ponnuripavankumar,radhakrishnadoredla,veereshkumar1219"
6737,16726873,@F,"2026-08-16 01:43:22",534.5,1,atefbouzid
6738,16658477,"chathura prasadh9817","2026-08-06 07:18:04",534.4,2,chathuraprasadh9817
6739,16657105,"Mathijs Deelen","2026-08-05 01:16:34",534.3,2,mathijsdeelen
6740,16663766,"Anup Gautam","2026-08-08 01:29:10",534.2,2,anupanda
6741,16659446,zhaozy233,"2026-08-15 16:51:36",534.2,2,zhaozy233
6742,16690736,omarkami007,"2026-08-11 18:40:45",534.0,2,omarkami007
6743,16667818,AjayVarma555,"2026-08-09 15:14:45",534.0,2,ajayvarma555
6744,16778145,TW_益民_li,"2026-09-03 12:28:49",534.0,2,liyimintw
6745,16676155,"Adam Carnaffan","2026-08-07 16:48:03",533.8,2,adamcarnaffan
6746,16621523,"Victor Orihuel","2026-08-18 05:40:18",533.8,2,victororihuel
6747,16750614,"Shivansh Chaudhary","2026-09-05 06:17:27",533.7,2,shivanshchoo
6748,16845148,"nasa Furiy","2026-09-07 08:24:40",533.7,2,nasafuriy
6749,16722366,"Aki Lit","2026-08-14 23:24:20",533.6,2,akilit
6750,16735517,"Philipp k-s","2026-09-13 19:12:05",533.6,2,philippkeussenstrau
6751,16885591,Orange,"2026-09-13 11:30:58",533.5,2,orangecoppers
6752,16702820,"Plorek ","2026-08-28 11:28:11",533.3,2,plorek
6753,16679364,VicD,"2026-08-14 20:16:52",533.2,2,durandv
6754,16621811,"Shaun Andrade","2026-08-01 00:44:42",533.2,2,shaunandrade
6755,16669165,"IT Neko","2026-08-14 13:17:33",533.0,2,"nirvaanaa,zhexuanyecust"
6756,16671420,"Chengchen Duan","2026-08-17 15:25:09",532.9,2,chengchenduan
6757,16926556,Fufig,"2026-09-20 17:31:56",532.7,2,yafufig
6758,16743438,嘎嘎滴辣晒,"2026-08-24 09:30:32",532.6,2,yuhangzhang0621
6759,16695799,Vaycheslav,"2026-09-22 08:05:40",532.4,2,vaycheslav
6760,16702118,"cemal özdeniz","2026-08-10 20:27:17",532.4,2,cemalzdeniz
6761,16756029,EndCreeper,"2026-09-18 15:46:59",532.3,2,endcreeper
6762,16764330,"Koral Kulacoglu","2026-08-26 04:51:33",532.0,2,koralkulacoglu
6763,16666483,"Salih Erdem Kaymak","2026-08-08 17:32:38",531.7,2,saliherdemkaymak
6764,16673333,"Dimas Renggana","2026-08-06 23:40:39",531.6,2,dimasrenggana
6765,16673266,Preet,"2026-08-14 05:57:17",531.6,2,hpkaur34
6766,16657794,"Aromal vK","2026-08-06 15:35:11",531.6,2,aromalvk
6767,16668817,"Sean ODonnell","2026-08-08 03:27:47",531.5,2,sjean11
6768,16760226,"Erich Hofstötter","2026-08-24 15:49:06",531.2,2,erichhofsttter
6769,16658820,"Jonathan Ashenaf1","2026-08-11 16:59:20",531.1,2,jonathanashenaf1
6770,16702481,"Scott G","2026-08-13 15:19:02",530.7,2,verifiedscott
6771,16701795,Proshian,"2026-08-11 00:01:04",530.7,2,proshian
6772,16658116,Emmy,"2026-09-26 08:34:35",530.7,2,emmyone
6773,16794491,"Sushant Pargaonkar","2026-09-02 02:59:45",530.7,2,sushantpargaonkar
6774,16775749,Yurikada,"2026-09-03 11:13:54",530.6,2,yosukeinada
6775,16718042,"Muddassir Shah","2026-09-02 21:49:44",530.4,2,wisemanseed
6776,16669545,"Rishabh Gupta","2026-08-06 18:19:04",530.3,2,rishabhguptajs
6777,16644508,"Vandana Pathania","2026-08-22 21:59:37",530.3,2,vandanapathania
6778,16669479,"Shifa Salsabiila","2026-08-09 02:56:11",530.1,1,shifasalsabiila
6779,16723045,"Albert Einstein F Muritiba","2026-09-19 02:35:02",530.0,2,spideryzarc
6780,16716632,shini47,"2026-08-22 20:30:17",530.0,2,shini47
6781,16730105,"Leonardo Palis","2026-08-17 03:35:05",530.0,2,leonardopalis
6782,16692637,"Blox Amaze","2026-08-09 09:47:42",529.8,2,bloxamaze
6783,16765031,"Allen JL Li","2026-08-27 06:12:23",529.7,2,allenjlli
6784,16672463,"Muzammil Baloch","2026-08-07 12:45:39",529.7,2,muzammilbaloch
6785,16730649,Mink,"2026-09-20 22:14:02",529.5,2,"mahendransaeyohnn,mysterious5577"
6786,16890221,"Kalebu Makombe","2026-09-14 10:07:31",529.4,2,kalebuomakombe
6787,16662293,"Alejandro Fonda","2026-09-25 00:56:43",529.3,2,alejandrofonda
6788,16697681,"Mahfujur Rahman Rakib","2026-08-10 05:14:21",529.1,2,mahfujurrahmanrakib
6789,16709494,"Aditya Dushara","2026-09-10 22:24:55",529.1,2,adityadushara
6790,16727376,"Roko Torbarina","2026-08-18 18:31:57",528.9,2,rokotorbarina
6791,16743001,Nikhilasree,"2026-09-03 11:33:45",528.8,2,nikhilasree2003
6792,16798918,"Toan Nguyen Mau","2026-09-07 08:39:35",528.7,2,toannguyenmau
6793,16664140,Sxwat,"2026-08-23 01:13:13",528.5,2,aybatov
6794,16657981,"Arijit Kar","2026-08-18 11:05:52",528.4,2,demonicak
6795,16865454,"Zhihuan Xue","2026-09-16 11:16:53",528.4,2,xuantianfengwu
6796,16712902,"Ethan Benjamin Cole","2026-08-13 12:19:26",528.4,2,ethanbenjamincole
6797,16660850,"Khoa Le","2026-08-05 13:23:55",528.4,2,bryanle2025
6798,16748774,"hakan ulucan","2026-08-25 19:19:11",528.3,2,hakanulucan
6799,16692246,"Pamod Jayaneth","2026-09-08 05:13:09",528.1,2,pamodjayaneth
6800,16736636,torch,"2026-08-18 10:35:29",528.1,2,rhtsingh
6801,16667025,"Anjitha Mekkayil Anand ","2026-08-28 05:59:46",528.1,2,anjithamekkayilanand
6802,16917921,xxxx333,"2026-09-19 03:58:31",527.9,2,xxxx333
6803,16718565,Frankyface,"2026-08-13 18:54:37",527.9,1,frankyface
6804,16632253,nasuuuuun,"2026-08-04 13:30:11",527.8,2,hikarumatsuzaki
6805,16920613,"vietnam vo dich","2026-09-18 13:38:00",527.8,2,ctun12
6806,16681509,"Kethan Sai","2026-09-18 09:53:32",527.7,2,kethansaikoneru
6807,16825999,"Atsushi Yoshikawa","2026-09-07 02:06:13",527.7,2,atsushiyoshikawa
6808,16840365,"Pranjal Morwal","2026-09-25 20:33:52",527.6,2,pranjalmorwal
6809,16752665,"Dominik Toric","2026-09-14 17:20:14",527.6,2,dominiktoric
6810,16665462,ZSZ,"2026-08-12 13:55:00",527.6,2,zsuzsanna2
6811,16704569,"Lorenzo Grattarola","2026-08-16 22:24:15",527.3,2,lorenzograttarola
6812,16662057,DeokJin,"2026-08-05 04:01:38",527.3,2,deokjin
6813,16762831,026,"2026-09-07 00:58:19",527.2,2,thahaarsh
6814,16840437,nick.ai007,"2026-09-10 06:36:01",526.9,2,nickai007
6815,16773361,"tom yi","2026-09-24 08:56:59",526.9,1,tomyi1547
6816,16853582,"Qiao Ke","2026-09-09 09:44:44",526.9,1,bridgekk
6817,16927406,wmar,"2026-09-25 17:51:43",526.9,2,wmar38334
6818,16732003,"HAO jia liu","2026-08-18 09:58:05",526.8,2,haojialiu
6819,16904318,"wofi poria","2026-09-18 01:33:18",526.8,2,wofiporia
6820,16632504,"[Deleted] c2f6c5d5-ecb1-4f92-95d7-7c9f0fd3474f","2026-07-31 16:04:32",526.8,1,ryota517
6821,16839030,minedmap,"2026-09-07 20:19:52",526.7,2,minedmap
6822,16733910,davidsmith42,"2026-08-19 23:59:03",526.5,2,ananthvydianath42
6823,16730740,"claude opus5🏆","2026-08-19 09:58:24",526.4,2,yinpinggao
6824,16662313,"Maximus Sambucetti","2026-08-09 15:36:46",526.4,2,maximussambucetti
6825,16790206,"bogdan chirkov","2026-09-15 13:46:30",526.4,2,bogdannchirkovv
6826,16722028,"Aw Ming Xuan","2026-08-16 09:24:48",526.3,2,awmingxuan
6827,16671779,"Syed Jawad","2026-09-06 12:12:28",526.3,2,syedjawad11
6828,16664750,"shubham kumar","2026-09-13 16:24:23",526.3,2,shubzk17
6829,16690152,"The Ceris","2026-08-16 11:49:31",526.2,2,amedeopachera
6830,16673923,"Gabriele Giacometti","2026-09-10 12:15:50",526.2,2,gabrielegiacometti
6831,16749764,Aquaflame,"2026-09-11 16:41:58",526.1,2,aquaflame
6832,16827864,"Tùng Dương Bùi","2026-09-04 14:31:54",526.1,2,tdbui1209
6833,16747163,"Sarthak Patel","2026-08-21 06:36:26",526.0,2,sarthakpatel2028
6834,16682815,"Saiyam Bharara","2026-08-19 15:03:06",526.0,2,saiyambharara
6835,16714592,"Carey Casile","2026-08-14 18:34:16",526.0,2,ccasile
6836,16667794,knadithyavr,"2026-08-13 12:24:05",526.0,2,knadithyavr
6837,16762881,Yuki0x80,"2026-09-22 14:30:53",525.8,2,saiyuki1919
6838,16671364,"Mike Riggs","2026-08-09 03:22:55",525.7,2,riggsasi
6839,16787010,"Samir Patel","2026-09-04 02:59:28",525.7,2,mesamirpatel
6840,16777150,Eduardo2c,"2026-09-06 14:23:04",525.7,2,eduardo2c
6841,16871722,agenlu,"2026-09-26 21:01:01",525.7,2,agenlu
6842,16926699,"Juliano Batistim","2026-09-25 00:02:10",525.6,2,julianobatistim
6843,16724904,"Carlos Eduardo De Paula Arantes","2026-08-15 15:48:43",525.6,2,carloseduardo1753
6844,16635746,"jeon hyeon woo","2026-08-13 15:32:43",525.4,2,jeonhyeonwoo
6845,16663864,RamónLópez,"2026-09-25 21:45:37",525.4,2,lopeznomar
6846,16756858,"Rushi A.","2026-08-23 18:54:03",525.4,2,rushia
6847,16659813,"Uday Kumar R","2026-08-13 09:47:39",525.3,2,udaykumarramineni
6848,16757417,otter_0714,"2026-09-21 02:42:56",525.2,2,otter0714
6849,16658738,Aman,"2026-08-05 11:12:10",525.1,2,amank95amank95
6850,16783367,hezhiqian,"2026-09-17 00:06:34",525.0,2,hezhiqian
6851,16669118,"yunus yavuz","2026-08-05 21:51:21",524.8,2,yunusyvz
6852,16741766,lrik00,"2026-09-15 13:27:32",524.8,2,lrik00
6853,16710521,"Natpaphon Nukhunthod","2026-08-17 03:37:15",524.6,2,natpaphonnukhunthod
6854,16756131,"Emre Atilgan","2026-08-24 20:20:06",524.6,2,emreatilgan
6855,16727961,"Ebenezer Olumeyan","2026-08-22 15:54:00",524.5,2,eolumeyan
6856,16794797,zzzyan10,"2026-09-21 02:45:51",524.4,2,zzzyan10
6857,16742172,"Felisitas Mellania","2026-09-11 06:39:04",524.4,2,felisitasmellania
6858,16700484,白井孝太郎,"2026-08-15 01:08:02",524.3,2,kotaroshirai
6859,16740709,"Abimael Firstana #2","2026-09-11 07:19:13",524.3,2,abimaelfirstana99
6860,16729157,HahaTaco,"2026-09-12 17:33:16",524.1,2,hahataco
6861,16764600,"Tanmay Shingavi","2026-09-03 05:43:57",524.1,2,decodingafterlife
6862,16675585,"Jacob Joy","2026-08-11 12:13:06",523.9,2,jac0b1
6863,16784966,oouiaa,"2026-09-03 21:53:59",523.9,2,tomofumihata
6864,16686149,"Luc Mantoux","2026-08-09 20:25:33",523.9,2,lucmantoux
6865,16719172,"Victor Carriço","2026-08-24 03:35:14",523.8,2,kronossaurus
6866,16635145,"Isaac Menard","2026-08-05 21:11:36",523.8,2,isaacmenard
6867,16708625,"Lê Văn Pháp","2026-08-29 03:15:56",523.6,2,"linhsarah,lvnphp"
6868,16673324,Amaranta,"2026-09-21 18:08:18",523.5,2,ulyanovantonamaranta
6869,16667011,"Chung Yu Jin","2026-09-21 05:44:32",523.1,1,chungyujin24
6870,16654085,"Bill Xu","2026-09-07 05:10:56",523.0,2,billll
6871,16659507,"Lokesh Lalan","2026-08-26 08:51:50",522.9,2,lokeshlalan
6872,16686645,Ornaat,"2026-09-25 10:39:18",522.9,2,ornaat
6873,16736261,"Saptanshu Samal","2026-08-22 12:02:42",522.9,2,saptanshusamal
6874,16914880,"Mohammed Afreed Pasha","2026-09-26 11:51:11",522.8,2,mohammedafreedpasha
6875,16752153,zhao569,"2026-09-17 08:34:24",522.8,2,zhao569
6876,16753887,"Hong Tang","2026-08-24 21:41:20",522.7,1,hongtang15
6877,16924914,AgriPredictors,"2026-09-26 21:29:03",522.7,2,"mehakiftikhar,mnkaggler"
6878,16710512,FishWotou,"2026-08-19 04:45:40",522.6,2,fishwotou
6879,16659181,Hongjie04,"2026-08-05 04:07:04",522.6,2,hongjie04
6880,16657400,indrapurnama,"2026-08-08 05:42:05",522.5,2,indr0008
6881,16631772,yuki,"2026-08-03 17:39:58",522.5,2,yururoi
6882,16661066,"André Kuster","2026-08-06 00:54:20",522.4,2,andrkuster
6883,16658779,"Richard G Atkinson","2026-08-05 00:29:59",522.2,2,richardgatkinson
6884,16679671,Ash0666,"2026-08-09 19:28:52",521.9,2,ash0666
6885,16760190,"Florian Tigoulet","2026-08-24 12:37:14",521.8,2,floriantigoulet
6886,16759246,wangfeifei_si,"2026-08-26 14:27:19",521.8,2,wangfeifeisi
6887,16686613,Zubatch,"2026-08-15 20:11:39",521.7,2,zubatch
6888,16704864,ksj00610,"2026-08-12 08:47:16",521.5,2,ksj00610
6889,16731887,"hoo aam","2026-08-21 05:37:16",521.5,2,hooaam
6890,16723037,"Red Cat","2026-09-10 19:23:50",521.4,2,severl
6891,16624941,"KO Ho Tin","2026-08-10 03:33:47",521.4,2,b14ckc4tmr
6892,16740646,"Darren Chung","2026-08-25 18:00:27",521.4,2,chungdarren
6893,16666597,Ramkumar4240,"2026-08-10 12:19:20",521.4,2,ramkumar4240
6894,16780513,"Hugo JOBÉ","2026-08-27 20:51:09",521.3,2,hugojob
6895,16731013,"Abimael Firstana","2026-09-11 06:55:02",521.1,2,abimaelfirstana
6896,16621354,pengshy,"2026-08-06 04:54:01",520.9,2,dm15336142
6897,16799485,"Bartholomew Jordan","2026-09-19 09:48:21",520.8,2,bartholomewjordan
6898,16740894,BetOnMe,"2026-08-19 14:40:02",520.7,2,betonme
6899,16929796,"Emre Balsar","2026-09-20 11:03:09",520.6,2,emrebalasar
6900,16723125,"Shubham Dhapola","2026-08-16 13:35:23",520.5,2,shubhamdhapola24
6901,16685582,Wasaanyi,"2026-08-18 09:21:30",520.5,2,"cnakakeeto,wasaanyi"
6902,16666328,"Dornus !","2026-08-05 21:53:19",520.4,2,dornus
6903,16845760,Alyosha85,"2026-09-07 05:42:01",520.3,2,alyosha85
6904,16915731,INF2_josallo4_anpego3,"2026-09-20 16:30:53",520.2,2,josepsalvador
6905,16818405,MickyDot,"2026-09-08 08:16:06",520.1,2,mickydot
6906,16714335,"Jake Mordan","2026-09-24 08:39:37",520.0,2,jakemordan
6907,16696163,"Romain Durand","2026-08-17 19:00:46",520.0,2,romaindurand1607
6908,16640077,larry54321zhao,"2026-09-09 08:48:32",519.8,2,larry54321zhao
6909,16717716,"Диас Издибаев","2026-08-15 05:32:14",519.7,2,diasiz1
6910,16664199,SomyaSingh_07,"2026-09-27 06:22:12",519.7,2,somyasingh07
6911,16845161,"Abate etienne","2026-09-08 00:28:04",519.4,2,abateetienne
6912,16664142,"The Studio 1","2026-08-16 23:04:06",519.4,2,landonsheatsley
6913,16740534,"Gao Wenjiang","2026-09-02 09:48:37",519.3,2,gaowenjiang
6914,16791027,"Ryan Cheung","2026-09-07 04:46:47",519.3,2,doggychip
6915,16696020,"Hugo Voisin","2026-08-11 16:08:06",519.2,2,hugovoisin
6916,16730922,"Shengyuan Yin","2026-09-24 10:49:46",519.2,2,flaming0
6917,16717817,"Nick Stoddart","2026-08-14 05:15:23",519.1,2,nickstoddart
6918,16658074,"Qui Ngx","2026-08-05 05:57:15",519.0,2,quingx
6919,16669028,"Atishay Kasliwal","2026-08-11 17:54:59",518.9,2,atishaykasliwal
6920,16793889,zhzz,"2026-09-01 11:28:52",518.9,2,ucsdzhengzeng
6921,16863015,"Carlos Jaime","2026-09-24 03:14:47",518.9,2,cjaime708
6922,16841858,"Aadit Agrawal","2026-09-08 07:23:56",518.9,2,aaditagrawal
6923,16795609,2023314806_이승민,"2026-09-04 10:21:31",518.5,2,sminleeee
6924,16712921,"Come Back","2026-08-20 00:45:45",518.3,2,amirhosseinltf
6925,16773942,"Malhar Shah","2026-09-24 18:20:06",518.3,2,"malharshah2511,veervohra123"
6926,16664370,"Joel Arias","2026-08-06 17:29:01",518.1,1,j4rias
6927,16865918,yh00722,"2026-09-14 04:52:38",518.1,2,yh00722
6928,16867745,"Carlos Uño Magne","2026-09-13 15:09:49",518.0,2,carlosuomagne
6929,16678633,"Tanishq Tayade","2026-09-14 21:39:04",517.8,2,tanishqtayade
6930,16651167,ArmanVardanyan07,"2026-08-03 22:43:13",517.7,2,armanvardanyan07
6931,16890133,Adsterr,"2026-09-19 07:58:59",517.4,2,adsterr
6932,16926574,"walid waccub","2026-09-19 22:12:00",517.3,2,walidwaccub
6933,16670779,"Aditya Dube","2026-08-06 01:41:24",517.3,2,dubeaditya
6934,16645446,gogo98415,"2026-08-29 06:04:15",517.2,2,gogo98415
6935,16840480,jignesh13,"2026-09-16 19:33:04",517.1,2,jignesh13
6936,16654890,"Josh Hipps","2026-08-06 14:16:49",517.1,2,joshuahipps
6937,16892255,"Jegors Čemisovs","2026-09-23 21:02:44",517.0,2,fortemate
6938,16729202,Sven,"2026-08-27 21:55:40",517.0,2,sventleman
6939,16654943,"Alexis Selorm Gbeckor - Kove","2026-08-10 11:44:58",516.9,2,advancedbeginner
6940,16630773,"An Hoang Vo","2026-09-05 14:49:25",516.9,2,anhoangvo
6941,16680108,dentalsoup,"2026-08-07 09:03:47",516.8,2,afinemonkey
6942,16906705,"Gaurav Vyas","2026-09-20 17:24:05",516.7,2,ctogaurav
6943,16666055,Axit,"2026-08-06 10:16:15",516.6,2,axitslab
6944,16661550,SeriouS_K,"2026-09-24 08:28:49",516.6,2,serious101
6945,16664143,"Lucas Henrique Mateo","2026-08-21 19:10:52",516.6,2,lucashmateo
6946,16769793,"Shivam Batra","2026-08-26 14:21:49",516.5,2,shivam744
6947,16947214,bzttub,"2026-09-23 07:25:28",516.4,2,"bzttub,hehahakl,michaelyu99,y1jun0000"
6948,16947496,"lit tlemiaos","2026-09-26 19:12:25",516.4,2,littlemiaos
6949,16858984,Katherine_2002,"2026-09-24 07:17:45",516.0,2,katherine2002
6950,16693207,"Vamshi Guntupalli","2026-08-11 22:40:36",516.0,2,vamshiguntupalli
6951,16846845,Shunsuke,"2026-09-07 15:25:38",516.0,2,shunsukeisono
6952,16676259,Th_Gbay,"2026-08-19 20:42:35",515.8,2,thgbay
6953,16665281,"[Deleted] 899172b8-e148-4564-ba8c-c46356105ab8","2026-08-05 09:55:11",515.8,2,del=cd7e9a4014b872ef
6954,16855185,ArdiaNova,"2026-09-18 11:08:04",515.6,2,ardianova
6955,16685652,LeonDuue,"2026-09-01 06:55:54",515.5,2,leonduue
6956,16660173,"PAULO HENRIQUE DE LIMA","2026-08-06 02:42:20",515.3,1,paulohenriquedelima
6957,16678644,"Kanik Aggarwal","2026-08-13 19:01:16",515.2,2,roronoazoro200
6958,16661832,"Roberto Garcia","2026-08-08 15:09:39",515.2,2,robertogarciada
6959,16673712,"Alejandro Betato","2026-08-16 10:48:24",515.1,2,alejandrobetato
6960,16731635,懒惰的金枪鱼,"2026-09-23 06:45:21",515.0,2,jiaclv
6961,16660364,dadandsats,"2026-08-14 11:41:04",515.0,2,continuingdev
6962,16715897,shettynaisha,"2026-09-06 17:28:58",514.9,2,shettynaisha
6963,16664119,FSzekut,"2026-08-07 00:03:04",514.8,2,fszekut
6964,16861492,Adi_271,"2026-09-10 09:47:25",514.7,2,adi271
6965,16731729,"Sumit Bopche","2026-08-21 15:53:56",514.7,2,sumitbopche
6966,16654596,"khusham sheth","2026-08-13 05:28:55",514.5,2,khushamsheth
6967,16640845,"tang yangzhou","2026-08-04 21:36:09",514.3,1,tangyangzhou
6968,16666614,"Arjun Annamalai","2026-08-18 09:23:28",514.3,2,arjunannamalai
6969,16678602,"hassan manour","2026-08-07 12:52:23",514.0,1,hassanmanour
6970,16665046,"Srish Jana","2026-08-06 18:12:59",514.0,2,srishjana
6971,16660214,ytddsyt1214,"2026-08-09 12:32:06",514.0,2,ytddsyt1214
6972,16781545,"Jake Lin","2026-09-23 01:14:34",513.9,2,jakelinai
6973,16649339,"华东 朱","2026-09-22 16:35:19",513.6,2,mgdbzny
6974,16686150,"Aek KunKub","2026-08-14 05:21:43",513.5,2,aekkunkub
6975,16666371,jiten_topiwala,"2026-08-08 16:51:13",513.5,2,jitentopiwala
6976,16674714,"Kaaleedass Manoharan","2026-08-31 19:07:47",513.5,2,kaaleedassmanoharan
6977,16668022,"Lady and tech","2026-08-19 04:08:50",513.5,2,ladyandtech
6978,16907151,"Susana Horias","2026-09-23 14:46:43",513.4,2,"diegobarriosalonso,noelcalvoortega,robertocanrubio,rubnvalcarcelvarez"
6979,16932020,Syedxd,"2026-09-24 12:53:04",513.4,2,syedxd
6980,16632118,nk,"2026-09-11 09:55:01",513.1,2,nagatakengo
6981,16808641,papajams,"2026-09-26 19:13:20",513.0,2,papajams
6982,16871854,"Tanvi Parsam","2026-09-13 16:07:41",512.9,2,tanviparsam
6983,16671648,"[Deleted] 05e6ae2c-c72f-4044-b02f-dc74277e34ab","2026-08-09 07:21:22",512.9,2,del=871ca06d8c734ede
6984,16795997,"Boyu Wan","2026-09-04 04:58:57",512.9,2,pupudan
6985,16769648,"Alok Kumar","2026-08-28 18:04:50",512.8,2,shadowserpent
6986,16696460,"Enzo 7mlk","2026-09-16 15:19:51",512.8,2,enzo7mlk
6987,16676320,"Khôi Trần","2026-08-29 14:14:57",512.7,2,khoitrn
6988,16889005,Dino,"2026-09-23 08:43:11",512.6,2,ngohongthai
6989,16705363,"Matt Hall","2026-08-16 01:44:32",512.6,2,matthall0
6990,16720714,"Lithole Munangiwa","2026-08-19 11:23:49",512.6,2,litholemunangiwa
6991,16808750,ssssying,"2026-09-11 14:41:53",512.5,2,ssssying
6992,16661432,"Ange Adantchede","2026-09-21 09:00:05",512.3,2,angeadantchede
6993,16661927,JHCodeQuest,"2026-08-25 11:36:46",512.2,2,josephkhassan
6994,16905582,Movilly,"2026-09-25 15:11:36",512.2,1,movilly
6995,16709885,"Manuel Pérez","2026-08-14 01:54:02",512.1,2,manuelperezzz
6996,16669397,"Abed Kibbe","2026-09-13 06:09:10",512.1,2,abedkibbe
6997,16688366,yokoikazumasa,"2026-08-08 19:25:58",512.0,1,yokoikazumasa
6998,16682076,"Igor Riegel","2026-09-02 14:49:12",511.9,2,igormriegel
6999,16915853,popwenman,"2026-09-19 08:21:09",511.7,2,popwenman
7000,16662875,Jimmy,"2026-09-21 04:29:42",511.6,2,jiyo4476
7001,16656913,"Inna Davidov","2026-08-20 04:43:47",511.5,2,innadav
7002,16658160,yunquer,"2026-08-17 07:18:53",511.5,2,yunquer
7003,16669470,"ASDM HUB","2026-08-12 20:13:20",511.3,2,jesushechavarria
7004,16743282,"Srivishnu Charan","2026-09-03 14:06:54",511.3,2,srivishnucharan
7005,16658973,"not today","2026-08-05 05:57:14",511.3,2,cemhan44
7006,16810343,"Aleksandr Borodin","2026-09-02 20:29:06",511.2,2,aleksandrbor
7007,16659645,Drakus_Julia,"2026-08-09 02:15:20",511.2,2,drakus74
7008,16679771,Coolgolf,"2026-09-02 13:56:54",511.2,2,coolgolf
7009,16664348,"Rocket Zech","2026-08-29 08:23:04",511.2,2,isaactunglaw
7010,16929820,sdssJ0,"2026-09-23 09:57:21",511.0,2,sdssj0
7011,16677360,"Jatin Chawla","2026-08-08 13:45:06",510.9,2,jatin221
7012,16660361,"Abhishek Sharma","2026-09-26 16:41:40",510.6,2,abhisheksharma425
7013,16735475,SunjaeLee02,"2026-08-19 08:12:41",510.6,2,sunjaelee02
7014,16914771,"Moritz Schobesberger","2026-09-17 15:21:34",510.6,2,moritzschobesberger
7015,16677585,Pan,"2026-08-07 13:54:22",510.5,2,mehdiacho
7016,16652952,lackmind,"2026-09-04 18:46:11",510.2,2,lackmind
7017,16832891,"Kana Kuroyanagi","2026-09-23 05:10:12",510.2,2,kanakuroyanagi
7018,16884997,"Le Huy Tuong","2026-09-17 12:55:49",510.1,2,lehuytuong
7019,16688646,lakranitesh,"2026-08-08 12:49:18",509.8,2,lakranitesh
7020,16655072,Sonuaswar1,"2026-08-04 07:33:47",509.7,2,sonuaswar1
7021,16657401,korpo,"2026-08-25 20:18:13",509.6,2,krisko
7022,16630438,"Aayush Bansal","2026-09-25 13:35:55",509.6,2,aayushbansal0330
7023,16862225,"Dmitriy Ershov","2026-09-09 19:38:26",509.5,2,bejeweled
7024,16757407,"Dylan Bailes","2026-08-26 07:11:56",509.3,2,dylanbailes
7025,16658031,BSam79,"2026-09-12 09:12:39",509.1,2,bsam79
7026,16749371,"Renisa Assyifa Putri","2026-08-21 05:24:07",509.1,1,renisaassyifaputri
7027,16662201,"Saumitra Verma","2026-08-04 18:28:36",509.0,2,saumitraverma
7028,16833476,"Richard Pagan","2026-09-05 03:01:54",508.7,1,richardpagan
7029,16928039,"Hideki Fujiwara","2026-09-27 00:14:55",508.6,2,hidekifujiwara
7030,16887274,Shakeel,"2026-09-14 09:55:20",508.5,2,shakeel787
7031,16738456,"Pritul Raut","2026-08-21 08:45:04",508.4,2,pritulraut
7032,16715711,"Shawon Biswas","2026-08-19 10:42:24",508.3,2,shawonbiswas11
7033,16771171,Manfucci,"2026-09-12 14:08:47",508.3,2,manfucci
7034,16708230,"jose manuel Tinajero","2026-08-25 15:02:46",508.2,2,josemanueltinajero
7035,16669408,"Josaphat Adjele","2026-08-31 17:26:56",508.2,2,josaphatadjele
7036,16713033,Contact-Nade,"2026-09-10 07:44:18",508.1,2,"masanammedha,rayofc"
7037,16907148,Blooriculture,"2026-09-23 15:02:43",508.0,1,"aarnsantosgonzlez,danireyna08,fernandopardoalonso,marcobarrancomoreno"
7038,16786461,"Caleb Bredlow","2026-09-07 04:17:50",507.9,2,calebbredlow
7039,16854398,"VALERIY MIKHALEV","2026-09-08 16:27:24",507.8,2,valeriymikhalev
7040,16730749,"Đông Hà","2026-09-23 10:43:32",507.8,2,phapsucongu
7041,16760352,"Romain Bomba","2026-08-24 01:27:23",507.7,2,romainbomba
7042,16693033,AgriBot,"2026-08-13 23:53:10",507.6,2,prcieuxcomlan
7043,16774333,"Nazim Shoikot","2026-09-03 11:20:20",507.5,2,nazimshoikot71
7044,16676663,"This cat is called Fumi","2026-08-11 18:21:43",507.4,2,qwer556617123
7045,16939419,goat,"2026-09-26 18:39:28",507.4,2,vinhdang2006
7046,16685618,"Krupa Vardhan","2026-08-28 09:24:21",507.3,2,krupavardhan
7047,16658327,pocari1,"2026-08-19 07:17:28",507.2,2,pocari1
7048,16631981,"Karen Letir","2026-08-10 09:21:51",507.0,2,karenletir
7049,16745655,巴啦啦能量,"2026-09-08 01:30:14",507.0,2,wsh10086
7050,16884148,mengxc410,"2026-09-18 03:42:08",506.8,2,mengxc410
7051,16663188,"Ethan Feng","2026-08-05 22:09:38",506.8,2,xenon111231
7052,16664841,vohi01,"2026-09-26 06:42:32",506.8,2,vohi01
7053,16939706,"Priyanshu Patel","2026-09-22 17:54:24",506.6,2,"abuzarkhan99,priyanshupatel007"
7054,16844334,lsnm,"2026-09-07 15:02:17",506.4,2,eliasnema
7055,16672078,vietlinhh02,"2026-08-08 07:46:53",506.4,2,vietlinhh02
7056,16918629,humblegod,"2026-09-20 19:49:23",506.3,1,sophatodom
7057,16691807,lbs-vadar,"2026-08-26 18:29:57",506.2,2,lbsvadar
7058,16795284,"Kostas Tsolis","2026-09-14 09:14:56",505.9,2,tkostas
7059,16740840,"Huchen Jiang","2026-09-02 09:18:47",505.5,2,huchenjiang
7060,16658925,CYBWithFlourish,"2026-08-06 15:56:28",505.5,2,cybwithflourish
7061,16761589,"Eren -","2026-08-27 08:48:44",505.4,2,erenozyurek
7062,16664605,"Nathaniel Shou","2026-08-05 17:51:47",505.2,2,nathanielshou
7063,16761751,KrishnaKumar_AIML,"2026-09-02 14:38:24",505.2,2,krishnakumarcsr
7064,16740248,KK_nut,"2026-08-25 03:26:52",505.2,2,k0k0nut
7065,16705183,"Tong Jiakai","2026-08-14 08:23:26",504.9,2,tongjiakai
7066,16687330,"Mehmet Ensar Çetin","2026-09-20 07:45:48",504.8,2,mehmetensaretin
7067,16664502,"Alejandro Morales","2026-08-10 01:05:59",504.8,2,langley96
7068,16728137,mchicen,"2026-08-20 16:48:10",504.8,2,"iyaiji,mchicen"
7069,16663232,"Marco Mangan","2026-09-06 21:20:24",504.7,2,masmangan
7070,16735251,AlviH47,"2026-08-19 14:25:48",504.6,2,alvih47
7071,16623316,"Ondrew Zudin","2026-08-06 23:08:41",504.5,2,ondrewzudin
7072,16765380,jslee_homeofson,"2026-08-25 13:10:22",504.4,2,jsleehomeofson
7073,16660360,"Joey Gonzales","2026-08-05 00:00:47",504.2,2,joeygonzales
7074,16857732,bzczz123,"2026-09-17 09:52:43",504.0,2,bzczz123
7075,16700661,"Aakash Kavuru","2026-08-12 05:13:05",503.9,2,aakashkavuru
7076,16657807,"Ragav Rida","2026-08-07 16:22:34",503.8,2,ragavrida
7077,16779813,zitihc,"2026-08-29 14:18:49",503.6,2,zitihc
7078,16656871,"Pedro Henrique","2026-08-07 03:37:29",503.6,2,pedrohets
7079,16875818,Mateollqw,"2026-09-12 22:08:38",503.4,2,mateollqw
7080,16697730,JCN2365,"2026-08-13 18:06:35",503.3,2,jcn2365
7081,16887642,"Dimitrios Giannoulis","2026-09-14 12:38:24",503.3,2,plagiagia
7082,16661507,Siddharth1984,"2026-08-06 13:39:22",503.2,2,siddharth1984
7083,16872190,"Zephyr Pong","2026-09-11 11:07:15",503.1,2,zephyrpong
7084,16870486,"Sincere Bailey","2026-09-25 01:03:44",503.0,2,sincerebailey
7085,16683918,Thuytien,"2026-08-07 17:20:33",502.9,2,thuytien200529
7086,16674540,"Pratik Priyanshu","2026-08-07 18:28:12",502.8,2,pratikpriyanshu5
7087,16630903,"Hrushikesh Pawar","2026-08-09 14:44:37",502.8,2,hrushikeshpawar
7088,16661397,"T. Scharf","2026-08-05 02:54:36",502.7,2,scharf
7089,16946591,zahid11177700,"2026-09-25 05:38:44",502.6,1,zahid11177700
7090,16926609,SunriseL,"2026-09-20 07:56:01",502.6,2,sunrisel
7091,16925216,krigga,"2026-09-21 09:35:00",502.4,2,krigga
7092,16906032,Volkan,"2026-09-22 08:59:20",502.3,2,volkan97
7093,16638645,ChrisDavis,"2026-08-03 23:29:34",502.3,2,alpacas
7094,16657674,Warriors,"2026-08-29 14:12:29",502.3,2,"karthikreddykarri,kovvurisaimohanreddy,vikramadityaabhiram"
7095,16693738,"Sonu Jha","2026-08-14 20:32:37",502.2,2,sonujha090
7096,16666988,"Sarthak Vedant Mohanty","2026-08-08 00:10:11",502.1,2,sarthakvedantmohanty
7097,16922976,kotemendo,"2026-09-20 00:43:54",502.1,2,kotemendo
7098,16661099,TheSven,"2026-08-06 17:05:25",502.0,2,thesven
7099,16674076,rigsutra,"2026-09-12 16:57:45",501.7,2,rigsutra
7100,16714363,guohaowen,"2026-08-13 14:25:48",501.6,2,guohaowen1910
7101,16707159,"Toua Innocent TIA","2026-08-17 16:28:36",501.6,2,centino
7102,16661858,"Lukas Lee e","2026-08-18 00:58:12",501.5,2,lukasleee
7103,16907592,may2223,"2026-09-21 06:31:05",501.4,2,may2223
7104,16877016,"Jasper Wessing","2026-09-18 14:08:07",501.4,2,jasperwessing
7105,16806084,"DSDgsdgs SDgsdfgs","2026-09-03 05:19:11",501.2,1,dsdgsdgssdgsdfgs
7106,16886832,"Ayush Patel","2026-09-13 16:25:18",501.2,2,ayushpatel02
7107,16662043,"Hengcong Zhu","2026-08-05 14:46:24",501.1,2,hengcongzhu
7108,16701454,"André-Marie BEHANZIN","2026-09-15 11:42:17",501.0,2,andremariebehanzin
7109,16786450,fujii,"2026-09-15 14:01:51",500.8,2,kojisoemi
7110,16885124,"LABHESH YAWALKAR","2026-09-25 16:40:50",500.6,2,labheshyawalkar
7111,16648589,"Yilan Zhu","2026-08-05 11:23:23",500.6,2,yilanzhu
7112,16735702,opflare,"2026-09-04 23:47:49",500.5,2,opflare1144user
7113,16870372,ALİHAKANÜNAL,"2026-09-23 14:59:55",500.5,1,needdata123456
7114,16705480,Mint120,"2026-08-19 05:49:10",500.5,2,mint120
7115,16756987,"Joseph Paggeot","2026-08-24 04:32:57",500.3,2,josephpaggeot
7116,16672333,"Giovanny Rodríguez","2026-09-17 16:32:24",500.3,2,giovannyrodrguez
7117,16885828,U-Bex,"2026-09-21 16:03:53",500.2,2,shuichiurabe
7118,16654970,"Maycon Coutinho","2026-08-27 21:28:32",500.1,2,coutinhomaycon
7119,16862188,KJ007123,"2026-09-10 07:02:20",500.1,2,kj007123
7120,16738640,"Tjay Burger","2026-08-18 17:35:39",499.7,2,tjayburger
7121,16795624,"Shashwat Khare","2026-09-02 01:46:54",499.6,2,shshwtkhr
7122,16655424,Fayche,"2026-08-10 16:50:28",499.5,2,fayche
7123,16725123,"Pham Quang Nghia","2026-08-22 15:00:51",499.4,2,phamquangnghia
7124,16688134,"Marc Dakuginow","2026-08-13 01:40:44",499.3,2,marcdakuginow
7125,16629002,Alpro,"2026-09-08 23:32:24",499.3,2,"dogaakal,egekemalkaraca"
7126,16706985,Valmrnch,"2026-08-24 07:57:56",499.1,2,valmrnch
7127,16685349,Onelux,"2026-08-13 12:58:31",499.0,2,leehomhuang
7128,16666709,JSQL,"2026-09-02 18:52:37",499.0,2,jeffreyschott
7129,16888000,Akhilesh,"2026-09-19 00:03:29",498.9,2,akhilkas
7130,16669699,nikesh23,"2026-08-08 01:52:56",498.9,2,nikesh23
7131,16848498,KeiroS,"2026-09-11 07:59:01",498.9,2,keiros
7132,16722252,pwdh2026,"2026-08-14 22:16:22",498.7,2,pwdh2026
7133,16680562,devsloppy,"2026-08-10 20:02:19",498.6,2,twu1738
7134,16687538,aefinityaiinc,"2026-08-27 20:59:35",498.5,2,aefinityaiinc
7135,16826447,"Absara viswanathan","2026-09-07 06:16:20",498.4,2,viswanathanabsara
7136,16628487,"Koichi HIRAOKA","2026-08-01 08:42:40",498.3,2,koichihiraoka
7137,16668606,"Hasith Kulathilaka","2026-08-31 19:09:39",498.2,2,hasithkulathilaka
7138,16728014,Alpha223,"2026-09-05 15:51:24",498.1,2,alpha223
7139,16661402,"Abin Biju","2026-08-11 18:00:35",498.0,2,abinbiju1
7140,16724395,"Hampton Yeh","2026-08-22 04:07:32",498.0,2,hamptonyeh
7141,16664652,QuasarHeart,"2026-09-04 14:00:05",497.8,2,quasarheart
7142,16662751,ZeD,"2026-08-06 10:11:24",497.8,2,hussamcheema
7143,16682707,"AJAY KUMAR","2026-08-07 19:13:08",497.6,2,worldsslayer
7144,16664913,"ABHISHEK KUMAR","2026-08-17 04:20:56",497.5,2,abhishek6545
7145,16768178,Scarttish,"2026-08-26 22:44:26",497.4,2,scarttish
7146,16851553,Sentinel,"2026-09-24 04:01:47",497.3,2,atlasar
7147,16798775,Lissabon,"2026-09-07 03:36:41",497.2,2,lissabon
7148,16674308,"Ayush Roy","2026-08-06 20:28:57",497.1,2,ayushroy39
7149,16755101,"Thomas van der Meer","2026-08-26 11:19:19",497.1,2,tvdermeer
7150,16641622,datajanko,"2026-08-22 07:40:54",497.0,2,jankoch
7151,16899234,vimes1984,"2026-09-17 01:19:19",497.0,2,vimes1984
7152,16659025,"Mohammed Naseef","2026-08-05 09:01:20",497.0,2,mohammednaseef
7153,16698292,"Dallas Manning","2026-08-17 14:29:53",496.9,2,dallasmanning
7154,16798512,"Yuichiro Kinoshita","2026-09-27 03:48:08",496.4,2,yuichirokinoshita
7155,16843316,"Felipe Chiarini","2026-09-12 12:03:15",496.2,2,felipechiarini
7156,16663093,"Akul Sareen","2026-08-21 23:49:50",496.2,2,akulsareen
7157,16845696,Huskkky,"2026-09-07 03:47:13",496.1,2,huskkky
7158,16662741,"Abhiraj Govind","2026-08-04 18:01:16",496.1,1,abhirajgovind
7159,16659896,TedT,"2026-08-11 19:36:14",496.1,2,fdsaur
7160,16672657,"Lochan Naik","2026-08-07 08:41:44",496.1,2,lochannaik
7161,16666637,"Uttam Limbani","2026-08-07 13:41:14",496.0,2,uttamlimbani
7162,16796164,harsh,"2026-09-22 16:02:23",495.9,2,harshdeshwar
7163,16668678,"Madhur Sabherwal","2026-08-14 02:47:14",495.9,2,madhur321
7164,16711812,"zhan renyi","2026-08-31 05:24:39",495.5,2,zhanrenyi
7165,16664706,olivbhxf,"2026-08-06 07:10:34",495.4,2,olivbhxf
7166,16733948,novodude,"2026-09-06 18:41:26",495.0,2,novomont
7167,16662060,"Richard Valino","2026-08-06 16:03:36",494.9,2,richardvalino
7168,16692644,"Achille Gohin","2026-08-10 00:26:26",494.9,2,achillegohin
7169,16941927,想想偶像怎么做,"2026-09-24 08:47:33",494.7,2,fjt12138
7170,16720760,ysteh05,"2026-08-15 05:14:53",494.7,2,ysteh05
7171,16705149,"Allen Chun","2026-08-15 04:59:05",494.6,2,allenchun
7172,16726445,"James Patounas","2026-08-19 08:37:06",494.6,2,jamespatounas
7173,16829729,NoobMaster69,"2026-09-06 09:12:58",494.4,2,thelegend007
7174,16694171,"guanran wang","2026-08-11 05:57:12",494.3,2,guanranwang
7175,16823067,Francisco,"2026-09-10 18:00:57",494.3,2,cheneblanc
7176,16763351,shutong114,"2026-09-20 18:38:08",494.2,2,shutong114
7177,16675477,"Joanne Yun","2026-08-07 13:40:53",494.2,2,joannejyun
7178,16726854,"Tâm La Thành","2026-08-27 08:55:02",494.1,2,tmlathnh
7179,16686109,"Triple Tensor","2026-08-17 08:24:26",494.0,2,"adinathjagtap777,pds178,prajwalzolage05"
7180,16780592,sergey,"2026-08-27 19:09:25",493.3,2,sadsdfsdf
7181,16685800,"Sumit Ridhal","2026-09-05 11:44:15",493.2,2,sumitridhal
7182,16723737,HaruhiroKazami,"2026-08-21 16:12:04",493.2,2,haruhirokazami
7183,16802663,ipefix,"2026-09-01 17:34:35",493.0,2,nmsis91
7184,16661934,"Viacheslav Kasatkin","2026-08-10 10:48:25",492.9,2,viacheslavkasatkin
7185,16914539,Kou111111,"2026-09-18 10:32:09",492.7,2,kou111111
7186,16670218,"What is Coding?","2026-08-07 01:47:17",492.5,2,matthewshvarts
7187,16868761,TboneBrown,"2026-09-11 17:14:42",492.4,2,tbonebrown
7188,16722561,Asia214,"2026-08-30 02:26:16",492.2,2,asia214
7189,16693522,shadycoderalltime,"2026-09-21 00:01:59",492.2,2,shadycoderalltime
7190,16770440,"Tegar Putrayas Dentatama","2026-09-27 06:20:06",492.2,2,tegarputrayasd
7191,16691007,"Nhật Khoa Phạm","2026-08-14 16:15:43",492.2,2,pnk123456
7192,16639244,"Romone Dunlop","2026-08-11 10:19:49",492.1,2,romonedunlop
7193,16654174,"Dharmeswar Basumatary","2026-09-09 11:09:15",492.0,2,dharmeswarbasumatary
7194,16698103,JJ,"2026-09-02 09:46:15",492.0,2,jianjinchen
7195,16631480,"Kumar Abhijeet","2026-07-31 13:29:40",491.7,1,krabhijeet
7196,16947207,"Ayush Khandwe","2026-09-24 07:37:55",491.5,2,ayushkhandwe
7197,16668461,SobanAli,"2026-08-19 15:49:03",491.5,2,soban256
7198,16789996,"Chen Jiaqi","2026-09-02 15:48:25",491.4,2,elaemchen
7199,16778579,"Jiajia Zhang","2026-08-29 18:19:12",491.3,2,jiajiazhang01
7200,16752191,"Wenxuan Ye","2026-09-04 07:10:28",491.0,2,akomwins
7201,16655630,askBillyWhatMamaDid,"2026-08-28 02:06:18",491.0,2,askbillywhatmamadid
7202,16890155,GSD,"2026-09-26 14:24:03",490.8,2,gsdeepakkumar
7203,16778947,mart3104,"2026-09-05 15:31:43",490.7,2,mart3104
7204,16718295,doinggyu,"2026-08-18 12:56:58",490.6,2,doinggyu
7205,16654485,"Mahbub Alam","2026-08-04 02:08:23",490.6,2,mahbubalam214
7206,16655899,"Dominic Tedrow","2026-08-17 20:37:28",490.5,2,dominictedrow
7207,16693797,"Riyaz Ur Rehman","2026-08-17 02:21:15",490.4,2,riyazurrehman
7208,16623302,"Raffi Ardhi Naufal","2026-07-31 18:31:57",490.4,1,raffiardhi
7209,16775131,"Re Son","2026-08-27 14:29:31",490.3,2,lemelson
7210,16774134,kokdonbaq,"2026-08-30 14:07:52",490.2,2,darkhan14
7211,16687942,"Arya Arun","2026-08-16 08:52:26",490.1,2,aryaarun07
7212,16799023,"Alkava Ind","2026-09-21 14:40:10",490.1,2,alkavaind
7213,16718338,"Oladimeji Adeyemi","2026-08-17 15:33:50",490.1,2,adeyemioladimeji
7214,16632100,"Mohit Shirke","2026-08-07 17:55:11",490.0,2,orcivion
7215,16678083,"Abdeljalil Idalahaj","2026-09-05 04:28:08",489.8,2,abdeljalilidalahaj
7216,16749038,Seuz,"2026-09-23 08:08:39",489.8,2,kohdawei
7217,16726913,"T T‗Worker","2026-08-22 11:08:14",489.6,2,ttworker
7218,16773195,"Pham Nguyen Thanh Huy","2026-08-27 05:25:55",489.5,2,huyphmnguyenthanh
7219,16940953,"Bob Liu","2026-09-26 10:39:56",489.4,2,bobliu02041302
7220,16658391,"Jack #2","2026-09-23 17:30:45",489.4,2,jack1233
7221,16658344,SOONHANKWON,"2026-08-28 02:00:59",489.2,2,soonabletv
7222,16641009,"Marius Kirschner","2026-08-03 08:41:47",489.2,2,mariuskirschner
7223,16668509,HarryZ,"2026-09-13 04:29:04",489.2,2,mzhumzhu
7224,16775190,bianfu,"2026-09-27 06:06:30",489.1,2,bianfu
7225,16668612,"raffael prem","2026-08-06 08:02:13",489.1,2,raffaelprem
7226,16858250,"ayush kumar","2026-09-14 10:35:32",489.0,2,ayushkumar1610
7227,16692480,"Khalis Murfid","2026-08-24 07:03:02",488.8,2,khalismurfid
7228,16684024,"Work From Home 3.0","2026-08-14 12:33:30",488.8,2,"direct1,gongyiqian,jovansee,maxtankialok,n00bcak"
7229,16891695,yuruihito,"2026-09-16 14:04:22",488.6,2,yuruihito
7230,16925815,"[Deleted] c3923c6e-1011-4da1-9c40-584a2fcbcc36","2026-09-20 01:04:14",488.6,1,del=0e85502e1e45d7da
7231,16890884,"Michael Swartz","2026-09-14 17:50:04",488.5,2,michaelbruwerswartz
7232,16771340,pang,"2026-09-05 16:41:51",488.4,2,pangwenfeng
7233,16691466,"Jeeta Nandi ","2026-09-04 09:23:34",488.2,2,jeetanandi
7234,16668324,"Alden Jenish S","2026-08-06 14:02:09",488.1,2,aldenjenishs
7235,16660081,fakyyy,"2026-08-09 11:19:15",488.1,2,manideepreddyakula
7236,16668562,"Anthony LOISEAU","2026-08-06 16:07:52",488.1,2,anthonyloiseau
7237,16687604,Harrislrobinson,"2026-08-11 00:25:10",488.0,2,harrislrobinson
7238,16709522,"Sanjay Dilip","2026-09-23 23:11:27",487.9,2,sanjaydilip
7239,16745065,MrEvidentYew,"2026-08-24 18:36:02",487.8,2,mrevidentyew
7240,16697568,"Sergey Fedorov","2026-08-20 21:25:34",487.7,1,bd01ar
7241,16631919,"Ghinwa Allaoui","2026-08-04 16:27:17",487.6,1,ghinwaallaoui
7242,16896566,Bleriot11,"2026-09-15 15:08:27",487.5,2,bleriot11
7243,16661443,"STEPHEN ASANTE OPOKU","2026-08-04 16:45:41",487.5,1,stephenasanteopoku
7244,16717601,"Mariem Fersi","2026-08-24 23:22:14",487.4,2,"mariemfersi,yassinebrahem2"
7245,16665511,phoenix_merk,"2026-08-05 09:46:25",487.3,2,phoenixmerk
7246,16725757,AchyutKishore123,"2026-09-25 10:58:03",487.3,2,achyutkishore123
7247,16772455,dextrecity,"2026-08-30 11:37:56",487.3,2,"dextrecity,leo0pa"
7248,16653118,"Elmira Yekani","2026-08-18 17:05:20",487.3,2,elmirayekani
7249,16675060,"Xinger Gao","2026-08-31 08:52:07",487.1,2,xingergao
7250,16742059,dafei2025,"2026-09-03 09:19:34",487.1,2,dafei2025
7251,16725483,PQ_Marz,"2026-08-15 16:25:50",487.1,2,pqmarz
7252,16719257,"Alexander Morozov","2026-08-14 23:53:53",487.0,2,scanhex
7253,16809898,wodDAOdun,"2026-09-14 07:14:35",486.9,2,kylaucode
7254,16729152,Antoine,"2026-08-17 10:12:04",486.9,2,a11t01n3
7255,16659681,"Aditya Seth","2026-09-04 13:12:36",486.7,2,adityaseth777
7256,16635481,Jamaisvu,"2026-08-20 15:39:29",486.7,2,jamaisvu
7257,16656797,"رحيم محمد","2026-08-04 20:05:45",486.6,2,darkmaxedwe
7258,16663777,"Mortis Beans","2026-08-24 05:27:44",486.4,2,mortisbeans
7259,16656470,Glimmeron,"2026-08-12 02:01:48",486.3,2,rishabhraushan
7260,16659183,"Leonard Yaw Mensah","2026-08-05 02:22:25",486.3,2,leonardyawmensah
7261,16755781,NaveenManwani,"2026-08-28 05:37:31",486.2,2,naveenmanwani
7262,16733644,Gavilán,"2026-08-23 19:41:22",486.1,2,gaviln
7263,16688383,plong2101,"2026-08-18 06:21:34",485.9,2,plong2101
7264,16664252,"Huy Hoang","2026-08-15 03:59:40",485.9,2,themeend
7265,16931219,AzureYu,"2026-09-21 10:44:17",485.9,2,azureyu
7266,16640399,Hubbahub,"2026-08-04 20:40:39",485.8,2,hubbahub
7267,16665257,"Ken Li","2026-08-09 12:59:32",485.7,2,kenliwt
7268,16705661,"Toshiki Touda","2026-08-13 06:51:05",485.7,2,toshikitouda
7269,16756561,"Eren Tekin","2026-09-14 23:41:50",485.7,2,erennntkn
7270,16791550,Team21,"2026-09-08 12:53:38",485.6,2,"fchen121,muktharam"
7271,16701250,T00bii,"2026-08-11 16:11:06",485.4,1,t00bii
7272,16661950,moonmelonpizza,"2026-08-09 12:25:23",485.1,2,moonmelonpizza
7273,16683837,"Blessed Ngorima","2026-08-18 09:40:53",485.0,2,blessedngorima
7274,16857013,Dote,"2026-09-25 01:48:04",485.0,2,"shriramgunasekar,valid22"
7275,16777132,"Soham Dave","2026-08-27 14:51:01",484.9,2,sohamdave19
7276,16685722,"Jiahan Cao","2026-08-12 09:01:22",484.9,2,jiahancao
7277,16883234,Cpleasance,"2026-09-14 00:24:24",484.8,2,cpleasance
7278,16662715,"Great Okwuma","2026-08-17 00:10:46",484.8,2,greatokwuma2
7279,16736951,giacomovin,"2026-08-25 20:14:52",484.8,2,giacomovin
7280,16645870,"Barathan Aslan","2026-08-03 08:21:55",484.8,2,barathanaslan
7281,16737362,"moushun chen","2026-08-20 06:45:46",484.7,2,moushunchen
7282,16920464,reddishregent,"2026-09-18 11:40:22",484.4,1,reddishregent
7283,16675468,"atakan akgün","2026-08-13 15:32:32",484.4,2,atakanakg
7284,16657929,Robert-zwr,"2026-08-05 11:15:48",484.3,1,robertzwr
7285,16701761,BalaVignesh,"2026-08-11 17:04:37",484.3,2,balavignesh
7286,16659558,Ayuroshbo,"2026-09-23 09:28:54",484.2,2,ayuroshbo
7287,16627009,c0sm1c,"2026-08-01 11:06:14",484.1,1,tanghao111
7288,16683309,"Zealous Sebastian","2026-08-09 12:45:32",484.0,2,zealoussebastian
7289,16657601,Simon,"2026-08-05 15:59:44",483.9,2,benten10
7290,16666652,"Mohamed Fanni","2026-08-17 00:51:38",483.9,2,"arachid,mohamedfanni,soukaynamokhtari"
7291,16658627,"Osman Can ÇETLENBİK","2026-08-05 15:25:30",483.8,2,osmancancet
7292,16694146,"JIlong Zhou","2026-08-26 15:04:38",483.7,2,acemaker
7293,16705415,"Mauro Najera","2026-08-11 05:30:13",483.7,2,mauronajera
7294,16843921,Ruijiehe1213,"2026-09-13 03:40:30",483.5,2,ruijiehe1213
7295,16729081,"Venkata Y","2026-08-19 00:45:13",483.5,2,venkatayerrapothu
7296,16660462,"Vishwanath N Iyer","2026-08-07 07:22:17",483.3,2,vishwanathniyer
7297,16709880,"Javier Pérez Robles","2026-08-15 02:21:07",483.1,2,javierprezrobles
7298,16796273,"Kiplangat Vincent","2026-09-22 13:52:17",483.1,2,balvins
7299,16661596,t@got@go,"2026-08-10 06:24:24",483.0,2,kamdaanahessod
7300,16692263,"ADITYA CHAVAN","2026-08-09 17:44:15",482.9,2,adityasnr7
7301,16878695,"Yang Lv","2026-09-25 05:41:36",482.9,2,lvyang199888
7302,16665424,taaaaanq,"2026-08-17 14:23:35",482.9,1,"chuayaplong,flashtigro,huayu05,taaaaanq"
7303,16675900,"Pranav Advani","2026-09-26 11:23:53",482.8,2,pranavadvani
7304,16660089,ChristosGrigoras,"2026-08-07 22:41:49",482.6,2,cgrigoras
7305,16825996,"Alex Li","2026-09-04 08:02:19",482.6,2,alexli1998
7306,16943979,"Joshua Willie","2026-09-26 16:12:25",482.4,2,joshuawillie
7307,16634790,"Steven Lui","2026-08-03 12:22:08",482.4,2,stevenlui
7308,16814952,"Ngọc Huyền","2026-09-15 03:55:18",482.3,2,ngchuynss
7309,16662643,Mohit_Singh,"2026-09-26 06:30:36",482.1,2,mohitsingh955
7310,16679958,Bum_Fy_Mz,"2026-08-13 20:31:44",482.0,2,bumfymz
7311,16672105,"Natural Stupidity","2026-08-10 19:39:53",482.0,2,"parthb21,sujaygolla"
7312,16688296,"Michael Pollind","2026-08-28 13:30:32",481.9,2,mpollind
7313,16656689,"Vansh Gupta","2026-08-11 08:56:56",481.9,2,vanshrl9ine
7314,16852342,"Minh Đăng Lê","2026-09-08 17:30:17",481.7,2,minhngle
7315,16673034,"Milos Vlainic","2026-09-26 09:00:25",481.6,2,wlakinsson
7316,16818158,Noza,"2026-09-16 04:36:09",481.6,2,harukanozato
7317,16724842,"Mikaela Gkolemi","2026-08-21 19:04:38",481.6,2,mikaelagkolemi
7318,16875479,"Debasish Gorai","2026-09-26 17:22:55",481.4,2,debasishgorai
7319,16805196,"Sebastian Griesbach","2026-09-22 11:47:22",481.3,2,sebastiangriesbach
7320,16685028,"serene ng","2026-08-13 14:53:37",481.1,2,sereneng
7321,16725847,"Shel Horta","2026-08-18 04:29:55",481.1,2,shelhorta
7322,16679096,WilliamXylean,"2026-09-26 00:33:23",481.1,2,williamxylean
7323,16768939,"Pratham Sonawane","2026-08-30 17:37:23",481.0,2,prathamsonawane1
7324,16694314,"Ali Abbas Baig","2026-08-28 19:55:16",480.9,2,aliabbasbaig
7325,16674943,feyZERO,"2026-08-16 10:48:50",480.9,2,faezamora
7326,16627463,dnish,"2026-08-05 07:37:16",480.8,2,dnishio
7327,16637649,cameronezrajones579,"2026-08-15 15:49:12",480.6,2,cameronezrajones579
7328,16662722,"Ajeet Jain","2026-08-07 06:32:10",480.6,2,jainajeet29
7329,16725938,"Ben Cheng","2026-09-05 16:03:36",480.5,2,benczb
7330,16656410,Sam,"2026-08-14 01:58:04",480.4,2,beartrader
7331,16678154,"Hashim Far","2026-08-08 04:20:32",480.4,2,hashimfar
7332,16656745,"BHARATH KOWSHIK ULLANGULA","2026-09-25 10:30:21",480.3,2,"bharathkowshik25,honeyharshith,kesanibhargavaram"
7333,16783713,Gale,"2026-09-05 02:29:43",480.2,2,na1vel
7334,16709487,Kohei,"2026-08-19 20:54:42",480.1,2,kshintani
7335,16683934,"Teja Madala","2026-08-10 14:46:07",480.0,2,tejamadala
7336,16695400,"Karam Khasawneh","2026-08-10 20:29:16",479.9,2,karamkhasawneh
7337,16645302,LuCcc,"2026-08-03 09:45:35",479.9,2,luuuuccccc
7338,16673214,Boiga7,"2026-08-06 14:03:53",479.8,2,lewiselliot
7339,16846143,germanyum,"2026-09-13 14:32:05",479.7,2,germanyum
7340,16895121,Timmmmmmmy,"2026-09-17 05:51:31",479.7,2,"molic1,timmmmmmmy"
7341,16947257,"Hassan Bazzoun-dev","2026-09-26 23:53:13",479.6,2,hassanbazzoundev
7342,16880843,"Triều Đinh Hải","2026-09-12 19:41:11",479.6,2,triuinhhi
7343,16715126,준환,"2026-09-10 11:28:25",479.6,2,paulguilbert
7344,16636973,"Ali Ali G","2026-08-03 18:36:40",479.5,2,alialig
7345,16725955,"Aditya Pandey","2026-08-17 00:10:10",479.2,2,adipandey777
7346,16779152,"taijiu int","2026-09-04 22:22:20",479.2,2,taijiuint
7347,16645841,Lucien,"2026-09-24 07:55:19",479.1,2,lucienhu6775765
7348,16659261,PromptEngineer48,"2026-08-04 16:44:46",479.0,2,promptengineer48
7349,16819549,APEX101,"2026-09-06 06:16:51",478.9,2,"akshitasrivastava1,irongm"
7350,16926532,"Akash Shah","2026-09-26 20:20:50",478.8,2,akashshah3
7351,16658115,SantaClaws,"2026-08-10 14:50:31",478.8,2,vovikdrg
7352,16798074,"Akkapop Prasompon","2026-09-09 12:17:36",478.6,2,akkapopprasompon
7353,16672798,yaphanqiii,"2026-08-27 07:55:23",478.6,2,yaphanqiii
7354,16680799,zixma13,"2026-08-25 13:12:44",478.6,2,zixma13
7355,16630163,"SEREENA JERRY","2026-08-06 08:59:17",478.6,2,serenajerry
7356,16799797,"Zimin Zhong","2026-09-23 15:17:43",478.5,2,"dracfy,lyylyy2,zhongzinmin"
7357,16797002,ZhixinLuo,"2026-09-01 14:16:09",478.3,2,zhixinluo
7358,16774958,"Charles Wuytack","2026-08-27 14:58:07",478.1,2,charleswuytack
7359,16689908,Hyun777,"2026-08-14 01:11:17",478.0,2,hyun777
7360,16668589,"Gleb Naumkin","2026-08-05 22:46:26",477.9,1,glebnaumkin
7361,16761979,"Chaitany Patel","2026-09-17 14:59:29",477.8,2,chaitanypatel
7362,16731636,関西人,"2026-08-24 06:23:14",477.7,2,m1333666888
7363,16715769,Ethereallll1,"2026-08-14 15:21:12",477.7,2,ethereallll1
7364,16661930,zzangsunghyeon,"2026-08-08 16:22:21",477.6,2,zzangsunghyeon
7365,16886765,LZWang,"2026-09-13 22:00:47",477.6,2,wlzwlz
7366,16658476,"goksel yesiller","2026-08-04 11:07:53",477.6,2,gokselyesiller
7367,16769170,"Hardik Savaliya211","2026-08-25 11:07:10",477.5,2,hardiksavaliya211
7368,16630335,"Solve Langseth","2026-08-05 06:48:57",477.4,2,solvelangseth
7369,16762427,Raj_craj,"2026-08-30 20:27:00",477.4,2,rajcraj
7370,16871538,freesoso,"2026-09-15 13:11:39",477.4,2,freesoso
7371,16888050,"Ayoub Fliless","2026-09-14 17:56:12",477.3,2,ayoubfliless
7372,16645936,"Abhy Rejikumar","2026-08-22 19:26:23",477.2,1,abhyrejikumar
7373,16764751,"Abhishek Parmar","2026-08-26 04:06:39",477.1,2,abhisheknparmar
7374,16649421,Eltormtace,"2026-08-14 04:35:15",476.9,2,eltormtace
7375,16715942,_@HimShukla23,"2026-09-19 18:14:05",476.9,2,himshukla23
7376,16633577,Boxy,"2026-08-15 18:55:40",476.8,2,boxyml
7377,16686972,"Ankit Maurya","2026-08-23 07:05:44",476.7,2,"ankitmaurya16,rudraprasadsah"
7378,16880689,yasmine0809,"2026-09-12 16:19:37",476.5,2,yasmine0809
7379,16626105,sasaki,"2026-08-24 02:34:55",476.5,2,rsasaki
7380,16682984,"Rishikesh Bharat Koli","2026-08-08 04:18:06",476.4,2,rishikeshbharatkoli
7381,16920641,"Tailee Kim_7","2026-09-19 11:52:02",476.3,2,emilykim01
7382,16656317,"Manu Rahi","2026-08-06 16:43:55",476.2,2,manurathi
7383,16895340,Prakhareshwar,"2026-09-22 15:22:36",476.1,2,prakharpathak12
7384,16699707,"Afana Khalit putra","2026-08-11 08:57:25",475.9,2,afanakhalitputra
7385,16664608,sid,"2026-08-07 18:18:04",475.9,2,sidshastri04
7386,16639814,"Nikhil Krishna A","2026-09-07 07:37:56",475.9,2,techmasternikhil
7387,16687293,"Aurelie Jodelle Kemme","2026-08-20 00:25:43",475.8,2,"audreydemafo,aureliejodellekemme"
7388,16778703,kamaras,"2026-08-30 11:58:07",475.7,2,kamaras
7389,16668108,"Suresh Chandra Mangena","2026-08-11 09:32:31",475.7,2,sureshchandramangena
7390,16678613,iBooNDK,"2026-08-09 19:03:37",475.6,2,iboondk
7391,16775214,"Sambhav R","2026-08-27 15:34:44",475.2,2,sambhavr
7392,16771972,"Vansh Ahlawat","2026-09-22 15:35:39",474.9,2,vansh5126
7393,16713179,"Enise Zengin","2026-09-15 02:53:02",474.9,2,enisezengin
7394,16831819,"Roy Lampe","2026-09-24 11:46:45",474.5,2,roylampe
7395,16707986,Pones_kaggle,"2026-09-01 22:08:32",474.4,2,pyd966
7396,16876700,"Omar Mukhtar","2026-09-18 10:05:32",474.2,2,omarmukhtar3
7397,16810019,M&S,"2026-09-02 17:19:11",474.1,2,"martinhma,yishusheng"
7398,16744610,"Safiullah Baig","2026-08-20 13:16:58",474.1,1,safm1rza
7399,16665080,"RAVI KUMAR696996","2026-08-05 06:14:29",473.9,2,ravikumar696996
7400,16691628,"Gavin Walsh (N1DGE11)","2026-08-08 16:07:24",473.8,2,gavinwalshn1dge11
7401,16693795,kurt,"2026-08-30 15:22:47",473.8,2,syarht
7402,16638883,LeiYang,"2026-08-03 15:04:07",473.8,2,leiyangcq
7403,16632368,"Yuelin Bai","2026-08-03 08:15:12",473.6,2,paralym
7404,16867680,Asuka,"2026-09-11 05:45:46",473.6,2,asuka0langley0soryu
7405,16663618,Anthaus,"2026-08-09 17:06:35",473.6,2,anthaus
7406,16676613,LCZ1996,"2026-08-29 02:02:59",473.4,2,lcz1996
7407,16665364,"Shien Zhang","2026-08-06 06:50:46",473.1,1,shienzhang
7408,16657681,"Prince Raj","2026-08-11 22:49:02",473.1,2,princerajmdb
7409,16623198,"Chris D'Mello (ineligible)","2026-07-31 17:32:46",473.1,1,cdmello
7410,16884418,xuechengzou,"2026-09-13 12:22:43",473.1,2,xuechengzouinkaggle
7411,16831839,404_Brains_Not_Found,"2026-09-20 12:36:19",473.0,2,"manavtejani,rohangadhiya1911,sakshamdubeynew,trushankvaghasiya"
7412,16658702,sherlockwatson007,"2026-08-29 08:48:53",473.0,2,sherlockwatson007
7413,16689372,"Kiran Yerpude","2026-08-12 05:39:43",472.9,2,kiranyerpude
7414,16914972,cdwswb,"2026-09-19 02:25:22",472.9,2,cdwswb
7415,16655069,"Jason Harrison","2026-08-05 20:56:59",472.6,2,jasonharrisonco
7416,16768079,Sohee087,"2026-08-24 20:21:01",472.4,1,sohee087
7417,16729914,Christina,"2026-09-14 11:16:46",472.4,2,geekycb
7418,16762168,Lewbei,"2026-09-10 04:58:43",472.4,2,lewbei
7419,16659505,"Duleeka Mevan","2026-08-06 09:32:46",472.3,2,duleekamevan
7420,16649077,"Yifan Yang 135","2026-08-11 06:22:40",472.3,2,yifanyang135
7421,16933345,"Sourin Rakshit","2026-09-21 09:32:28",472.2,2,sourinrakshit01
7422,16640516,"Alfandi Hassan","2026-08-08 03:41:33",471.9,2,alfandihassan
7423,16726155,miyawakiayaka,"2026-08-15 18:50:10",471.8,2,kanatakon
7424,16700080,Kaushik,"2026-08-10 11:11:18",471.8,2,kgarumugam
7425,16809022,CheeseFunction,"2026-09-05 06:58:36",471.8,2,cheesefunction
7426,16665436,Aeternum,"2026-08-15 18:31:32",471.6,2,"donbinoy2004,surajkumarks"
7427,16692168,"Kinshuk Aggarwal","2026-08-09 04:23:32",471.6,1,kinshukaggarwal
7428,16662995,"carlos mario de oro aguado","2026-08-06 21:08:28",471.6,2,cdeoroaguado
7429,16729510,ARM,"2026-09-08 13:01:17",471.3,2,"midhun4126,mrohithjohn"
7430,16887058,"Michael Eberhard","2026-09-15 20:29:09",471.2,2,michaebe
7431,16794309,"Sanyam Jain","2026-09-25 22:15:39",471.1,2,sjain03
7432,16644577,"Arthur Merritt","2026-08-04 07:11:11",471.0,2,jarthuph
7433,16726211,RepeatAfterMe,"2026-08-17 08:21:41",470.9,2,bekirsciftler
7434,16655881,"Zhuoran Zhao","2026-08-07 16:50:04",470.7,2,yearcakes
7435,16660060,AnkitGoyal,"2026-08-05 15:33:29",470.5,2,goyalankit
7436,16728933,dOvOb,"2026-09-08 14:51:10",470.5,2,waytosleep
7437,16843511,"JiaHui Ni ","2026-09-13 14:59:35",470.1,2,jiahuini
7438,16811454,"Zakaria Taouil","2026-09-07 16:11:13",469.8,2,ztaouil
7439,16773194,NgNhan3110,"2026-08-27 09:36:17",469.7,2,ngnhan3110
7440,16743494,"ROHAN Exploit","2026-09-08 11:13:08",469.6,2,rohanexploit
7441,16702281,"Dhruv Patel #2","2026-08-10 21:25:08",469.6,2,dhruvpatel1972
7442,16886012,smartkdy7,"2026-09-13 11:37:51",469.5,1,smartkdy7
7443,16681924,WEcoS,"2026-08-10 04:32:03",469.5,2,aungkhainghtun
7444,16663267,"Sravya Isukapatla","2026-08-11 10:14:54",469.4,2,sravyaisukapatla
7445,16774035,"Shengfeng Wang","2026-08-26 07:28:46",469.4,1,shengfengwang
7446,16668137,"Thomas De Sousa","2026-08-06 06:34:48",469.3,2,thomasdesousa
7447,16774849,RiyadhLakadimu123,"2026-08-31 19:51:17",469.2,2,riyadhlakadimu123
7448,16660413,Ritesh-2006,"2026-09-24 05:25:22",469.1,2,ritesh2006
7449,16656573,"Ashiq Firoz","2026-08-17 18:20:11",469.1,2,ashiqfiroz
7450,16688873,cancel,"2026-08-18 06:50:33",469.0,1,rugaru
7451,16758526,"sudo give_me_the_prize","2026-08-24 16:34:02",468.9,2,ibrahimab2
7452,16752081,"Ahmad Dehaini","2026-08-30 06:04:54",468.8,2,ahmaddehaini
7453,16851860,"Senih Bayankulu","2026-09-08 03:13:24",468.7,2,senihbayankulu
7454,16744572,DivyanshAgg,"2026-08-31 19:30:49",468.7,2,divyanshagg
7455,16940818,Laiba,"2026-09-24 11:45:36",468.6,1,laibasm01
7456,16679872,"Kirby Won","2026-09-22 22:10:05",468.2,2,kirbywon
7457,16745574,"Yadunandan Raman","2026-08-22 12:20:06",468.1,2,yadunandanraman
7458,16719857,"Howey do it","2026-08-14 23:06:06",468.1,2,ronincoppins
7459,16699207,"Bipin Rimal","2026-08-10 07:45:21",467.8,2,bipinrimal314
7460,16665865,"Agrippa Beaulieu","2026-08-08 19:09:28",467.5,2,agrippabeaulieu
7461,16706143,Adityaupadhyay0805,"2026-08-20 04:28:06",467.5,1,adityaupadhyay0805
7462,16672473,goldfish,"2026-08-13 03:34:21",467.5,2,dolgfish
7463,16722793,Murphyzz,"2026-09-19 23:32:31",467.4,2,theophileperez
7464,16662938,CarlitrosParra,"2026-08-05 21:34:52",467.3,2,carlitrosparra
7465,16693003,ShirrleyChen,"2026-08-15 12:54:58",467.3,2,shirrleychen
7466,16696061,Mingyuan2002,"2026-09-22 04:17:12",467.0,2,mingyuan2002
7467,16668698,Addie,"2026-08-08 05:21:08",466.9,1,addie999
7468,16915448,asdfghjklbelinda,"2026-09-26 11:59:24",466.8,2,"asdfghjklbelinda,yyyemin,zhouqingwen"
7469,16721814,"DOAMBA Jean Edouard Odilon","2026-08-24 14:48:43",466.7,2,doamba
7470,16738145,綿鍋だよん,"2026-09-25 08:28:07",466.6,2,potrue
7471,16724470,"Mahdi Rafati","2026-08-24 15:32:51",466.4,2,mahdirafati
7472,16658149,X,"2026-09-21 13:42:54",466.3,2,lohithhb
7473,16760191,"Kushal Shiva1","2026-08-26 20:19:36",466.3,1,kushalshiva1
7474,16632105,"shreyas sangalad","2026-08-02 12:01:08",466.2,2,spoortisangalad
7475,16655415,"Ivan Jarp","2026-08-29 17:07:03",466.2,2,ivanjarp
7476,16701046,"Thanakorn Kaewwiang","2026-08-14 17:13:39",466.2,2,deweytng
7477,16733785,"Stuart Gilbert","2026-08-30 01:52:41",466.1,2,stuartgilbert
7478,16628268,toxic_2499,"2026-09-14 13:39:02",466.0,2,toxic2499
7479,16870864,"Overfitting Is All You Need","2026-09-18 09:25:23",466.0,2,ryylll
7480,16722109,Navneet,"2026-08-14 14:02:35",465.9,2,zxcdfg
7481,16717018,"Urvashi Bansal","2026-08-17 09:12:29",465.7,2,urvashibansal123
7482,16728318,T3jas06,"2026-08-22 19:45:13",465.5,2,t3jas06
7483,16773020,HyperNeonByte,"2026-09-23 00:23:03",465.4,2,hyperneonbyte
7484,16663327,Gnr8tr,"2026-08-13 14:16:44",465.3,2,wilburjpereira
7485,16664251,zzy123123,"2026-08-08 09:22:51",465.3,2,zzy123123
7486,16739711,SBC,"2026-08-20 10:16:10",465.2,2,"anusasaha2406,harshkumar3014,rahulmaity"
7487,16889822,CornReform,"2026-09-21 01:01:52",465.2,2,cornreform
7488,16875460,"Safa Nasrin","2026-09-24 07:30:11",465.1,2,safanasri
7489,16893233,"Garrick Lai","2026-09-15 08:44:07",465.0,2,garricklai
7490,16667078,dprinzensteiner,"2026-08-05 14:06:26",465.0,2,dprinzensteiner
7491,16675000,"Carl Bell","2026-09-16 20:55:33",465.0,2,allegedcarlbell
7492,16926614,"Mike Codispoti","2026-09-19 18:17:10",464.9,1,mikecodispoti
7493,16938142,"Pavel Krotkov","2026-09-23 20:23:34",464.9,2,pashkal
7494,16665949,Rbda,"2026-08-06 14:18:03",464.9,2,brazvan
7495,16651872,Evgen21,"2026-08-05 14:03:50",463.9,2,evgen21
7496,16862542,"Mitchelle's Team","2026-09-23 20:10:55",463.8,2,mitchellluciana
7497,16792069,"Yen Hung1021","2026-09-03 16:09:33",463.4,2,yenhung1021
7498,16681637,nasu01,"2026-08-07 10:14:10",463.3,2,nasu01
7499,16627324,"Attack on Kaggle","2026-08-06 13:27:22",463.2,2,user19394494
7500,16641948,JustForFun,"2026-08-18 08:00:36",463.2,2,thangphung215
7501,16760480,yat0i811,"2026-09-13 14:13:59",463.2,2,yat0i811
7502,16783677,"Đặng Anh Thịnh","2026-08-28 08:31:12",463.2,1,nganhthnh
7503,16664211,"Ben Wilson","2026-08-06 23:57:29",463.1,2,crispyryse
7504,16755677,"Rutwik Kumar M","2026-08-26 16:31:00",463.0,2,rutwikkumarm
7505,16667517,"Recep Barkın Topcu","2026-08-31 05:30:02",463.0,2,recepbarkntopcu
7506,16681655,"Tae seong Gim","2026-08-14 14:14:10",462.8,2,taeseonggim
7507,16804924,"Kevin L.","2026-09-09 07:04:46",462.8,2,zorgis
7508,16883859,"Carlos Daniel Polanco","2026-09-19 18:45:16",462.7,2,carlospolanco00
7509,16935530,"[RU] Evgeniy Kamyshan (sharing)","2026-09-26 05:24:25",462.6,2,svo1488zov
7510,16909602,jack1e32,"2026-09-18 02:32:58",462.5,2,jack1e32
7511,16889078,"Md Waquar Ahmad","2026-09-16 02:52:56",462.4,2,mohdwaquarahmad
7512,16885999,"Vansh #2","2026-09-20 14:22:18",462.2,1,vanshnavi
7513,16662690,"Pablo Gomez Perez","2026-09-04 16:45:32",462.1,2,pablogp
7514,16778127,Nimmokumar,"2026-09-20 18:45:50",462.0,2,nimmokumar
7515,16665374,UmangDobhal03,"2026-08-06 03:46:29",461.5,2,umangdobhal03
7516,16916625,"Dhoni Theja007","2026-09-25 19:34:04",461.3,2,dhonitheja007
7517,16719742,"Varun Dave","2026-08-31 22:56:07",461.3,2,"pranavtrivedi02,varundave95"
7518,16712380,Rdjarbeng,"2026-09-26 22:02:34",461.2,2,rdjarbeng
7519,16661154,"gronky goobers","2026-08-15 14:39:05",461.2,2,"viktoriusontop,yoshisurjuise"
7520,16662790,"Derek Earnhart","2026-08-04 18:04:01",461.1,1,derekearnhart
7521,16773043,"Petani Baik","2026-09-03 00:56:35",461.0,2,durrahandri
7522,16720049,"aditya emmadishetty","2026-08-14 13:20:54",461.0,2,adityaemmadishetty
7523,16674605,Versilogic,"2026-08-16 07:54:48",460.8,2,versilogic
7524,16631547,"Chong Xuan Ng","2026-08-08 15:38:52",460.4,2,chongxuanng
7525,16847740,FarmAre,"2026-09-07 17:31:01",460.2,2,abishekak
7526,16916293,Hun731r,"2026-09-17 20:49:12",459.9,2,hun731rkooki
7527,16661105,"Vignesh Murugan","2026-08-04 19:57:46",459.8,2,vigneshv1cky
7528,16667042,"Adarsh Mukundan","2026-09-20 14:16:32",459.8,2,aadarshmukundan
7529,16681778,kzeus@003,"2026-08-12 05:12:15",459.7,2,kzeus003
7530,16718828,"Tejas Nisar","2026-08-23 17:04:45",459.7,2,tejasnisar
7531,16765194,henry,"2026-08-24 13:39:29",459.4,2,zchenry
7532,16656431,"Venetta Smithen","2026-08-20 02:19:45",459.3,2,venettasmithen
7533,16840130,tkm_ktn,"2026-09-05 15:48:40",459.3,2,takumikotani
7534,16623006,"Aaradhy Singhvi","2026-09-08 12:48:10",459.3,2,aaradhysinghvi
7535,16688662,"Faz Forward","2026-08-08 09:03:10",459.3,2,fazforward
7536,16749271,"Shoki Suzuki","2026-09-26 15:00:23",459.2,2,shokisuzuki
7537,16784417,"Dallas Odem","2026-08-29 13:14:30",459.2,2,dallasodem
7538,16757204,hhcjj,"2026-08-22 06:42:32",459.2,2,hhcjjkk
7539,16786281,"Saumya Prasad","2026-09-24 19:16:29",459.1,2,saumyaprasad2004
7540,16663368,"Laurence Dale","2026-08-12 18:00:07",459.0,2,laurencedale
7541,16847224,Kfarmer,"2026-09-19 12:51:27",459.0,2,"cwy0904,jasonchao89,jaspersooks,makomek,peiyingtok"
7542,16707951,K_ChanHo,"2026-09-17 11:40:29",459.0,2,kchanho
7543,16654885,"Jason Kong","2026-08-04 06:52:19",458.7,2,jasonkongie
7544,16892006,"Leul Hailemichael","2026-09-16 21:00:15",458.5,2,leulhailemichael
7545,16636333,xiaoyang66,"2026-08-17 13:35:28",458.3,2,kennethhao8
7546,16668154,JuanEspana,"2026-08-09 11:38:32",458.3,2,juanespana
7547,16706277,"ratat Zheng","2026-08-12 10:25:38",458.2,2,ratatzheng
7548,16623824,zhangende02,"2026-08-01 01:15:21",458.2,2,zhangende02
7549,16646286,"C Aravindhan","2026-08-04 05:03:22",458.1,2,caravindhan
7550,16747670,"Luis Molina","2026-09-21 14:34:46",457.8,2,micuentadecasa
7551,16661449,"Samarjeet Singh","2026-08-23 04:32:19",457.7,2,samarjeet010
7552,16794499,smileMAN13912339850,"2026-09-07 10:01:07",457.6,2,smileman13912339850
7553,16732200,"Louis WhoEat","2026-08-24 12:02:40",457.5,2,louiswhoeat
7554,16663594,"NGU BLACK SANTA","2026-08-05 15:23:10",457.5,2,ngublacksanta
7555,16757135,Agrihand,"2026-09-02 15:00:23",457.4,2,mayur756
7556,16751058,"Henrique Loyola ","2026-08-21 05:29:59",457.4,2,henriqueloyola
7557,16654984,"Guseinov Elvin","2026-08-08 21:44:00",457.4,2,guseinovelvin
7558,16780783,pri,"2026-08-28 15:10:15",457.2,2,priscilamaria5363
7559,16695692,Saadii2279,"2026-08-11 16:44:39",457.2,2,saadii2279
7560,16786351,"Pradeep P","2026-09-14 16:39:50",457.1,2,pradeeppuranam
7561,16670651,Echare,"2026-09-15 23:28:38",457.1,1,echare
7562,16767147,"Hacker Trinity","2026-09-09 12:20:12",457.0,2,hackertrinity
7563,16661382,CBenaventte,"2026-09-02 13:35:27",457.0,2,cbenaventte
7564,16852845,quantumgeek,"2026-09-12 06:54:58",456.9,2,yk1598
7565,16701871,"Raj Nandan","2026-08-10 15:13:30",456.9,1,imrajnandan
7566,16621437,AdamBelniak,"2026-08-03 18:15:21",456.9,2,adamos581
7567,16847947,"Phongwit Sri","2026-09-22 04:30:08",456.9,2,phongwitsri
7568,16663822,BhavyaSaini001,"2026-08-29 23:10:34",456.8,2,bhavyasaini001
7569,16666071,"Arda Yıldız","2026-08-20 09:33:54",456.8,2,xreina8
7570,16932257,"Joumier Loick","2026-09-25 05:25:04",456.7,2,loickjoumier
7571,16625808,"Etsushi Yamamoto","2026-08-09 16:50:41",456.7,2,etsushiyamamoto
7572,16741053,"Bui Minh Thanh","2026-09-07 18:50:23",456.6,2,buiminhthanh
7573,16765688,jihunai,"2026-08-26 23:15:54",456.4,2,jihunai
7574,16756900,Kome_Sh,"2026-08-30 13:40:56",456.4,2,komeshun
7575,16670719,SimoImane,"2026-08-05 23:36:09",456.2,2,simoimane
7576,16657383,"Shih Hua Chou","2026-08-18 03:51:08",455.9,2,shihhuachou
7577,16922524,"Aleksandar Belic","2026-09-24 20:48:44",455.9,2,aleksandarbelic
7578,16767585,Hyena,"2026-08-25 22:17:26",455.9,1,hemant0
7579,16655080,"Mohamed Judi","2026-09-07 19:18:31",455.6,2,mhjudi
7580,16794052,"Sarthak Mishra","2026-09-24 18:06:07",455.4,2,"aarushverma04,pg541425,sarthak25b15310182,yadavup50"
7581,16623712,Dapp,"2026-08-03 23:09:19",455.1,2,lgloria
7582,16763898,"Tarık Sarıcı","2026-08-24 09:54:31",454.9,2,ssarici
7583,16653049,"Umut Doruk Öztürk","2026-09-02 09:52:16",454.9,2,umutdorukztrk
7584,16687237,Khalibryler,"2026-08-11 09:17:03",454.9,2,khalibryler
7585,16876859,Broncat,"2026-09-15 02:27:28",454.8,2,broncat
7586,16730870,"Jiang Ryan","2026-09-03 03:37:12",454.8,2,jiangryan
7587,16690698,posty_melek,"2026-08-15 05:06:40",454.7,2,srisaraswati
7588,16676803,"Josue Villao","2026-08-14 05:20:13",454.4,2,josuevillao
7589,16762154,lli,"2026-09-07 19:04:26",454.4,2,colesuoseue
7590,16668068,"Neural Harvest","2026-08-27 19:23:44",454.4,2,meghashyampawar
7591,16737532,lsystudyhard,"2026-08-22 12:16:47",454.4,2,lsystudyhard
7592,16661682,"Rishi Gupta","2026-08-05 07:46:38",454.3,2,rishigupta07
7593,16775236,hohohoZzZ,"2026-09-16 16:14:37",454.1,2,hohohozzz
7594,16756812,"Alex Amirkhanyan","2026-08-24 05:51:16",453.9,2,aleksamirkhanyan
7595,16888067,Van,"2026-09-21 01:29:39",453.8,2,lanxirye
7596,16683316,moonriver0922,"2026-08-11 07:04:11",453.8,2,moonriver0922
7597,16855836,"Srinivasan Raghavan","2026-09-08 18:07:38",453.7,1,srinivasan1812
7598,16840624,Deepakexplores,"2026-09-11 17:51:43",453.7,2,deepakexplores
7599,16655600,"VYSHAKH G NAIR","2026-08-04 21:31:24",453.7,2,vyshakhgnair
7600,16695102,whitelok,"2026-08-11 12:54:41",453.6,2,whitelok
7601,16776824,"Manuel Santiago Atencio","2026-09-23 00:46:42",453.6,2,manuelsatencio
7602,16644410,"Swaroop Kallakuri","2026-08-04 15:40:29",453.6,2,ksjpswaroop
7603,16717679,mureee,"2026-09-26 06:28:10",453.3,2,"hosyan3279,mureee54"
7604,16714488,"HusseinNadem Nadem","2026-08-26 01:53:13",453.2,2,husseinnademnadem
7605,16653809,acbabc123,"2026-08-04 13:53:53",453.2,2,acbabc123
7606,16639577,Haitaks,"2026-08-16 09:42:16",453.1,2,haitaks
7607,16726044,"Lena Traczuk","2026-08-22 12:03:58",453.1,2,lenatraczuk
7608,16636719,"Naman Durve","2026-09-12 16:14:56",453.0,2,namancdurve
7609,16690793,"MOHAMMAD ALRASHED","2026-08-08 18:33:34",452.9,2,mohammadalrashed
7610,16903680,"marwan na","2026-09-19 09:27:52",452.9,2,marwanna
7611,16657664,"Nguyễn Anh Kiệt 28","2026-08-06 04:17:40",452.9,2,nguynanhkit28
7612,16670155,Kiznaiver,"2026-08-23 14:27:19",452.8,2,kiznaiver
7613,16677524,"Phúc Phạm","2026-08-07 20:16:24",452.7,2,phucpham77
7614,16794598,"Andrew Yu","2026-09-02 04:51:57",452.6,1,andnyu
7615,16880953,IAMNAMNAM,"2026-09-23 14:12:56",452.6,2,iamnamnam
7616,16656641,AndrewEly8,"2026-08-05 00:56:32",452.5,2,andrewely8
7617,16724984,anish711,"2026-08-22 17:54:18",452.5,2,anish711
7618,16685570,"Micah Fernando","2026-08-07 19:46:31",452.1,2,micahfernando
7619,16721940,DarkLayer,"2026-08-22 02:07:13",452.1,2,nnpaopao
7620,16625216,"Emre Can","2026-08-01 17:05:51",451.7,2,seicatsu
7621,16658521,"Vishal Dhariwal","2026-08-08 11:43:36",451.5,2,user412
7622,16838981,"Adil Shamim","2026-09-09 13:55:52",451.5,2,adilshamim8
7623,16654974,"ACd Rooy","2026-08-11 06:35:28",451.4,2,acdrooy
7624,16661460,Lucky,"2026-09-03 07:49:58",451.3,2,tmiya0107
7625,16657528,"Symekah Shadrack Basweti","2026-08-05 10:17:09",451.1,2,symekah99
7626,16663258,sawe,"2026-09-16 09:10:13",451.1,2,boiihhh
7627,16915747,xiao,"2026-09-17 17:03:40",450.9,2,xiao789
7628,16668813,zhaowang,"2026-08-06 05:19:52",450.7,2,zhaowangwang
7629,16654347,"aarav maheshwari1","2026-08-26 05:57:03",450.7,2,aaravmaheshwari1
7630,16675916,Lorenzo176ITA,"2026-08-14 11:02:15",450.7,2,"alessiopap,lorenzo176ita"
7631,16759112,songxin,"2026-09-27 03:54:32",450.3,2,likewaterandwind
7632,16665184,woorym,"2026-08-10 03:04:12",450.1,2,woorym
7633,16687959,"Destin Nedjou","2026-08-27 05:45:33",450.1,2,destinnedjou
7634,16757806,Richardwe,"2026-09-08 08:43:12",450.1,1,richardwe
7635,16908418,Ayush_1319,"2026-09-17 11:59:04",449.8,2,ayush1319
7636,16755394,"Ruben Lucas","2026-08-21 21:50:16",449.7,2,rubenlucas
7637,16667722,Radhouen911,"2026-08-06 21:37:37",449.7,2,radhouen911
7638,16879532,kiwamizamurai,"2026-09-14 20:27:53",449.6,2,kiwamizamurai
7639,16670634,"Narayan Sharan","2026-09-12 06:55:27",449.6,2,narayansharan
7640,16792630,Vipluv1,"2026-09-04 20:32:56",449.6,2,vipluv1
7641,16666716,"Fanis Alexakis","2026-08-17 11:59:15",449.6,2,fanisalexakis
7642,16684031,"Phillip Kamundia","2026-08-14 20:35:15",449.5,2,phillipkamundia
7643,16705276,layr0,"2026-08-14 00:53:11",449.4,2,layr0dotdev
7644,16829367,"quant park","2026-09-15 10:29:07",449.4,2,quantpark
7645,16786280,Shambhavi21,"2026-09-24 18:04:34",449.2,2,shambhavi21
7646,16661628,PradipBanerjee,"2026-08-05 21:03:11",449.1,2,pradipbanerjee
7647,16704597,"Wallace Switzer","2026-08-12 01:09:49",449.1,2,wallaceswitzer
7648,16694330,"Jack Way","2026-08-10 11:48:42",449.0,2,jackway05
7649,16660330,wangyikai,"2026-08-09 07:59:45",448.8,2,wangyik
7650,16844010,"Nori Miya","2026-09-06 15:17:38",448.8,2,norimiya
7651,16669117,"Shrikant Lambe","2026-08-10 23:31:50",448.8,2,shrikantlambe
7652,16662111,"Mood Vikram","2026-09-05 23:15:35",448.7,2,"moodvikram,sidhantchauhan"
7653,16893255,"Amal Raj Singh","2026-09-19 08:37:00",448.5,2,amalrajsingh
7654,16738218,kiyo,"2026-09-10 13:01:37",448.5,2,kiyohiro
7655,16757366,"Sean Connolly","2026-09-05 04:10:21",448.5,2,seanconnolly
7656,16719521,xarquin,"2026-08-25 03:16:23",448.4,2,xarquin
7657,16936983,"hanlin zhu","2026-09-22 13:06:50",448.0,2,dhanlinzhud
7658,16897899,templar7245,"2026-09-27 05:15:34",447.9,2,templar7245
7659,16670986,"Anas Erami","2026-08-08 01:38:43",447.8,2,anaserami
7660,16793465,"Farming Sols","2026-09-03 23:40:36",447.7,2,rishitreddypalle
7661,16882021,"lucas honoratodesouza","2026-09-14 05:21:58",447.6,2,lucashonoratodesouza
7662,16698141,Zippo,"2026-08-16 05:44:18",447.5,2,gagemerrick
7663,16682386,"Charbel Nehme","2026-09-24 07:58:33",447.5,2,charbelnehme
7664,16776990,"Yash Kumar #2","2026-09-26 12:43:51",447.4,2,yashkumargunnersshot
7665,16853895,sailohith07,"2026-09-08 10:49:11",447.2,2,sailohith07
7666,16661751,"Shailaja J","2026-08-12 14:51:15",446.9,1,shailajaj
7667,16838619,HeroGod,"2026-09-05 12:25:27",446.8,2,herogod
7668,16630520,dimitris_x94,"2026-08-23 21:10:57",446.7,2,dimitrisx94
7669,16621572,"Abdulazeez AbdulMumeen","2026-08-05 10:59:27",446.7,2,ayobeen
7670,16758970,"Jason Wong","2026-09-16 16:00:15",446.6,2,jsin27
7671,16663707,DotBix,"2026-08-12 21:45:54",446.5,2,dotbix
7672,16664327,"Maged Hegazy","2026-08-06 13:13:28",446.5,2,magedhegazy
7673,16711823,Abi_e,"2026-09-07 09:47:37",446.5,2,abidjacquelineanadi
7674,16930490,freesunp,"2026-09-21 02:48:31",446.0,2,freesunp
7675,16892719,"Sandeep Guttavalli","2026-09-21 11:33:21",445.8,2,sandeepguttavalli
7676,16785568,"Sneha Bhargava4","2026-09-16 17:56:17",445.8,2,snehabhargava4
7677,16656568,"FARIATHTHEEN F","2026-08-04 11:44:49",445.7,2,fariaththeenf
7678,16729086,samanyu,"2026-08-23 10:13:11",445.7,2,samanyu1808
7679,16675686,"PRERIT MAURYA","2026-08-14 06:37:51",445.7,2,preritmaurya
7680,16687602,"jithin manoj","2026-08-12 13:00:23",445.4,2,jithingmanoj
7681,16804902,"aitahmed amina","2026-09-08 16:15:15",445.4,2,aitahmedamina
7682,16867305,Prikat,"2026-09-26 23:21:26",445.4,2,prikat
7683,16785352,"joão Vitor","2026-09-05 20:19:12",445.3,2,jaov30718
7684,16659919,"SILVISTON EMMANUEL","2026-08-06 06:51:55",445.2,2,silvistonemmanuel
7685,16641501,Sonal,"2026-08-08 22:07:46",445.1,2,sonalm13
7686,16663622,sammuq1,"2026-08-10 23:56:19",445.1,2,sammuq1
7687,16664205,"shr Wei","2026-09-03 06:00:47",444.9,2,shrwei
7688,16841679,Chafuuu,"2026-09-09 16:26:02",444.9,2,chafuuu
7689,16621367,Numari,"2026-07-31 16:30:01",444.7,2,numaritaisei
7690,16881765,"aakriti & tanya","2026-09-18 11:53:42",444.6,2,"aakritiinchaos,tanyac1"
7691,16663040,"BARBARA GASKINS","2026-08-12 01:08:47",444.4,2,barbaragaskins
7692,16802580,WarlockCode,"2026-09-03 14:07:58",444.1,2,maktub83
7693,16657312,"baolood herid","2026-08-06 13:13:48",443.9,2,baoloodherid
7694,16861019,CloriTeam,"2026-09-09 15:34:28",443.7,2,lorenzocomis
7695,16661287,"Jacob Hanlon","2026-08-11 13:59:58",443.6,2,jacobhanlon
7696,16674266,HamYad,"2026-08-06 18:19:46",443.3,2,hamyadlab
7697,16925447,"Peter Tinashe Mundowa","2026-09-20 09:37:57",443.3,2,petermundowa
7698,16660899,"Clarence Trinidad","2026-09-16 18:28:20",443.1,2,claree007
7699,16652661,"Petru-Mihai Craciun","2026-08-05 14:55:07",443.1,2,petrumihaicraciun
7700,16853371,JIAWEILI0001,"2026-09-23 15:42:25",443.1,2,jiaweili0001
7701,16692128,gibocx,"2026-08-10 18:10:34",443.0,2,gibocx
7702,16842936,"Sreejit Pradhan","2026-09-12 19:11:37",442.9,2,sreejitpradhan
7703,16799224,"Tian Yan666","2026-09-03 14:48:42",442.7,2,tianyan666
7704,16664558,"Praneeth Annapureddy","2026-08-05 04:52:45",442.7,2,praneethannapureddy
7705,16888455,Erin,"2026-09-14 02:55:17",442.5,2,eringobyte
7706,16631609,dlougen,"2026-08-04 16:40:03",442.4,2,dlougen
7707,16713218,"Julien Baumgartner","2026-08-14 08:36:27",442.2,2,julienbaumgartner
7708,16661360,"Jasper Jiss","2026-08-13 18:45:37",442.2,2,jasperjiss
7709,16657502,Jasmeen,"2026-08-16 08:59:05",441.7,2,jasmeen0207
7710,16640965,jidaoluckey,"2026-08-08 07:10:45",441.7,2,jidaoluckey
7711,16621402,Maxim,"2026-08-13 07:01:03",441.7,2,ektarr
7712,16661786,Nagaraju,"2026-08-10 01:53:04",441.7,2,orugantn
7713,16644053,Rafiozoo,"2026-08-03 19:26:40",441.5,2,rafiozoo
7714,16666878,aaronykchen,"2026-08-17 15:06:13",441.5,2,aaronyukuchen
7715,16661576,"Yash Jumde","2026-08-15 20:09:59",441.4,2,yashjumde
7716,16670090,"Gianpaolo Nettis","2026-08-24 08:42:07",441.3,2,rakes7
7717,16709918,GUI666,"2026-08-26 16:17:40",441.2,2,gui666
7718,16885346,"Michael Handal","2026-09-13 16:23:03",441.2,1,michaelhandal
7719,16661233,"Uriel Johnson","2026-08-05 08:45:24",441.2,2,urieljohnson
7720,16668267,Saran,"2026-08-27 14:18:05",441.1,2,saran2
7721,16654394,sserges,"2026-08-08 20:46:14",440.9,2,sserges
7722,16659520,"Play Code","2026-08-05 14:28:00",440.8,2,codenya
7723,16677047,LINOXYR,"2026-08-15 13:13:58",440.8,2,linoxyr
7724,16654312,Xmeeeee,"2026-08-05 00:11:29",440.8,2,xmeeeee
7725,16659658,"Tim Wong","2026-08-06 02:02:30",440.7,2,wai0186
7726,16686093,"Muhammad Usman Butt","2026-08-07 22:00:04",440.7,2,debugdemon
7727,16761148,Deku,"2026-08-23 13:36:57",440.7,1,piyushsharma5654
7728,16728394,"Aisultan Davletkan","2026-08-16 13:01:38",440.6,1,aisdav
7729,16671602,"Nithin Nambi","2026-08-07 00:09:31",440.3,2,nitthewit
7730,16717051,"Chirag Hosdurga","2026-08-13 13:38:41",440.3,2,chiraghosdurga
7731,16700596,"Markel Iru","2026-08-13 15:52:53",440.2,2,markeliru
7732,16859368,"Emmanuel King Christopher","2026-09-09 23:31:24",440.1,1,emmanuelkingchris
7733,16707331,"Simon Ziegs","2026-08-23 22:54:11",440.0,2,simonziegs
7734,16658520,drownedsnake,"2026-08-05 01:03:22",440.0,2,makerplay
7735,16726441,Enrique.rfm,"2026-09-14 16:40:46",439.9,2,enriquerfm
7736,16764151,Jpadilla987@gmail.com,"2026-08-25 21:00:27",439.8,2,jpadilla987gmailcom
7737,16667601,"Audrius Molis","2026-08-27 19:30:39",439.7,2,vienas
7738,16944547,アライグマ,"2026-09-23 12:54:39",439.5,1,alaiguma
7739,16838929,Charlesm85,"2026-09-06 05:56:26",439.3,2,charlesm85
7740,16708348,"Edilaine Arceno","2026-09-25 16:16:44",439.2,2,edilainearceno
7741,16728414,"Pedro Caycho","2026-08-16 12:40:26",439.1,1,pjcc1123
7742,16718517,"Jessica Yin","2026-08-17 00:10:31",439.1,2,jeqyin
7743,16795330,"Alejandro Villacampa","2026-09-02 17:32:11",438.9,2,avillacampa
7744,16658678,"Manav Aghera","2026-09-06 18:16:28",438.9,2,manavaghera
7745,16786101,Cai0Emanuel,"2026-08-29 01:11:51",438.8,1,cai0emanuel
7746,16728845,"Mohamed Kaleel","2026-08-22 16:12:58",438.4,2,mdkaleel
7747,16809985,"ADOLE Edache","2026-09-25 11:47:46",438.2,2,adoleedache
7748,16713723,"Jyot Buch","2026-08-12 23:09:41",438.1,2,jyotbuch
7749,16735177,shilpa.rpns,"2026-08-22 04:57:10",438.0,2,shilparpns
7750,16877297,"Aaryan Gole","2026-09-15 09:37:08",437.7,2,aaryangole
7751,16676497,"Non-veg plants","2026-08-07 09:54:00",437.7,2,mohammadshadabshaikh
7752,16697448,"Mykola Mazniuk","2026-08-15 17:57:39",437.6,1,mykolamazniuk
7753,16668331,"Maitreya Mohapatra","2026-09-23 22:26:09",437.6,2,maitreyamohapatra
7754,16676482,GitLyf,"2026-08-16 12:47:59",437.5,2,"jaideva30,rohithkrishnaak"
7755,16731790,"A random farmer","2026-08-18 02:19:53",437.4,1,hinatatokuda
7756,16825489,"Monishwar S","2026-09-24 18:56:22",437.4,2,monishwar2718
7757,16659080,VENKY,"2026-08-07 17:22:03",437.4,2,venkateshthatha
7758,16641513,"Sameer Chakravedi","2026-08-15 16:06:11",437.1,2,sameerchakravedi
7759,16709512,Rustamdurdyyev,"2026-08-31 19:59:56",436.7,2,rustamdurdyyev
7760,16862497,DefiAudit,"2026-09-27 01:40:33",436.4,2,defiaudit
7761,16723490,"Panashe Arthur Mhonde","2026-08-22 11:41:19",436.4,2,panashearthurmhonde
7762,16663871,"Iyed Djebbi","2026-08-07 09:25:07",436.2,2,iyeddjebbi
7763,16726765,"Ali Al-Killidar","2026-08-16 09:47:37",436.1,1,alialkillidar
7764,16716636,"Mahamane Lawaly","2026-08-13 10:22:51",436.1,1,mahamanelawaly
7765,16699633,Nafmo,"2026-08-11 17:10:53",435.9,2,nafmo2
7766,16691761,"Evie Barker","2026-08-15 13:40:05",435.9,2,eviebarker
7767,16666132,andres555,"2026-08-28 14:36:21",435.7,2,"andres555,violalin"
7768,16632503,"Wei Hsiang Lin111","2026-08-01 07:42:33",435.7,2,weihsianglin111
7769,16683761,"Chiefmen749 Aris","2026-08-10 07:42:42",435.6,2,saysplayz
7770,16662133,"Ding Lifeng","2026-08-29 08:20:49",435.6,2,dinglifeng
7771,16892976,"Tony He","2026-09-19 17:41:31",435.5,2,tonyyang0504
7772,16656627,"Soykot Podder","2026-08-14 05:39:06",435.5,2,diptopodder
7773,16838460,"Yash Vardhan","2026-09-08 07:39:50",435.3,2,poruskapil1
7774,16654458,"Likith Narakala","2026-09-10 20:27:03",435.2,2,likith17052004
7775,16793145,KarlNUrban,"2026-09-05 12:19:50",435.2,2,karlnurban
7776,16711918,"Pavel Filin","2026-08-13 05:23:28",435.1,2,pavelfilin
7777,16706790,"Stas Chereshkevich","2026-08-19 12:23:33",435.1,2,staschereshkevich
7778,16654401,ChronoForensics,"2026-08-08 17:26:11",435.0,2,ryanwollmuth
7779,16917703,"Tommy Mac Bird","2026-09-18 02:14:59",434.9,1,tommymacbird
7780,16726285,Dhananjay,"2026-08-15 18:48:20",434.9,2,dhananjaylakkawar
7781,16719679,ZhiruiLuo,"2026-08-25 15:52:57",434.9,1,zhirluo
7782,16815817,haiy_qq,"2026-09-04 01:41:26",434.8,2,haiyqq
7783,16705510,"Palak Choudhary","2026-08-11 07:12:44",434.6,2,palak2564
7784,16632855,Shreyash_Automation,"2026-08-21 00:06:49",434.5,2,shreyashautomation
7785,16671033,"Alexandr Shustikov","2026-09-17 22:35:17",434.4,2,alexandrshustikov
7786,16858543,"Fakhar Mustafa","2026-09-10 05:07:39",434.3,2,fakhar90
7787,16696271,"Neeta Sanjay Gajabi","2026-08-09 14:48:42",434.2,2,neeta2574
7788,16785932,"Thomas Yi","2026-09-04 00:33:06",434.2,2,tyyslashd
7789,16932760,"Ian Hsu I guess","2026-09-23 01:09:40",434.1,2,ianhsuiguess
7790,16660484,"Waiswa Geoffrey","2026-08-31 08:29:58",434.1,2,waiswageoffrey
7791,16706843,"yh z","2026-08-11 09:32:56",433.9,1,yhz123456
7792,16668810,ZZZZGOD,"2026-08-07 19:11:09",433.6,2,zzzzgod
7793,16644765,MoeCode,"2026-09-12 16:46:28",433.4,2,syrianeagle
7794,16760377,"Yuxuan Qian","2026-08-29 23:45:28",433.4,2,yuxuanqian
7795,16723614,"James Atteh","2026-09-12 06:28:17",433.2,2,jamesatteh
7796,16773032,fecrescencio22,"2026-09-02 21:07:10",433.1,2,fecrescencio22
7797,16938771,"Daniel Peng","2026-09-22 03:53:05",433.1,2,codewithdaniel1
7798,16671670,"Karla Ziegler","2026-09-24 00:26:42",433.0,2,karlaziegler
7799,16692618,"Ali Zakaee","2026-08-09 10:13:02",432.9,1,itheequalizer
7800,16735206,"Shiyal Kishan","2026-08-20 04:01:28",432.9,2,shiyalkishan01
7801,16662079,"Farrukh Hussain","2026-09-08 11:36:07",432.8,2,farrukhhussai
7802,16634060,"Chí Thành Đỗ","2026-08-02 05:11:58",432.8,2,chithanhdeptrai
7803,16713557,kaggri-kal-chal,"2026-09-16 18:53:51",432.8,2,"nainikaanish,shrivastavaaryan"
7804,16656989,Crunchex,"2026-08-29 10:52:11",432.6,2,"asmo04,chinmaysoni48,codencry"
7805,16690221,"HISOKY DEV","2026-08-10 09:42:03",432.4,2,omarfahid
7806,16624414,"Chaitanya Jamble","2026-07-31 05:42:10",432.4,1,chaitanyajamble
7807,16660697,"Dannis Wong11","2026-09-09 10:07:46",431.9,2,danniswong11
7808,16773264,LA28,"2026-09-03 19:44:02",431.9,2,saisreelasyaappali
7809,16745980,"Arif Amijoyo","2026-08-30 07:54:40",431.9,2,arifamijoyo
7810,16729214,kisamaki0815,"2026-08-28 01:21:57",431.6,2,kisamaki0815
7811,16759239,SunYaoXi,"2026-08-27 09:32:42",431.3,2,sunyaoxi
7812,16623528,"Faijur Rahaman","2026-08-20 09:40:07",431.3,2,faijurrahaman
7813,16743032,"Sabarishvar S S","2026-09-03 17:49:08",431.2,1,sabarishvarss
7814,16885547,L0k1xd,"2026-09-13 10:04:10",431.1,2,l0k1xd
7815,16623271,"William Morley","2026-07-31 10:09:16",431.0,2,williamkmorley
7816,16665647,hr15de,"2026-09-25 08:52:49",431.0,2,hr15de
7817,16633786,tuannm3812,"2026-08-28 08:00:42",430.9,2,tuannm3812
7818,16941095,"P. Sewmuthu Abewickrama Singhe","2026-09-23 12:34:39",430.8,2,psewmuthu
7819,16728821,"Alen Maria Nirmal","2026-08-17 21:51:03",430.6,1,alenmarianirmal
7820,16625149,Rubylicious,"2026-07-31 07:53:00",430.3,2,labibahalya
7821,16683390,Christopher34,"2026-08-08 00:20:59",430.3,2,christopher34
7822,16675631,"Aswini Gowda","2026-08-10 05:37:33",430.1,2,aswinigowda
7823,16661323,mzyktkhs,"2026-08-10 13:21:59",430.1,2,mzyktkhs
7824,16633984,"Mongkhon Hatit","2026-08-04 11:58:56",430.0,2,mongkolhatit
7825,16845679,"Wenhai Tang (raisin)","2026-09-07 03:33:14",430.0,1,wenhaitangraisin
7826,16771725,"Rijusmit Biswas","2026-09-18 10:55:33",429.8,2,rijusmitbiswas
7827,16726882,"Albert Yu","2026-08-17 00:01:53",429.7,2,yukinying
7828,16728945,"Suryansh Kulshreshtha","2026-09-26 05:57:16",429.5,2,"busyfellow,suryanshkulshreshtha"
7829,16657201,ShayML,"2026-08-08 09:02:05",429.2,2,shayml
7830,16880350,喜欢逢坂大河,"2026-09-16 08:36:54",429.1,2,yhsno69
7831,16651042,Mira_332,"2026-08-27 04:58:29",429.0,2,ichiiohno
7832,16755159,"Kay Gijzen","2026-08-23 11:51:31",428.9,2,kaygijzen
7833,16716002,"Preethi Gnanaprakasam","2026-08-14 09:10:46",428.9,2,preethignanaprakasam
7834,16692782,"Andres Regino","2026-08-23 20:26:03",428.8,2,andresregino
7835,16766803,"Kanishk Sharma","2026-09-01 23:52:42",428.5,2,kan1shq198
7836,16676256,"Kotaro Nakamura","2026-08-11 22:18:41",428.1,2,kotaroma
7837,16734601,sweetlesson,"2026-08-18 00:40:55",427.9,2,sweetlesson
7838,16791617,"Neil Li","2026-08-30 00:10:32",427.9,1,neilliroub
7839,16796102,yiliang,"2026-08-31 12:55:20",427.9,2,yilianglv
7840,16729996,"Michael Roust","2026-08-18 16:09:56",427.4,2,michaelroust
7841,16891504,"Taha N Kaya","2026-09-14 14:03:21",426.9,1,tahankaya
7842,16654175,abhiv142,"2026-08-11 13:22:03",426.8,2,abhiv142
7843,16820596,Karina,"2026-09-16 11:36:45",426.7,1,karinajoey
7844,16658051,SethuMadhavan004,"2026-08-09 09:38:27",426.6,2,sethumadhavan004
7845,16666447,"Shuaib ayad Jasim Jasim","2026-08-06 20:51:47",426.4,2,shuaibayadjasimjasim
7846,16663976,"wangyang denis","2026-08-12 06:26:08",426.2,2,wangyangdenis
7847,16637342,SupremeWarrior108,"2026-09-20 19:21:39",426.0,2,supremewarrior108
7848,16809943,"A Rook","2026-09-03 19:06:08",425.9,2,rookcastle
7849,16661014,manu,"2026-08-16 04:45:12",425.7,2,manupandit
7850,16701367,CryptoQuant1992,"2026-08-11 13:04:12",425.7,2,cryptoquant1992
7851,16792685,李明,"2026-09-22 08:03:47",425.6,2,liming2026good
7852,16695095,"Jayanth Chowdary","2026-08-22 17:50:39",425.5,2,jayanthchowdary24
7853,16725065,"Maxim Smirnov","2026-08-15 13:21:05",425.3,2,smirnoffmg
7854,16734096,"Cem Ali Görmez","2026-09-06 10:48:37",425.2,2,cemaligrmez
7855,16719460,"Amon #2","2026-08-15 12:40:41",425.0,2,ezjameng
7856,16702200,"ANGAD JANGIR","2026-08-11 02:01:38",425.0,2,angadjangir
7857,16792392,pansya,"2026-09-20 10:00:15",424.9,2,pansya
7858,16699436,"Oluwaseun O Adeya","2026-08-23 01:22:24",424.9,2,oluwaseunoadeya
7859,16912864,zhzhang,"2026-09-19 12:54:48",424.7,2,lililizh11
7860,16659414,TTGP_TEAM,"2026-08-06 15:33:09",424.6,2,phttrntrnggia
7861,16663804,"Fredy Meyer","2026-08-05 20:19:51",424.5,2,alexmeyerm
7862,16786264,"THISHA S","2026-09-06 06:53:09",424.5,2,thishas
7863,16664044,IntentionalSayshara,"2026-09-05 14:45:02",424.5,2,jaelle
7864,16732513,Taogege,"2026-09-22 09:17:12",424.4,2,"liyiyiyi6,taogege520"
7865,16623631,SeaEag1e,"2026-07-31 06:26:17",424.3,1,seaeag1e
7866,16706184,"Lingaraju Saikumar","2026-08-16 11:51:34",424.2,2,lingarajusaikumar
7867,16668093,Sai_Dattu,"2026-08-07 07:35:01",424.1,2,saidattu2003
7868,16696993,healer2408,"2026-08-15 07:10:57",424.1,2,healer2408
7869,16666066,Khush3e,"2026-09-16 23:20:51",424.1,2,khush3e
7870,16872182,yxxchh,"2026-09-11 13:18:38",424.0,1,yxxchh
7871,16665470,KanakoS,"2026-08-18 13:13:58",424.0,2,kanakos
7872,16693255,"Carlos Hideo Yamaguchi","2026-08-10 00:59:12",423.8,2,carloshy
7873,16671665,"Kobata Sota","2026-08-06 07:17:03",423.8,1,kobatasota
7874,16742009,"Mutyam kavyanjali","2026-08-19 10:25:06",423.3,1,mutyamkavyanjali
7875,16765863,MADUPU.SRINIDHI,"2026-09-05 10:31:08",423.3,2,madupusrinidhi
7876,16660455,"Alex Kapend","2026-08-05 08:42:26",423.2,2,alexkapend
7877,16634911,onlytimeknows,"2026-08-22 12:31:11",423.2,2,onlytimeknows
7878,16664129,"Mr M 8641","2026-08-06 18:57:45",423.0,2,mrm8641
7879,16925537,pballurkar,"2026-09-19 13:08:26",423.0,1,pballurkar
7880,16689017,"Mounica Challa","2026-09-17 19:39:39",422.9,2,mounicachalla
7881,16775069,JWlKIM,"2026-08-26 23:22:43",422.8,2,jwlkim
7882,16785010,"Victor Wangles","2026-08-28 16:01:17",422.8,1,victorwangles
7883,16897148,"Ikrame Ibn Hayoun","2026-09-15 14:26:06",422.7,2,ikrameibnhayoun
7884,16638967,"Jenny Luo","2026-08-01 23:55:07",422.7,2,"jennyluo96,kyeoh92"
7885,16664352,"Shreyash Asati","2026-08-06 10:40:56",422.6,1,shreyashasati
7886,16890098,"Binief Ta","2026-09-14 14:08:36",422.4,2,biniefta
7887,16854332,kotaross,"2026-09-09 15:18:06",422.3,2,kotaross
7888,16663104,Sohan,"2026-08-23 14:42:40",422.1,2,sohansinghrawat
7889,16670464,halfpintcider,"2026-09-16 08:50:31",422.1,2,"amoghdeshpande2021,visspric7"
7890,16675340,"SHAURYA SHARMA","2026-09-03 00:57:48",422.0,2,shauryas555
7891,16778886,"Sandeep Das","2026-08-31 09:48:37",421.9,2,sandypos
7892,16668095,Menna_Allah_Samy12,"2026-08-15 15:04:56",421.9,2,mennaallahsamy12
7893,16918087,Kenyo8,"2026-09-21 07:47:02",421.8,2,kenyo8
7894,16640814,"Kritika Adhikari","2026-08-07 09:25:26",421.8,2,kritikaadhikari
7895,16748500,stimmie,"2026-08-30 16:11:56",421.8,2,stimmie
7896,16651939,"Yogesh Jadhav","2026-09-17 06:54:06",421.8,2,dynamo14324
7897,16911283,"Apratim Bajpai","2026-09-18 17:19:51",421.4,2,apratimbajpai
7898,16890511,"Alex Solonsky","2026-09-14 08:57:30",421.2,1,alexsolonsky
7899,16790603,xinbao,"2026-09-22 05:21:16",421.1,2,zww123456
7900,16668241,"Shreyansh Kanotra","2026-08-08 19:56:15",421.0,2,shreyanshkanotra
7901,16807636,"Liu Panfeng","2026-09-05 00:30:20",421.0,2,liupanfeng
7902,16660990,"Bunny Tang","2026-09-10 14:33:23",420.8,2,tanghung64
7903,16805621,"DIVYANSH KUMAR SINGH CHAUHAN","2026-09-02 04:04:53",420.8,2,capdiv
7904,16892644,ElKnilcho,"2026-09-14 19:01:37",420.8,2,elknilcho
7905,16630896,OpenBuilder,"2026-08-08 12:09:06",420.8,2,weijunguo
7906,16656579,"Riad Rayhan","2026-08-15 06:40:35",420.6,2,riadrayhan
7907,16621518,jaccobian,"2026-08-29 08:11:50",420.4,2,harshraj22
7908,16627313,"Zafer Liu","2026-08-03 05:13:39",420.4,2,zaferliu
7909,16848309,"Angela Wu","2026-09-09 03:56:03",420.4,1,angelawurx
7910,16662095,"Buzz shocker","2026-09-13 20:28:48",420.2,2,buzzshocker
7911,16655783,KonaKonaz,"2026-08-04 09:36:57",420.1,2,konakonaz
7912,16669703,AnubhavBhadani142,"2026-08-15 06:32:19",420.1,2,anubhavbhadani142
7913,16686796,"Harinath Reddy A","2026-08-23 21:23:45",420.0,2,harynath
7914,16716299,Biwaaa67,"2026-08-13 19:57:06",419.9,1,biwaaa67
7915,16722819,Anna,"2026-08-21 15:01:26",419.7,2,annatmp
7916,16804803,"01000110 01010101 01000011 01001011 00100000 01011001 01001111 01010101 00100001","2026-09-14 16:38:59",419.6,1,f01010101
7917,16656608,"Jeffrey Dilley","2026-08-04 15:40:08",419.5,1,jeffreydilley
7918,16706054,"ErrorX Info","2026-08-20 11:30:03",419.5,2,"errorxinfo,shyampatel47"
7919,16751796,"Leo Pallorina","2026-08-23 14:06:17",419.4,2,lelelsp
7920,16677166,Spectrobot,"2026-08-08 11:11:46",419.3,2,spectrobot
7921,16729522,all-coder,"2026-08-16 17:55:08",419.0,2,allcoder
7922,16723072,Arthurt1,"2026-09-23 22:09:27",419.0,1,arthurt1
7923,16717912,"Anu Kumari","2026-08-13 18:03:07",418.9,1,anuk16020
7924,16675215,"Viljen Apalset Vassbø","2026-08-06 22:24:44",418.7,2,viljenapalsetvassb
7925,16625434,"Chirapathleo Saelim","2026-09-08 08:40:06",418.4,2,chirapathleosaelim
7926,16629201,"GUILLERMO REY PANIAGUA","2026-08-01 16:41:58",418.2,2,guillermoreypaniagua
7927,16666873,"linli duan","2026-08-12 15:06:42",418.2,2,linliduan
7928,16717420,"Muhammad Yasir Sarwar","2026-08-13 14:40:09",418.2,2,muhammadyasirsarwar
7929,16659269,"Bedirhan Dinçer","2026-08-10 20:26:46",418.2,2,bedirhandiner
7930,16664004,"Me, Myself, and I","2026-08-11 03:57:46",418.1,2,notlunarxd
7931,16926880,KarthikeyaAnna,"2026-09-20 13:40:19",417.9,2,karthikeyaanna
7932,16697396,"Collective Win","2026-08-18 05:10:12",417.9,2,collectivewin
7933,16856112,"Thomas White","2026-09-08 19:39:13",417.7,1,leopardguy
7934,16664512,oggyiu,"2026-09-01 07:46:10",417.3,1,oggyiu
7935,16633097,"Matheus Bonjour Laviola da Silva","2026-08-02 11:08:21",417.3,2,matheusbonjour
7936,16778939,"Stepan Antonov","2026-08-27 07:59:30",417.3,1,stepanantonov
7937,16623135,mohduwaishchaudhary,"2026-07-30 22:05:45",417.2,2,muwaish5
7938,16809998,chzCharbs,"2026-09-15 08:14:49",417.2,2,chzcharbel
7939,16644023,"Yiğit Efe Albaş","2026-08-02 18:34:39",417.1,1,yiitefealba
7940,16768262,"Brayan Miranda G","2026-08-26 19:40:15",417.1,2,brayanmirandag
7941,16931956,Aari101,"2026-09-20 19:23:51",417.0,2,aari101
7942,16700627,"Benedict Ebito Boyubie","2026-08-10 11:03:38",416.7,1,bboyubie
7943,16669170,AsadUsmanFAST,"2026-08-05 22:37:33",416.6,2,asadusmanfast
7944,16698570,MurphyIIVan,"2026-08-10 03:35:41",416.5,2,murphyiivan
7945,16662167,"Tara Singh Kharwad","2026-08-05 17:13:10",416.5,2,tarasi7261
7946,16845067,"Vineet Gupta","2026-09-14 09:08:20",416.2,1,"graceydugar,vineetgupta2023"
7947,16665040,"Arnav Yashlaha","2026-08-05 05:44:26",415.9,2,arnavyashlaha
7948,16624935,"Anjana mohan","2026-08-01 06:06:39",415.6,2,anjanamohan13
7949,16802866,"Antonio Di Cecco","2026-09-01 18:37:02",415.5,1,antdic
7950,16692373,"Ornevis Montero","2026-08-20 01:59:43",415.4,2,ornevisbolaosmontero
7951,16925224,Raosaheb,"2026-09-20 08:17:04",415.4,2,raosahebmore
7952,16661194,"Sandeep Vanapalli","2026-08-04 15:37:06",415.1,2,mrleaf
7953,16907577,"Дмитрий Витальевич","2026-09-17 07:59:28",415.0,2,mtkrqt
7954,16653429,mktdev,"2026-08-10 12:19:54",414.9,2,mktdev
7955,16802750,"[Deleted] fafa60dd-8026-43cc-b656-34ca4625ef7d","2026-09-01 12:22:13",414.9,1,del=e2a734cecd171934
7956,16707437,"Ivan Plekhanov","2026-08-11 12:03:11",414.9,1,nnob0dy
7957,16660318,"Aiman Al-Shalfi","2026-09-14 12:39:08",414.7,2,aimanalshalfi
7958,16668522,"Moatez Litaiem","2026-08-06 16:57:54",414.6,2,moatezlitaiem04
7959,16768578,"Patrick Lzz","2026-08-25 02:56:30",414.6,2,patricklzz
7960,16750435,"Oleksandr Zalievskyi","2026-08-23 18:34:59",414.5,2,sashaworker
7961,16728839,Mharfe,"2026-09-06 23:26:08",414.5,2,mharfe
7962,16735012,"Shuvam Swapnil Dash","2026-08-28 19:56:48",414.3,2,"shashwatmandal,shuvamswapnildash"
7963,16735934,"Uday Kiran003","2026-08-18 06:23:18",414.1,1,udaykiran003
7964,16684776,"D Rithika","2026-08-10 18:36:30",414.1,2,drithika
7965,16926757,MengXun326,"2026-09-20 21:55:59",414.1,2,mengxun326
7966,16721942,"Daniel Rodriguez Bothe","2026-08-18 16:57:00",414.0,2,danielrodriguezbothe
7967,16623503,"D Mohith","2026-08-01 01:06:22",414.0,2,dmohith
7968,16784400,K_DHEERAJ_11,"2026-08-31 02:58:38",413.8,2,kdheeraj11
7969,16682906,Masiki,"2026-09-05 13:55:54",413.8,2,blackseed
7970,16668185,"Swayam Chavan","2026-08-09 01:12:23",413.8,2,swamboy
7971,16655820,"Cory Tortorici","2026-08-08 15:20:42",413.6,2,corytortorici
7972,16660923,naganikshith,"2026-08-06 08:01:09",413.5,2,naganikshith
7973,16709299,"Divyanshu Choudhary","2026-09-04 13:13:32",413.4,2,divyanshuchoudhary25
7974,16896794,Cidoai,"2026-09-18 08:45:45",413.4,2,cidoai
7975,16694497,Kawai,"2026-09-25 17:21:01",413.3,2,"lavendermoon19,sumitwod"
7976,16676327,shu10038,"2026-09-14 12:07:16",413.3,2,shu10038
7977,16811013,"Sara Vahidestakhri","2026-09-03 00:32:07",413.2,1,saravahidestakhri
7978,16712259,geqiulin,"2026-08-13 04:46:11",413.0,2,geqiulin
7979,16919106,Jocelyn--JY03,"2026-09-23 05:45:05",412.9,2,jocelynjy03
7980,16714240,"The Shovel","2026-08-26 03:21:18",412.8,2,"astapasta0,qotqat"
7981,16761319,Yuvraj,"2026-08-23 07:29:44",412.7,1,yuvrajkr01
7982,16751979,"Sasha Sam","2026-08-27 20:02:46",412.6,2,sashasam
7983,16662896,"Adrian Dubois","2026-09-21 03:33:43",412.2,2,adriandubois
7984,16883044,"Muhammad Olamide","2026-09-16 10:59:44",412.2,2,muhammadolamide
7985,16653998,www1727,"2026-09-15 16:45:05",412.2,2,www1727
7986,16698029,"Meet Vachhani","2026-08-10 18:34:55",412.2,2,meetvachhani7
7987,16660420,tipofyzik,"2026-09-05 14:34:30",412.2,2,tipofyzik
7988,16725957,"Ayman Tarig Mohammedosman Elgadi","2026-08-24 02:57:16",412.2,2,aymantarig17
7989,16675801,"Neeraj Jha","2026-09-27 05:51:49",412.1,2,neerajjha1996
7990,16662985,DanTheDataScienceMan,"2026-08-05 17:40:06",412.1,1,danthedatascienceman
7991,16857747,ru-shao,"2026-09-24 15:30:00",412.1,2,"shaoxw,souwaka"
7992,16630020,"Piotr Gabrys","2026-08-09 16:53:59",412.1,2,piotrekga
7993,16712488,"Vansh Bhura","2026-08-12 14:23:18",412.1,2,vanshbhura
7994,16638704,"Lee Yen Fei","2026-09-01 03:31:45",412.0,2,leeyenfei
7995,16758987,"Irtaza Ahmed Khan","2026-09-08 06:38:25",411.8,2,yrrebeere
7996,16670475,Adib,"2026-08-06 02:02:27",411.7,2,adibemohamed
7997,16678819,"Digant Kathiriya","2026-08-07 02:07:51",411.6,2,digantkathiriya
7998,16827781,c1626343198,"2026-09-04 14:50:37",411.3,2,c1626343198
7999,16665152,"Ahmed Karim","2026-08-17 11:32:15",411.2,2,versusic
8000,16701847,"Xi Li","2026-09-25 11:56:14",411.0,2,bruhuh
8001,16662646,"Jay Parsana","2026-08-09 18:07:10",410.8,2,jay051
8002,16723411,CaZen,"2026-08-15 10:48:16",410.6,2,cathzwah
8003,16662089,"Alonso Gallego Pacho","2026-08-27 13:27:36",410.6,2,alonsogallegopacho
8004,16715456,"wilson LUNG","2026-08-17 23:54:10",410.5,2,wilsonlung
8005,16745485,"Thamires dos Santos ","2026-09-25 01:42:25",410.4,2,thasantos
8006,16934824,Ken,"2026-09-21 09:28:50",410.4,2,kensuke77
8007,16729155,WangZihao5649,"2026-08-24 02:32:08",410.4,2,wangzihao5649
8008,16623582,yunsuxiaozi,"2026-08-01 13:59:57",410.3,2,yunsuxiaozi
8009,16638953,"Joe Young","2026-08-03 19:23:13",410.3,2,jsphyg
8010,16695828,rihiRule,"2026-08-11 13:40:24",410.0,2,rihirule
8011,16732395,"Nikita Antonov","2026-08-23 08:33:03",410.0,2,nantonov
8012,16660073,"Mahad Kakooza","2026-09-06 20:30:18",409.8,2,mahadkakooza
8013,16663055,jainish_d24ce180,"2026-08-10 13:54:40",409.7,2,jainishshah35
8014,16669168,"Kingsley Jide","2026-08-31 21:30:18",409.6,2,kingsleyjide
8015,16657520,"Joel De la Cruz Fuertes","2026-08-12 16:33:48",409.5,2,joeldcf
8016,16705640,"Dongre Laxman","2026-08-12 12:36:29",409.4,2,dongrelaxman
8017,16919693,Maham1199,"2026-09-25 13:08:46",409.1,2,maham1199
8018,16927170,"çağrı okan","2026-09-19 23:33:54",409.1,2,cagrokan
8019,16660343,"Mert Olgun899","2026-08-05 13:05:07",409.0,2,mertolgun899
8020,16662726,"Juan Carlos González Aguilar","2026-08-14 19:54:48",408.9,2,juancg
8021,16763523,"Nam Khánh Lê","2026-09-02 06:28:44",408.9,2,"khanhss,khimbodoi"
8022,16818498,"AARYAN VISHAL","2026-09-07 11:53:23",408.8,2,aaryanvishal
8023,16746562,"The Learning loop","2026-09-24 10:32:16",408.8,2,"jananikasenthilkumar,ssjaswanth"
8024,16716657,"Jasti Phani","2026-08-19 08:38:00",408.8,1,jastiphani
8025,16804231,illegalplumbing,"2026-09-16 02:55:22",408.6,2,illegalplumbing
8026,16908873,KelOliHar,"2026-09-18 20:02:58",408.4,2,kelolihar
8027,16663259,erush,"2026-09-08 03:16:44",408.3,2,erushia
8028,16941853,"Prem Raga1809","2026-09-23 18:27:49",407.9,2,premraga1809
8029,16659018,"Ramziddin Toxirov","2026-08-11 04:58:03",407.9,2,ramziddintoxirov
8030,16723779,Matheubern,"2026-09-07 02:24:32",407.7,2,matheubern
8031,16715404,"karthik reddy","2026-09-04 01:34:50",407.7,2,karthikreddyp
8032,16796474,"Chaitanya Mundhe ","2026-09-13 12:27:10",407.7,2,chaitanyamundhe
8033,16655997,tanatet8,"2026-09-05 11:00:05",407.6,2,tanatet8
8034,16660531,greySnow,"2026-09-10 23:39:09",407.5,2,shlomoron
8035,16808233,"Yash Hingane","2026-09-04 12:53:43",407.5,2,yashhingane
8036,16657545,"Deepak Singh","2026-08-11 13:50:31",407.5,2,vihaannegi
8037,16671913,res67,"2026-08-07 16:22:30",407.4,2,junyeanyap
8038,16657574,harikrishnacs,"2026-08-04 12:28:53",407.3,2,harikrishnacs
8039,16696959,"Joe Filfli","2026-08-11 10:47:03",407.2,2,joefilfli
8040,16768174,lambdap,"2026-09-06 13:25:29",407.2,2,lambdap
8041,16700294,"SWAPNEEL BANERJEE","2026-09-24 15:53:50",406.9,2,swapneelbanerjee
8042,16808646,"Yimeng Wang","2026-09-08 06:33:38",406.8,2,yimengwang0814
8043,16757351,SaiVenkatesh,"2026-09-05 10:30:00",406.7,2,nothingnew
8044,16669229,"Kayvan Sinha","2026-08-11 15:23:35",406.6,2,kayvansinha
8045,16757336,Stevejustin,"2026-08-31 04:18:31",406.5,2,stevejustin
8046,16691704,"Rahman Aliyev","2026-09-10 17:59:57",406.4,2,rahman4li
8047,16725349,"Saj Patel","2026-08-15 21:55:42",406.4,2,sajpatel15
8048,16793657,Xin_T,"2026-08-30 16:48:11",406.3,1,xint666
8049,16840668,"Aratrika Ruhal","2026-09-13 23:35:13",406.0,2,aratrikaruhal
8050,16661717,"Yaswanth Ippili","2026-08-06 11:32:13",406.0,2,yaswanthippili
8051,16689256,"Pavan Pusapati","2026-09-17 11:26:52",406.0,1,pavanpusapati
8052,16840626,"Christopher Márquez","2026-09-12 22:23:02",406.0,2,christophermrqz1174
8053,16686954,"Davie Mdumuka","2026-08-09 19:40:56",405.9,1,daviemdumuka
8054,16759916,"Jeevith G","2026-08-23 06:58:50",405.8,2,jeevithg090
8055,16656156,"Kshitij aucharmal","2026-08-06 04:35:27",405.6,2,narutoaucharmal
8056,16630662,Akshatjhawar777,"2026-08-05 12:18:30",405.6,2,akshatjhawar777
8057,16660317,esgranja,"2026-08-04 18:58:48",405.5,1,esgranja
8058,16622809,"German Vdovin","2026-08-03 00:38:01",405.4,2,ertrerhtytmnbdsefdw
8059,16681209,AgenticBuilder,"2026-08-13 18:44:29",405.3,2,gau2112
8060,16721530,revv0o,"2026-08-15 13:58:34",405.2,2,revv0o
8061,16674278,"Niels de Gier","2026-08-07 15:57:04",405.1,2,nielsdegier
8062,16716488,"Will Henderson290","2026-09-21 13:11:11",405.1,2,willhenderson290
8063,16849620,rgbweston,"2026-09-07 18:00:17",405.1,1,rgbweston
8064,16786328,"DanishGW School","2026-09-02 03:50:19",404.9,2,danishgwschool
8065,16734431,"Maxwell Herron","2026-08-19 02:06:34",404.9,2,maxwellherron
8066,16661966,Rocket,"2026-08-29 18:05:35",404.8,2,"aarchie4,nick16541,siddharthdongardive"
8067,16668368,"Waleed Hasan","2026-08-12 01:42:22",404.6,2,whasan
8068,16790718,"Carlos Alves","2026-09-02 04:29:42",404.5,2,carlosone
8069,16668141,"Soichiro Mochizuki","2026-08-07 22:13:36",404.4,2,soichiromochizuki
8070,16701713,"Максим Хованский","2026-08-10 14:35:38",404.3,1,yeezynaizi
8071,16854266,もふもふ神,"2026-09-12 16:26:42",404.3,2,mohumohukami
8072,16738351,"Haidar Faruqi","2026-08-25 05:00:00",404.2,2,haidarfaruqi
8073,16839457,HugoLee_dreamer,"2026-09-14 01:18:31",404.1,2,hugoleedreamer
8074,16669434,"Saugat Kannojia","2026-08-07 11:45:47",403.9,2,saugatkannojia
8075,16671911,"Dwi Eflatino","2026-08-16 10:44:17",403.8,2,eflatino
8076,16658366,kuroneko,"2026-08-04 10:43:29",403.8,2,kurorosuke
8077,16857871,SHP123SHP,"2026-09-10 03:20:57",403.6,2,shp123shp
8078,16798347,"Mr Michael Chung","2026-09-14 19:39:17",403.6,2,mrmichaelchung
8079,16708896,"Alberto Scinetti","2026-08-13 19:18:11",403.3,2,albertoscinetti
8080,16655891,"Yukihito Ikoma","2026-08-27 03:55:41",403.2,2,yikoma
8081,16809931,"john crick","2026-09-16 02:07:20",403.1,2,johncrick
8082,16728017,"medkhalil hawachi","2026-09-25 10:02:52",403.1,2,medkhalilhawachi
8083,16665228,Jason_Qian,"2026-08-05 16:00:43",403.0,2,jasonqia
8084,16657712,"samuel job Adeola ","2026-09-20 22:25:10",402.9,2,samueljobadeola
8085,16696939,"Keaton Zang","2026-08-10 21:24:20",402.9,1,keatonzang
8086,16654947,"Ömer Hüseynov","2026-08-08 22:06:03",402.9,2,omarhuseynov
8087,16702980,GCSudarshanReddy,"2026-08-15 17:32:06",402.9,2,gcsudarshanreddy
8088,16864670,"Takahiro Cho","2026-09-10 04:55:10",402.8,1,takahirocho
8089,16664401,"Pranav Premchand","2026-08-05 03:07:24",402.8,1,pranavpremchand
8090,16898808,katoue,"2026-09-16 21:47:46",402.7,2,katoue
8091,16700685,"Preeti Dhotmal","2026-08-27 11:25:29",402.6,2,preetidhotmal
8092,16675232,"Rafif Ariq Rabbani","2026-08-27 19:37:32",402.5,2,rafifariqrabbani
8093,16632841,AGG,"2026-09-05 18:33:20",402.4,2,aleixgim
8094,16666944,"Meghnath S","2026-08-11 01:56:22",402.3,2,meghnaths
8095,16681441,"Lamiaa Al-bdrani","2026-08-07 04:25:50",401.8,1,lamiaaalbdrani
8096,16795877,"Marco Polo","2026-09-16 00:02:55",401.4,2,zhesong1
8097,16639727,"Andres Mohali","2026-08-13 23:03:25",401.2,2,mohax3
8098,16676205,"Alhassan Fedawy","2026-08-14 17:15:07",401.2,2,alhassanfedawy
8099,16888334,"Ohene A","2026-09-14 17:36:00",401.0,2,pamo12
8100,16753895,Andrew98,"2026-08-22 13:10:58",400.8,2,vitem98
8101,16656951,"[Deleted] 6015b650-8e16-4705-8036-db40bdd2d353","2026-08-04 09:08:05",400.8,1,del=084ea76838ad756b
8102,16690299,"EL GORRIM MOHAMED","2026-09-01 10:59:10",400.8,2,elgorrimmohamed
8103,16657054,"ömer umut güngör","2026-08-05 06:10:22",400.6,2,merumutgngr
8104,16708409,toshiconner,"2026-08-12 06:30:06",400.6,2,toshiconner
8105,16659588,"Priya J","2026-08-14 05:57:46",400.4,2,priyaj21
8106,16695627,"Xu Lou","2026-08-09 13:01:23",400.4,2,xuxiaozhou666
8107,16777612,"zebra G","2026-08-27 15:46:59",400.3,1,zebrag
8108,16664406,"MURDER GOOSE","2026-08-05 09:45:33",400.1,2,ujjwalar
8109,16729708,msmsuman,"2026-09-06 11:11:45",399.9,2,msmsumanmuskan
8110,16659459,"Akandé Philippe ABIODOUN","2026-08-06 11:58:09",399.9,2,vrmelo
8111,16938488,Firdannn,"2026-09-22 20:12:18",399.8,2,firdannn
8112,16712633,"Andy Andy","2026-08-13 08:11:38",399.8,2,andy3373
8113,16661453,"Disleve Kanku","2026-08-14 15:32:51",399.6,2,dislevekanku
8114,16890562,Names231,"2026-09-14 16:08:48",399.3,2,names231
8115,16930439,wessa0,"2026-09-22 13:42:39",399.0,2,wessa0
8116,16941652,里奥梅东,"2026-09-25 10:55:28",399.0,2,lionalmedong
8117,16944152,JanGO,"2026-09-24 00:35:44",399.0,2,jankoai
8118,16726052,"Peter Mugoya","2026-09-17 08:35:32",398.8,2,petermugoya
8119,16719296,Mr.TtT_Games,"2026-08-14 04:58:39",398.5,2,mrtttgames
8120,16679904,"Joshua Bensemann","2026-09-12 12:08:09",398.5,2,qazcat
8121,16664514,"Henry Adjanor tetteh","2026-08-12 00:43:41",398.4,2,henryadjanortetteh
8122,16715416,"Md. Adnan","2026-09-20 08:53:58",398.4,2,mdadnan96
8123,16707987,"Big Balls Entertainment","2026-08-12 10:18:24",398.3,2,"pavivin,semenkolesnikov"
8124,16716589,"Shaik Adilazeez","2026-08-13 09:29:44",398.2,1,shaikadilazeez
8125,16672292,"KARTIKEY PANWAR","2026-08-06 05:46:16",398.0,2,kartikeypanwar
8126,16663815,"Tetsuya Sasaki","2026-09-05 00:00:30",398.0,2,sasakitetsuya
8127,16686411,NeoCodes.Dev,"2026-08-23 23:53:10",397.9,2,neocodesdev
8128,16671773,"Sawyer Lundberg","2026-08-07 03:33:23",397.8,2,sawyerlundberg
8129,16763400,"Parth Sarnobat","2026-09-24 18:54:48",397.8,2,parthsarnobat
8130,16639916,BloomBerry,"2026-08-12 12:38:31",397.3,2,kagglepalandata
8131,16834632,casua132,"2026-09-05 07:56:17",397.3,1,casua132
8132,16791546,fatimakhlid,"2026-09-10 21:00:33",397.0,2,fatimakhlid
8133,16689877,Amr_Said1233,"2026-08-08 08:48:28",396.9,1,amrsaid1233
8134,16758093,_student,"2026-08-23 22:21:25",396.9,2,drvtalan
8135,16659659,"michael J king","2026-09-22 02:24:45",396.8,2,michaeljking
8136,16919222,"Lakshmi Sayyapureddy","2026-09-20 12:41:09",396.7,2,lakshmisayyapureddy
8137,16661633,"Joseph Garcia","2026-08-19 16:28:08",396.6,2,josephpgar
8138,16690197,"Ankit Kushwaha_06","2026-08-18 08:10:12",396.6,2,ankitkushwaha06
8139,16666596,"Daumas Benjamin","2026-09-03 10:05:38",396.5,2,daumasbenjamin
8140,16639764,CortexExplorer,"2026-09-20 15:15:59",396.4,2,cortexexplorer
8141,16693307,"Vlad Gavrilov","2026-08-09 04:00:29",396.2,2,vladgavrilov
8142,16689286,"Telman Yusifov","2026-08-09 07:08:46",395.9,2,yusifovtelman
8143,16658202,"SNAEHATH P","2026-08-06 13:51:15",395.9,2,snaehath
8144,16750743,"Nagimov Timur","2026-08-20 21:10:30",395.8,2,nagimovtimur
8145,16640810,まさやん,"2026-08-12 15:22:53",395.7,2,masayam1234
8146,16759765,"Ososanwo Idris Olaitan","2026-09-11 18:38:06",395.7,2,ososanwoidrisolaitan
8147,16675385,Apex🦾,"2026-08-14 18:00:17",395.6,2,"raghadabdullara,renadahmadalamri,zzainh"
8148,16701885,"Mehdi L.","2026-08-13 13:41:14",395.6,2,lmehdi
8149,16667615,"Zayd Mulani","2026-08-08 23:05:57",395.5,2,zaydmulani
8150,16817520,shreyansh0103,"2026-09-15 09:18:38",395.3,2,shreyansh0103
8151,16666334,UnderBlade,"2026-08-05 09:56:11",395.0,2,"athillazaidan,kurtmikhael"
8152,16663674,"Mason Mahar","2026-08-30 04:00:17",395.0,2,masonmahar
8153,16790615,"Suryansh Vashisth","2026-08-31 10:38:54",395.0,2,songoku2005
8154,16744018,"ZK Adam","2026-08-27 17:40:04",395.0,2,zkadam
8155,16726168,"Shrey Modi","2026-08-15 19:42:14",395.0,2,shreymodi2
8156,16881479,GG,"2026-09-13 11:27:34",394.9,2,ggroth
8157,16715033,"Colton Byers","2026-08-17 10:41:50",394.9,2,coltonbyers
8158,16736432,"Sarthak #2","2026-08-18 12:33:53",394.4,2,srthkdixit
8159,16656023,JD_Mello,"2026-09-06 01:41:52",394.4,2,jdmello
8160,16664818,"B M Dimpu Shree","2026-08-21 10:51:22",394.3,2,bmdimpushree
8161,16779823,"Jean Dem","2026-08-31 12:38:41",394.3,2,jeandem
8162,16763938,"joel paul","2026-08-26 02:05:07",393.7,2,joelpaulf
8163,16780101,jjjhoon,"2026-08-28 04:04:26",393.7,2,jjjhoon
8164,16669945,"Turab Zaidi","2026-08-07 13:27:44",393.7,2,turabzaidi
8165,16666479,"Prajwal Nivangune","2026-08-09 18:33:51",393.6,2,prajwalnivangune
8166,16716702,"majjati khalid ","2026-08-19 14:12:32",393.5,2,khalidma
8167,16671532,"Yuri Nakayama","2026-08-13 11:34:55",393.4,2,yurinakayama
8168,16757017,"William Green","2026-09-05 01:33:23",393.3,1,dskswu
8169,16653006,"anthony mbadiwe ikeme","2026-08-18 09:08:02",393.1,2,anthonymbadiweikeme
8170,16661990,"Olaoluwa Abiodun","2026-08-05 14:57:07",392.8,2,laoluwaa
8171,16658535,khanna.rohit5,"2026-08-10 05:00:31",392.8,2,khannarohit5
8172,16913940,"Mustafa Rehman","2026-09-21 09:33:59",392.7,2,mustafar34
8173,16843393,"Rizki Syawaldi","2026-09-20 08:55:34",392.6,2,rizkisyawaldi
8174,16666216,missss,"2026-08-06 06:49:00",392.3,2,missssb
8175,16738441,"Moritz Huber","2026-08-30 21:00:10",392.3,2,moritzhuber
8176,16802028,Dong,"2026-09-11 03:53:23",392.2,2,protostar
8177,16664064,lookapmaka,"2026-08-10 17:19:05",391.9,2,lookapmaka
8178,16665988,"Ronel maamoc","2026-08-31 09:37:13",391.9,2,ronelmaamoc
8179,16660287,BhatNasir,"2026-08-04 16:29:18",391.9,2,nasir94
8180,16676397,Rohan_Joshi6404,"2026-08-13 13:58:56",391.8,2,rohanjoshi6404
8181,16732340,"BJ Kim","2026-08-19 15:17:16",391.5,2,doitdoit80
8182,16658498,cheesama,"2026-08-04 23:36:18",391.3,2,cheesama
8183,16666958,TinkerBotics,"2026-08-05 20:29:19",391.1,2,salosojaedwin
8184,16947693,"Mohammad Rashid Pathan","2026-09-26 16:47:36",390.9,2,pathanmohammadrashid
8185,16776777,cerceanit,"2026-08-29 14:51:48",390.9,1,uaisamangeldi
8186,16691891,"Gagan Thakur","2026-08-16 04:36:51",390.9,2,gaganthakur2006
8187,16732355,"Nagesh gite","2026-09-06 07:44:05",390.7,2,"kuberb,nageshgite,vasugupta1121"
8188,16701064,KMishra011,"2026-08-20 20:30:34",390.7,2,kmishra011
8189,16768884,z y f 007,"2026-08-31 05:39:35",390.5,2,zyf007
8190,16654290,"Srinivasa Ranga","2026-09-23 20:38:38",390.5,2,srinivasaranga
8191,16805176,"Hritvika Tawde","2026-09-13 11:22:46",390.2,2,hritvikatawde
8192,16658219,"Deepesh Pankaj","2026-08-15 05:58:07",390.1,2,deepeshpankaj
8193,16659720,Project_Kurukshetra,"2026-08-16 05:01:34",390.0,2,"chaitanyaterli05,lavanyayandapalli"
8194,16747782,"Muhammad Agam Febryan","2026-08-29 18:22:04",390.0,2,muhammadagamfebryan
8195,16675462,bkcoban,"2026-08-07 18:22:48",389.7,2,bkcoban
8196,16783050,"Charles Chen","2026-09-07 06:24:21",389.7,2,charles2580
8197,16719603,"sravan Tirumala","2026-08-14 03:05:43",389.5,1,sravantirumala
8198,16808705,Danielaijdkx,"2026-09-03 11:29:34",389.5,1,danielaijdkx
8199,16793391,"Muhammad Ussman","2026-09-24 20:18:29",389.3,2,muhammadussman
8200,16673583,"Priyanshu Jha","2026-08-16 08:10:08",389.0,2,codewithjha
8201,16711374,Jascha,"2026-08-13 11:22:30",388.9,2,lippja
8202,16624879,indira,"2026-07-31 06:52:02",388.7,2,inansia
8203,16850232,"Kharchenko Bogdan","2026-09-09 18:57:16",388.7,2,kharchenkobogdan
8204,16906688,"Qiao Ruicheng","2026-09-17 11:47:47",388.6,2,qiaoruicheng
8205,16671512,"Darren Grendi","2026-08-10 00:38:51",388.6,1,darrengrendi
8206,16661095,"AAYUSHMAAN PATEL","2026-08-09 08:16:53",388.5,2,aayushmaanpatel
8207,16695479,Anandhasabesan,"2026-08-09 13:50:37",388.5,1,anandhasabesan
8208,16660294,"Mohamed Amadu Bangura","2026-08-04 16:14:07",388.4,1,mohamedamadubangura
8209,16730589,山谷知輝,"2026-09-02 02:03:05",388.4,2,tomokiyamaya
8210,16876529,"Νικόλαος Μπριάκος","2026-09-17 09:06:24",388.3,2,bnikos
8211,16657063,"those how","2026-08-04 07:50:57",388.2,2,thosehow
8212,16759225,"Andrea Jordan Paro","2026-08-24 11:24:14",387.9,2,andreajordanparo
8213,16931682,"Vijay kumar Gandem","2026-09-20 18:04:40",387.8,2,vijaykumargandem
8214,16662267,"Fahim Montasir","2026-08-10 16:15:10",387.8,2,fahimmontasir
8215,16735307,"Ayush Dhabsa_real","2026-09-10 09:13:50",387.8,1,ayushdhabsareal
8216,16897961,"AIZOYA FarmBrain","2026-09-27 05:28:40",387.6,1,aizoya
8217,16772511,"Max Gläser","2026-08-26 23:39:34",387.5,1,maxglser
8218,16898258,"Eugene Blackman","2026-09-22 22:46:05",387.5,2,eugeneblackman
8219,16894573,VISHWAPRIYAI,"2026-09-26 05:20:43",387.1,2,vishwapriyai
8220,16717447,zhiyue666,"2026-09-10 09:01:07",387.0,2,zhiyue666
8221,16782192,"Marcelo Correa","2026-09-25 11:24:09",386.9,2,mvcorrea
8222,16860003,"Aatif Sayyad","2026-09-10 21:31:13",386.9,2,aatifsayyad
8223,16673009,CruelShow,"2026-09-13 10:36:40",386.6,2,cruelshow
8224,16712906,"Sharad Garg","2026-08-13 14:54:43",386.3,2,sharadgarg
8225,16784030,"Pooja Gera","2026-09-02 15:10:47",386.1,2,poojagera00
8226,16892509,"Konko M","2026-09-14 18:52:34",386.1,2,konkomaji
8227,16691565,"Blu cky","2026-08-09 19:13:27",386.0,2,llmdablucky
8228,16623054,"Max Bond ABE","2026-08-15 22:43:34",386.0,1,maxbondabe
8229,16851939,"Naoya Mieno","2026-09-11 06:19:02",386.0,2,naoyamieno
8230,16685904,KavYaHD,"2026-08-10 13:02:45",385.9,2,kavyahd
8231,16665449,AgroVisionAI,"2026-08-11 19:52:49",385.6,2,"aishwaryvarshney,bhuppisharma,kirtisharmaphd,pragyasingh59,priyasingh0590"
8232,16677804,"Pravin Takpire","2026-08-11 08:17:51",385.4,2,pravintakpire
8233,16622943,"Erwin Huizenga","2026-09-06 15:04:57",385.1,2,erwinh
8234,16710241,"Julien Serbanescu","2026-08-12 14:32:50",385.1,2,julienserbanescu
8235,16662319,ethan.ai,"2026-08-13 18:16:35",385.1,2,ethanai
8236,16668431,"Harshpreet Singh #2","2026-08-06 01:06:28",385.0,1,harshpreetsingh45
8237,16655372,abobakrosman87,"2026-09-26 04:03:07",384.8,2,abobakrosman87
8238,16675043,malibu_orange,"2026-09-05 13:27:13",384.3,2,malibuorange
8239,16689349,"Adunola Abdulrahman","2026-08-10 17:38:47",384.3,2,adunolaabdulrahman
8240,16656902,"Ram Chandra Gupta","2026-08-05 10:18:41",384.2,2,ramchandra142
8241,16686726,"Skander Neffati","2026-09-19 12:40:23",384.2,1,skanderneffati007
8242,16709337,"Chris Turnbull","2026-08-11 22:15:57",383.6,2,christurnbull
8243,16677747,"Yuvraj Bhatt","2026-08-10 08:38:11",383.5,2,bhattyuvraj22
8244,16670387,"Oracle69 AI","2026-09-26 21:10:07",383.4,2,princeadewaleadewumi
8245,16676726,"Manaswi Bansal","2026-08-16 06:28:05",383.4,2,manaswibansal
8246,16663286,"Fan Wang","2026-08-10 21:12:40",383.3,2,wangfan420
8247,16738335,"Xuzhou Dong","2026-08-20 14:39:16",383.3,2,xuzhoudong
8248,16625418,"Hariprasanth Paranjothy","2026-08-01 05:52:19",383.3,2,hariprasanth8
8249,16669102,Ritik,"2026-08-07 18:11:13",383.1,2,xritikx
8250,16668286,"Sabari V","2026-08-15 14:38:41",383.1,2,sabari112005
8251,16685615,Spectra,"2026-08-07 16:14:32",383.1,2,thomaskressig
8252,16839419,"Gunratna borkar","2026-09-05 23:32:33",382.9,2,gunratnaborkar
8253,16658227,Gugu888,"2026-08-14 04:27:57",382.9,2,gugu888
8254,16660852,"K VISHALINI","2026-08-13 06:59:27",382.9,2,kvishalini
8255,16667759,"Nafis Fuad Shahid","2026-08-05 19:21:39",382.9,2,nafisfuadshahidd
8256,16794302,bettta11,"2026-09-04 23:25:27",382.8,1,bettta11
8257,16790076,Jessewudao,"2026-09-04 16:54:58",382.7,1,"jessewudao,zongruixie"
8258,16793944,"Grupo 808","2026-08-30 22:36:59",382.5,1,grupo808
8259,16689344,"Shalini Gangrade","2026-08-09 13:17:30",382.3,2,shalinig1
8260,16716670,"Aremanda Yasaswini","2026-08-13 09:27:46",382.2,1,aremandayasaswini
8261,16897491,"Santipab Tongchan","2026-09-15 14:39:58",381.9,1,santipabtongchan
8262,16669516,GorgeousCookie,"2026-08-06 09:17:13",381.9,2,axellindqvist
8263,16856809,"Mateusz Kuzniar","2026-09-08 22:14:50",381.7,2,mateuszkuzniar
8264,16658304,"KETHAVATH Aadarsh","2026-08-05 21:00:45",381.7,2,kethavathaadarsh
8265,16643278,"Giovani Moresco","2026-08-06 05:30:45",381.6,2,giovanimoresco
8266,16625770,"Đức Trung Trần","2026-08-24 11:01:33",381.1,2,ctrungtrn
8267,16704985,"Ethan Marchisano","2026-08-24 21:36:54",381.1,2,ethanmarchisano
8268,16758681,"Sahil suman","2026-08-26 16:26:13",380.7,2,gruntingtorch
8269,16691790,"Akshay Sawant","2026-08-08 19:33:14",380.7,2,akshaysawant8983
8270,16693087,osprey2k,"2026-09-09 02:34:27",380.5,2,osprey2k
8271,16727920,"Youssef Yacoup","2026-09-27 02:17:18",380.3,2,youssefyacoup
8272,16779805,"Ákos Blaschek","2026-09-01 17:21:44",379.9,2,kosblaschek
8273,16774921,"conor lowth","2026-08-28 10:46:42",379.8,2,conorlowth
8274,16732041,"Vallapu Nandini","2026-08-17 10:22:47",379.8,1,nandinivallapu
8275,16765643,canwind,"2026-09-25 14:19:51",379.6,2,canwind
8276,16664617,BarkeviousBingo,"2026-08-19 04:34:59",379.5,2,barkeviousbingo
8277,16661659,"Ivan Zagorulko","2026-08-05 10:53:13",379.2,2,normaldaki278
8278,16662081,Ayush_Bhaskar_25323010,"2026-08-08 19:49:56",379.2,2,ayushbhaskar25323010
8279,16690812,zhangkai_0121,"2026-08-09 01:40:21",379.1,2,zhangkai0121
8280,16638938,Light&Thunder,"2026-08-09 06:39:19",379.1,2,yerne39
8281,16664454,"Naga Vinay Avvaru","2026-08-05 07:04:44",378.9,2,anagavinay
8282,16658367,"Prachii Sonii","2026-08-31 17:28:45",378.7,2,prachiisonii
8283,16661476,slowpoke,"2026-08-29 16:33:07",378.7,2,banboyechristains
8284,16714425,sileza,"2026-08-13 12:57:35",378.6,1,azelis
8285,16689718,HumsAuraTech,"2026-08-21 17:11:42",378.6,2,humaima03
8286,16936198,"Greedy Acres","2026-09-25 06:32:24",378.4,2,axelmd
8287,16654758,f--n,"2026-09-06 13:37:43",378.3,1,a17442473
8288,16896549,"Nived P A","2026-09-15 16:39:35",378.1,2,nivedpa
8289,16662162,"THE predict","2026-08-13 21:18:25",377.8,2,vikaspal505
8290,16796468,suin7328,"2026-09-05 02:05:08",377.8,2,suin7328
8291,16794153,"harshita harshita","2026-08-31 17:47:11",377.6,2,harshitaharshitaaaa
8292,16654788,bumbum,"2026-08-14 12:59:51",377.5,2,krzysztoff1
8293,16729351,vlad.shorodok,"2026-08-16 18:05:09",377.4,2,vladshorodok
8294,16709179,"SATENDRA SINGH","2026-09-17 03:39:22",377.1,2,satendrasingh9876
8295,16848262,Philedo,"2026-09-12 14:33:59",377.1,2,philedo
8296,16726569,"Andrey Balvaneda","2026-08-17 20:59:45",377.1,2,andreybalvaneda
8297,16702935,"Defne Demir","2026-08-11 18:27:36",377.0,2,defnedemir
8298,16774592,"Oliad Dandana","2026-08-27 09:28:20",376.8,2,olidan
8299,16662854,"NISCHAY SANJAY JIWANKAR 23115098","2026-08-13 05:38:18",376.8,2,nischay2908
8300,16658286,"Jatin Gujarathi","2026-09-20 08:36:06",376.8,2,jatingujarathi
8301,16692710,"Baran Haydar","2026-08-12 06:56:50",376.7,2,baranhaydar
8302,16670257,RonitKhanna333,"2026-08-12 12:22:11",376.6,2,ronitkhanna333
8303,16663981,"Steven Pun","2026-08-07 01:59:52",376.6,2,stevenpunn
8304,16761784,"Ghaith Kammoun","2026-08-24 21:19:54",376.5,2,ghaithkammoun
8305,16668268,"Kunal Rout","2026-08-06 05:48:25",376.5,2,charlotte26
8306,16706257,dlv,"2026-08-13 11:11:14",376.4,2,ducott1
8307,16659247,cindrella_18,"2026-09-22 09:10:52",376.4,2,"ankithraj30,neharaj1518"
8308,16735580,"Dhiya Nachimuthu","2026-08-30 06:13:38",376.3,2,dhiyanachimuthu
8309,16692825,"Saad Arain","2026-08-09 12:27:08",376.2,2,saad451
8310,16660228,"Ochuwa Pearl Isa","2026-08-06 09:29:36",376.0,2,pearlisa
8311,16660489,"Luca Lullo","2026-09-24 06:56:17",375.8,2,lucalullo
8312,16758663,"Light In","2026-08-22 19:18:51",375.8,2,lightin45
8313,16629742,yun,"2026-08-15 09:10:21",375.8,2,yuyumarupython
8314,16660515,"pooja sandali","2026-08-08 05:51:03",375.8,2,poojasandali
8315,16664450,"Fritz Adelbertus","2026-08-10 01:13:44",375.6,1,fritzadelbertus
8316,16685207,"Koushik Thummu","2026-08-07 18:15:47",375.5,2,koushikthummu
8317,16663990,"OURNO PAPA SALIF","2026-08-07 23:18:43",375.3,2,belfiremine
8318,16741746,"Ahmed Harfoush","2026-08-19 09:47:45",375.2,1,ahmed1harfoush
8319,16681188,"Tresor Mufalme.","2026-08-08 09:29:05",375.0,2,tresormufalme
8320,16670188,orivael,"2026-08-05 21:20:17",374.9,2,orivael
8321,16656860,SamReiswig,"2026-09-02 04:04:09",374.8,1,sreiswig
8322,16658512,fatariq,"2026-08-10 21:18:35",374.6,2,fatariq
8323,16660929,ttkk,"2026-08-12 16:39:58",374.6,1,optimavia
8324,16905792,"Omar Tarek Fahmy","2026-09-16 10:59:04",374.1,1,omartarekfahmy
8325,16943817,Ranbeer06052009,"2026-09-27 01:29:59",373.8,2,ranbeer06052009
8326,16667987,"Kunj Kansara","2026-08-05 13:41:26",373.6,1,kunjkansara
8327,16749503,ally,"2026-08-23 11:48:49",373.6,2,phamngoclinh
8328,16656932,"Thivvin Raj","2026-08-13 03:53:35",373.4,2,thivvinraj
8329,16733318,"Anuj Bolewar","2026-08-18 11:11:01",373.3,2,anujbolewar
8330,16867865,"ADITYA RAJ","2026-09-20 17:14:43",373.1,2,adityaraj2026yp
8331,16844246,"CS Abhinay","2026-09-17 08:56:32",373.1,2,csabhinay
8332,16896207,"Bùi Cao Trí","2026-09-15 16:17:43",372.7,1,bicaotr
8333,16875657,"Валерия Захарова","2026-09-12 23:53:56",372.5,2,melomanpanda
8334,16662791,"Shiva Neshan yuva","2026-08-15 18:39:16",372.4,2,shivaneshanyuva
8335,16757615,"Muhammad Umer Khan","2026-09-26 09:01:02",372.2,2,mehmedumer0028
8336,16727480,MSAM,"2026-09-07 13:43:02",372.1,2,arashdeepsinghmaan
8337,16731108,"Vipparla Nandini","2026-08-17 06:29:48",371.9,1,vipparlanandini
8338,16727326,AhmedMousaHassan2510,"2026-08-17 12:56:01",371.7,2,ahmedmousahassan2510
8339,16710244,Bytemindd,"2026-08-26 10:20:45",371.7,2,"daisy023,sruthikanv,thasneemj,uthayanandhini,vajraparameswari"
8340,16666257,"Shijian Wen","2026-08-06 09:40:44",371.6,2,shijianwen
8341,16698188,"Smartex Dan","2026-09-25 22:13:17",371.4,2,smartexdan
8342,16668479,"Muneera Mahjabeen","2026-09-15 03:45:05",371.4,2,muneeramahjabeen
8343,16673201,"Sanjay Varma Malladi","2026-09-18 07:00:17",371.3,2,sanjayvarmamalladi
8344,16858496,"Aziz Alqwm","2026-09-27 06:08:22",371.2,2,azizalqwm
8345,16809202,amano,"2026-09-03 13:44:49",371.2,2,amanoshotaro
8346,16695177,"Ajith Bagali","2026-08-15 12:23:37",371.2,2,ajithbagali
8347,16894517,kuchinwei,"2026-09-17 14:52:52",371.1,2,kuchinwei
8348,16628404,theken,"2026-08-09 12:19:19",371.1,2,theken
8349,16690947,"Veiled Star","2026-08-10 13:36:49",371.0,2,veiledstar
8350,16794088,"Felipe Colombarolli","2026-08-31 00:46:32",370.9,2,felipecolombarolli
8351,16675324,"Attempt Seven","2026-08-10 10:13:50",370.9,2,attemptseven
8352,16684225,"Aum Savaliya","2026-08-10 20:10:02",370.6,2,aumsavaliya
8353,16758192,"Dev Monk","2026-08-29 14:03:22",370.6,2,devmonk63
8354,16730745,"Aymerou Yaya Koné","2026-09-26 01:30:11",370.6,2,aymerouyayakon
8355,16890976,zyh222,"2026-09-24 04:52:22",370.5,2,"eason0407,hrj314,tanghuan2005,zyh222"
8356,16705696,"TS Farmer","2026-08-13 11:22:09",370.4,2,"shivangkainth,tusharsekhri27"
8357,16670565,"Grant Biellak","2026-08-05 22:52:01",370.3,2,grantbiellak
8358,16891519,SongShijieCC305,"2026-09-14 16:03:59",370.1,2,songshijiecc305
8359,16727022,Saharkh99,"2026-09-01 00:18:26",369.6,2,saharkh99
8360,16722757,"Sebastian Adamatzky","2026-08-14 19:10:23",369.6,2,sebastianadamatzky
8361,16681638,aadi_065_,"2026-09-27 03:50:16",369.4,2,aadi065
8362,16657438,"Udit Aggarwal1","2026-08-08 19:09:27",369.4,2,uditaggarwal1
8363,16658519,"David kinyanjui","2026-08-31 07:10:00",369.3,2,davidkinyanjui
8364,16673825,h_jun,"2026-08-10 06:21:12",369.2,1,lhjoon77
8365,16757236,"Erlanda Miko P","2026-08-23 07:02:01",369.1,2,snneva
8366,16796572,"Phan Van Hieu ","2026-08-31 14:23:03",369.0,2,phnvnh
8367,16654258,"Ashray Bagde","2026-08-13 08:13:00",368.9,2,ashrayaaaaa
8368,16721529,"Danny De Bree","2026-08-20 09:46:36",368.7,1,dannydebree
8369,16633944,Toru59er,"2026-09-27 03:24:04",368.7,2,toru59er
8370,16662197,"Zehra Basaral","2026-08-07 10:42:57",368.5,2,zehrabaaral
8371,16706516,"Mohit Khade13","2026-08-26 16:03:22",368.4,2,mohitkhade13
8372,16729669,HYPEREUCLIDEAN,"2026-08-19 07:47:48",368.3,2,hypereuclidean
8373,16792567,"Karan Rai","2026-09-24 22:40:06",368.2,2,karanrai248
8374,16764608,messibeatgravity,"2026-08-24 05:34:05",368.1,1,messibeatgravity
8375,16689943,"NAM NGUYỄN CÔNG","2026-09-24 12:41:05",368.0,2,namnguyenhcmut
8376,16773370,"Nishant #1","2026-08-26 06:11:42",367.9,1,nishanttomar110
8377,16888733,"Sébastien Callegari","2026-09-14 03:49:42",367.8,1,sbastiencallegari
8378,16710417,"Aryant Jadhav","2026-08-15 18:57:18",367.8,2,aryantjadhav
8379,16669218,"Shaik Sabiya","2026-08-12 09:15:22",367.5,2,shaiksabiya55
8380,16890222,"Borisov Emilian","2026-09-18 05:14:34",367.4,2,emili123
8381,16924761,"Chang Loukas","2026-09-24 06:22:27",367.3,2,changloukas
8382,16730191,rRTZZZ,"2026-08-17 02:43:14",367.2,2,rrtzzz
8383,16682869,"Sepideh Rahmati","2026-09-14 09:43:57",367.2,2,sepidehrahmati
8384,16780915,"Aravind S","2026-09-22 14:16:59",367.0,2,aravind20061981
8385,16679392,Dickie,"2026-08-09 09:05:10",367.0,2,dickieho
8386,16870467,wentingyun,"2026-09-11 10:21:01",366.9,1,wentingyun
8387,16708723,zaltark,"2026-09-25 12:29:49",366.7,1,zaltark
8388,16915490,"Rounak Mukherjee","2026-09-26 09:11:58",366.7,2,zade799
8389,16679850,AryaGarg23,"2026-08-09 03:33:14",366.3,2,aryagarg23
8390,16633475,betagammashtrit,"2026-08-29 16:24:03",366.3,2,betagammashtrit
8391,16678298,"RITIK CHAUDHRY","2026-08-10 13:34:35",366.1,2,ritikchaudhry13
8392,16691753,"Jan Moilanen","2026-08-09 12:02:17",365.9,2,janmoilanen
8393,16668673,"kyran sinha","2026-08-14 14:21:34",365.7,2,kyransinha
8394,16690029,Nitesh_Prajapati2569,"2026-09-15 07:04:17",365.6,2,niteshprajapati2569
8395,16723569,"Trishanth Mellimi","2026-08-15 07:09:55",365.5,2,trishanthmellimi
8396,16855738,"Anuj Gupta","2026-09-09 07:38:48",365.5,2,anuj6540
8397,16634352,"sovit karki","2026-08-12 17:21:13",365.5,2,sovitkarki
8398,16906238,Naaz,"2026-09-17 06:33:26",365.0,2,naaz03
8399,16799743,"Luc Tellier","2026-09-05 08:31:17",365.0,1,luctellier
8400,16635130,Pongsaky,"2026-08-01 12:56:02",364.8,2,gantanch
8401,16773402,齐乐,"2026-09-27 04:01:47",364.8,2,qile200107
8402,16677761,"Rithuraj Nambiar","2026-08-06 18:11:41",364.8,2,rithurajnambiar
8403,16662964,"Tim Ogilvie","2026-08-13 13:18:59",364.7,2,timogilvie
8404,16867501,aueurm,"2026-09-11 05:07:13",364.7,2,aueurm
8405,16662967,"Amalio Gomez","2026-08-04 22:07:16",364.6,1,amaliogomez
8406,16671714,"Donnell Layne","2026-08-07 15:40:35",364.5,2,jupiter1127
8407,16828390,Yuhuping,"2026-09-04 11:22:14",364.5,1,yuhuping
8408,16717797,"patan hashmi","2026-08-13 15:02:52",364.4,1,patanhashmi
8409,16723947,"Ariel GNANSOUNOU","2026-09-22 21:11:28",364.1,1,arielgnansounou
8410,16655737,Dharshini,"2026-08-08 15:00:05",363.9,2,dharshini1812
8411,16739939,crescent_star,"2026-09-09 04:42:10",363.9,2,cenzop
8412,16634720,Thiyo,"2026-08-18 11:51:04",363.8,2,thimirajayasekara
8413,16634219,"Michael J Hammel","2026-08-01 11:37:10",363.5,2,michaeljhammel
8414,16769110,tianlululing,"2026-08-26 13:09:45",363.3,2,tianlululing
8415,16933436,"Shi Chen","2026-09-22 07:39:57",363.3,2,hjhhhk
8416,16665959,"Lourenz Baliber","2026-08-18 00:34:06",363.2,1,lourenz
8417,16641665,huangjunjia,"2026-08-04 14:12:26",363.0,2,huangjunjia777
8418,16685625,"silvan ion","2026-08-08 13:05:39",362.9,2,john1one
8419,16779769,"Pravin jeyavel","2026-09-14 05:39:48",362.9,2,pravinjeyavel
8420,16784379,超级陆战队,"2026-08-29 14:43:33",362.7,2,luyi61227
8421,16652230,BorisSpider,"2026-08-13 11:34:46",362.6,2,borisspider
8422,16665400,FieldOps,"2026-08-10 16:16:03",362.6,2,sycpr1me
8423,16705300,T3485D5T,"2026-09-03 08:20:18",362.6,2,"danijelbilalli,t3485d5t"
8424,16696384,Sisu16,"2026-08-13 20:13:27",362.4,2,sisu16
8425,16658960,"Amit Kumar","2026-08-06 05:44:30",362.4,2,anmitkumar
8426,16702771,n_samii,"2026-08-14 01:20:08",362.4,2,nsamii
8427,16779505,"Prasad Ovhal","2026-09-24 13:31:06",362.4,2,prasadovhal
8428,16771187,FernandoRB,"2026-08-26 15:53:49",362.4,2,fernandorb
8429,16657883,jps,"2026-08-06 08:36:04",362.3,2,jahaziel
8430,16668523,Bumblerrr,"2026-08-06 19:46:02",362.3,2,bumblerrr
8431,16668696,Fabian,"2026-09-03 15:52:06",362.0,1,fabiantoh98
8432,16891781,"mohamed saafan","2026-09-14 14:54:04",361.9,2,mohamedsaafan
8433,16666590,"Hoàng Anh Tú","2026-08-12 23:59:58",361.7,2,anhtu9999
8434,16701060,"Paula Jimenez","2026-08-22 16:18:37",361.6,2,paulajimenez
8435,16770085,AllenCheng329,"2026-08-25 10:05:43",361.4,1,allencheng329
8436,16747544,OliverYip,"2026-08-25 06:01:07",361.1,2,oliveryip
8437,16628521,arai9953,"2026-08-24 22:46:57",360.9,2,arai9953
8438,16668592,"Ashutosh jatav","2026-08-09 13:34:45",360.8,2,ghost1412
8439,16659394,"יוסף בש","2026-08-09 15:11:23",360.8,2,josiii123212
8440,16657687,"Siddardha Shayini","2026-09-15 12:52:57",360.6,2,siddardhashayini3
8441,16688381,"Teresa Fitzgerald","2026-09-13 21:02:07",360.6,2,teresafitzgerald
8442,16653001,"Alexey Kuleshov","2026-08-04 12:07:51",360.6,2,alexkulll
8443,16794431,"Yash Apps","2026-09-08 04:12:52",360.5,2,yashwanthgajji
8444,16675093,"Nikhil Srivastava","2026-08-15 08:47:12",360.4,2,nikhilsrivastavark
8445,16656190,"Akshaj Shandilya","2026-08-06 03:14:36",360.3,2,akshajshandilya
8446,16689970,"Константин Паращук","2026-08-08 09:15:08",360.2,1,kangchenxi
8447,16641330,"Takuya Yoshimi","2026-08-04 05:16:22",360.1,2,tkyysm
8448,16895317,MrUserm,"2026-09-25 18:18:10",359.9,2,mruserm
8449,16624102,Khadersha.sk,"2026-08-03 02:45:03",359.9,2,khadershask
8450,16801437,"Koh Saito","2026-09-05 06:01:20",359.7,1,kohsaito
8451,16670724,"Neel Patel","2026-08-14 19:33:43",359.7,2,n33lpat3l
8452,16730060,"Enzo Pio","2026-08-21 16:44:03",359.6,2,enzopio
8453,16803129,hdttnk,"2026-09-02 14:13:00",359.5,2,hdttnk
8454,16673310,dffzno1,"2026-08-14 01:44:55",359.4,2,joyzip
8455,16693098,broken_gpu,"2026-08-30 10:07:27",359.3,2,brokengpu
8456,16638343,"Phong Khoi","2026-08-04 12:20:52",359.2,2,phongkhoi
8457,16894000,"Vivek Silimkhan","2026-09-15 11:11:29",359.0,2,viveksilimkhan
8458,16655689,花朝,"2026-08-05 04:10:02",358.8,2,xhxyyds
8459,16715097,"Yusuf Yavuz","2026-08-13 00:25:40",358.8,1,yusufyavuzz
8460,16907754,Shenghan,"2026-09-22 16:17:41",358.6,2,shenghanxie
8461,16747683,"Jianyu Lin","2026-08-27 13:05:05",358.4,1,jianyulin1999
8462,16717522,kyunyoung,"2026-08-14 07:16:00",358.4,2,kyunyoung
8463,16684677,"Sean Southwick","2026-08-27 14:45:32",358.3,2,seansouthwick
8464,16663969,"Aarush Kute","2026-09-21 17:06:14",358.2,2,aarushkute
8465,16763255,"I P Tharun Gowda","2026-09-16 17:24:11",358.2,2,iptharungowda
8466,16771216,"Hugo Ponce","2026-08-25 17:54:30",358.2,2,hugoskn
8467,16669176,"Karakam Sridevi","2026-08-11 07:44:48",358.1,2,karakamsridevi
8468,16660397,Divyansh82Raj,"2026-08-04 15:01:28",358.0,2,divyansh82raj
8469,16728881,Ch.Manvita,"2026-08-16 16:33:52",357.8,2,chmanvita
8470,16796834,"Harsh Gupta #2","2026-09-09 19:20:48",357.7,2,harshgupta0415
8471,16716497,xpxg,"2026-08-16 17:04:22",357.5,2,deepxchat
8472,16866482,"Sunday Ibidapo","2026-09-10 21:46:49",357.3,1,sundayibidapo
8473,16702742,"Kavyanshu Singh","2026-08-11 10:47:02",357.2,2,kavyanshusingh
8474,16715988,"Hsyn Kskn","2026-09-03 12:08:15",356.9,2,hsynkskn
8475,16710564,"Clarice Harijanto","2026-08-14 04:28:13",356.7,2,clariceting
8476,16920572,"Mahalakshmi boga","2026-09-26 12:26:50",356.6,2,mahalakshmiboga
8477,16696419,detectivseb,"2026-08-12 10:34:45",356.6,2,detectivseb
8478,16733007,"Not Found","2026-08-17 16:32:16",356.5,4,"ammarkhan05,zainabirfanansari"
8479,16640901,"Kian Maghsoodi","2026-08-20 23:01:51",356.5,2,kizmodo
8480,16658882,"toukali samir","2026-08-07 13:43:05",356.3,2,toukalisamir
8481,16664671,Acteus,"2026-08-06 00:01:12",356.2,2,acteus
8482,16630772,"Mitsuhiro Iizuka","2026-08-04 10:31:00",355.9,2,mitsuhiroiizuka
8483,16671613,Tyler_026,"2026-09-26 09:44:50",355.5,2,tyler026
8484,16759115,chabinhwang,"2026-08-22 14:33:59",355.4,1,chabinhwang
8485,16659312,qwertyDmitry,"2026-08-05 13:44:24",355.3,2,qwertydmitry
8486,16668159,ABDELGHANY,"2026-08-12 11:04:36",355.3,2,abdelghanyrageh
8487,16662577,"Shreyash Suryawanshi","2026-09-02 19:42:31",355.2,2,shreyashsuryawanshi
8488,16662647,"Ruben Maya","2026-09-23 22:06:52",355.2,2,rubenmaya
8489,16721615,"Dai Dai","2026-09-08 07:59:14",355.2,2,jumpingdaidai
8490,16739447,"Jacob Stambaugh","2026-08-19 17:53:29",355.2,2,jacobstambaugh
8491,16677470,"Saish Walavalkar02","2026-08-09 12:44:51",355.0,2,"harichaudhari1,kaiserjayin,meetramjiyani,nirbhaygajabi30,saishwalavalkar02"
8492,16909521,"Rabs Cats","2026-09-17 02:10:02",355.0,1,rabscats
8493,16674012,ahankesumah,"2026-08-16 07:34:05",354.9,2,ahankesumah
8494,16881853,Sleepyman,"2026-09-15 09:22:24",354.8,2,alishakeri1
8495,16831875,"Hamza Mughrabi","2026-09-06 19:10:53",354.7,2,hamzamughrabi
8496,16655257,"Afia Animah Fosu","2026-08-04 18:21:50",354.7,2,afiaanimahfosu
8497,16667177,"Raunak Phull","2026-08-10 11:14:44",354.6,2,raunakphull4
8498,16709519,"p pxl16","2026-08-19 09:49:35",354.3,2,ppxl16
8499,16638383,"Yunus Emre Sarıduman","2026-08-12 12:57:08",354.2,2,emresariduman
8500,16637762,"Greek olive oil","2026-08-09 19:56:48",353.9,2,alexanderchar
8501,16903827,"joy lul","2026-09-24 06:52:11",353.5,1,joylul
8502,16755264,wsdsby,"2026-08-21 15:16:42",353.4,2,wsdsby
8503,16745497,"Handsome Heretic","2026-08-21 19:14:30",353.2,2,handsomeheretic
8504,16661891,BALLEN1337,"2026-08-04 19:22:30",353.1,2,ballen1337
8505,16785676,Bilal11122,"2026-08-29 08:15:46",352.7,1,bilal11122
8506,16877927,"EFE ULKER","2026-09-12 00:13:05",352.5,2,efeulker
8507,16793536,yukko08,"2026-09-25 12:09:25",352.3,2,yukko08
8508,16740197,Winssk,"2026-08-27 01:55:06",352.2,2,winssk
8509,16762854,J8young,"2026-08-26 13:52:54",352.2,1,j8young
8510,16656946,"Sambit Padhan","2026-08-05 10:10:10",352.2,2,sambitpadhan
8511,16733961,"Julia Fredo","2026-09-27 00:20:10",352.1,2,juliafredo
8512,16688364,"Om Raval08","2026-08-21 02:57:23",352.1,2,omraval08
8513,16890029,"Siqing Jing","2026-09-15 02:53:04",352.0,2,siqingjing
8514,16792188,anisotropies,"2026-09-12 05:25:04",352.0,2,achan31
8515,16665460,"Shubham kumar jha","2026-08-23 07:36:36",351.9,2,shubhamjhakr
8516,16624029,"Miguel Angel Rodriguez Fonseca","2026-08-07 03:55:38",351.8,2,miguelangelrodriguez
8517,16778526,starkhushi,"2026-08-27 07:01:28",351.6,2,starkhushi
8518,16685164,cleanledger,"2026-08-07 13:38:23",351.4,2,cleanledger
8519,16666997,"Krishnamurthy Venkatasubramanian","2026-08-05 15:09:46",351.4,2,krishnamurthyvenkat
8520,16711573,"Sushmitha Vasantha","2026-08-13 09:08:29",351.2,1,sushmithavasantha
8521,16661002,"Eliyas sk","2026-09-02 12:32:51",351.1,2,eliyassk
8522,16882081,Aabualella,"2026-09-13 00:58:37",351.0,1,aabualella
8523,16933048,"Anusuya Gurusamy","2026-09-23 04:45:03",350.9,2,anusuyagurusamy
8524,16770758,"Maor talker","2026-08-26 20:18:59",350.9,2,maortalker20
8525,16697627,abinandhan03,"2026-09-01 10:38:15",350.8,2,abinandhan03
8526,16670988,"Pavle Skoric","2026-09-24 21:18:17",350.7,2,pavleskoric
8527,16641140,NITISH_GOYAL1,"2026-08-27 06:42:29",350.7,2,nitishgoyal1
8528,16654330,"Perumalla Pujitha","2026-08-12 18:09:24",350.7,2,perumallapoojitha
8529,16654213,"Hojin Jang","2026-08-20 09:59:20",350.7,2,hojinjang
8530,16656472,angusdddsa,"2026-08-04 06:04:22",350.6,2,angusdddsa
8531,16879281,"Monesh M","2026-09-25 19:41:47",350.4,2,moneshm908
8532,16858795,"Радик Владимирович Хорошев","2026-09-10 07:59:02",350.3,2,rodionkh
8533,16747403,"Kanchan Chavan","2026-09-12 17:46:56",350.2,2,momovedant
8534,16721948,ziszim,"2026-08-26 14:38:30",350.1,2,ziszim
8535,16722122,Abhas20,"2026-08-19 10:02:51",349.9,2,abhas20
8536,16666218,"sugan Chandrasekar","2026-08-16 11:02:09",349.8,2,suganchandrasekar
8537,16876354,A_Mose,"2026-09-12 08:57:15",349.7,2,mmameh
8538,16662589,"Arunagirinadan Sudharshan","2026-09-20 10:20:48",349.7,2,sudhanaruna
8539,16660980,"João Marcelo Curi","2026-08-05 18:31:19",349.6,2,joomarcelocuri
8540,16785821,"Naresh Meena","2026-08-28 21:24:31",349.6,1,nareshmeena12
8541,16709754,"Simon Preuss","2026-08-12 16:39:55",349.4,2,simonpreuss01
8542,16629476,NOOBS,"2026-08-09 19:58:48",349.4,2,"patelkrishna8,sakshamranawade,shravanideshpande25"
8543,16752067,neuroxaker,"2026-08-22 14:50:32",349.0,2,neuroxaker
8544,16693147,"Oliver Curtis1","2026-08-09 14:51:57",348.9,2,olivercurtis1
8545,16691027,"Jelle Maas","2026-08-08 14:58:19",348.8,2,jellemaas
8546,16738563,"Amrutha H","2026-09-16 13:19:31",348.6,2,amr13utha
8547,16780268,"SAI ESHWAR S","2026-08-29 06:26:11",348.4,1,saieshwars
8548,16666275,HeatS33ker,"2026-08-15 14:37:36",348.4,2,byronokou
8549,16898498,"Prakash Bandi","2026-09-21 01:59:35",348.3,2,prakashbandi
8550,16937616,"ZIYU NI","2026-09-21 17:26:32",348.2,1,jacsonpercy
8551,16770039,"Yevhen Tsyba","2026-09-23 06:25:44",348.1,2,yevtsy
8552,16659533,"Pavan Desai","2026-08-10 16:29:20",347.9,2,pavancdesai
8553,16661331,"John Wessel","2026-09-26 20:15:27",347.7,2,johnwessel
8554,16732296,"duong nguyen","2026-08-20 14:51:38",347.4,1,duongnguyen161
8555,16656480,"Dip Biswas","2026-08-07 04:35:56",347.4,2,dipjacobiswas
8556,16716585,"tejaswini kakollu","2026-08-13 09:12:37",347.3,1,tejaswinikakollu
8557,16716649,"Meghana Busse","2026-08-13 09:33:08",347.2,1,meghanabusse
8558,16735393,Dai_Research,"2026-08-18 10:40:17",346.8,2,dairesearch
8559,16870360,"Tedi Septiana","2026-09-14 06:57:54",346.8,2,tediseptiana
8560,16738581,"mr moradi1","2026-08-18 14:31:26",346.7,1,mrmoradi1
8561,16665907,"Jonathan Saina","2026-09-15 23:12:31",346.4,2,jonathansaina
8562,16655250,"Juan Pablo Ponce","2026-08-08 03:34:18",346.4,2,juanpabloponce28
8563,16755029,"Jashan Bajwa","2026-08-22 12:56:30",346.1,2,jashanbajwa
8564,16641606,"Tanisha Sahu","2026-08-02 14:39:27",346.0,2,tanisha3
8565,16848598,"Work 3","2026-09-12 09:26:57",345.9,2,nanisriram
8566,16777515,Abhimanyu21,"2026-08-27 13:33:38",345.9,2,abhimanyu21
8567,16716322,zhaimh,"2026-08-14 02:43:21",345.8,2,zhaimh
8568,16831170,"None #2","2026-09-05 04:16:51",345.8,2,mdmorshalinemojumder
8569,16657658,"Esther Usman","2026-08-25 23:45:50",345.8,2,estherusman
8570,16927163,1234321,"2026-09-23 18:14:38",345.7,1,sakamoto1234
8571,16656135,"JAYASURYA R","2026-08-05 15:43:01",345.7,2,suryar261
8572,16628409,"yann sadowski","2026-07-31 09:39:25",345.3,1,yannsadowski
8573,16657142,"Vishisht Gupta","2026-08-16 16:16:54",345.2,2,vishishtgupta
8574,16841549,"Ayush Kumar #4","2026-09-06 03:30:02",345.1,2,akyushumar
8575,16794285,Penelope.pnlp,"2026-09-01 15:38:43",345.1,2,penelopepnlp
8576,16831106,asd1984,"2026-09-05 17:40:01",345.0,2,asd1984
8577,16726381,"Adriana Redondo","2026-08-15 19:39:41",344.9,1,adrianaredondo
8578,16659410,TTH,"2026-08-07 08:21:16",344.9,2,tthungdz
8579,16739702,"Vasantha Kumar552","2026-08-19 07:22:10",344.7,2,vasanthakumar552
8580,16913989,Sanatan21,"2026-09-18 11:41:17",344.7,2,sanatan21
8581,16718662,Safin,"2026-08-22 17:50:27",344.6,2,safinlynx
8582,16852606,Hallucinators,"2026-09-26 08:59:16",344.5,2,samikshakamdi
8583,16732936,"Kateryna Dudko","2026-08-25 12:15:40",344.5,2,dudkiina
8584,16661351,"Adekojo Adeyemi","2026-08-04 15:25:52",344.4,1,adekojoadeyemi
8585,16682108,"Shadow Monarch","2026-08-17 06:45:10",344.3,2,avinashk01
8586,16876167,"kjl jkl","2026-09-17 15:51:01",343.9,2,kjljkl
8587,16947575,Rekh_Sharath_Chandra,"2026-09-26 07:37:12",343.8,2,rekhsharathchandra
8588,16666577,"Jatin khandelwal112","2026-08-05 11:26:41",343.8,2,jatinkhandelwal112
8589,16927652,"Mukilan A.R.","2026-09-27 03:40:27",343.1,2,mukilanar
8590,16681397,"Vishal Dubey","2026-08-11 08:51:13",343.0,2,visha1dubey
8591,16680015,"Khôi Trương","2026-08-10 01:11:55",342.8,1,kiykhoi
8592,16723273,"Bradley ZODOME","2026-08-19 07:06:18",342.6,2,bradleyzodome
8593,16917267,"jean-thomas Dauchel","2026-09-18 21:41:23",342.6,1,jeanthomasdauchel
8594,16716594,"U Anand Williams","2026-08-13 09:19:09",342.4,1,uanandwilliams
8595,16649794,"Wanzhu Zhao","2026-08-04 13:04:05",342.4,2,wanzhuzhaora
8596,16683400,"wo zhe yi sheng ru lu bo bing","2026-08-10 16:53:48",341.9,2,"ivanlo103,panckck,waijai"
8597,16677950,"Rounak Laddha","2026-08-15 01:47:41",341.7,1,rounakladdha
8598,16741512,Offenders,"2026-08-30 15:08:39",341.5,2,"karthicchockalingams,shakil2411,shehnaaz01"
8599,16668091,Solidscripts.io,"2026-09-24 02:14:47",341.4,2,juancamera1
8600,16783322,kentaro,"2026-08-29 03:55:45",341.4,2,kentarokujo
8601,16662428,"Sonu kumar","2026-08-24 05:18:49",341.3,2,sonukumar9142
8602,16927761,"M Asghar Shakir","2026-09-21 04:04:32",341.3,2,masgharshakir
8603,16654808,Vishwajeet-maker,"2026-08-17 21:17:02",341.1,1,vishwajeetmaker
8604,16757338,Dewakaran,"2026-08-22 05:34:35",341.1,1,dewakaran
8605,16690077,"GOMATHI PRIYA","2026-08-13 06:38:45",340.8,2,gomathipriyaraj22
8606,16630007,"Yuankun Liu","2026-07-31 15:48:13",340.8,2,lyk1652
8607,16656919,Sumaiya,"2026-09-09 18:09:44",340.8,2,ayeshasummaiyya
8608,16665996,AVATAR3905,"2026-08-06 18:14:01",340.5,2,avatar3905
8609,16770270,"salthiel nishimwe","2026-08-25 10:45:23",340.5,2,salthielnishimwe
8610,16674725,"rajan jha","2026-08-13 12:05:42",340.3,2,rajan1673
8611,16667105,"Vikram Tiwari","2026-08-10 11:12:26",340.1,2,vikramtiwari
8612,16742209,"melih Bektaş","2026-09-26 19:31:08",339.6,2,melihbekta
8613,16646644,BeyondBirthday,"2026-08-09 06:39:01",339.1,2,near07
8614,16696439,VaraPrabha,"2026-08-10 04:36:00",338.8,2,galiveetipoornima
8615,16658817,"Andrew Glez","2026-08-04 12:10:17",338.6,1,andgos
8616,16652422,Kite,"2026-08-17 16:26:55",338.6,1,kiteyinlong
8617,16940601,ShreyanshK099,"2026-09-23 07:57:43",338.6,2,shreyanshk099
8618,16683087,qiuchenglong,"2026-08-07 09:25:48",338.5,2,qiuchenglong
8619,16937995,"Aleksandr Rybin","2026-09-21 22:21:56",338.3,2,aleksandrrybin
8620,16690775,"Prasanna Raut","2026-08-08 20:41:38",338.3,2,prasannaraut
8621,16949156,"shamaev dimon PR-3-1","2026-09-23 19:16:32",338.1,1,shamaevdimonpr31
8622,16641294,YogeshG22,"2026-08-03 17:58:51",338.0,2,yogeshg22
8623,16735966,kyone,"2026-08-18 08:09:32",337.9,1,xtraky
8624,16657145,"Shudipto Trafder","2026-08-04 19:25:24",337.9,1,iamsdt
8625,16716713,"T Vamsi Krishna","2026-08-13 09:37:43",337.6,1,vamsee3763
8626,16666719,helenkwok,"2026-09-12 06:53:13",337.5,2,helenkwok
8627,16658733,luoqiuy,"2026-08-04 10:46:04",337.5,2,luo912
8628,16862308,"Furkan CAT","2026-09-10 15:07:24",337.5,2,furkancat
8629,16715791,CustardApple47,"2026-09-06 11:34:26",337.4,2,custardapple47
8630,16682229,"mayuri sarangi","2026-08-29 14:03:36",337.3,2,mayurisarangi
8631,16700360,"Thanush Soma","2026-08-10 09:49:02",337.3,2,thanushsoma
8632,16711497,"Korvi sai kumar","2026-08-13 08:02:21",337.2,1,korvisaikumar
8633,16664147,JordanM10,"2026-08-05 19:54:08",337.2,1,jordanm10
8634,16912504,"Zongyi Zhou/ Joe","2026-09-22 15:24:35",336.9,1,zongyizhoujoe
8635,16623739,SarsaShen,"2026-08-05 07:12:00",336.4,2,sarsashen
8636,16751311,JoangHZ,"2026-08-21 09:18:57",336.3,2,joanghz
8637,16661390,"Raúl García Gómez","2026-08-04 17:04:39",336.1,2,corso138
8638,16624235,appu2431,"2026-08-11 15:56:41",336.1,2,appu2431
8639,16660246,taqnik,"2026-08-08 11:54:39",336.0,2,taqnik
8640,16673167,Karam96,"2026-08-08 11:40:36",335.7,2,karam96
8641,16696800,"VEER GOMA","2026-08-14 15:42:47",335.7,2,novaxoxo
8642,16692906,CodeZee,"2026-08-09 19:50:49",335.5,2,codewithzaeem
8643,16845081,"Sera Ria Gomes","2026-09-10 12:28:43",335.2,2,serariagomes
8644,16768551,"AAYUSHMAAN SINHA","2026-08-25 02:43:00",335.2,2,aayushmaansinha
8645,16867163,"Harikesh Shukla","2026-09-14 05:04:51",335.1,2,harikeshshukla
8646,16690098,"Akshay Kashyap","2026-08-10 17:10:28",334.9,2,akshaykashyapakku
8647,16883375,"Sam Robin Singh E","2026-09-14 22:42:51",334.7,2,samrobinsinghe
8648,16639624,"Nishanth Rajan","2026-08-02 03:25:35",334.7,2,nishanthrajandev
8649,16661191,"Yudha Eka Saputra","2026-08-04 19:28:31",334.7,2,yudhaekasaputra
8650,16721675,stork8i,"2026-08-14 13:16:26",334.5,1,stork8i
8651,16844410,ナポレオン,"2026-09-07 15:46:40",334.5,2,naporeondesu
8652,16682632,Sebastiaan,"2026-08-27 18:24:40",333.9,2,sebastiaanreinders
8653,16622097,"Garrick C.P.","2026-08-10 18:12:06",333.9,2,garrickchinnis
8654,16666171,"JD Crew","2026-08-06 12:52:58",333.8,2,"abhijnanpodder,ahsafabid"
8655,16697694,"Adithya Thiruvalluvan","2026-08-29 17:28:42",333.8,1,forestfire7
8656,16711383,"Monika Kocianova","2026-08-14 11:01:11",333.7,2,monikakocianova
8657,16795163,"Nguyễn Đỉnh","2026-09-14 05:05:43",333.5,2,nguyendinh1507
8658,16723047,"Matheus Finger","2026-09-11 19:15:11",333.2,2,matheusfinger
8659,16767037,"Yubraj Sigdel","2026-08-24 15:45:56",333.2,1,yubraj11
8660,16655446,"Ismael Omar Leonidas Hurtado Vargas","2026-08-04 00:07:01",333.1,1,ihurtadov
8661,16659260,hitesh,"2026-08-05 19:29:28",332.9,2,shahhs
8662,16743604,KeswaniRohit,"2026-08-22 17:19:18",332.6,2,keswanirohit
8663,16735080,"SARTHAK PATIL","2026-09-02 19:23:03",332.4,2,sarthakpatil23
8664,16778327,WangYingChen,"2026-08-28 03:11:28",332.3,1,wangyingchen
8665,16735751,"Hasan Taşkın","2026-08-24 19:36:02",332.2,2,hasantaskin
8666,16654688,"Terrell Millz","2026-08-10 16:08:33",332.2,2,terrellmillz
8667,16657056,"Jacob Ross Piedad","2026-08-06 12:15:14",332.2,1,jacobrosspiedad
8668,16732873,"Yash Rana","2026-08-18 04:57:04",332.1,2,yashrana24
8669,16660341,"Nefise Aybar","2026-08-04 12:37:29",331.9,2,nefiseaybar
8670,16633133,Holeneckles,"2026-09-25 05:06:07",331.9,2,holeneckles
8671,16668471,Broomva,"2026-08-05 14:57:35",331.6,1,broomva
8672,16655555,Bharath2411,"2026-09-03 07:14:26",331.5,2,bharath2411
8673,16692427,"Infy ","2026-08-09 20:48:09",331.4,2,infydes
8674,16683178,soulasin,"2026-08-07 14:32:26",331.1,2,soulasin
8675,16686332,毛治钦,"2026-09-01 05:05:37",331.1,2,maozhiqinf
8676,16795677,"Carol bright","2026-08-31 09:30:28",330.7,2,carolbright
8677,16656732,"Shivam Kashyap","2026-08-04 05:28:03",330.6,1,shiyan0090
8678,16655652,Emergence,"2026-08-10 03:21:04",330.6,2,daylighth
8679,16654407,"Serendeep Rudraraju","2026-09-04 03:17:43",330.4,2,serendeeprudraraju
8680,16936809,"Caleb Ibeh","2026-09-22 08:34:43",330.2,2,calebibeh
8681,16658011,"Arooba Hanif","2026-08-05 07:24:53",330.1,2,aroobahanif
8682,16652805,"Rodrigo Batista da Silva","2026-08-13 13:35:19",330.1,2,eurodrigobatista
8683,16658319,"Huỳnh Nguyễn Trọng Tín","2026-08-06 06:23:40",329.7,2,tnhunhnguyntrng
8684,16928286,sofonias201012,"2026-09-20 09:33:20",329.7,1,sofonias201012
8685,16754141,SicilyTing,"2026-09-08 14:53:25",329.6,2,sicilyting
8686,16691667,jeremyllll,"2026-08-12 03:30:26",329.6,2,jeremyllll
8687,16705798,"orhun uygun","2026-09-24 08:48:21",329.4,2,orhunuygun
8688,16687699,jegazhu,"2026-08-13 22:25:15",329.3,2,jegazhu
8689,16709165,"Yooraj Gole","2026-08-13 18:10:17",329.1,1,yoorajgole
8690,16706276,MitulbhBhatia,"2026-08-18 04:02:38",329.1,2,mitulbhbhatia
8691,16659415,PincheCabrón,"2026-08-17 17:34:01",329.1,2,pinchecabrn
8692,16670812,"Brian Toman","2026-08-09 15:56:22",329.0,2,briantoman
8693,16668340,"Sibi Vishnu","2026-08-08 10:35:33",328.9,2,sibivi
8694,16712257,Banarto,"2026-08-13 07:49:16",328.8,1,banarto
8695,16676974,"Deveshwar U","2026-08-31 01:10:42",328.2,2,deveshwaru
8696,16661212,AnkitRaj4004,"2026-08-23 13:17:37",328.2,2,ankitraj4004
8697,16653105,James,"2026-08-17 16:52:18",328.1,2,jamesquirk
8698,16774954,Ye_xz233,"2026-08-26 15:35:23",328.0,2,yexz233
8699,16710906,Krunal.ix,"2026-08-12 07:06:58",327.9,1,krunalix
8700,16694264,"Vansh Visariya","2026-08-10 09:00:11",327.8,2,vanshvisariya
8701,16882973,"Omar Tarek Abdelkader Ahmed El Belbeisy","2026-09-12 22:59:07",327.7,2,patmux
8702,16678653,Wzjj98,"2026-08-06 19:31:39",327.7,1,wzjj98
8703,16735593,"timur tytrin","2026-08-18 07:37:46",327.6,2,timurtiutrin
8704,16676416,"Abhishek Mishra","2026-08-10 10:09:30",327.1,2,abhishekmishra23
8705,16755377,"Rishi Sutar","2026-09-26 18:22:49",326.7,2,rishisutar
8706,16758426,"Attique Ansari","2026-08-22 11:50:42",326.7,2,attiqueansari
8707,16725769,NikunjMakhija_,"2026-08-19 13:01:57",326.6,2,nikunjmak
8708,16926528,"Badri Vishal","2026-09-19 18:42:19",326.4,2,badrivishal90
8709,16669298,"Dinesh Naveen Kumar Samudrala","2026-09-27 03:10:36",326.4,2,dnkumars
8710,16639067,"ToMY F.","2026-08-11 11:34:31",326.3,1,tomyfdev
8711,16894314,curious007hi9387983,"2026-09-17 07:41:07",326.0,1,curious007hi9387983
8712,16690166,"Niteshwar Mishra","2026-08-08 10:02:22",325.9,2,niteshwarmishra
8713,16632620,"[Deleted] d9d74cbb-c76e-4fbb-a4bf-35e25b48627d","2026-08-08 16:00:16",325.8,2,del=c21e6a8a03ad3b3c
8714,16633330,"danielle Ange","2026-08-12 16:26:03",325.7,2,danielleange
8715,16659234,"MARY RAISA P","2026-08-27 07:06:43",325.7,2,"harinimala21,maryraisap,saha0102"
8716,16660658,Shlok_Sharma0001,"2026-08-19 09:31:48",325.5,2,shloksharma0001
8717,16660099,Desireog71,"2026-08-08 15:01:19",325.5,2,desireog71
8718,16792703,yuvansh,"2026-09-27 06:04:46",325.4,2,yuvansh
8719,16688859,"Muhammad Fayaz Khan","2026-08-08 06:36:02",325.2,2,mfayazkhan
8720,16672138,mostafa69ca,"2026-08-06 05:03:43",325.0,1,mostafa69ca
8721,16683136,"Stefano Ciaci","2026-08-16 14:47:29",325.0,2,stefanovcciaci
8722,16663738,"Handre Bezuidenhout","2026-08-04 23:27:08",324.9,2,handrebezuidenhout
8723,16893490,"Thales Galuchi","2026-09-27 02:20:04",324.8,2,thalesgaluchi
8724,16628296,NoxMetenis,"2026-08-15 17:54:03",324.7,1,avasgaire
8725,16661551,SimonAx,"2026-08-10 09:41:59",324.6,2,simonaxel
8726,16731458,"Arthur Baygildin","2026-08-17 10:06:55",324.6,1,arthurbaygildin
8727,16691936,"Adhar Chaudhari 07","2026-08-09 08:13:35",324.6,2,adharchaudhari07
8728,16691153,"Hafsa Rouchdi","2026-09-26 12:25:36",324.5,2,hafsarouchdi
8729,16662874,"Dev Shah","2026-08-08 01:52:52",324.5,2,imdevshah11
8730,16730679,"Hoàng Trọng Hiếu","2026-09-13 08:32:32",324.3,2,hongtrnghiu
8731,16686716,"menna hassanM","2026-08-28 21:49:51",324.3,2,mennahassanm
8732,16670881,"Amir Y. Sajjadi","2026-08-05 23:56:26",324.3,1,amirysajjadi
8733,16668453,"Kawish Hassan","2026-08-05 16:51:03",324.2,2,kawishhassan
8734,16636643,"Babul Kumar","2026-08-02 07:46:50",324.0,2,babulkumar07
8735,16662659,"Chiziterem Eze","2026-08-11 12:20:48",323.9,2,chiziteremeze
8736,16854519,nmw,"2026-09-09 15:23:56",323.9,2,rubikkaggle
8737,16655919,"Tạ Minh Lễ","2026-08-04 06:46:45",323.9,2,tminhl
8738,16777489,"Yousef Elbaz","2026-08-27 11:18:54",323.2,1,yousefelbaz
8739,16658320,"Justin Eight","2026-08-27 07:29:52",323.1,2,justineight
8740,16670600,"Leon Lum","2026-08-20 14:58:27",322.9,2,leonlum
8741,16782747,goodgreen,"2026-09-19 07:55:18",322.9,2,goodgreen
8742,16672689,"Yusuf Yemez","2026-08-06 06:51:07",322.7,1,yusufyemez
8743,16802128,"vaman soni","2026-09-02 10:08:49",322.5,1,vamansoni
8744,16741982,barry_Paddi,"2026-08-27 07:10:52",322.4,2,barrypaddi
8745,16859646,Andy2009,"2026-09-09 12:12:02",322.4,2,andy2009
8746,16654348,rkeshwani,"2026-08-07 16:17:49",322.1,2,rkeshwani
8747,16671519,"Mandhati Sai ganesh","2026-08-06 06:36:45",321.5,2,mandhatisaiganesh
8748,16661012,"Tesfahun Feleke","2026-09-24 09:04:19",321.3,2,tesfahunfeleke
8749,16865101,"Hanlinh ","2026-09-11 03:58:09",321.0,2,hanlinh227
8750,16733886,LuisMV8,"2026-09-19 16:51:14",321.0,2,luismv8
8751,16706181,"Juvenal Pedro Baptista","2026-08-16 14:58:40",320.8,2,juvenalpedrobaptista
8752,16659688,Daniel,"2026-08-05 12:21:37",320.8,2,danielyazgi
8753,16667033,"Geethika Sandireddy","2026-08-15 07:04:31",320.8,2,geethikasandireddy
8754,16677732,"Alessandro Mermali","2026-08-06 20:52:35",320.7,2,alessandromermali
8755,16855459,"Shune Lae lae Khaing","2026-09-11 17:55:19",320.5,2,shunfloryn
8756,16728261,"Smit Deshaval","2026-08-24 17:44:12",320.5,2,smitdeshaval11
8757,16683075,"Manuel lasarte León","2026-09-04 10:27:02",320.5,2,manuellasarte
8758,16666115,"Iam Intolerable","2026-08-06 07:48:28",320.4,2,iamintolerable
8759,16700876,"Oyegoke Emmanuel","2026-09-04 11:32:28",320.4,2,oyegokeemmanuel
8760,16682342,"Jebez Oswald","2026-08-10 05:38:15",320.3,2,jebezoswald
8761,16633737,nrg,"2026-08-04 20:19:50",320.2,1,nargizaskarbekkyzy
8762,16759407,"Giovanni Colpani","2026-08-22 17:02:37",320.2,2,giovannicolpani
8763,16628190,Horizonx30,"2026-08-09 18:06:56",319.8,2,horizonx30
8764,16624990,"Tanjim Ahmed Kingshu","2026-08-02 07:05:52",319.8,2,tanjimahmedkingshu
8765,16713319,"David Tilman","2026-08-12 18:56:13",319.7,2,davidtilman
8766,16851029,john01234,"2026-09-08 04:57:12",319.7,2,john01234
8767,16656351,"Triet Ho","2026-08-07 07:27:33",319.4,2,trietho247
8768,16757689,YanXiaohan666,"2026-09-14 03:29:51",319.4,2,yanxiaohan666
8769,16657729,"Kandregula V S S V P Krishna Murthy","2026-08-08 15:29:35",319.0,2,kkandregula
8770,16660436,turkenm,"2026-08-06 13:03:36",318.8,2,turkenm
8771,16658897,"Teja Pattem","2026-08-07 10:42:44",318.6,2,tejapattem
8772,16669725,chosunghwan,"2026-08-06 03:52:24",318.4,1,chosunghwan
8773,16682454," Vandanaa R","2026-09-02 09:48:24",318.3,2,vandanaar
8774,16663351,MiguelS,"2026-08-07 15:25:29",318.2,2,lordm758
8775,16726021,"The Farm Game","2026-09-02 13:23:00",317.9,2,"tacostew,thomasbower6"
8776,16765805,"sayyad karimun","2026-08-25 10:14:26",317.9,1,sayyadkarimun
8777,16693821,"DARSHAN A","2026-08-11 18:02:26",317.7,2,ad12345kag
8778,16665980,cshara,"2026-08-06 08:41:16",317.3,2,cshara
8779,16714418,AdriMonFer,"2026-09-01 12:15:21",317.2,2,adrimonfer
8780,16689923,Dhinesh,"2026-08-09 08:39:37",317.0,2,dhineshwarrs
8781,16746121,Nononoi,"2026-08-21 07:18:02",316.7,1,nononoi
8782,16783863,"Vivek Vardhan Reddy","2026-08-31 06:14:34",316.6,2,vivekvardhanreddy77
8783,16668012,"Aleksander Iżemski","2026-08-05 20:52:54",316.4,2,aizemski
8784,16665360,"Ayush Bhadauria","2026-08-19 11:11:51",316.2,2,ayushbhadauria50
8785,16667406,"Abdulrahman AlAsali","2026-08-05 13:20:41",316.2,1,abdulrahmanalasali
8786,16677312,"Kavuri Sravya","2026-08-19 02:33:01",316.2,2,kavurisravya
8787,16929788,"Yusuf Sanusi","2026-09-21 00:50:47",316.0,2,mindbender7
8788,16896350,"Abdelghani M'BAREK","2026-09-20 11:26:09",316.0,1,abdelghanimbarek
8789,16740191,"Arjun Dhillon","2026-08-19 15:15:57",315.6,2,arjundhillon07
8790,16659453,"Ishwar Rathod","2026-08-06 03:29:27",315.5,2,ishwarrathodofficial
8791,16727044,"Kai Leisten","2026-08-16 10:19:42",315.2,2,kaileisten
8792,16659523,"Ahmad Khidir","2026-08-27 22:33:31",315.1,1,ahmadkhidir
8793,16691813,Hyezir4,"2026-08-10 08:36:47",315.1,2,hyezir4
8794,16925237,"Abdullah Ahmed saeed","2026-09-22 09:42:28",315.0,2,abdullahahmedsaeed
8795,16800468,Vaishnavi,"2026-09-01 11:13:30",314.9,1,vaishnavisri09
8796,16916821,"Amjath S","2026-09-19 18:03:15",314.9,2,amjaths
8797,16695592,"André Luiz Pedroso","2026-08-09 11:59:19",314.9,1,andreluizpedroso
8798,16660369,"Dev MCP","2026-08-04 12:59:09",314.8,1,nishant2905
8799,16672168,"Justin Rutkowski","2026-09-13 08:13:41",314.8,2,justinrutkowski
8800,16625011,"Heng Yu","2026-08-18 06:30:56",314.8,1,megalobox1
8801,16660568,Fascetta,"2026-08-07 20:48:53",314.5,2,fascetta
8802,16698739,"Sahrul Adicandra","2026-08-11 04:06:08",314.2,2,sahruladicandra
8803,16666056,"sarthak gupta1303","2026-08-05 11:01:04",314.2,2,"sarthakgupta1303,sathviktummalapenta"
8804,16723046,"Pedro Joás","2026-09-11 14:59:09",313.6,2,pedrojos
8805,16794729,Copperford,"2026-09-08 00:41:27",312.6,2,copperford
8806,16757557,BitxWolf,"2026-08-22 19:06:48",312.2,2,bitxwolf
8807,16661157,Shenlai,"2026-09-17 14:02:50",311.9,2,shenlai
8808,16664469,"Thorlapati Nikhil","2026-08-11 19:11:09",311.9,2,thorlapatinikhil
8809,16662856,"Pranjal Arya","2026-09-11 09:30:08",311.3,2,pranjalaryaa
8810,16720606,Williamtime,"2026-08-17 03:11:34",311.0,2,williamtime
8811,16838913,LunaT2,"2026-09-05 09:10:21",311.0,1,lunat2
8812,16719709,Rishiii360,"2026-08-18 03:46:23",310.9,2,rishiii360
8813,16635243,MlMlDev34,"2026-08-01 11:26:52",310.9,2,mlmldev34
8814,16941648,ITibe88,"2026-09-22 19:04:58",310.7,2,itibe88
8815,16664718,Vedika_,"2026-08-11 18:28:09",310.7,1,lighjt
8816,16657616,"Manikumar Kundena","2026-09-20 17:25:19",310.6,1,manikumarkundena
8817,16709910,Spinort,"2026-09-19 07:37:27",310.2,2,spinort
8818,16943467,"Goose Gang","2026-09-26 16:26:37",310.2,2,"itzpk16,mohamedfarih,radeshl"
8819,16668271,"Shashank Raj","2026-08-06 14:27:00",310.1,2,ssr6156
8820,16777607,"je nap","2026-08-30 01:56:28",310.0,2,johnenapoles
8821,16675048,Wizard_King,"2026-08-06 19:35:41",309.9,2,anshumanrayy
8822,16823229,aper,"2026-09-05 08:42:58",309.5,2,todaya
8823,16661690,codefusiondu,"2026-08-06 04:53:25",309.3,2,codefusiondu
8824,16868034,"Vivek Teja","2026-09-14 19:25:09",309.0,1,vivektejaraju
8825,16666639,"Dheeraj Pranav","2026-08-24 19:38:42",309.0,1,dheerajpranav
8826,16662491,Rudra070311,"2026-08-11 17:06:39",309.0,2,rudra070311
8827,16623730,"Ethan Higgins","2026-07-31 02:25:21",308.9,2,ethanhigginz
8828,16739356,Renuka,"2026-09-22 11:47:53",308.8,1,alphy1603
8829,16724976,Soham,"2026-08-18 11:28:07",308.8,2,soham308
8830,16755632,"Adarsh Yadav","2026-08-21 16:34:37",308.6,1,adarsh12yadav
8831,16689841,Pavani2325,"2026-08-08 10:00:56",308.3,2,pavani2325
8832,16784712,SIDDpat,"2026-08-30 08:13:50",308.3,2,siddpat
8833,16633982,Nikunj1375,"2026-08-07 08:40:29",308.3,2,nikunj1375
8834,16665252,"Harsh Katara","2026-08-05 06:51:14",308.1,1,harshkatara
8835,16690183,ankit8924praj,"2026-08-14 15:43:56",307.7,2,ankit8924praj
8836,16713082,"Siyam Molla","2026-09-06 08:06:43",307.6,2,siyammolla
8837,16698591,FestusKipkoech,"2026-08-28 18:58:28",307.5,2,festuskipkoech
8838,16791786,BladeOffline,"2026-08-30 03:42:42",307.3,1,bladeoffline
8839,16765997,"Diya Sharma","2026-09-13 18:08:07",307.2,2,diyasharmanexa
8840,16655729,"Arnab Mallick","2026-08-04 02:41:48",307.1,2,arnabmallick24
8841,16674678,"Tinotenda Garikayi","2026-09-24 06:22:44",307.0,2,tinotendagarikayi
8842,16660996,"Thịnh Nguyễn Chí Tiến","2026-08-08 01:49:40",306.6,2,thnhnguynchtin
8843,16632558,RUI,"2026-09-18 11:34:17",306.5,2,zaiwubian
8844,16729572,"Aswin Ramanathan","2026-08-17 16:17:38",306.4,1,aswinramanathan
8845,16700187,"adrian purnama","2026-08-10 10:50:45",306.3,1,adrianpurnama
8846,16659865,Rithikaaaaah,"2026-08-17 07:09:08",306.2,2,rithikaaaah
8847,16661639,"Jayanth Kumar D","2026-08-06 13:36:46",306.0,2,jayanthkumard
8848,16623405,nbarlow,"2026-08-12 20:01:08",305.7,2,nickbarlow
8849,16686700,"Hakkı selim Ak","2026-08-07 17:06:03",305.5,1,hakkselimak
8850,16672020,"Arum Puri ","2026-08-18 14:03:33",305.3,2,arumpuri
8851,16728948,L3MG,"2026-08-16 21:17:06",305.3,2,lemgyy
8852,16866140,Mantis,"2026-09-22 16:59:18",305.1,2,orchidmantis
8853,16655811,"Duy Trần","2026-08-04 08:23:27",304.8,1,duyqtrn
8854,16763916,"Mohamed Nchourupouo","2026-08-24 09:28:47",304.7,2,mohamednchourupouo
8855,16932204,"Doğuş Özel","2026-09-20 22:27:23",304.6,2,dozel7
8856,16770232,MinhTran2346,"2026-09-07 14:12:04",304.5,2,minhtran2346
8857,16701902,"Matthew Souza Chong","2026-08-11 05:58:50",304.3,2,matthewsouzachong
8858,16681177,"Ivan Kevin Garcia Hernandez","2026-08-17 19:25:34",304.1,2,jedilgh
8859,16732315,"Filip Chladek","2026-08-17 13:37:38",304.0,2,filipchladek
8860,16665661,Ikhbar,"2026-08-05 09:50:57",303.7,2,ikhbar
8861,16881665,"Negar Hassantabar","2026-09-27 03:29:07",303.6,2,negarhassantabar
8862,16634769,Fivingone,"2026-08-03 03:47:43",302.9,2,fivingone
8863,16701924,"Uma maheshwari T","2026-09-23 15:36:09",302.6,1,umamaheshwarit
8864,16660473,"Owen M Kelley","2026-08-10 00:53:11",302.5,2,owenmkelley
8865,16669204,Scout,"2026-09-26 23:48:19",302.4,2,"aeryst,divyanshxanshu,mridulahluwalia06,shlokgoyal1234,smaggr"
8866,16784538,"mou1234568 fdsfds","2026-08-28 18:05:29",302.3,2,mou1234568fdsfds
8867,16789486,TanjiahaoXX,"2026-08-29 07:47:37",302.2,1,tanjiahaoxx
8868,16673152,"Arijit Raj","2026-08-06 08:23:14",301.9,2,arijitraj02
8869,16711348,ticoraph,"2026-08-21 18:55:56",301.8,2,ticoraph
8870,16823858,"James Mills","2026-09-23 17:08:00",301.6,2,jamesmills1975
8871,16707092,"Asharani Sahu","2026-08-11 11:19:08",301.5,1,asharanisahu
8872,16656506,"Piyush Harde","2026-08-04 12:54:26",301.2,2,piyushharde
8873,16774471,"Seymour Schmidt","2026-09-16 10:56:11",300.9,2,angrybread
8874,16687403,"Raja Sai Vardhan","2026-08-09 08:19:22",300.7,2,rajasaivardhan
8875,16706591,"Poorvi Shetty","2026-09-25 14:34:13",300.4,2,poorvishetty1
8876,16652970,"Abhay sarkar","2026-08-05 14:40:05",300.3,1,abhaysarkarai
8877,16660992,"Vishnu Vardhan Dumpala","2026-08-05 18:17:30",300.2,1,vishnuvardhandumpala
8878,16749568,"Nana Hung","2026-08-23 02:17:34",300.0,2,nanahung
8879,16898267,Tannybro,"2026-09-20 09:31:41",299.9,2,tannybro
8880,16807668,kilariHemalatha,"2026-09-05 04:33:19",299.9,1,kilarihemalatha
8881,16681801,majj,"2026-08-11 03:07:46",299.7,2,m313786372
8882,16687648,"RSJ CorneR","2026-09-23 19:07:08",299.6,2,rsjcorner
8883,16702052,"Beny Pratama Putra","2026-08-12 16:18:20",299.5,2,benypratamaputra
8884,16668166,Pikachu,"2026-08-05 14:52:15",299.5,2,"arpankumarsinha,phantomboy69,subhojitpaul2006"
8885,16771870,"kumi cho","2026-09-22 14:52:46",299.5,2,kumicho
8886,16627796,tizawa3,"2026-09-26 23:29:16",299.4,2,tizawa
8887,16659493,"Ori Glisko","2026-08-09 14:27:44",299.4,2,origlisko
8888,16805109,"иван астахов","2026-09-10 21:30:35",299.4,2,iastakhov
8889,16690163,"Abhay Upadhyay","2026-08-08 18:05:54",299.3,2,abhay18s
8890,16845556,"li Insomenia","2026-09-07 04:07:10",299.2,2,liinsomenia
8891,16686789,Hay-gent,"2026-09-07 05:37:52",299.1,2,"alagusuriyas,gayathrisrimai"
8892,16682345,Gordy,"2026-08-31 07:39:13",299.0,2,gordyii
8893,16659975,"Rahul Sain","2026-08-05 18:54:58",298.7,2,rahulsain2001
8894,16844194,小林周人,"2026-09-17 14:57:34",298.6,2,kobashu
8895,16624553,"Abiram Bharathi S.A","2026-09-08 11:40:32",298.6,2,abirambharathisa
8896,16785111,"JEFFREY KIRUBA J ","2026-08-28 18:07:41",298.3,1,jeffreykirubaj
8897,16643303,sigireddyBalasai,"2026-09-12 11:40:23",298.0,2,sigireddybalasai
8898,16912620,"Mitul Khemani","2026-09-17 09:25:17",298.0,2,mitulkhemani
8899,16655621,xia0910,"2026-08-08 11:03:21",297.7,2,xia0910
8900,16721533,"Lakshya Sharma","2026-08-16 06:01:34",297.4,2,lakshyasharma007
8901,16810051,Reddi_twelve,"2026-09-03 23:26:30",297.3,1,redditwelve
8902,16809426,"The Nafl","2026-09-10 11:20:55",297.2,2,nafalrust
8903,16653054,Khongor2424,"2026-08-03 15:32:17",297.1,2,khongorkikaik21
8904,16690514,"Aditya #3","2026-08-09 06:29:48",297.0,1,a0x1ab
8905,16673753,hmmmSure,"2026-09-15 18:13:47",296.8,2,gerardnitt
8906,16712089,"yui seya","2026-08-12 12:17:02",296.7,2,yuiseya
8907,16652899,Isha,"2026-08-22 05:51:50",296.4,2,aarohi20
8908,16830884,"Khalil hafni","2026-09-14 23:51:56",296.1,1,hafnix
8909,16684308,Itsside_jay,"2026-08-07 11:46:48",296.1,1,itssidejay
8910,16883188,gunnarrrr,"2026-09-27 02:29:26",296.0,2,gunnarrrr
8911,16855181,Komal_Rani,"2026-09-08 16:39:15",295.9,2,komalvinayak
8912,16658452,Hillclimber,"2026-09-13 01:50:22",295.9,2,driessmit1
8913,16694673,"B T Chinmayi","2026-08-27 19:47:10",295.8,2,btchinmayi
8914,16849173,"Sarvajith Adyanthaya","2026-09-07 16:51:17",295.7,1,sarvajithadyanthaya
8915,16690882,"Meet P. Shah","2026-09-05 04:32:03",295.0,2,meet47
8916,16766823,suikkee,"2026-09-02 05:05:50",294.5,1,suikkee
8917,16705294,"zhenf Liu","2026-08-11 07:51:06",294.4,2,zhenfliu
8918,16818690,"Arionchen TitanTeam","2026-09-04 08:52:16",294.0,2,arionchentitanteam
8919,16662054,"phantom of shubh","2026-08-11 07:54:46",293.6,1,shubhamkumar123490
8920,16667773,ShashankJha,"2026-09-25 17:08:01",293.4,2,shankinfy
8921,16690055,"Prem Kumar","2026-09-02 05:56:28",293.4,2,premkumar099
8922,16671959,"Sintu Verma","2026-08-09 05:44:56",293.4,2,sintuverma
8923,16682559,"Punit Pritam Mohanty","2026-08-11 06:21:03",293.3,2,punitpritammohanty
8924,16666353,"Pal Savani","2026-09-14 19:01:01",292.9,2,palsavani
8925,16698920,"Rishabh Bhartiya","2026-08-12 13:48:26",292.9,2,rishabhbhartiya
8926,16728465,"Abdurrahman Assegaf","2026-08-16 12:13:15",292.9,2,amanshop
8927,16659060,Pratham3gewg,"2026-08-06 18:26:51",292.9,2,pratham3gewg
8928,16721849,ayushai8714,"2026-08-28 09:36:41",292.5,2,ayushai8714
8929,16653903,Manav2805,"2026-08-04 09:25:08",292.2,2,manav2805
8930,16915613,MDM,"2026-09-17 16:03:54",292.1,2,themdm
8931,16660543,"BUTUH DUIT","2026-08-06 07:39:16",292.0,2,abulkahfi
8932,16674394,"Ishant Mittal","2026-08-08 09:24:57",291.8,2,ishantmittal95
8933,16725135,"clement cg","2026-08-19 07:54:00",291.6,2,clementcg
8934,16664218,"Nguyen Vu Tue Khang","2026-08-24 03:32:10",290.4,2,nguyenvutuekhang
8935,16838645,"Deepak #2","2026-09-06 10:20:54",289.9,2,deepakup85
8936,16677034,gollapallysaikiraan2,"2026-09-18 21:45:24",289.7,2,gollapallysaikiraan2
8937,16661955,Bingos,"2026-08-05 11:43:07",289.6,2,bingos
8938,16685996,"Universal Entropy","2026-08-07 16:22:28",289.5,1,fennerjw
8939,16794647,"Michael Cahill","2026-09-01 07:46:28",289.4,2,michael1232
8940,16624246,"xu j1ayang","2026-08-11 05:12:47",289.4,2,xuj1ayang
8941,16692084,"Kaggri Farmers","2026-08-29 19:47:29",289.2,2,"jayant99acharya,satvikkolluru"
8942,16882689,Soodari,"2026-09-12 21:56:31",289.0,2,soodari
8943,16882182,":T Eh?","2026-09-13 09:16:32",289.0,1,goulustis
8944,16885028,"wen yimeng","2026-09-13 09:26:04",288.7,1,wenyimeng
8945,16659696,"Lakshyaraj Singh Rathore","2026-09-05 18:47:32",288.6,2,lakshyarajrtm
8946,16662495,Earth,"2026-08-15 10:54:03",288.4,2,earthearth
8947,16784605,"Iniyan M D R","2026-08-28 13:53:22",288.2,1,iniyanmdr
8948,16684168,"Roaya Saed","2026-08-10 14:36:20",288.0,1,roayasaed
8949,16676302,Arnav,"2026-08-08 06:10:01",288.0,2,arnav03101
8950,16646076,"Ajeet Krishnasamy","2026-08-04 19:52:27",287.8,2,ajeetkrish
8951,16658620,"Dina Chettouh","2026-08-04 09:13:27",287.8,2,dinachettouh
8952,16686941,vishu,"2026-09-24 12:47:08",287.7,1,vedanthshetty
8953,16796258,"Lanzhi Jiao","2026-09-03 08:31:13",287.5,1,lanzhijiao
8954,16652397,"Aniket Kumar","2026-08-06 13:29:50",287.2,2,kalkiavatar3
8955,16668333,VishalVivek,"2026-08-07 09:46:17",287.1,1,vishal14332
8956,16732280,"Akarsh kumar shukla","2026-08-18 20:38:35",287.0,1,akarshkumarshukla
8957,16715576,bhavnachavda21,"2026-09-26 15:26:41",287.0,2,bhavnachavda21
8958,16676305,JTHEFROG,"2026-08-08 12:09:45",286.9,2,joshyuasa
8959,16658990,"Muhammad Burhan SE-45-02","2026-08-07 04:26:18",286.7,2,muhammadburhanse4502
8960,16668559,Goups,"2026-08-22 09:11:46",286.5,2,hervrenard
8961,16655315,SL,"2026-08-13 01:50:18",286.3,2,xndr007
8962,16707372,"zidu cheng","2026-08-11 13:30:40",286.0,1,ziducheng
8963,16814858,"Sankalp Patidar","2026-09-15 08:57:20",286.0,2,sankalppatidar
8964,16757233,"Tet Toe Wai","2026-08-24 07:51:45",285.8,1,tettoewai
8965,16716592,"Poma Mikhail","2026-09-10 09:08:04",285.7,2,ambisinistra
8966,16665758,"Oladipo Bashir","2026-08-31 10:23:51",285.4,1,oladipobashir
8967,16920837,"Borys Koza","2026-09-18 13:00:28",285.2,1,boryskoza
8968,16736202,杨雨灿,"2026-09-08 00:51:59",285.1,2,yucanyang
8969,16729246,"Ayodeji Akinola","2026-08-29 19:45:30",284.7,2,ayodejiakinola
8970,16650070,"jakub slavíček","2026-08-04 12:58:40",284.5,2,jakubslavicek
8971,16683421,"Ruchita Yadav","2026-08-13 18:09:54",284.5,2,ruchitayadav20
8972,16682262,"Pardeep Singh","2026-09-01 11:01:27",284.3,2,pardeep06
8973,16672670,RonTroy,"2026-08-13 04:46:15",284.2,2,rontroy
8974,16784225,sulala,"2026-08-29 08:51:26",284.1,2,sulala
8975,16662403,"ulaş özen","2026-08-05 19:49:16",283.3,2,ulazen
8976,16682623,"Aditya Paul","2026-08-14 12:44:45",283.2,2,adityapaul634
8977,16748410,Lemons,"2026-08-21 19:44:07",283.2,1,takahiromatoba
8978,16755664,"Shivam Rajdev","2026-09-04 19:28:36",283.0,2,shivamrajdev
8979,16792780,"Sreekar Reddy","2026-09-01 15:33:38",282.9,2,eshured
8980,16778585,Deepa,"2026-09-27 02:46:31",282.9,2,deepa42639
8981,16641866,"Prem Gandhi","2026-08-06 19:48:18",282.9,2,gprem352
8982,16893131,"Jenny Dinh","2026-09-21 13:27:12",282.7,2,"jeanguo000,jenny125,keytran8850"
8983,16911725,"casey blanche","2026-09-18 23:50:00",282.6,2,caseyblanche
8984,16675218,데미안과마루,"2026-08-18 14:16:13",282.6,2,siver3
8985,16839939,Lemonabc,"2026-09-05 12:56:42",282.5,1,lemonabc
8986,16862268,"Vishal Harry","2026-09-12 21:26:48",282.5,2,vshr777
8987,16657891,"Joshua Kinnah","2026-08-07 23:00:45",282.5,2,joshuakinnah
8988,16654430,"Rishoban Y","2026-08-07 13:46:37",282.4,1,rishoban
8989,16698562,Kyoko004,"2026-08-11 04:38:18",282.3,1,kyoko004
8990,16658450,"Krish Singh","2026-08-05 16:11:00",282.3,2,krishsingh2283
8991,16663600,"Adrián Flores","2026-08-05 00:38:36",282.2,2,foward2892
8992,16858604,"Ye Naing","2026-09-10 02:42:59",282.1,2,yenaing
8993,16678362,"Mitiku Yohannes","2026-08-07 00:00:37",282.1,2,mitiku
8994,16634016,"Adrien Thomas","2026-09-21 17:32:37",282.0,2,adrienthomas
8995,16669576,"zarnab waheed","2026-08-17 19:20:34",281.8,2,zarnabwaheed
8996,16697373,"Sumit Bhattacharjee","2026-08-29 18:29:11",281.4,2,sumitbhattacharjee
8997,16761994,"Talha Sayyad faim","2026-08-23 11:32:37",281.3,1,talhasayyadfaim
8998,16669535,sakshitantak,"2026-08-08 05:16:32",281.2,2,sakshitantak
8999,16797284,Alice7371,"2026-08-31 17:58:22",281.0,1,alice7371
9000,16658489,小出和見,"2026-08-13 23:23:04",281.0,2,kzmk8d
9001,16684223,"Aayush Shah","2026-08-13 17:57:28",281.0,2,aayushshah265
9002,16748092,Luckshith,"2026-08-20 12:59:43",280.6,2,luckshith
9003,16730653,"Daham Dissanayake","2026-08-21 03:17:15",280.6,1,"dahamdissanayake,dinuginimnara"
9004,16659581,"isah ridwan","2026-08-07 09:02:00",280.5,2,isahridwan
9005,16707118,"DEVEN BAGADE","2026-08-11 11:24:10",280.5,2,devenbagade
9006,16919058,"Bethany Stringer","2026-09-19 10:18:38",280.1,1,bethanystringer
9007,16862181,"M chetin","2026-09-12 18:51:14",280.0,2,cetin95
9008,16662913,"IYAMPAYE ribert","2026-08-04 19:01:38",280.0,1,iyampayeribert
9009,16661290,"Kelian Esteve","2026-08-04 14:33:13",279.9,1,kelianesteve
9010,16658725,"syed jawad","2026-08-17 08:49:32",279.7,1,syedjawad663
9011,16868524,"Chutayu Adhittayawong","2026-09-11 03:30:13",279.6,2,arteezy009
9012,16915237,"Greg Spitz","2026-09-25 22:26:24",279.4,2,gregspitz
9013,16631989,"VIDIT SHRIMALI","2026-07-31 17:13:46",279.2,1,viditshrimali
9014,16654253,"Gaius K Biju","2026-08-03 18:51:18",279.0,2,gaiuskbiju
9015,16791680,"Surja Sarker","2026-09-04 12:12:24",278.9,2,surjasarker
9016,16688231,"Antoine Matemane Mahirwe","2026-08-10 19:40:15",278.7,2,antoinemah
9017,16707179,"Achintya Rai","2026-08-12 11:15:16",278.4,2,achintyarai
9018,16623161,"Charles Kalaba","2026-08-08 13:06:02",278.3,2,charleskalaba
9019,16665114,"Francesco Benincasa","2026-08-05 09:56:52",278.1,2,francescobenincasa
9020,16655875,PLLZ,"2026-08-17 01:11:41",277.8,2,pllzzz
9021,16632319,Valentin,"2026-07-31 21:14:24",277.5,1,vaha94
9022,16660308,zhangzhenman,"2026-08-25 06:14:26",277.4,1,zhangzhenman
9023,16652276,Phare111,"2026-08-04 15:09:55",277.0,1,phare111
9024,16759726,Phoenix,"2026-08-22 19:43:10",276.9,1,seanht1
9025,16785050,"MITHIL J URK26CS7067","2026-08-28 18:29:14",276.9,1,mithiljurk26cs7067
9026,16666316,adityakr1001,"2026-08-05 09:33:41",276.9,1,adityakr1001
9027,16765570,"Akhand Soni","2026-08-24 12:47:42",276.7,1,akhandsoni
9028,16679389,"JOMIN URK21CS1077","2026-09-27 05:49:23",276.7,2,jominurk21cs1077
9029,16660529,Imaanga,"2026-08-10 11:41:21",276.4,2,imaangababy
9030,16724743,"Dr. James Gambrah","2026-08-17 08:48:47",276.2,2,jamesgambrah
9031,16741555,"Rushikesh Shirwalkar","2026-08-19 11:02:46",275.5,2,rushikeshshirwalkar
9032,16637025,kodalien,"2026-08-10 15:21:00",275.4,2,kodalien
9033,16723487,RoboDavo,"2026-08-19 00:36:17",275.2,2,robertdavidson1911
9034,16682422,"SABBIR HOSSAIN 2029","2026-08-16 14:23:24",275.1,2,sabbirhossain2029
9035,16675037,"Stanislav Pashkov","2026-08-08 20:50:16",275.0,2,stanislavpashkov
9036,16841154,Kinjal,"2026-09-05 22:13:51",274.9,2,kinjalparmar5009
9037,16847927,"Laiba Hameed","2026-09-12 09:00:51",274.7,2,laibahameed08
9038,16758856,"Ali Zaib","2026-08-27 20:12:02",274.7,2,alizaib001
9039,16657159,"Amey Malpurkar","2026-08-11 07:35:27",274.4,2,"ameymalpurkar,siddheshsadarao"
9040,16865663,GauravPramodJain,"2026-09-10 09:44:04",274.2,1,gauravpramodjain
9041,16657426,"M.Mukunda Reddy","2026-08-17 06:18:11",274.2,2,mmukundareddy
9042,16654306,Shubham,"2026-08-03 19:09:40",274.1,2,sanjayshubham24
9043,16669188,Sebastián,"2026-09-25 21:30:33",274.0,1,sebatl
9044,16769212,"jason vetter","2026-08-25 05:48:22",273.7,1,jasonvetter
9045,16734670,Sparsh,"2026-08-22 01:48:51",273.6,2,sparshsinha24
9046,16655734,dworld,"2026-08-05 04:13:18",273.0,2,jagdishhalde
9047,16747086,Karma_350234,"2026-08-20 09:56:52",272.7,1,karma350234
9048,16683284,"Haha Farming","2026-08-07 14:38:04",272.2,1,"akshitharamesh,harinir1423"
9049,16761731,"James Hu","2026-08-23 17:50:28",272.0,1,cnjameshu
9050,16663253,"Albert Benjamin Asare","2026-08-06 19:29:05",271.5,2,albertbenjaminasare
9051,16753817,Karmers,"2026-09-24 08:52:46",271.5,2,"prasenjittadake,swapnilpatil2737"
9052,16761681,"Ming Myung","2026-08-24 05:12:56",270.8,2,vanhaminhquan
9053,16665614,MesonLabs,"2026-08-11 06:17:27",270.5,1,mesonlabs
9054,16665243,"Harshit Jha","2026-08-05 13:40:16",270.4,2,harshitjha28
9055,16746682,"julio cesar valencia","2026-09-24 04:19:19",270.2,2,juliocesarvalencia
9056,16748712,"Amit Kumar Gupta","2026-08-21 13:33:00",269.8,2,eramitg
9057,16813582,Soham_7391,"2026-09-16 09:59:13",269.8,2,soham7391
9058,16690187,"Amrita Singh","2026-08-08 10:34:51",269.7,2,amrita004
9059,16690161,"Sudipto Event","2026-08-11 09:25:00",269.6,2,sudiptoevent
9060,16684191,"Patel Aryan D","2026-08-10 07:36:13",269.6,2,patelaryand
9061,16661879,"Pham Truc","2026-08-07 07:21:46",269.3,1,genti1206
9062,16839430,EliaSav,"2026-09-06 15:33:34",269.1,2,eliasav
9063,16756768,"Sayeed Ibrahim","2026-08-22 01:32:12",268.9,2,sayeedibrahim
9064,16724204,chestnut,"2026-08-21 02:15:17",268.7,2,yskkrbysh
9065,16711610,cc_z_kaggle,"2026-08-12 09:33:23",268.4,1,cczkaggle
9066,16822259,"Craig Goldswain","2026-09-07 14:52:01",268.4,2,craiggoldswain
9067,16677629,"XIE Jintao","2026-08-06 18:47:28",268.3,2,xiejintao
9068,16716476,lnssan,"2026-08-20 13:05:18",268.2,2,lukanilssandmayr
9069,16748206,ArtlexYang,"2026-08-25 08:43:28",267.9,1,artlexyang
9070,16670674,"Foodle Jang","2026-08-19 22:14:34",267.8,2,foodlejang
9071,16790545,Adnane,"2026-09-01 02:18:09",267.7,2,adnaneel
9072,16790483,"ivo nahuel jasinskas","2026-08-29 14:08:28",267.5,1,ivonahueljasinskas
9073,16939560,"Zhi Quan","2026-09-22 05:35:09",267.4,1,zhiquannn
9074,16691354,"Vedika Gupta","2026-08-08 14:20:25",267.1,1,vedikagupta0
9075,16929898,"Senadie Damsini Fernando","2026-09-20 10:49:49",267.1,1,senadiefernando
9076,16762045,ADV,"2026-08-23 13:28:56",266.7,1,shuntianjiang
9077,16749514,"M Harini","2026-09-21 14:52:15",266.5,2,rvmharini
9078,16658065,"Parul Mittal","2026-08-06 13:55:51",265.8,1,pisces83
9079,16712086,"Zubair Shafi","2026-08-16 23:23:04",265.8,2,zubairshafi5050
9080,16651668,Haiku,"2026-08-05 06:28:54",265.3,2,yangjiefu
9081,16840506,"Jayanth Earla","2026-09-10 16:46:21",265.3,2,jayanthearla
9082,16750033,davidw001,"2026-08-20 17:13:07",265.2,1,davidw001
9083,16730086,HanaGhanem,"2026-09-20 22:15:11",265.2,2,hanaghanem
9084,16676007,"Lao KENAO","2026-08-15 01:15:48",265.0,2,laokenao
9085,16773545,faithk7u,"2026-08-31 21:57:43",264.3,2,faithk7u
9086,16713204,Mohamedg,"2026-08-24 23:15:06",264.3,2,mohamedgcroesus
9087,16660957,CREVATEC,"2026-08-11 09:30:33",263.9,2,"olakunleolalekan,samueloladeji"
9088,16665461,"Krishna Golwala","2026-08-24 18:39:08",263.8,2,krishnagolwala
9089,16658676,"Abdul Roheem Abdul Warith","2026-08-04 18:59:04",263.8,1,albasoliyy
9090,16697283,Puranjay02,"2026-09-10 07:09:06",263.8,2,puranjay02
9091,16663945,anyasri,"2026-09-22 18:19:28",263.3,2,anyasri
9092,16739918,POLAROID_86,"2026-08-18 21:56:04",263.3,2,polaroid86
9093,16654568,Samiksha_Chan1022,"2026-09-20 14:26:32",262.5,2,samikshachan1022
9094,16676084,"Abir Majdi","2026-08-24 00:24:35",262.3,2,abirmajdi
9095,16736084,"Kaishang Zhang","2026-09-02 13:41:28",262.2,2,kaishangzhang
9096,16658941,Matts6591,"2026-08-17 07:59:36",262.1,1,mathwithmatt
9097,16926905,"George Quadros","2026-09-21 21:56:55",261.7,2,georgequadros
9098,16654293,"Jatin N. Soni","2026-08-18 09:59:05",261.6,2,jatinsoni111
9099,16718890,"Andy Symonds","2026-08-19 23:04:11",261.1,2,andyivanhoe
9100,16765329,"Bart Woz","2026-08-31 14:18:24",261.0,2,bartwoz
9101,16882350,akacome,"2026-09-12 18:32:37",260.9,1,akacome
9102,16662039,"Ajat Rosadi","2026-08-04 16:58:10",260.7,2,ajatrosadi
9103,16922872,EricWang,"2026-09-18 23:56:44",260.6,1,ericwang915
9104,16756174,"Mateo Coelho","2026-09-02 19:10:01",260.6,2,mathsco
9105,16649650,"Ashish Barnawal","2026-08-11 04:08:04",260.3,1,klein4
9106,16656881,"Eugene Nyondo","2026-08-30 22:33:50",259.9,2,eugenenyondo
9107,16656595,"Sithija Amarathunga","2026-08-04 10:09:50",259.7,2,sithijaamarathunga
9108,16665371,"Kevoh Mutwiri","2026-09-20 20:33:29",259.5,2,kevohmutwiri
9109,16938753,"Kedar K0","2026-09-22 03:42:53",259.5,1,kedark0
9110,16658357,heetmehta18,"2026-08-07 13:30:40",258.9,2,heetmehta0000
9111,16687151,harshi101,"2026-08-08 06:32:37",258.9,2,harshi101
9112,16929949,"mohamed seddik sakai","2026-09-22 13:32:24",258.5,2,mohamedseddiksakai
9113,16762084,"Krishna Lokhande","2026-08-23 14:08:48",258.4,1,krishnalokhande8080
9114,16663869,CYBER_TECH99,"2026-08-05 01:40:15",258.2,2,cybertech99
9115,16670185,"Odilon Yehouenou","2026-08-13 20:23:58",258.1,2,odilonyehouenou
9116,16707228,"Milind Bansal","2026-08-11 11:45:00",258.1,1,milindbansal18
9117,16661213,"Daniel Siersleben","2026-08-05 12:53:41",257.7,1,danielsiersleben
9118,16668464,Mauro,"2026-08-05 15:57:27",257.6,2,ilmaurino
9119,16707941,ニイエチカイン,"2026-08-14 15:28:42",257.5,2,j4ck99
9120,16822994,"Peter Danilov","2026-09-03 18:16:23",257.0,1,pndanilov
9121,16887893,"Sridhar C","2026-09-13 20:12:56",256.7,2,sridharchinnasamy
9122,16936360,nicapotato,"2026-09-21 13:51:51",256.7,1,nicapotato
9123,16661587,"Debashis Mohapatra","2026-08-05 09:05:50",256.5,2,debashismohapatra
9124,16842088,"Hrithik Reddy","2026-09-07 09:46:01",256.3,1,hrithik22122
9125,16740506,Growingduck,"2026-09-02 03:18:21",256.3,2,jaeminkang2021
9126,16669523,Jackson55171,"2026-08-05 18:21:00",256.3,2,jackson55171
9127,16759675,TianKitty,"2026-08-27 04:43:06",256.3,1,tiankitty
9128,16713601,"Omar spok","2026-08-19 13:27:13",256.1,2,omarspok
9129,16657777,"sandeep kumar","2026-08-04 11:41:21",255.9,2,sandeep088
9130,16889111,"Abel Garza-Ramírez","2026-09-19 01:12:05",255.8,1,abelgarzaramrez
9131,16922932,Anteee231,"2026-09-21 04:19:19",255.7,2,anteee231
9132,16632881,"Brisa Marina","2026-08-07 16:13:15",255.7,1,brisamarina
9133,16695733,"Imad Zaanine","2026-08-11 02:11:15",255.5,2,imadzaanine
9134,16740950,Shaw,"2026-08-23 10:07:14",255.4,2,shaw06
9135,16655003,"Paramjeet Kaur","2026-08-04 21:09:02",255.4,1,kauxp26
9136,16677788,DorianCo,"2026-08-06 18:10:06",254.9,2,dorianco
9137,16703295,Yuting,"2026-08-13 20:42:16",254.9,2,yutinghanuxd
9138,16809584,"Kinnal Rutu","2026-09-02 15:01:01",254.8,2,kinnalrutu
9139,16689903,wangbohuan,"2026-08-08 09:35:12",254.5,2,wangbohuan
9140,16655508,bigsea,"2026-08-04 01:31:58",254.5,2,sakamakihiromi
9141,16821068,"Danila Goncharenko","2026-09-03 15:22:12",254.3,2,danilegovich
9142,16659203,"Praful Nayak","2026-08-05 08:17:06",254.2,2,prafulnayak2003
9143,16658795,"Case Seller","2026-08-30 06:46:45",254.2,2,caseseller
9144,16809620,"Mohamed Alaa Elboraay","2026-09-02 19:11:42",254.1,2,mohamedalaa10
9145,16662861,"Chirag Tutlani","2026-08-04 19:13:05",253.9,1,chiragtutlani
9146,16657378,doteeee,"2026-08-14 11:43:40",253.9,2,narendra
9147,16889340,aryansaini1612,"2026-09-15 04:04:12",253.8,1,aryansaini1612
9148,16667700,"Omar Mohammad","2026-08-05 15:52:54",253.6,2,omarmohammadw
9149,16733752,Abhi,"2026-08-17 19:34:16",253.6,1,zeroday19
9150,16686950,"Kittikhun Pachana","2026-08-08 00:16:11",253.3,2,kittikhunpachana
9151,16755126,"Goosing around","2026-08-21 14:01:59",253.2,2,"annood,davidterkuile"
9152,16643821,"arnav chaturvedi123","2026-08-02 22:16:08",253.0,2,arnavchaturvedi123
9153,16669314,"Editor Jugnu AI","2026-09-06 08:31:32",253.0,2,editorjugnuai
9154,16656679,"Sadiqa Bibi","2026-08-27 09:52:29",252.6,2,sadiqabibidata
9155,16740795,Yanshaoo2026,"2026-08-19 08:40:17",252.4,1,yanshaoo2026
9156,16725104,ManasviVarma,"2026-08-23 10:20:35",252.3,1,manasvivarma
9157,16924232,Heshwa,"2026-09-19 08:08:28",252.2,2,heshwa
9158,16727383,"Minchul Shin","2026-08-20 07:50:37",252.2,1,nashory
9159,16932531,"Ankur Agarwal","2026-09-20 22:56:55",252.0,1,ankur98
9160,16780106,"Mirangga Jakti","2026-09-09 20:05:22",251.9,2,miranggajakti
9161,16676991,"Jack Hopkins","2026-08-19 19:11:37",251.6,2,jackhopkins
9162,16683970,"Zakhar Homyakov","2026-08-07 11:14:41",251.4,2,zakharhomyakov
9163,16662105,PunnatatJAY,"2026-08-04 16:22:50",251.3,1,punnatatjay
9164,16659804,"Gashahun Demise","2026-08-04 13:23:20",251.2,2,gashahundemiset
9165,16706312,"shabbar taj","2026-08-11 16:35:57",251.1,2,shabbartaj
9166,16661469,"Qiqi Xie","2026-08-06 20:53:32",251.0,2,qiqixie123
9167,16639684,Rubel,"2026-08-05 18:49:11",250.9,2,rubel01
9168,16725288,mustafasadiqi,"2026-08-15 12:26:35",250.9,1,mustafasadiqi
9169,16669756,AlgSaid,"2026-08-05 18:54:07",250.8,1,imabdallah
9170,16811014,"Overfit and Chill","2026-09-18 12:41:38",250.7,2,toyeshchakravorty
9171,16856961,"Victor Egbo","2026-09-10 08:38:48",250.5,2,victoregbo
9172,16644398,Nurkan123,"2026-08-16 21:20:24",250.5,2,nurkan123
9173,16830761,Skarmory,"2026-09-04 13:05:56",250.4,1,syarnorke
9174,16708246,StudyForUse01,"2026-08-11 16:58:19",250.3,1,studyforuse01
9175,16818924,"super penguin king","2026-09-03 12:35:44",249.9,1,superpenguinking
9176,16880785,"CHIDANANDA G L","2026-09-12 11:18:48",249.9,2,chidanandagl
9177,16649074,nanato,"2026-08-28 04:27:29",249.8,1,nanato
9178,16701041,"Meet Babariya","2026-08-10 14:21:06",249.8,1,meetbabariya
9179,16660144,"Léandre ELISHA","2026-08-09 12:25:44",249.8,2,landreelisha
9180,16723726,"Erika Worrall","2026-08-15 23:09:17",249.7,1,erikaworrall
9181,16731278,"hayim lusthaus","2026-09-25 20:20:52",249.6,2,haimlust
9182,16849556,"Peter Bull","2026-09-08 12:41:45",249.5,2,peterbull
9183,16811524,PeiyuQian,"2026-09-11 16:00:55",249.2,2,peiyuqian
9184,16922345,"MESK WADHAH ABDULQADER ABDULQADER","2026-09-18 19:20:58",249.1,1,meskelemin
9185,16762167,"Arkoday Roychowdhury","2026-08-24 01:29:19",249.1,2,arkodayroychowdhury
9186,16785789,"Mateus Sousa do Carmo","2026-08-28 21:23:10",248.9,2,mateaadsaf
9187,16660579,mayank,"2026-08-06 14:41:12",248.8,2,mayank921
9188,16660471,"Obsessed Beings","2026-08-24 16:44:48",248.8,2,"meur99,muhammedsaeed315,obsessedbeing,studentwork01"
9189,16819370,"István Csik","2026-09-03 13:39:36",248.7,2,istvncsik
9190,16678647,"Zorawar Singh","2026-08-06 19:55:53",248.5,2,zorawarsingh677
9191,16864283,"Nguyễn Cường","2026-09-20 11:41:20",248.5,2,nguyncngo
9192,16772388,XiaozhenWu2002,"2026-08-29 16:21:55",248.4,2,xiaozhenwu2002
9193,16670506,"Juan Andres Bravo Mejia","2026-08-05 21:40:17",248.4,1,juanandresbravomejia
9194,16669411,"Atta Ullah","2026-08-10 13:28:30",248.3,2,attaullahqau
9195,16724512,"Diw Gupta","2026-08-21 13:45:51",248.2,1,diwgupta
9196,16658888,NovaBytes,"2026-08-06 07:06:34",248.1,2,"drashtisingh14,kjjkjjk3107"
9197,16684875,"Amitrakshar Mukherjee","2026-08-07 13:21:32",248.0,2,amitraksharmukherjee
9198,16784952,"Adria Barreto","2026-08-28 16:06:57",248.0,1,adriabarreto
9199,16665704,"Sreesanth M S","2026-08-05 07:12:05",248.0,1,sreesanthms
9200,16942668,"Levreau Camille ","2026-09-22 16:30:19",247.8,2,"dechant,levreaucamille"
9201,16806577,ShinYAM1002,"2026-09-06 17:33:20",247.7,1,shinyam1002
9202,16760903,"Derrick Lace","2026-08-23 04:23:40",247.7,2,derricklace
9203,16667365,"leul dereje","2026-08-08 06:54:54",247.6,2,leuldereje
9204,16676501,"[Deleted] cf820879-5b51-45ff-9f0a-1d88833299b5","2026-08-08 08:32:10",247.3,2,kamraanmulani
9205,16664863,zzzhhcc,"2026-08-13 06:15:42",247.2,2,zzzhhcc
9206,16679467,"Ahmed Zedan","2026-08-18 00:28:27",247.1,2,ahmedzedan11
9207,16632145,kazuki_kazukazu,"2026-07-31 14:53:13",247.0,1,kazukikazukazu
9208,16670004,Zinc-Eater,"2026-08-19 22:50:41",247.0,2,zans7331
9209,16758090,"JOYMIE TALICUAD","2026-08-22 10:07:40",246.8,1,joymietalicuad
9210,16785434,"[Deleted] 044034de-be4c-465c-ad6d-a40fcc0bf77c","2026-08-28 18:05:21",246.7,1,del=78dbd787081be305
9211,16658152,MingSUN007,"2026-08-04 13:46:29",246.6,2,mingsun007
9212,16758007,stoicsatvik,"2026-08-22 12:37:48",246.5,1,stoicsatvik
9213,16633833,"mohammad javad Kamali","2026-08-19 05:13:42",246.4,1,mohammadjavadkamali
9214,16768507,"Dhanush Ballanki","2026-08-25 00:33:27",246.3,1,dhanushballanki
9215,16783872,"Soupau Lev","2026-09-01 09:50:33",246.3,1,olivierauffret
9216,16686316,"Ali mohon","2026-08-07 16:16:43",246.1,2,alimohon
9217,16641331,ushi,"2026-08-05 13:33:18",245.7,1,yuki508
9218,16712990,shreyaaaaa9,"2026-08-12 16:17:06",245.7,1,shreyaaaaa9
9219,16712979,"Yusuke Tsukuda","2026-08-12 14:58:39",245.6,1,yusuketsukuda
9220,16699790,Aryanpal07,"2026-08-16 12:28:53",245.5,1,aryanpal07
9221,16665719,"[Armenia] Narek Petrosyan1","2026-08-05 07:49:34",245.2,1,narekpetrosyan1
9222,16841277,"Luis Garza Gonzalez","2026-09-08 05:07:26",245.2,2,luisgarzagonzalez
9223,16733204,"Sompalli Akhil Kumar","2026-08-18 10:14:08",245.0,2,sompalliakhilkumar
9224,16659280,"yahaya zayyan","2026-08-04 10:51:16",244.9,1,yahayazayyan
9225,16683428,"Darsh Jilka","2026-08-19 09:03:08",244.8,2,darshjilka
9226,16761134,mash3gt,"2026-08-23 06:10:12",244.6,1,shiroguitar
9227,16667063,"Amiksha S","2026-08-09 15:16:49",244.5,1,amikshas
9228,16697712,"Daniel Hebenstreit","2026-09-06 11:53:20",244.3,2,danielhebenstreit
9229,16744954,charley8,"2026-08-22 06:23:36",244.0,2,charley8
9230,16793148,"Hoàng Trung Nguyễn","2026-09-26 08:51:17",244.0,2,hongtrungnguyn
9231,16941661,Parthasaradhy,"2026-09-22 16:02:49",244.0,2,parthasaradhy
9232,16918745,Xstella,"2026-09-24 08:11:56",243.8,2,xstella
9233,16768453,phicis8911,"2026-09-16 00:41:21",243.6,2,phicis8911
9234,16684535,Moonlight,"2026-09-07 14:16:17",243.5,2,rajesh1joc
9235,16637845,"Hadjmohamd Seif","2026-08-08 21:47:53",243.3,2,hadjmohamdseif
9236,16672982,"Enes Aytaç","2026-08-14 12:12:24",243.3,2,enesayta
9237,16633483,"benkerrouche abdelbasset","2026-08-07 16:11:50",243.0,1,bassetkerouche
9238,16728350,fajarnadeem808,"2026-08-16 13:07:59",242.9,2,fajarnadeem808
9239,16677517,justnyoike,"2026-08-10 01:12:56",242.8,2,justnyoike
9240,16689933,"Anjali Shah","2026-08-17 09:30:28",242.8,2,anjalishah0306
9241,16683998,"Mahoraga save me","2026-08-07 22:09:22",242.8,2,yqngyv
9242,16756743,"Ismail Alli Adekunle","2026-08-21 22:59:18",242.8,1,ismailalliadekunle
9243,16673369,Frame,"2026-08-06 07:59:47",242.4,1,rainorwang
9244,16738539,"Sharath S","2026-08-21 05:19:45",242.3,2,akicodes
9245,16676003,franck,"2026-08-06 14:59:55",242.2,2,bakura
9246,16768456,清水一希,"2026-09-21 10:57:30",242.1,2,kazukishimizu0427
9247,16660450,"prashant prakash","2026-08-08 09:45:36",241.9,2,prashantprakash28
9248,16796678,ka,"2026-08-31 16:16:03",241.8,1,kandruszek
9249,16696266,"Pandarasamy Arjunan (Samy)","2026-08-09 14:16:03",241.7,1,samy101
9250,16795353,BlurreA,"2026-08-31 06:42:30",241.7,1,blurrea
9251,16663003,devzohaib,"2026-08-04 21:27:30",241.5,1,devzohaib
9252,16695937,Ryckiii,"2026-08-09 13:03:24",241.5,1,ryckiii
9253,16737009,"Alexandre Pedrosa","2026-09-03 07:42:20",241.4,1,alexandrepedrosai
9254,16657440,Lz7_129,"2026-08-04 15:26:01",241.3,1,lz7129
9255,16658783,"Devesh Choudhury","2026-08-07 17:08:33",241.1,2,deveshchoudhury
9256,16790992,"Matthew Knyazev","2026-08-29 17:53:40",240.5,1,matthewknyazev
9257,16659387,dharssshiniii,"2026-08-04 09:48:15",240.4,1,dharssshiniii
9258,16750526,"Marcel Biezunski","2026-09-05 16:44:52",240.4,1,marcelbiezunski
9259,16920587,"Agnieszka Jabłońska","2026-09-18 14:17:48",240.3,1,agnieszkajaboska
9260,16663459,"Cristian Yeanpaul Palomino Calderon","2026-08-06 04:14:17",240.0,2,dawo0t
9261,16659698,"Duy Anh Nguyễn","2026-08-07 10:23:27",239.6,1,duyanhnguyn
9262,16653997,"Alekya Valapushetty","2026-08-05 13:52:08",239.4,2,alekyavalapushetty
9263,16701143,macneil,"2026-08-14 14:53:54",239.3,2,macneil
9264,16660321,syafanidwina,"2026-08-05 00:41:33",239.2,1,syafanidwina
9265,16671302,"Pratish Chaudhary","2026-08-10 00:35:01",239.2,1,pratishchaudhary
9266,16666553,DevChheda26,"2026-08-05 09:53:22",239.1,1,devchheda26
9267,16743603,tanmoypal11,"2026-08-19 15:19:36",239.0,1,tanmoypal11
9268,16817626,"Jaya Singh","2026-09-15 13:30:37",238.8,2,jayasingh12
9269,16666574,"hrishit prakash","2026-08-05 13:26:37",238.4,2,hrishitprakash
9270,16621290,"Muhammad Ahsan","2026-07-30 17:35:00",238.3,2,ahsanneural
9271,16654853,"Saketh Rao","2026-08-03 21:43:14",238.1,1,sakethrao
9272,16668654,"Zharkyn Makhanbet","2026-08-10 18:28:08",237.9,1,imadparadoxi
9273,16772089,"Ana Riquele","2026-08-26 18:11:38",237.7,2,anariquele
9274,16949878,ZaitsevOleksandr,"2026-09-24 13:31:25",237.6,1,zaitsevoleksandr
9275,16659374,"[Deleted] 8f7327b9-2576-439b-bd6e-3f5fde366ebe","2026-08-04 10:12:44",237.4,1,del=8b215115eb53cbc1
9276,16923722,Coders,"2026-09-26 16:02:31",237.3,1,"dhanalakshmi33,sruthi007,subbanbeeepanagandla"
9277,16623823,"Julieta Rubis","2026-07-31 04:45:53",237.3,2,julietarubis
9278,16769754,daguniang,"2026-08-26 00:44:59",237.2,2,daguniang
9279,16744221,Dizzy1829,"2026-08-29 04:15:48",236.3,1,dizzy1829
9280,16708091,"Dipak Kumar Samanta","2026-08-11 15:17:04",236.3,1,dipak889
9281,16757098,"Tharun kumar Jaya kumar","2026-08-30 02:29:39",235.9,1,tharunkumarjayakumar
9282,16831820,"Raihan Saladin","2026-09-12 17:21:34",235.8,2,raihansaladin
9283,16719618,Javierrcs,"2026-08-14 13:16:05",235.8,1,javierrcs
9284,16658457,"Uchiha Eren","2026-09-26 14:33:34",235.7,2,lucsanjay
9285,16656198,N9uy3nPham,"2026-08-06 10:56:04",235.5,2,n9uy3npham
9286,16785175,SonOfNike,"2026-08-28 17:20:58",235.4,1,sonofnike
9287,16774202,Wrs,"2026-08-26 09:21:40",235.3,1,wrsarch
9288,16711673,losingself,"2026-08-12 09:07:45",235.1,1,level14taken
9289,16751488,Klixel,"2026-08-21 03:35:28",235.1,1,klixel
9290,16627717,da_pond,"2026-07-31 08:33:57",235.0,1,dapond
9291,16672767,"FasterYouChase FasterIRun","2026-08-09 13:15:12",235.0,2,icoguser
9292,16948529,"Daria Liubarets","2026-09-23 16:33:49",234.9,1,dariisss
9293,16662048,"Deekshitha Prabhakar","2026-08-06 18:15:45",234.7,2,deekshithaprabhakar
9294,16665701,ManuelWick-Eckl,"2026-08-27 16:01:18",234.5,2,manuelw
9295,16661231,"R Ajay Kumar12","2026-08-04 14:12:11",234.5,1,rajaykumar12
9296,16740800,"Shiva Sai","2026-08-19 03:54:27",234.5,1,shivasai846
9297,16712844,"ray hengbo","2026-09-01 03:35:31",234.4,1,rayhengbo
9298,16790137,sinchir0,"2026-08-30 12:52:05",234.4,1,sinchir0
9299,16691583,Caleb,"2026-08-09 14:32:52",234.0,2,collev
9300,16632795,"vishwottam kudekar","2026-08-05 18:19:02",233.6,1,vishwottamkudekar
9301,16708480,"Omar M.Moustafa","2026-08-11 18:55:58",233.5,2,omarmmoustafa
9302,16659001,"Tim Wanjohi","2026-08-12 11:43:16",233.5,2,timwanjohi
9303,16664157,"Runjie Zhu","2026-08-10 11:49:13",233.5,1,damiendesolei
9304,16707519,"Pradnya Khanse","2026-08-11 12:52:07",233.5,1,pradnyakhanse
9305,16659900,"Abu Bakr","2026-08-04 18:30:29",233.4,2,mohamed32010
9306,16687891,qklent,"2026-08-09 19:44:12",233.4,1,qklent
9307,16903922,"Lim Ba Su","2026-09-20 04:22:33",233.2,2,limbasu
9308,16625775,liubingxin205,"2026-08-15 06:29:40",233.1,2,"hongjuw,liubingxin205"
9309,16811774,"Eduardo Hoffmann","2026-09-23 22:33:16",232.5,1,hoffmanna
9310,16663191,"Arnav Anand","2026-08-04 19:53:08",232.5,1,arnavair27
9311,16667691,alexanderctrl,"2026-08-18 10:10:51",232.4,2,alexanderctrl
9312,16658761,!Aman212,"2026-08-04 12:10:28",232.3,2,aman9142424
9313,16635098,"Charvi Upreti","2026-08-15 05:43:59",231.7,1,charviupreti
9314,16762081,VKAUL3,"2026-08-23 12:09:08",231.5,1,vkaul3
9315,16653319,"Md. Rasel Meya","2026-08-06 14:42:18",231.4,2,raselmeya
9316,16767173,AgriNexus,"2026-09-12 12:58:54",231.1,2,rashmirajput0102
9317,16655159,"Marcel Relaford","2026-08-13 01:26:26",231.0,1,marcelrelaford
9318,16782525,"Ashish Mittal","2026-08-28 05:27:46",230.8,2,ashish1502g
9319,16656692,"kinza aftab 714","2026-08-04 05:43:51",230.6,2,kinzaaftab714
9320,16942073,nagissan,"2026-09-22 14:10:52",230.0,2,nagissan
9321,16663066,"Mithun Kore","2026-08-29 19:18:28",229.9,1,mithunkore
9322,16654067,DataForge,"2026-08-05 10:19:25",229.5,2,"chanduchandini,goriparthiramatulasi,srilakshmipanitini,suryachakradhar"
9323,16725615,carside,"2026-08-29 04:49:31",229.4,1,carside118
9324,16894802,"phus sea","2026-09-15 16:23:01",229.3,2,phussea
9325,16685128,"Rohan Hake","2026-08-10 12:48:36",229.3,2,rohanhake
9326,16771048,"Aditya Pawar","2026-08-25 16:55:04",229.3,1,aditya22102001
9327,16681959,"shun takinami","2026-08-07 05:43:47",228.7,1,shuntakinami
9328,16680521,"Luis Enrique Dalmau","2026-09-04 09:45:18",228.2,2,luisenriquedalmau
9329,16779857,0x74,"2026-09-03 14:03:17",228.0,1,i0x74i
9330,16687574,"Yash Raghuvanshi","2026-08-07 22:09:38",227.6,2,yashraghuvanshi25
9331,16723467,"Vladas Verkelis","2026-08-15 14:23:42",227.2,1,vlaveris
9332,16659703,"Ananya #2","2026-08-04 12:00:26",226.7,1,ananyax8
9333,16739908,"Asfam Parvez Kawser","2026-09-10 09:42:54",226.6,2,asfamparvezkawser
9334,16684908,"Nidal Saleh","2026-08-08 14:08:20",226.5,2,nidalsaleh
9335,16850036,Sumzali083,"2026-09-07 19:23:11",226.4,1,sumzali083
9336,16949285,"Subham Sharma","2026-09-26 20:53:31",226.3,2,subsh2004
9337,16883962,"Ilakk manoharan","2026-09-27 04:54:02",226.0,2,ilakkmanoharan
9338,16667550,"Oseni Sakariyau Oluwadamilare ","2026-08-23 10:05:56",225.9,2,sakabambam
9339,16716407,"Ibrahim Adamu Anka","2026-08-13 09:01:38",225.6,2,ibrahimadamuanka
9340,16723583,"varun chindage","2026-09-25 01:13:18",225.4,2,stormy420
9341,16798369,"Olabode James","2026-09-01 20:40:53",225.3,1,olabodejames
9342,16653941,"Sachin Kumar Kushwaha","2026-08-11 08:45:11",225.3,2,sachinkumarkushwaha
9343,16698987,"Shree Ashok L","2026-09-01 05:16:16",225.0,2,"praneelbaskar,rishivarathan,santhoshkumarp24,shreeashok72"
9344,16913778,"Ugwushi Chijioke","2026-09-17 12:30:36",224.3,2,ugwushichijioke
9345,16654318,"Aryan Raj Ayush","2026-08-23 08:34:14",224.1,1,aryanrajayush
9346,16729884,"Chaimaa Matrag","2026-09-05 19:51:34",224.0,2,chaimaamatrag
9347,16948168,"Анна Кондратенко","2026-09-23 16:03:20",224.0,2,"anetka2006,serhiibarsul"
9348,16714263,Lmfm24,"2026-08-12 20:38:01",223.9,2,lmfm24
9349,16675104,"khwaja Moula'Ali","2026-08-06 11:30:49",223.9,1,khwajamoulaali
9350,16845903,"Tsubasa Hizono","2026-09-07 05:47:46",223.8,2,tsubasahizono
9351,16623099,"Bovard Doerschuk-Tiberi","2026-07-30 21:04:23",223.7,1,bovard
9352,16644210,"حسنين ساجد","2026-08-07 22:08:44",223.7,2,kutghngf98687er
9353,16690494,StevenBeyen,"2026-08-13 07:55:32",223.7,2,beyensteven
9354,16731838,"zhexun Liu","2026-09-20 01:03:46",223.4,2,zhexunliu
9355,16861601,aliksey,"2026-09-11 17:22:46",223.2,2,aliksey
9356,16635610,JeffFosterUK,"2026-08-01 17:16:52",223.0,2,jefffosteruk
9357,16667684,"Tim Neale","2026-08-06 13:01:12",222.9,1,timothyjneale
9358,16680789,Marouane,"2026-08-15 02:41:18",222.9,2,marouanealahyane
9359,16678355,"Tanuj Saxena","2026-08-07 10:10:24",222.5,2,tanujsaxena
9360,16654329,"Aby K Prakash","2026-09-17 17:04:51",222.5,1,abykprakash
9361,16655292,"Ingrid Fellah","2026-08-04 06:31:35",221.7,2,ingvor
9362,16654314,Mahamudul_Hassan_8012,"2026-08-03 18:33:07",221.4,2,mahamudulhassan8012
9363,16698399,liuzhangzhen,"2026-08-10 09:49:23",221.0,1,liuzhangzhen
9364,16809006,Ilya,"2026-09-02 13:23:05",221.0,1,zhukov
9365,16725537,"Ayan Bashir Sheikh","2026-08-15 18:02:07",220.7,2,ayanbashirsheikh
9366,16633342,farm75,"2026-08-03 14:03:14",220.5,2,sakthi75
9367,16659910,"Shraddha Kumbhar","2026-08-07 09:55:58",220.3,2,raj113
9368,16690286,imunderthetree,"2026-08-08 12:25:51",220.3,2,imunderthetree
9369,16691322,"Anita rai98765","2026-08-16 19:05:43",220.2,2,anitarai98765
9370,16668024,"Igor Burkov","2026-08-07 04:35:37",219.6,2,igorburkov
9371,16723075,"Cauã Freitas","2026-08-28 17:35:54",219.5,1,cauafreitas
9372,16655762,"Idrisse Moundhir","2026-09-05 08:21:45",219.4,1,idrissemoundhir
9373,16682051,"Noorjahan Siddiqui","2026-08-10 09:33:35",218.5,2,noorjahansiddiqui
9374,16778545,Mizunooo,"2026-09-10 10:16:12",217.9,2,mizunooo
9375,16728152,"Kenji Tai","2026-08-16 18:27:33",217.8,2,kenjitai
9376,16701138,superpig,"2026-08-19 09:43:31",217.5,1,geniussuperpig
9377,16658644,"Hitarth Pandey","2026-08-09 03:04:42",217.5,1,hitarthpandey
9378,16840168,"gratefully dumb","2026-09-23 03:01:31",217.2,2,gratefullydumb
9379,16675956,"Hassan Alghamoudi","2026-08-10 02:36:36",217.0,2,hassanabdulhafid
9380,16665264,Andyxie2050,"2026-09-25 00:58:20",216.8,2,andyxie2050
9381,16921430,"Vaibhav Nhayade","2026-09-20 06:49:01",216.6,1,nhayadevaibhav
9382,16748882,gsv,"2026-08-20 16:13:45",216.6,1,ram1o1
9383,16698886,pied_piper,"2026-08-10 14:11:15",216.6,2,ahanhalder
9384,16762459,GNR_network,"2026-08-23 13:59:19",216.4,1,gnrnetwork
9385,16666512,RexHuang936,"2026-08-07 08:51:41",216.1,2,rexhuang936
9386,16947253,"Chen Kuan-Chin","2026-09-23 22:10:38",216.0,2,chenkuanchin
9387,16784360,"Suraj Kumar","2026-09-08 10:20:42",215.7,2,suraj99km
9388,16942701,"Tasmin Ara Chowdhury","2026-09-25 19:36:54",214.9,2,tasminarachowdhury
9389,16668506,"Louie Tang","2026-08-08 06:56:52",214.9,2,louietang
9390,16645300,szyulian,"2026-08-04 04:42:36",214.7,1,szyulian
9391,16895750,"charles Ndemo","2026-09-23 23:20:39",214.6,2,charlesndemo
9392,16656900,Hxrsh09,"2026-08-10 14:39:46",214.4,2,hxrsh09
9393,16655813,minerppdy,"2026-08-04 06:06:58",214.3,1,minerppdy
9394,16918569,"Ashee Softworks","2026-09-18 05:59:35",214.3,1,asheesoftworks
9395,16866478,aktk,"2026-09-10 16:43:56",214.1,2,aniltk
9396,16658567,"Sharif Mohamed (1)","2026-08-04 13:16:47",213.8,1,sharifmohamed1
9397,16656633,N25H03A1028,"2026-08-05 05:18:45",213.5,1,pardhusadhu
9398,16684891,SARTHAK,"2026-08-14 19:07:26",213.4,1,s4rth4k01
9399,16867344,"shayan yadegaridehkordi","2026-09-12 17:05:44",213.1,1,shayanyadegari32
9400,16689364,"Udbhav Purwar","2026-08-11 10:12:00",213.1,1,udbhavpurwar
9401,16658311,zkskhurram,"2026-08-05 07:59:40",213.1,2,zkskhurram
9402,16660291,"Abhijit Rajkumar","2026-08-04 13:27:44",213.0,2,abhijitrajkumar
9403,16891082,"surya prakash Nayak2","2026-09-14 10:56:23",213.0,1,suryaprakashnayak2
9404,16639692,"Nirmal Patel","2026-08-06 03:05:27",212.9,2,nirmalpatel02
9405,16687337,"sravani kamjula","2026-08-07 19:38:39",212.7,2,sravanikamjula
9406,16735735,Rishabh@1304,"2026-09-12 10:08:51",212.4,2,rishabh1304
9407,16666383,"Sindhi Vishal","2026-08-14 10:46:32",212.1,2,sindhivishal
9408,16662603,"Shem Gikunda","2026-08-06 17:24:48",211.4,1,shemgikunda
9409,16948546,MostatabiZahra,"2026-09-25 11:30:56",210.6,1,mostatabizahra
9410,16623274,Mhmda81,"2026-08-03 00:10:04",210.4,2,mhmda81
9411,16663658,oriolgalceran,"2026-09-16 05:10:58",210.2,2,oriolgalceran
9412,16750285,LeEmperor,"2026-08-22 04:36:18",209.7,2,leemperor
9413,16928100,babakara,"2026-09-24 08:37:28",209.7,2,babakara
9414,16931407,"Marcel S","2026-09-22 16:50:57",209.6,1,marcel78
9415,16668032,pat999,"2026-08-08 08:30:58",209.2,2,pat999
9416,16777986,小雨姑娘,"2026-08-27 21:51:19",209.1,2,skewcy
9417,16773358,yogeshgoudapatil,"2026-08-27 14:59:13",208.9,2,yogeshgoudapatil
9418,16706557,"Nurullah Gundogdu","2026-08-11 17:52:07",208.5,2,nurullahgundogdu
9419,16659283,"DILEEP POTHULA","2026-08-08 06:43:15",208.5,2,dileeppothula
9420,16660930,"Chung Ching Yeh","2026-08-04 14:44:34",208.5,2,chungchingyeh
9421,16773557,"Rudra kalyan","2026-08-26 09:08:54",208.1,2,rk1144
9422,16661810,AGNES33,"2026-08-16 19:09:18",208.0,2,agnes33
9423,16675428,"Farhan Khairullah","2026-08-09 16:22:00",208.0,2,farhankhairullah06
9424,16937822,"Ehab Ibrahim Khalil Mohamed","2026-09-21 17:58:38",208.0,1,ehabkhalil0
9425,16623846,"masatoshi hiraki","2026-07-31 07:52:39",207.9,2,masatoshihiraki
9426,16732342,"Viktor Antonov","2026-08-18 10:22:32",207.7,1,viktorantonov
9427,16674093,"Hoàng Trần Đặng Minh","2026-08-06 08:54:38",207.4,1,hongtrnngminh
9428,16723404,"Mahdi Al Hajji","2026-08-20 02:13:12",207.1,2,mhh1430hacker
9429,16660749,"PavanK Saketh","2026-08-04 13:38:48",206.6,2,pavanksaketh
9430,16661689,"David Rao","2026-08-04 18:27:01",206.6,1,davidrao63
9431,16892144,"Ruichen Yin","2026-09-17 16:10:38",206.2,2,superaier
9432,16672284,"Dhruv | AI/ML Engineer in Progress","2026-08-07 06:55:13",206.2,1,dhruvdipakchudasama
9433,16660309,"Hazem Mahmoud Elsayd","2026-08-04 16:34:31",206.1,2,hazemmahmoudelsaid
9434,16863892,brunoarpa,"2026-09-10 02:43:09",205.8,1,brunoarpa
9435,16716386,"Dev Marya","2026-08-13 09:26:18",205.3,1,devmarya
9436,16700832,Blitz,"2026-08-10 11:37:18",204.9,1,premshinde
9437,16745293,Harvey,"2026-08-22 04:20:10",204.6,2,celestia0113
9438,16666027,CropBOTS,"2026-08-13 16:12:42",204.5,2,"anshultickoo,itsmepooja,manuakumar,sapnajain115"
9439,16681610,"team maccy","2026-08-07 20:27:06",204.5,1,robertgama
9440,16655786,leavts,"2026-08-04 02:35:50",204.5,1,leavts
9441,16697020,"Hossam elden Mohamed","2026-08-15 01:13:51",204.4,2,hossameldenmohamed
9442,16657525,"Alae Lakhdar","2026-08-05 08:10:49",204.4,1,alaelakhdar
9443,16831130,"Khushar Pal","2026-09-06 15:21:15",204.3,2,khusharpal
9444,16895191,"Oluwatobi Ojekanmi","2026-09-16 12:53:27",204.3,2,oluwatobiojekanmi
9445,16711840,OverfitMilkCake,"2026-08-13 06:36:21",204.3,1,overfitmilkcake
9446,16915627,"Yash Pratap Singh","2026-09-17 14:59:02",203.8,1,yashpratapsingh10
9447,16653906,swaroop41,"2026-08-04 05:53:29",203.8,2,swaroop41
9448,16859770,"Praful Tiwari1","2026-09-14 10:37:58",203.6,1,prafultiwari1
9449,16655482,Apoorv007,"2026-08-04 01:55:41",203.5,1,apoorv007
9450,16654482,SarahShams,"2026-08-14 16:36:06",203.2,2,sarahshams
9451,16717555,"Mariem GLIOUEZ","2026-09-10 15:21:07",203.2,1,mariemgliouez
9452,16717586,wangjialu2333,"2026-08-15 09:29:36",203.0,1,wangjialu2333
9453,16760920,"Román Eliezer Pérez Ríos","2026-08-31 18:07:43",203.0,2,perezrios
9454,16624000,Leneen,"2026-08-31 16:02:47",203.0,1,leneen
9455,16632724,"Sayan Dutta","2026-08-04 07:47:42",202.6,1,sayan1507
9456,16871895,"Sahil Raval","2026-09-15 10:57:48",202.4,1,sahilraval1311
9457,16710929,"Pooja Divekar","2026-08-16 08:22:48",202.3,1,poojadivekar123
9458,16671342,"Danh Nguyen 1303","2026-08-09 14:47:52",202.0,1,danhnguyen1303
9459,16906790,"Jean-Luc Hayes","2026-09-21 10:21:36",201.9,1,kingjuc
9460,16688190,"Win M","2026-08-08 00:28:18",201.6,1,winmet
9461,16659572,"ABHILASH PRAHARAJ","2026-08-04 11:24:21",201.6,1,abhilashpraharaj
9462,16751141,DeadJed,"2026-08-26 11:10:40",201.3,2,deadjed
9463,16636540,"Burkova Nastia","2026-08-01 13:34:02",201.2,2,"burkovanastia,ellvalerie"
9464,16760392,Владимир,"2026-08-23 00:19:23",201.1,1,vgkuvshinov
9465,16656287,sandip_shaw123,"2026-08-05 10:02:07",200.7,1,sandipshaw123
9466,16762162,"Shota Hirao","2026-08-23 12:34:05",200.6,1,shotahirao
9467,16656196,"Vishwash Golakiya","2026-08-27 01:07:00",200.6,1,vishwashgolakiya
9468,16670747,"Aryan Kumar Chaudhary","2026-08-11 22:46:05",200.4,2,"aryankumarchaudhary,rakshitmundra"
9469,16654827,"ADITYA KUMAR MISHRA","2026-08-03 20:07:22",200.1,1,aditya1kumarmishra
9470,16663525,"Eric Hilary Smith","2026-09-22 16:36:18",199.8,2,erichilarysmith
9471,16639615,rickzai,"2026-09-01 05:37:21",199.7,2,rickzai
9472,16794720,"paola hernandez55","2026-08-31 04:19:31",199.7,1,paolahernandez55
9473,16685568,Secertive,"2026-08-08 17:59:52",199.5,1,secretiveplotter1863
9474,16891711,"Michael Odoemelam1","2026-09-21 21:38:22",199.3,1,michaelodoemelam1
9475,16744545,"Aditya Kumar Singh 013","2026-08-19 18:45:42",198.9,1,adityakumarsingh013
9476,16724325,Melancholian,"2026-08-15 06:43:12",198.9,1,kasaneru
9477,16654256,"KONGARA PRASANTH","2026-08-04 03:40:27",198.9,2,prasanth2008
9478,16666414,salyamq,"2026-08-05 16:41:38",198.6,1,salyamq
9479,16860921,jayjayfff,"2026-09-10 01:25:36",198.3,2,jayjayfff
9480,16877079,"Saptak Banerjee","2026-09-11 19:09:58",198.1,1,saptakbanerjee123
9481,16669346,"Jalpesh Vasa","2026-09-24 19:02:56",198.0,2,"deep1812,jalpeshvasa"
9482,16885883,"Stepan Kobaidze","2026-09-16 18:12:28",197.5,2,stepankobaidze
9483,16858512,lkjmo123,"2026-09-09 06:45:18",196.8,1,lkjmo123
9484,16743329,"Daniel Obioma emenike","2026-09-11 12:32:22",196.8,2,danielobiomaemenike
9485,16692652,"Harsith R","2026-08-08 20:26:56",196.8,1,chiefofpredicitions
9486,16780411,K.Satwik,"2026-08-27 16:23:04",196.7,2,ksatwik3220
9487,16749225,"Hisyam Prasetyo","2026-08-27 11:26:07",196.6,2,hisyamprasetyo
9488,16898240,jimmy5566,"2026-09-15 17:41:24",196.5,1,jimmy5566
9489,16676992,NIDHIHEER01,"2026-08-16 17:09:00",196.0,1,nidhiheer01
9490,16759205,MartinaF95,"2026-09-22 12:55:32",195.8,1,martinaf95
9491,16664315,happy_boy_2007,"2026-08-12 09:04:40",195.7,1,happyboy2007
9492,16684237,Zen_0910,"2026-08-07 17:07:02",195.6,1,zendeptrai
9493,16700992,Abhishek_1355,"2026-08-25 09:17:08",195.5,1,abhishek1355
9494,16668379,dccgps,"2026-08-08 05:44:36",195.1,1,dccgps
9495,16769069,"HAL's Kaggle Dojo","2026-09-23 12:07:37",195.0,1,kafein
9496,16744461,"Adiratna Kamble","2026-08-21 22:05:13",194.5,1,adiratnakamble
9497,16887039,"Angella Semu","2026-09-21 15:26:56",194.0,2,angellasemu
9498,16841294,"Annu Rana1","2026-09-09 18:12:34",193.9,1,annurana1
9499,16687514,Dark_1926,"2026-08-07 20:30:33",193.9,1,dark1926
9500,16728249,"Ahmet Kiraz","2026-08-17 07:23:30",193.7,1,ahmetqiraz
9501,16736759,"Lavesh Kadam","2026-08-18 10:55:05",193.4,1,laveshk314
9502,16662353,"LAYAL ALNASHMI","2026-09-12 11:37:55",192.9,2,waitups
9503,16890196,hello518123,"2026-09-14 08:51:52",192.5,1,hello518123
9504,16889817,"Om Patelxyz","2026-09-14 07:04:40",192.3,2,ompatelxyz
9505,16712395,"Zuohong Pan","2026-08-12 12:15:40",192.2,1,pshuaibi
9506,16663333,"Iago Moura e Moreira","2026-08-04 20:05:06",192.1,1,iagomouraemoreira
9507,16702060,Mcusac,"2026-08-13 19:42:54",191.9,1,mcusac
9508,16682689,HenryRichardson1,"2026-08-07 10:00:12",191.3,1,henryrichardson1
9509,16663913,"Aanaa Kaliil","2026-08-05 15:15:31",191.1,2,aanaakaliil
9510,16741239,"fjf 1asd","2026-08-19 08:46:31",190.6,1,fjf1asd
9511,16657628,Hamo,"2026-08-07 12:00:21",190.1,2,mohamed2223
9512,16769114,angayoung,"2026-08-25 07:22:00",190.0,1,joaga0603
9513,16943142,"ravi AK","2026-09-26 07:57:28",190.0,2,raviak
9514,16663438,"Varun Prajapati","2026-08-08 21:54:54",189.3,2,"krunalasari,varun2206"
9515,16668438,"Sahil Suman","2026-08-16 17:09:20",189.2,1,sahilmanavraunak
9516,16663910,"Shivram Nekkanti","2026-08-07 14:38:04",188.8,1,shivramnekkanti
9517,16640914,inconnu,"2026-09-17 12:01:07",188.6,2,kajarnaklokossou
9518,16727681,JanV123,"2026-09-06 05:37:07",188.4,2,janv123
9519,16912044,"[Deleted] 0b2c3d58-9494-483e-ad4c-1465b66166ca","2026-09-17 08:46:46",187.3,2,del=2e39a6893da554dc
9520,16885565,"Shiva Rupan S","2026-09-13 11:19:14",187.2,1,shivarupan20me
9521,16881244,"Atharva Govind Salunke","2026-09-18 17:50:01",186.3,2,atharvagovindsalunke
9522,16663448,"Adel I.","2026-08-07 12:55:44",186.1,2,adelid
9523,16889852,"Abdikaliq osman","2026-09-16 00:48:05",186.1,2,abdikaliqosman
9524,16696952,tronxz8,"2026-09-09 13:51:31",186.0,1,tronxz8
9525,16661252,"Andrzej Walczak","2026-08-05 09:46:19",185.5,2,andrzej1983
9526,16654244,"Saad Nanawala","2026-08-03 18:17:33",184.8,1,saadnanawala
9527,16639465,"Gabriel Aguiar Leao","2026-08-02 00:23:49",184.4,1,"gabrielaguiarleao,marcositta"
9528,16664116,"Bogdan Sburlea","2026-09-25 16:29:46",184.2,2,bogdan1405
9529,16669060,Twansss,"2026-08-15 04:37:59",184.1,2,twansss
9530,16792786,"Fusion Flux","2026-09-20 13:49:10",184.0,2,mithilleshkumar
9531,16697628,"Yash Sharma","2026-08-17 15:33:32",183.2,2,yashsharma42
9532,16838890,"Yisher Xia","2026-09-05 16:09:13",182.7,1,yisherxia
9533,16823341,"Agnieszka Sobala","2026-09-03 20:15:55",182.6,1,agnieszkasobala
9534,16677786,"[Deleted] aec7dc1f-59cb-486f-998a-d2407e297536","2026-08-26 13:39:08",182.5,2,del=0fde9ba2630fee3c
9535,16922154,"Olaoluwa Osho","2026-09-20 21:35:07",182.4,2,olaoluwaosho
9536,16752120,"Görkem Tuğ","2026-08-24 10:45:35",181.4,2,grkemtu
9537,16651507,jappanini,"2026-08-03 09:14:04",181.2,1,jappanini
9538,16826118,shishuyang11,"2026-09-04 06:50:04",181.0,1,shishuyang11
9539,16723262,"Tiago OliveiraLL","2026-08-28 18:22:12",181.0,1,tiagooliveirall
9540,16623131,"Liam Carrig Newsam","2026-08-04 00:00:03",180.4,1,liamcarrignewsam
9541,16773333,"Abdullah javed Javed","2026-09-05 03:13:57",180.4,2,abdullahjavedjaved
9542,16904992,abdulkader1,"2026-09-27 04:47:59",180.1,2,abdulkader1
9543,16668048,"Gazi Sayem Uddin Samir","2026-08-05 14:29:51",179.8,2,gazisayemuddinsamir
9544,16734896,pattikamo,"2026-08-27 10:52:28",179.3,2,pattikamo
9545,16869551,"Adrien ple","2026-09-11 12:48:34",179.1,2,adrienple
9546,16669473,"William Bickelmann","2026-08-05 17:47:13",178.9,1,williambickelmann
9547,16665463,Seendon,"2026-08-06 19:19:25",178.6,2,informationminer
9548,16948144,"Muhammad Ali Amir","2026-09-23 15:36:25",178.5,1,malialice
9549,16652159,Boson328,"2026-08-04 10:06:13",178.4,1,boson328
9550,16644360,Mathous,"2026-08-02 20:28:00",178.2,1,mathisdac
9551,16769470,HaHHYbYY,"2026-08-26 07:52:33",178.0,1,hahhybyy
9552,16633003,"K Mukhiya ","2026-08-01 12:09:51",177.8,2,kmukhiya
9553,16889278,"Ari Kurniawan92","2026-09-14 08:32:53",177.8,1,arikurniawan92
9554,16700771,"Disuru Coba Ama Jaki","2026-09-20 16:44:11",177.7,2,reiiihel
9555,16679713,"John william Vicente 🇧🇷","2026-08-07 00:38:57",177.7,1,chrollo079
9556,16915882,BandaruLakshmi1234,"2026-09-17 16:50:15",177.6,1,bandarulakshmi1234
9557,16658383,"SIVA S","2026-09-26 06:08:49",176.9,2,codingmaster24
9558,16798447,"Sage Harley","2026-09-26 05:14:06",176.8,1,sageharley
9559,16677328,"Eng. Husnain","2026-08-08 13:13:23",176.4,2,enghusnain
9560,16693318,meow3301,"2026-08-09 02:33:34",176.4,2,meow3301
9561,16915181,snesne123,"2026-09-25 07:14:21",174.6,1,snesne123
9562,16667238,"Srija ganguluri","2026-08-07 10:14:48",174.5,1,srijaganguluri
9563,16768568,Nour102006,"2026-08-27 04:46:00",174.0,2,nour102006
9564,16662108,nhkien,"2026-08-05 06:52:18",173.9,2,nhkien
9565,16666037,"Matheus Marques","2026-08-06 06:03:28",173.9,2,mathmarquesbr
9566,16791131,"Maria Carolina BRAY","2026-09-26 08:08:39",172.1,2,mariacarolinabray
9567,16886819,"Rebecca Shirievo","2026-09-16 17:29:07",171.9,2,rebeccashirievo
9568,16748554,"victor lucas","2026-09-22 23:24:38",171.8,1,lucsxd
9569,16861721,"SJ Gamsyy","2026-09-11 09:40:23",171.8,2,sjgamsyy
9570,16708194,"Amulya Kypa","2026-09-26 17:46:28",171.7,2,"aakankshakota,amulyakypa,gvvinaykrishna"
9571,16653462,"Ruchi Scott","2026-08-12 12:19:19",171.6,2,ruchiscott
9572,16872073,"Positive Quark","2026-09-18 13:51:27",171.2,2,quarkliu
9573,16679470,"GamaL Mahmoud","2026-08-08 13:33:52",170.8,2,gamalmahmoudtaha
9574,16661494,"Arulmaniyan Rajavel","2026-08-22 13:46:58",170.5,2,arulmaniyanrajavel
9575,16807557,coolz,"2026-09-09 06:35:51",170.0,2,cooolz
9576,16709957,"Lei Gao","2026-08-12 04:03:42",169.1,1,leigao31
9577,16657306,"Krunal Chavda","2026-08-07 21:38:11",168.8,2,krunalchavda21
9578,16656771,"thushara bandara","2026-08-07 04:13:43",168.2,2,dushyanthibandara
9579,16697466,"hunain shahid","2026-08-11 06:12:38",167.8,2,hunainshahid230
9580,16858886,twispur,"2026-09-09 07:38:09",167.7,1,twispur
9581,16756344,"Pasindu Perera","2026-08-21 19:21:11",167.5,1,amavinperera
9582,16625043,"Ivan Litvak","2026-09-16 16:36:06",167.5,2,trydotatwo
9583,16807010,cjsrudals,"2026-09-13 08:33:47",167.4,2,cjsrudals
9584,16685093,"Huzaifa Inam","2026-08-07 13:47:15",166.9,2,huzaifainam
9585,16706134,NK11FC,"2026-08-25 11:30:00",166.4,2,nk11fc
9586,16657578,raushancoursework,"2026-08-05 06:54:51",166.4,1,raushancoursework
9587,16810780,prachi.icy,"2026-09-23 13:29:25",165.8,2,prachinikalje
9588,16690199,"Lavkush Yadav","2026-08-08 10:20:55",165.7,1,lavkushyadavcse
9589,16843225,"Tobenna Okeke","2026-09-06 12:09:22",165.4,2,tobezzi
9590,16715354,"Alyssa Clark","2026-08-14 02:52:26",165.3,2,a1yssaclark
9591,16793392,"reda elkrouchni","2026-09-02 16:16:05",165.1,2,redaelkrouchni2
9592,16664586,"Owen Lim","2026-08-05 05:42:25",164.7,2,owenlim45
9593,16662933,"Marcelo Pereira","2026-08-19 01:14:40",164.5,2,marcekkusrp
9594,16793648,Sarda___,"2026-08-30 16:51:21",164.4,2,brainnotfound3
9595,16795043,"SONU RAUT","2026-09-05 11:51:59",164.2,2,sonuraut
9596,16690195,"Manshi Shukla","2026-08-08 10:12:24",164.1,2,manshishukla
9597,16730380,"FOKRUL ISLAM LECTURER","2026-08-19 01:56:28",163.9,2,fokrulislamlecturer
9598,16713002,"Adithya M","2026-08-13 15:42:17",163.9,2,adithya3907
9599,16881320,allen17179869184,"2026-09-19 13:17:49",163.8,2,allen17179869184
9600,16662269,"KAMLESH KUMAR POKHARNA","2026-08-06 17:25:51",163.3,2,kamleshkumarpokharna
9601,16660285,"Sawan Kohli","2026-08-06 13:11:44",163.3,2,sawankohli
9602,16630041,"Devi prashad tripathi","2026-08-03 17:56:58",163.2,1,deviprashadtripathi
9603,16669142,"Jaclyn Agee","2026-08-07 15:21:06",162.8,2,jaclynagee
9604,16714589,xinsu9898,"2026-08-16 22:26:49",162.7,1,xinsu9898
9605,16680858,"Harshul Gupta","2026-08-21 04:40:05",162.6,2,harshulgupta77
9606,16802035,"sanchit atre","2026-09-01 09:31:07",162.5,2,sanchitatre
9607,16698307,AnasAl7,"2026-08-10 13:08:08",162.4,2,anasal7
9608,16752481,"Thanh Toan","2026-08-21 08:33:13",162.1,2,tonnglthnh
9609,16811685,benhur0905,"2026-09-25 23:59:07",162.1,2,benhur0905
9610,16756887,"Rushika S","2026-09-13 12:26:14",162.0,1,rushikas
9611,16683903,Saju,"2026-08-17 11:31:45",161.7,1,sajutr
9612,16635248,eosphor,"2026-08-01 09:46:59",161.7,2,eosphor
9613,16633551,"Subarno Sen","2026-08-25 04:42:35",161.6,2,lordfiftyfive
9614,16690433,"Amar Amar Gupta","2026-08-15 10:08:37",161.4,2,amaramargupta
9615,16654098,"Mohd Zaki","2026-08-26 01:46:45",161.4,2,mdzaki08
9616,16692568,"Muhammed Gulfam Toor","2026-08-13 19:04:32",161.3,2,gultoor
9617,16632418,"Bretokce 3amich","2026-08-07 12:18:26",160.8,2,bretokce3amich
9618,16936959,"Anthony Moorehead","2026-09-21 14:56:40",160.6,1,anthonymoorehead
9619,16688288,"Ojo Oluwadamilare","2026-08-08 01:43:30",160.0,2,ojooluwadamilare
9620,16712562,"Sagar Singh","2026-08-17 09:28:26",159.9,2,acrejzz
9621,16634761,"CHARHBILI Moad","2026-08-07 13:44:23",159.9,1,charhbilimoad
9622,16658693,leehuilong,"2026-08-06 12:49:22",159.8,2,leehuilong
9623,16660146,4Solver,"2026-08-08 02:06:19",159.6,2,msfbiolinhares
9624,16737641,"PATIL ATHARV VIJAYKUMAR","2026-09-07 05:35:17",159.6,2,"atharv095022,patilsarthakvilas,sonuretusharsuresh"
9625,16686902,"Aaditya Jain","2026-09-14 06:22:21",159.3,2,aadityajain2312
9626,16674774,"Dine ALASSANE","2026-08-07 05:53:28",159.3,2,dinealassane
9627,16668018,"DAVID CHEW HL","2026-08-06 06:36:34",159.1,2,davidchewhl
9628,16658635,"Deepak Kumar ","2026-08-05 02:38:29",159.0,2,deepak2026ml
9629,16662630,"M.mohamed Muhasir","2026-08-05 18:25:39",158.6,2,mmohamedmuhasir
9630,16701106,moshito,"2026-08-10 14:13:58",158.3,2,"danamaulana123,moshito,naufaldhiaulhaq01"
9631,16658969,"Yuri Maslov","2026-08-04 10:11:45",158.2,1,yurimaslov
9632,16701997,zran1t,"2026-08-15 14:10:18",158.2,2,zran1t
9633,16851731,"Amar 5454","2026-09-14 10:28:42",158.0,2,amar5454
9634,16893966,"Nguyễn Thái Duy","2026-09-15 08:12:14",158.0,1,nguyenthaiduytgu
9635,16832928,"Ilgar Gurbanov","2026-09-10 12:41:23",157.8,2,ilgargurbanov57
9636,16686834,Kaabbil,"2026-08-09 16:14:49",157.7,2,"dr3aking,kaabbil"
9637,16729148,"Marco M","2026-08-16 22:51:36",157.7,1,marcoms1000
9638,16725990,"Parth Tomar","2026-08-24 12:35:45",157.7,2,parthtomar193
9639,16658362,MHaurel,"2026-08-09 15:32:45",157.6,1,hetax17
9640,16640468,"Sohangkumar Patel","2026-08-26 15:00:44",157.1,2,samsamurai
9641,16681895,Akshar,"2026-08-07 06:16:19",157.1,2,aks0625
9642,16629441,Sofia_Gilka,"2026-09-18 14:41:35",157.0,2,sofiagilka
9643,16680419,"Tech Changer","2026-08-17 12:31:58",156.9,1,johnbibin
9644,16756868,"Anisha Maurya","2026-09-05 19:29:41",156.8,2,anishamaurya
9645,16775493,"JOE DEVA JERRY D ","2026-08-26 15:41:55",156.6,1,joedevajerryd
9646,16780986,Azizbek,"2026-09-01 14:26:45",156.3,2,miracle88
9647,16661500,"yagnit sutariya","2026-08-04 15:34:39",156.1,1,yagnitsutariya
9648,16658401,"Aryan Lonare","2026-08-04 09:55:47",155.9,2,aryandyalullonare
9649,16864193,"[Deleted] b3063c6b-024a-4ece-902e-6edde232fe9f","2026-09-10 06:27:50",155.9,2,del=d26e59586a26ce18
9650,16656954,"Marwan Elmetwally","2026-08-04 05:56:29",155.9,2,marwanelmetwally
9651,16718605,"صفاء عبد الرقيب","2026-09-06 19:27:10",155.6,2,bssgirl
9652,16670662,"Gina Lee","2026-08-11 22:45:21",155.5,2,ginaleegdm
9653,16722089,"Saidjon Ramazonov","2026-08-16 05:51:50",155.5,2,saidjonramazonov
9654,16785398,"Vitória Freitas","2026-08-28 20:07:12",155.1,1,vitoriafreitas13
9655,16670777,"Aman Yitbark","2026-08-13 05:43:27",154.9,1,amanyitbark
9656,16712568,"Tanvi Dobariya","2026-08-14 17:39:52",154.8,1,tanvidobariya
9657,16658440,"Gloria Lourelynn S","2026-08-04 15:16:09",154.6,1,glorialourelynn
9658,16660978,"Maksym Khavil","2026-08-04 13:43:48",154.5,1,maksymkhavil
9659,16629426,"Abdullah Qureshi","2026-07-31 10:00:44",154.5,2,abdullahqureshi120
9660,16705360,Elahi,"2026-08-18 05:49:00",154.4,2,mmelahi
9661,16724995,dice1494,"2026-08-16 08:51:34",154.3,1,dice1494
9662,16757671,xxxxc47,"2026-08-22 08:25:52",154.1,1,xxxxc47
9663,16715896,新木,"2026-08-18 05:25:46",154.1,1,sunchief
9664,16659036,"Mohammed Kaif","2026-08-04 10:41:22",154.0,2,mkaif001
9665,16656164,"Justin Schomer","2026-08-09 09:05:59",154.0,2,fathersecurity
9666,16802348,Shergill_17,"2026-09-01 11:17:15",154.0,2,shergill17
9667,16875898,"Sai Krishna Pakkir","2026-09-11 17:30:49",153.8,2,saikrishnapakkir
9668,16854169,"[Deleted] fe7af88d-d80f-4441-a8c5-3cca6b980e41","2026-09-09 12:41:02",153.3,2,del=0749851e202390c3
9669,16655573,"Probablyaphilosopher ","2026-08-16 00:01:40",153.3,2,probablyaphilosopher
9670,16750391,"Batuhan Yerebasmaz","2026-08-20 18:34:21",153.3,2,batuhanyerebasmaz
9671,16657892,"Boonanan namna","2026-08-17 04:36:04",153.3,1,boonanannamna
9672,16630725,"vaibhav vyas","2026-08-06 10:56:52",153.2,2,vaibhavvyas0
9673,16785085,"THEEPAN S.S","2026-08-28 16:35:39",153.1,2,theepanss
9674,16661447,"Sibel Özbek","2026-08-04 20:50:27",153.1,1,sibelzbek
9675,16677081,"Brandon Gaston","2026-08-12 23:49:58",153.1,1,mushmon
9676,16769419,dylanaki,"2026-09-23 14:48:32",153.0,2,dylanaki
9677,16657344,"Ombayo fredrick","2026-08-04 14:04:04",153.0,2,ombayofredrick
9678,16665223,"Sawon Mitra","2026-09-06 17:13:28",152.6,2,sawonmitra
9679,16674390,yangluo1,"2026-08-08 01:31:08",152.6,2,yangluo1
9680,16780057,"Njabulo Hope Makana","2026-09-23 17:55:48",152.5,2,njabulohopemakana
9681,16743630,TRP,"2026-09-01 17:06:48",152.4,2,tejratanpaulrocky
9682,16663265,"Darlington Ayakazi","2026-08-04 20:26:08",151.9,1,darlingtonayakazi
9683,16664875,SaiSujitPunukollu,"2026-08-05 05:46:11",151.9,1,saisujitpunukollu
9684,16691502,"DILANE FOGUE KAMGA","2026-08-08 15:20:05",151.8,1,dilanekamga
9685,16756875,"Meryem Kevser Keskin","2026-09-01 21:30:35",151.7,2,meryemkevserkeskin
9686,16721941,"Rita Ohabuenyi","2026-08-14 12:57:37",151.0,2,ritaohabuenyi
9687,16729010,"karan sankhe","2026-08-16 15:15:45",151.0,2,karansankhe1356
9688,16657227,"Anusha Marla","2026-08-04 07:05:53",151.0,2,anushamarla
9689,16849230,"Md. Mahim Babu","2026-09-18 11:27:55",151.0,2,mdmahimbabu
9690,16658522,"Amna khanii23","2026-08-07 05:15:47",150.9,2,amnakhanii23
9691,16683577,"Ankush Kumar M","2026-08-07 13:19:05",150.8,2,ankushkumarm
9692,16658577,farmercode261,"2026-09-12 03:26:38",150.7,2,hifnikhakim
9693,16934489,Anushahs2026,"2026-09-21 08:28:06",150.4,2,anushahs2026
9694,16656278,"Bhuvaneshwari Rebba","2026-08-04 09:20:36",150.1,1,bhuvaneshwarirebba
9695,16855448,MaryKEREN,"2026-09-25 16:00:05",149.8,1,marykeren
9696,16777666,Lithops1112,"2026-09-05 08:20:21",149.5,2,lithops1112
9697,16945119,Logicolist,"2026-09-23 13:03:16",149.5,1,logicolist
9698,16677403,bababoy,"2026-08-15 14:55:17",149.1,2,adrienrenard
9699,16657462,"CROP CODERS","2026-08-10 18:00:28",149.0,2,"dhanvanthraj,raghavan9944,shanmugam666,sitha2345,sumaiyahibrahim"
9700,16664458,"Prantik Chandra","2026-08-05 05:47:10",148.9,1,prantikchandra
9701,16623563,"Jocelyn Dumlao","2026-09-01 02:35:54",148.8,2,jocelyndumlao
9702,16662859,"Mohamed Zahran","2026-08-05 04:41:56",148.7,1,zrnking2012
9703,16658033,"sanjay Ghalagi","2026-08-27 15:29:34",148.7,2,sanjayghalagi
9704,16670462,"Talha Kayar","2026-08-15 15:24:03",148.6,2,talhakayar
9705,16641277,Zenieverse,"2026-08-30 05:09:04",148.6,2,zenieverse
9706,16671232,"sms tcil","2026-08-07 13:03:30",148.5,1,smstcil
9707,16913975,"Tom Dooley","2026-09-17 11:48:20",148.5,2,tomdooley123
9708,16668495,Herisitraka,"2026-08-05 17:16:28",148.3,2,herisitraka
9709,16662803,"Ashish Gawade","2026-08-04 19:11:19",148.2,2,ashishgawade
9710,16690188,Anurag,"2026-08-08 10:20:42",148.1,2,kumaranu2007
9711,16672322,"khalil ur Rehman","2026-08-13 05:10:03",148.1,2,khalilurehman
9712,16755807,PokeTrader,"2026-09-26 18:14:14",147.8,2,poketrader
9713,16674881,"Saisree Dhanasekaran","2026-09-23 11:54:42",147.8,2,saisreedhanasekaran
9714,16659929,"MAMADOU LY (LY BOUSSO 45)","2026-08-13 11:43:25",147.3,2,mamadoulylybousso45
9715,16667968,ChronosData,"2026-08-18 14:25:43",147.2,2,codex5843
9716,16841612,"Jordan #2","2026-09-10 16:51:25",146.9,2,jordantay
9717,16697143,"Jeisa Mathew","2026-09-06 13:04:00",146.8,2,jeisamathew
9718,16690112,"Ayush Tripathi","2026-08-17 09:03:03",146.7,2,ayushtripathi112
9719,16662557,"Naman Sudershan","2026-08-05 13:21:08",146.7,2,namansudershan
9720,16681056,"Aryan Jhingan","2026-08-11 18:53:48",146.5,2,aryanjhingan
9721,16632111,"Arda Çiftçi","2026-08-04 20:03:37",146.3,2,ardaciftci
9722,16717600,"Collistus Kibe","2026-08-21 22:13:38",146.3,2,collistuskibe
9723,16667231,bettsy,"2026-08-05 12:12:35",146.3,2,bettsy
9724,16654124,"Aditya Kumar Singh","2026-08-05 09:57:29",146.2,2,adityq121608
9725,16814946,"Bekama Regasa Negewo","2026-09-03 07:30:36",146.0,1,bekamaregasanegewo
9726,16671985,"vishal waghchaure","2026-08-07 09:25:36",145.9,2,vishalwaghchaure
9727,16723065,"Kaio Castro","2026-09-25 14:32:09",145.9,2,kaiocastro
9728,16738778,"DILIP BAVISKAR","2026-09-13 09:12:49",145.9,2,dilipbdilipb
9729,16676026,"Bedashree Swarupa Das","2026-08-06 14:14:21",145.8,1,ashokkumardasbedashr
9730,16625029,Hilarus,"2026-08-01 15:59:02",145.7,2,hilagbag
9731,16784932,"Shefali Pradhan","2026-08-29 10:03:30",145.7,2,shefalipradhan
9732,16667886,"Ubaid ur rehman 0345","2026-08-05 15:23:12",145.6,2,ubaidurrehman0345
9733,16662099,"The Algorithmist","2026-08-04 23:41:59",145.4,2,riyagheewala
9734,16713329,qrcodeTH,"2026-08-13 08:22:40",145.0,2,thanaphumsaywonin
9735,16740144,Salmon,"2026-08-21 12:55:13",144.8,2,shin3110
9736,16658189,"Zale John","2026-08-26 00:48:24",144.5,2,zalejohn
9737,16748453,LINJINYAN,"2026-09-06 14:25:23",144.3,2,linjinyan
9738,16671827,"Shourya Gupta","2026-09-25 16:16:36",143.8,2,siriuspotter
9739,16737040,"Joseph Djian","2026-09-09 10:30:17",143.7,2,djian55
9740,16662662,"Joaquim Jose1","2026-08-04 17:57:03",143.3,1,joaquimjose1
9741,16669311,Schoki,"2026-08-17 22:26:49",143.2,2,jensdnisch
9742,16913466,abc1zzz,"2026-09-26 13:58:53",143.2,2,abc1zzz
9743,16632458,"RAMAN BANSAL","2026-08-24 04:35:56",143.0,1,ramanbansal
9744,16654384,"Alladi Sai Kalyan Raman 24BCE1509","2026-08-30 09:33:11",142.7,2,alladisaikalyanraman
9745,16631135,"Fernando Liazar Luemba Salvador","2026-09-18 21:41:27",142.4,1,fernandollsalvador
9746,16827437,kaedehs33-max,"2026-09-08 03:06:50",142.3,1,kaedehs33max
9747,16707062,"G DOLANARASIMHA","2026-08-11 12:18:02",142.1,2,gdolanarasimha
9748,16656210,"Sanjay Suthraye","2026-08-04 14:55:13",141.9,2,sanjaysuthraye96
9749,16621770,"Rudraksh Zodage","2026-07-30 20:07:49",141.7,2,rudrakshzodage
9750,16777407,"Fahrur Rozzi","2026-08-26 23:01:52",141.6,1,frozzi18
9751,16789570,wyananwyanan,"2026-09-16 03:05:19",141.6,2,wyananwyanan
9752,16663334,"sameer mughal","2026-08-29 20:12:57",141.5,2,sameermughal109
9753,16697339,"Muhammad Safwan Ahmad Saffi","2026-08-15 00:28:21",141.1,2,safwanahmadsaffi
9754,16624973,"Mrunmayee Kulkarni","2026-07-31 06:16:46",140.8,1,kulmrun
9755,16688165,"David @ Koantek","2026-08-25 23:53:17",140.4,2,artificialbrilliance
9756,16772354,"Gleidistony Mendes","2026-09-18 12:01:25",140.2,2,gleidistonymendes
9757,16666018,"H vv sathwik","2026-09-24 09:27:00",139.8,2,hvvsathwik
9758,16778908,"PATIL ADITYA PANDURANG","2026-09-01 17:34:33",139.8,1,"jagdalepranavsagar,patiladityapandurang,pavankadam7005"
9759,16689389,Chukunder,"2026-09-24 12:38:14",139.6,2,"farbricated,sarikajivrajika"
9760,16713896,"Quantum Fusion","2026-08-14 12:12:34",139.6,1,gugurobotics
9761,16657322,"Ashwani Mahajan","2026-09-26 04:50:35",139.2,1,ashwanimahajan
9762,16797105,"Rahul vats","2026-09-25 02:06:31",138.6,2,rahulvats20
9763,16654556,anjipoo,"2026-08-05 15:33:04",138.6,2,anjana0812
9764,16882682,"BALQEES GHWANMEH","2026-09-18 20:24:43",138.5,2,balqeesghwanmeh
9765,16784431,"Régis Meyssonnier","2026-08-28 14:47:27",138.2,1,rgismeyssonnier
9766,16653934,"Ayomide Abdulrahmon","2026-08-03 19:22:32",138.0,2,ayomideabdulrahmon
9767,16907555,"Pandidurai E","2026-09-17 16:08:13",138.0,2,pandiduraie
9768,16718139,"shah jatin","2026-09-25 01:37:35",137.4,2,shahjatin
9769,16659097,noril09,"2026-08-04 11:56:35",136.7,2,noril09
9770,16902494,FoodieJam,"2026-09-21 01:38:58",136.7,2,foodiejam
9771,16662230,"Angus Mc Gregor","2026-08-13 21:25:46",136.4,2,angusmcgregor
9772,16659271,Hamish,"2026-08-12 12:48:51",135.8,2,hamishdickson
9773,16754111,"Kalpana Patki","2026-08-22 16:05:10",135.4,1,kalpanapatki
9774,16705490,"KASTHURI DEVI M","2026-08-13 10:42:42",135.4,2,kasthuridevim
9775,16775483,"Parv Malav","2026-08-26 16:20:27",135.2,2,parvmalav
9776,16756264,query_stop,"2026-08-27 00:24:14",135.0,2,jaared
9777,16880437,doublek,"2026-09-26 14:02:13",134.9,2,doublek
9778,16659062,"MOHAMMAD SUBHAN PASHA","2026-08-17 07:14:09",134.8,1,mohammadsubhanpasha
9779,16723289,"Caio Saboia","2026-08-28 18:24:29",133.4,1,caiosaboia
9780,16662083,ihabkaggle,"2026-08-07 00:42:33",131.5,2,ihabkaggle
9781,16660342,"Adapa Gopireddy","2026-08-04 12:49:43",131.5,1,adapagopireddy
9782,16697716,ZEO,"2026-08-09 19:43:41",131.4,1,anuppatil29
9783,16666706,baijiachang,"2026-08-05 11:04:21",131.2,1,baijiachang
9784,16656643,"Willetta Dettore","2026-08-05 15:33:52",130.3,2,willettadettore
9785,16770924,rohit,"2026-09-12 05:08:35",130.2,2,rohitsrinivasan31
9786,16739102,"Mithulya Kumarapeli","2026-08-30 03:53:39",128.2,1,sandalim
9787,16636855,"Wynn Koo","2026-08-01 14:03:04",127.1,1,yongfenggg
9788,16660494,"Hòa Phùng Ngọc GIa","2026-09-22 08:11:18",126.9,2,haphngngcgia
9789,16940854,AmbujSingh11294,"2026-09-27 04:35:21",124.6,2,ambujsingh11294
9790,16662142,"Adnan Khan","2026-08-30 06:22:52",124.6,2,iamadnankhan313
9791,16656235,"Zain Ul Abideen Samo","2026-08-06 15:22:02",124.4,2,zainulabideensamo
9792,16794281,"adilio freitas","2026-08-30 22:25:36",124.3,1,adiliofreitas
9793,16731986,Vugar3,"2026-08-17 10:51:29",124.1,2,vuqarxudvrdyev001342
9794,16707146,kaganou,"2026-08-11 13:19:53",123.6,1,kaganou
9795,16691729,"ADOLF FAUSTINE","2026-08-18 02:42:39",123.6,2,adolffaustine
9796,16804859,DevashishSoni123,"2026-09-26 19:50:36",120.7,2,devashishsoni123
9797,16735064,"Harshada Thorat 129","2026-08-18 03:58:34",120.6,1,harshadathorat129
9798,16661969,"Raja T","2026-09-27 03:34:50",120.6,2,rajathiagaraj
9799,16868591,"Lucas A. Rizzieri","2026-09-11 00:22:41",120.4,2,lucasarizzieri
9800,16777923,Sho,"2026-09-26 15:16:05",119.4,2,shoito08190904
9801,16654363,"NIKHIL YADAV","2026-08-17 21:20:32",119.3,2,nikhilyadav232223
9802,16904721,"Creeper Thánh","2026-09-16 06:35:52",119.3,1,creeperthnh
9803,16755329,SBedrosian123@,"2026-08-21 15:07:41",119.3,1,sbedrosian123
9804,16640323,"KOUSHIK KUMAR DINDA","2026-08-29 01:55:31",118.7,2,koushikkumardinda
9805,16712406,"L Sangeetha","2026-08-18 01:56:24",117.5,2,lsangeetha
9806,16727876,"Harrison Wachira","2026-08-16 08:50:03",117.4,1,harrisonwachira254
9807,16945034,divinesouljoy,"2026-09-23 04:59:46",117.2,1,divinesouljoy
9808,16662334,"Andres Beltran","2026-08-04 22:58:11",117.1,2,andresbeltran05
9809,16659871,"Abel Kpoton","2026-08-04 20:41:20",117.0,2,abelkpoton
9810,16623953,"Denuwan Wijesinghe","2026-08-01 07:57:04",116.9,2,denuwanwijesinghe
9811,16657486,"Turhan TAS","2026-08-10 09:21:40",116.1,1,turhantas
9812,16903793,"Zhongkai Shangguan","2026-09-25 23:44:13",115.6,2,leonshangguan
9813,16713435,"Visruti Patidar","2026-08-16 11:18:23",115.0,2,visrutipatidar
9814,16771841,"Panagiotis Alimisis","2026-09-14 19:04:58",114.5,2,palimisis6
9815,16658695,"Muskan Zahid","2026-08-04 14:14:02",114.1,2,artificial52
9816,16841368,lware5829,"2026-09-05 20:57:52",113.8,1,lware5829
9817,16894437,hondana29,"2026-09-27 00:11:27",113.5,2,tanadaaa
9818,16719809,"Milanto FR","2026-08-14 05:37:48",113.0,2,milantofr
9819,16662123,hannhu40022,"2026-08-04 18:45:07",112.9,2,hannhu40022
9820,16662809,"Chukwu Excellent","2026-08-08 22:06:34",111.9,2,chukwuexcellent
9821,16633511,"joshan gladston","2026-08-01 01:19:57",111.7,2,joshangladston
9822,16690499,SuperAI@2615,"2026-08-11 16:42:48",111.4,2,superai2615
9823,16662455,"Nenavath Shashi","2026-08-04 18:04:52",110.0,2,nenavathshashi
9824,16674328,daniel,"2026-08-06 09:34:23",109.4,1,dkamgamegasoft
9825,16621565,"salih chindo","2026-08-12 19:45:58",108.8,1,salihchindo
9826,16848578,"Tuấn Anh","2026-09-09 04:28:16",108.7,2,tuananhdata
9827,16626218,"Srishti Gauraha","2026-08-08 05:40:23",108.1,1,srishtigauraha
9828,16765566,DIYANSH_JAIN7,"2026-09-03 10:56:38",107.7,1,diyanshjain7
9829,16726311,"Prince Diwakar","2026-08-16 12:55:18",106.9,2,princediwaker
9830,16683220,Kongali,"2026-08-10 01:24:37",106.9,2,kongali
9831,16658299,"Bakar Prabowo!","2026-09-05 08:14:32",105.6,2,"galihrattn,kingki19,ranggacarkawan"
9832,16656815,"Atharva S. Naladkar","2026-08-06 06:46:40",105.4,2,atharvasnaladkar
9833,16679979,Pranav6657,"2026-08-07 02:40:48",105.4,1,pranav6657
9834,16722827,Prathyyyyy,"2026-09-19 03:10:21",105.3,1,prathyyyyy
9835,16723091,"Naiely Silva","2026-08-28 00:53:34",105.2,1,naielysilva
9836,16731873,"Abhishek Singh Solanki","2026-08-19 07:24:47",104.9,1,realabhi5hek
9837,16632375,"Vivien Jiaqian Zhu 朱嘉倩","2026-09-24 07:28:48",103.4,2,vivienjz
9838,16924962,XavierB5,"2026-09-19 10:26:33",102.3,1,xavierb5
9839,16857111,tfcygv,"2026-09-09 00:09:00",102.2,2,tfcygv
9840,16680165,"Radwa ALkalifa","2026-08-23 08:39:37",102.1,2,radwahamada
9841,16800124,"Atharv Hirve","2026-09-20 08:44:54",101.7,2,atharvhirve14
9842,16717094,"[Deleted] 3efc3b54-b875-4c05-8e11-1214498e2853","2026-08-13 12:30:26",101.0,1,del=386289f87b91311f
9843,16851038,"Ivan Danut","2026-09-26 12:47:36",100.7,2,ivandanut
9844,16799001,"Trịnh Quang Minh","2026-09-01 05:16:32",100.3,1,trnhquangminh140
9845,16661160,"Roobhasridevi P","2026-08-04 14:31:22",100.1,1,roobhasridevi
9846,16659308,Attaerabi,"2026-08-05 07:52:52",99.8,2,attaerabi
9847,16657303,"Tejas Tiwari","2026-08-04 07:32:17",98.7,1,tejaat
9848,16623660,"Taylor S. Amarel","2026-07-31 23:36:48",98.7,1,taylorsamarel
9849,16659840,"Dasari Giri Gabrelu","2026-08-05 13:41:11",98.2,2,giridasari
9850,16662714,"Amilcar Rodriguez","2026-09-01 04:22:39",98.0,2,amilcarskt
9851,16919907,"Álvaro Martínez González","2026-09-23 13:59:06",97.9,2,lvaromartnezgonzlez
9852,16661098,"Muhammad aufa azmi","2026-08-04 15:18:35",97.8,2,muhammadaufaazmi
9853,16891699,Sriram102,"2026-09-19 05:31:23",97.7,2,sriram102
9854,16659582,"Srikanth Adivanna","2026-08-04 11:25:45",97.7,1,srikanthadivanna
9855,16662243,"Cepeda Braxton","2026-08-04 19:31:54",97.6,2,cepedabraxton
9856,16670547,"Maduako Prince","2026-08-05 22:53:03",97.2,2,maduakoprince
9857,16840189,"Sneha yadav","2026-09-26 14:26:59",96.9,2,sneha463
9858,16657561,Roshdibenrojo83,"2026-08-04 07:19:05",96.6,2,roshdibenrojo83
9859,16654559,"Kerem Ali AVCIOĞLU","2026-08-03 19:28:49",96.0,2,keremaliavciolu
9860,16659041,"uma mahesh23","2026-08-04 11:50:03",95.6,2,umamahesh23
9861,16723068,Kaggricultors,"2026-08-27 16:33:10",95.4,2,"claralimasilva,roberthdouglasufc"
9862,16762458,"Promise Matorofa","2026-08-24 10:00:04",94.9,2,promisematorofa
9863,16656685,"Shravani Hibare","2026-08-05 10:15:36",94.4,2,shrahib4725
9864,16658297,"Charishma Pillapalem","2026-08-11 12:46:56",94.1,2,charishmapillapalem
9865,16662547,"hiteshsinh solanki","2026-08-05 07:59:16",93.2,2,hiteshsinhsolanki2
9866,16679847,"Julio Contreras","2026-08-21 20:29:09",93.1,2,juliocontreras
9867,16746655,"Charan Reddy321","2026-08-25 06:27:38",93.1,1,charanreddy321
9868,16924593,"Aarav Bajya","2026-09-27 04:25:45",93.1,2,aaravbajya
9869,16731142,yshinok,"2026-09-16 23:32:47",92.8,2,yukishinohara0114
9870,16728931,Sathwik2006,"2026-08-16 14:25:36",92.7,2,sathwik2006
9871,16743822,Surya,"2026-08-19 16:21:21",91.8,1,suryapandian
9872,16668691,BeltusTebid,"2026-08-05 16:01:45",91.4,1,beltustebid
9873,16676977,"Akash Babu","2026-09-04 06:45:03",90.5,2,akashbabu17
9874,16662295,"benja cooper","2026-08-04 17:41:28",90.2,2,benjacooper
9875,16691542,Tushar_SVC,"2026-08-11 04:12:09",89.6,2,tusharsvc
9876,16794292,"Taylor Clark","2026-09-22 22:49:20",89.3,2,taylorclark637
9877,16847667,"Tushar Barman","2026-09-12 20:30:34",89.1,2,tusharbarman
9878,16932358,"Ilfat Hismatullin","2026-09-20 21:41:28",88.1,1,izek123
9879,16654509,"Shruti Kondabathula","2026-08-07 18:17:56",87.9,2,shrutikondabathula
9880,16656485,stunningvn,"2026-09-08 07:40:44",87.2,2,dedquoc
9881,16748612,"Priyadharshini B","2026-08-24 12:06:18",86.5,1,priyadh29
9882,16811547,Merlin,"2026-09-24 14:33:04",86.3,1,huntergrey
9883,16677441,"ERREGUI YOUSSEF","2026-08-06 18:02:39",85.3,2,erreguiyoussef
9884,16641109,zzgtylors,"2026-08-06 06:21:50",84.6,2,zzgtylors
9885,16654711,"Rupam Bhattacharjee1","2026-08-14 16:43:07",84.5,1,rupambhattacharjee1
9886,16912163,"Umar Tabbsum","2026-09-17 14:36:46",84.3,2,umartabbsum
9887,16626159,"Cảnh Đinh Tiến","2026-08-02 09:17:36",82.9,2,tourist110406
9888,16743241,"Adhvaith KS","2026-09-02 14:30:35",81.4,1,adhvaithks
9889,16798631,dzlabs,"2026-09-01 09:57:10",80.5,2,dzlabs
9890,16670552,"Harsh Chaudhary ml","2026-08-05 22:16:25",80.3,1,harshchaudharyml
9891,16660340,"pawan sondhiya","2026-08-07 06:22:38",80.1,2,pawansondhiya
9892,16661419,"Shivansh Soni","2026-08-04 15:08:01",78.4,2,shivanshsonii
9893,16670368,"Gary Gitton","2026-08-19 17:03:04",77.2,2,garygitton
9894,16693819,"Hossein Shad Manaman","2026-08-12 03:14:58",76.4,2,hosseinshadmanaman
9895,16657055,RedKiwi,"2026-08-05 05:57:34",75.7,2,tnmthai
9896,16858278,"Sukma Ramadhan A","2026-09-12 13:22:49",74.8,2,sukmaramadhana
9897,16663897,jayaBhavagan,"2026-08-05 19:34:36",74.0,1,jayabhavagan
9898,16623094,"Claudia Arias Gonzalez","2026-09-24 21:54:03",73.8,2,claudiaariasgonzalez
9899,16785477,"ASHMIL P URK25CS7129","2026-08-28 18:26:11",73.5,1,ashmilpurk25cs7129
9900,16633417,"Handsonlabs Software Academy","2026-09-26 17:14:21",72.8,1,tobimichigan
9901,16663161,"Pial Mahmud","2026-08-17 10:38:21",72.7,2,pialgroup
9902,16655748,revathip,"2026-08-06 06:00:14",71.6,2,revathiprakash
9903,16656240,"SACHIN KUMAR","2026-08-10 03:13:24",71.4,2,sackm123
9904,16808545,"Qinyong Wang","2026-09-02 11:53:03",71.3,2,magicwqy
9905,16665345,saurabh10june,"2026-08-05 11:53:47",71.0,2,saurabh10june
9906,16707468,"SBJ 2205","2026-08-12 09:59:33",70.9,1,sbj2205
9907,16886704,"mohammed alshokry","2026-09-15 14:06:43",70.7,2,mohammedalshokry
9908,16659675,"M.Athallah Rafif Aldera","2026-08-06 12:40:14",70.1,2,mathallahrafifaldera
9909,16659451,anero98,"2026-08-22 20:47:29",69.6,2,anero98
9910,16700316,"Pranav Waghmare","2026-08-11 16:29:05",68.8,1,waghmarepranav6
9911,16823197,Cowabunga,"2026-09-20 21:55:58",67.7,2,ameripreye
9912,16621519,Ᏸ𐍂Ꭷ,"2026-07-30 17:30:30",67.0,2,dheerajkannaujiya
9913,16666273,"Wondu Zerihun","2026-09-08 07:55:57",66.8,2,zerihun369
9914,16656777,"Salam Alqerem","2026-08-31 10:59:33",65.8,2,salamalqerem
9915,16794173,"Kamran Arshad","2026-08-31 07:19:49",65.1,2,kamranarshad
9916,16920156,RoboSAL,"2026-09-26 13:55:41",64.4,2,salouaouarhlent
9917,16867334,"Connor Tran","2026-09-21 22:05:52",64.1,1,thlphero
9918,16666072,Abinash,"2026-08-05 15:07:52",64.1,2,abinashsinha1726
9919,16735323,"Souvik Routh","2026-08-18 04:30:21",63.9,1,souvikrouth
9920,16736939,"Flandre 29","2026-08-26 08:23:01",63.6,2,flandre29
9921,16678283,"Ajinkya Digurkar","2026-08-21 10:56:03",63.1,2,"ajinkyadigurkar,sakshiagrawal8818"
9922,16848280,"Oladipupo Olapoju","2026-09-08 00:24:32",62.9,2,pupoolapoju
9923,16803074,"fumihito mori","2026-09-01 14:00:16",62.2,1,fumihitomori
9924,16660886,"Dr.Eldirdiri Fadol ","2026-08-05 05:30:48",62.1,2,dreldirdirifadol
9925,16687628,ruchit,"2026-08-28 11:22:16",61.5,1,ruchitkhade
9926,16867026,"Aashish Bagmar","2026-09-11 05:14:45",61.0,2,aashishbagmar
9927,16663277,"Mariana Mejía","2026-08-24 23:58:54",61.0,2,marianameja
9928,16668599,"Hafsa Anwaar","2026-08-05 17:43:21",60.5,2,hafsaanwaar
9929,16665079,"Maguluri Keerthi","2026-08-05 06:16:03",60.2,2,magulurikeerthi
9930,16735237,"YASH CHIMAN","2026-08-18 04:20:24",59.6,1,yashchiman
9931,16658666,"VMax Agents","2026-08-04 10:57:49",59.3,1,"akhiildheep,mithun5353"
9932,16680428,"Surabhi veda","2026-08-07 01:49:35",59.1,1,surabhiveda
9933,16667489,"Cornol Lieto","2026-08-05 12:31:14",58.6,1,lietocornol
9934,16925909,"Hopefrey Mosingi","2026-09-19 15:30:15",58.5,2,hopefreymosingi
9935,16867360,kagg24293,"2026-09-11 08:19:36",56.3,2,kagg24293
9936,16658100,"Nanda Riansyah","2026-08-04 08:55:54",55.2,2,nandariansyah
9937,16846758,"Harish More","2026-09-07 07:44:25",53.6,2,harishmore812
9938,16784650,LukasM1,"2026-08-28 14:15:24",52.1,1,lukasm1
9939,16661711,"Wild Star217","2026-08-30 18:00:18",51.7,2,wildstar217
9940,16667339,"Victor Chege","2026-09-01 13:56:51",51.6,2,victorchege0
9941,16785053,"Rinosh Bethala","2026-08-28 17:52:26",51.0,1,rinoshbethala
9942,16698958,"Shanjaya SK","2026-08-28 15:25:11",50.7,1,"payuu03,shanjayask"
9943,16666836,"Emir Ayvaz","2026-08-07 05:57:00",49.9,2,emirayvaz
9944,16679410,"Leke Glean","2026-08-07 17:29:04",47.4,2,lekeglean
9945,16692750,"Hoya need job","2026-09-26 09:18:09",46.1,2,pranavwankhade
9946,16780027,rotto,"2026-09-01 13:18:33",45.5,2,pirotototo4023
9947,16719441,Gatranova,"2026-08-14 04:11:54",44.4,2,rafiabiyyuairlangga
9948,16716079,shaurya_pandey@19,"2026-08-13 09:27:49",43.4,2,shauryapandey19
9949,16938479,"Илья Попов ","2026-09-22 22:54:01",43.0,1,wingedwolf7
9950,16698953,Locked_in_hell,"2026-08-13 18:31:55",41.3,2,stealthknight
9951,16640594,Win2207,"2026-08-07 12:05:07",41.2,2,win2207
9952,16661068,ZeViX,"2026-09-25 16:23:22",41.2,2,"codinggeek101,vedantkhete"
9953,16663406,"Elshan Kazim","2026-08-16 08:38:43",41.1,1,elsnkazm
9954,16633018,purelilyth,"2026-08-20 19:43:09",40.9,2,purelilyth
9955,16895738,suqingying,"2026-09-21 10:43:10",39.3,1,suqingying
9956,16710773,Openaiskrip,"2026-08-12 07:54:38",39.1,2,openaiskrip
9957,16673372,"Hadyan Adira","2026-08-14 03:16:30",38.6,2,hadyanadira
9958,16761007,"Pankaj Nakhat","2026-08-23 11:48:21",36.9,2,pankajnakhat
9959,16835282,nico23t,"2026-09-07 14:18:22",35.1,2,nico23t
9960,16892319,"Shair Khan","2026-09-21 08:30:36",35.1,2,datascikhan
9961,16839644,Mikhail,"2026-09-06 06:52:57",33.6,1,mih2501py
9962,16868098,"Arya Patil","2026-09-11 08:00:49",33.3,1,shutterstack
9963,16723050,"Ítalo Albuquerque","2026-09-11 18:32:23",31.3,2,taloalbuquerque
9964,16675209,lavica,"2026-08-11 13:23:03",31.1,2,lavica
9965,16730708,ysakuragi,"2026-08-19 01:30:12",30.4,1,ysakuragi
9966,16644474,"Vihaan Ahluwalia","2026-08-05 13:16:21",30.2,2,vihaanahluwalia
9967,16654087,Gabriela_Fernandes4,"2026-08-04 19:12:33",30.0,1,gabrielafernandes4
9968,16665139,"Siddharaj Kulkarni","2026-08-16 05:23:21",29.2,2,siddharajkulkarni
9969,16761521,"Artificial Silicon","2026-08-29 10:17:46",28.5,1,artificialsilicon
9970,16684847,"M.Harshavardhan Raju","2026-08-09 16:15:49",28.1,2,mharshavardhanraju
9971,16633932,omikbop,"2026-08-02 12:36:52",27.5,2,omikbop
9972,16948861,"PRATHAMESH ARUN JADHAV","2026-09-24 03:10:19",27.2,1,prathamesharunjadhav
9973,16770096,Program,"2026-09-14 11:35:12",26.6,2,panagiotapanora
9974,16731524,"Tsyrenov Mergen","2026-08-17 09:42:39",26.3,1,tsyrenovmergen
9975,16773858,"Kundan Kumar","2026-09-25 09:49:06",22.6,2,edkundan
9976,16716562,"Ananya Maurya","2026-08-13 10:01:25",21.9,2,ananyamaurya
9977,16656753,"TAMAL SINGHA ROY","2026-08-05 07:57:48",21.5,2,tamalsingharoy
9978,16675819,RohitS001,"2026-08-11 18:05:54",16.5,2,rohits001
9979,16705637,"Vedant Ghodekar","2026-08-11 05:28:57",14.1,1,vedantghodekar
9980,16771156,"Ronald Ayamba","2026-08-25 19:16:26",11.8,1,ronaldayamba
9981,16654026,"joju shaji","2026-08-09 16:36:43",9.5,2,jojushaji
9982,16669011,"Siddiqui Rehan Ahmed Furqan","2026-08-07 05:24:38",6.4,2,siddiquirehanahmed
9983,16662721,"Manish Sharma","2026-08-12 17:44:16",6.1,2,themihirsharma
9984,16721495,"404 Crop Not Found","2026-09-01 08:45:29",5.7,2,"aiprojector,boazx15"
9985,16660161,"Antimo Carlino","2026-09-08 19:09:46",3.6,2,antimocarlino
9986,16624064,"Hemant Ahlawat","2026-07-31 15:52:56",3.4,2,happyahlawat
9987,16811344,"Vineeth Nannuri","2026-09-10 05:19:07",3.1,2,vineethnannuri
9988,16778494,"Agda Niya","2026-08-28 06:43:07",1.9,2,agdaniya
9989,16644519,"Shambhu Shekhar Sinha","2026-08-12 18:55:43",1.9,2,shambhushekharsinha
9990,16676428,wayzhengong27,"2026-08-08 06:34:59",1.8,2,"kkkuek,wayzhengong27"
9991,16687620,Goktug1,"2026-09-18 18:47:26",1.5,2,goktug1
9992,16714192,"Nishanth Palugula","2026-08-14 06:51:09",1.5,2,nishanthpalugula
9993,16721567,"Neeraj Sharma","2026-09-04 07:21:50",1.0,1,neerajsharma897
9994,16633250,Myst19,"2026-08-03 13:25:15",-0.0,2,jakeschweikhart
9995,16852322,"Harshit Varma45","2026-09-08 03:54:30",-0.4,1,harshitvarma45
9996,16747839,"Ich Schmid","2026-09-19 13:56:52",-1.0,2,ichschmid
9997,16632413,"Varun Patil","2026-07-31 18:41:34",-3.6,1,varunpatil262005
9998,16696104,"Harshit Meesari","2026-08-09 14:31:00",-6.8,1,harshitmeesari
9999,16658745,"Shabby farms 2.0","2026-08-16 03:10:28",-7.2,2,rahulk5418
10000,16673732,"Async Null","2026-08-06 16:55:26",-9.6,1,asyncnull
10001,16708290,"Hrishikesh Thakare","2026-08-12 14:45:08",-9.9,1,hrishikeshthakare
10002,16661152,"Dr.Abdulbaset Musleh","2026-09-19 17:40:52",-13.8,2,drabdulbasetaledresi
10003,16938443,"zhichen huang","2026-09-21 21:54:55",-15.5,1,zhichenhuang
10004,16914127,"Aditya Jha","2026-09-20 04:35:47",-18.5,2,theadijha
10005,16731488,"James Kimani","2026-08-27 13:18:20",-18.6,1,jaykim122
10006,16689555,"kelvin waruingi","2026-08-09 22:45:23",-18.7,2,kelvinwaruingi
10007,16664822,"Prateek Singh","2026-08-05 05:30:22",-22.9,2,pra73ek
10008,16916794,SHUJAT,"2026-09-21 14:59:47",-24.4,1,syedshujathussain
10009,16809774,farmci,"2026-09-02 16:59:50",-24.4,1,ermismel
10010,16790678,Pujolaras,"2026-09-03 14:45:14",-24.6,1,pujolaras
10011,16780318,"Piyush Darinda","2026-08-27 17:28:07",-26.5,2,piyushdarinda
10012,16659501,Duckey,"2026-08-04 13:02:16",-28.5,2,bokangletsapo
10013,16654404,"Madhan Sidmal","2026-08-11 21:28:45",-29.4,2,madhansidmal
10014,16662922,BrandonDucar,"2026-09-12 23:12:40",-29.6,2,brandonducar
10015,16940668,"Lars Gade","2026-09-24 20:48:47",-30.1,2,larsgade
10016,16657568,"Manpreet Singh","2026-08-08 13:45:41",-30.6,2,manpreet1994
10017,16888204,"yunus yalman","2026-09-24 19:48:59",-31.7,2,yunusyalman
10018,16792531,"subash jayakumar","2026-08-30 20:14:56",-31.9,2,subashjayakumar
10019,16679250,srskat,"2026-08-16 08:26:30",-32.1,2,srskat
10020,16720136,"Roaring Cotton","2026-09-15 20:07:58",-37.9,2,daviddavidelijah
10021,16943065,"LOKHANDE HARSH","2026-09-23 16:45:21",-41.3,1,lokhandeharsh
10022,16624666,"Avik Das","2026-08-21 08:57:10",-42.3,2,avikdas567
10023,16732320,"Malik Muhammad Arbaz","2026-08-18 13:05:51",-44.0,1,malikmuhammadarbaz
10024,16644439," علي ساجد","2026-08-02 21:40:07",-45.0,2,jdvdjdv97171ushd
10025,16676890,luciferingstar256,"2026-08-20 15:40:55",-47.6,1,luciferingstar256
10026,16689681,"Prakash Rajan","2026-08-09 16:37:56",-48.6,2,prakashai
10027,16735078,"SUDHANSHU PATIL","2026-08-18 04:37:33",-52.9,2,sudhanshupatil10
10028,16659057,"Jolvin James","2026-08-07 08:04:22",-55.7,2,jolvinjames
10029,16941446,"Rehan Liaqat","2026-09-22 12:30:49",-56.7,1,rehanliaqat17
10030,16885604,dualcore,"2026-09-22 09:54:46",-57.8,2,"shashankkalled,tridiv14"
10031,16622991,"Fedor Grigorev","2026-08-27 15:30:57",-68.3,1,fedorgrigorev
10032,16755427,"Daksh Jain","2026-08-21 15:18:57",-75.9,1,dakshu081
10033,16663728,"Al'Humairah Ali","2026-08-10 17:28:01",-76.4,1,alhumairahali
10034,16885774,"Adama Savadogo","2026-09-14 17:34:16",-79.3,2,adamasavadogo
10035,16629006,ymym_tymblack,"2026-08-22 09:44:39",-79.7,2,ymymtymblack
10036,16802203,"Sadaf Mughees","2026-09-21 09:16:16",-82.1,2,sadafmughees
10037,16632266,"(ノ◡ <)","2026-09-25 04:46:33",-86.2,2,nawfeelrahman1124444
10038,16758417,AthulJenson,"2026-08-22 14:21:26",-86.4,1,athuljenson
10039,16709661,sapphirey,"2026-09-07 11:21:05",-93.4,2,sapphirey
10040,16707646,ppssbb09,"2026-09-17 13:40:43",-95.5,1,ppssbb09
10041,16805234,Ryuzaki2325,"2026-09-01 19:44:54",-97.3,1,ryuzaki2325
10042,16731829,"Alexandra Tricia","2026-08-19 07:03:33",-98.4,2,alexandratricia
10043,16683041,Abhishektyagi649,"2026-08-07 08:37:09",-107.1,2,abhishektyagi649
10044,16713011,"Tasmayu Swain","2026-08-14 15:49:35",-109.9,1,tasmayuswain
10045,16685888,LeulYT,"2026-08-10 05:35:44",-121.4,2,leulyt
10046,16637499,Yuchen20,"2026-09-19 14:06:24",-127.4,2,yuchen2066
10047,16808566,"contemporary dance","2026-09-02 22:44:14",-131.3,2,shigeria
10048,16657035,"Christvin Mathew","2026-08-04 08:55:56",-141.2,2,christvinmathew
10049,16719181,SaltyCode,"2026-08-16 04:56:22",-150.9,1,saltycode
10050,16671617,"Bennett Lien","2026-09-19 04:18:05",-159.7,1,"bennettlien,liamspaulding"
10051,16695221,"Muhammad Daud Abbas","2026-08-12 20:04:32",-183.8,2,muhammaddaudabbas
10052,16889642,"calvin Grimm","2026-09-14 06:15:04",-189.1,1,calvingrimm
10053,16885473,Razazazazaza,"2026-09-15 13:23:00",-190.4,2,razazazazaza
10054,16692837,"Sai Uttam Gite","2026-08-09 11:36:32",-191.4,1,saiuttamgite
10055,16659881,SantosR,"2026-09-08 14:27:04",-193.7,2,santosr
10056,16668701,"Nihal Jamadar","2026-08-09 04:28:26",-196.0,2,nihaljamadar313
10057,16660261,"YO_ONE CHAUHAN","2026-08-08 23:49:54",-196.7,2,yoonechauhan
10058,16659864,"Twin Titans","2026-08-08 07:50:33",-196.8,2,"sivahokage,solaisararaju"
10059,16717416,"Timofey Kalyak","2026-08-20 07:04:06",-199.0,1,timofeytweaky
10060,16724138,"Tuna Xiao","2026-09-07 15:05:12",-199.5,1,tunaxiao
10061,16665495,"sai chand Boppudi","2026-08-07 04:19:58",-203.8,2,saichandboppudi
10062,16728276,"ROHAAN ASIF","2026-08-16 11:20:59",-206.2,2,ordinarydev007
10063,16794008,HyperPlanz,"2026-08-31 13:08:38",-207.3,2,domiandr000
